fixture_id,team_id,team_name,is_home,formation,coach_name,startXI_count,substitutes_count,startXI_players,substitutes_players
1213754,111,Le Havre,True,4-3-3,D. Digard,11,9,"[{""id"":24011,""name"":""A. Desmas"",""number"":30,""pos"":""G""},{""id"":2336,""name"":""L. Nego"",""number"":7,""pos"":""D""},{""id"":162443,""name"":""É. Youté"",""number"":6,""pos"":""D""},{""id"":64255,""name"":""G. Lloris"",""number"":4,""pos"":""D""},{""id"":20836,""name"":""C. Opéri"",""number"":27,""pos"":""D""},{""id"":1212,""name"":""D. Kuzyaev"",""number"":14,""pos"":""M""},{""id"":21103,""name"":""A. Touré"",""number"":94,""pos"":""M""},{""id"":128342,""name"":""R. Ndiaye"",""number"":19,""pos"":""M""},{""id"":174937,""name"":""Y. Kechta"",""number"":8,""pos"":""F""},{""id"":174915,""name"":""J. Casimir"",""number"":23,""pos"":""F""},{""id"":289304,""name"":""A. Joujou"",""number"":21,""pos"":""F""}]","[{""id"":22266,""name"":""S. Grandsir"",""number"":29,""pos"":""F""},{""id"":343317,""name"":""S. Ngoura"",""number"":77,""pos"":""F""},{""id"":158516,""name"":""K. Diawara"",""number"":15,""pos"":""F""},{""id"":646,""name"":""M. Gorgelin"",""number"":1,""pos"":""G""},{""id"":395765,""name"":""I. Bouneb"",""number"":44,""pos"":""M""},{""id"":314232,""name"":""M. Bodmer"",""number"":12,""pos"":""M""},{""id"":23637,""name"":""Y. Zouaoui"",""number"":18,""pos"":""D""},{""id"":20576,""name"":""Y. Salmier"",""number"":22,""pos"":""D""},{""id"":460805,""name"":""D. Mosengo"",""number"":78,""pos"":""M""}]"
1213754,85,Paris Saint Germain,False,4-3-3,Luis Enrique,11,9,"[{""id"":1622,""name"":""G. Donnarumma"",""number"":1,""pos"":""G""},{""id"":9,""name"":""A. Hakimi"",""number"":2,""pos"":""D""},{""id"":307835,""name"":""Beraldo"",""number"":35,""pos"":""D""},{""id"":16367,""name"":""W. Pacho"",""number"":51,""pos"":""D""},{""id"":386285,""name"":""Y. Zague"",""number"":42,""pos"":""D""},{""id"":336657,""name"":""W. Zaïre-Emery"",""number"":33,""pos"":""M""},{""id"":128384,""name"":""Vitinha"",""number"":17,""pos"":""M""},{""id"":746,""name"":""Marco Asensio"",""number"":11,""pos"":""M""},{""id"":927,""name"":""Lee Kang-In"",""number"":19,""pos"":""F""},{""id"":41585,""name"":""Gonçalo Ramos"",""number"":9,""pos"":""F""},{""id"":446249,""name"":""I. Mbaye"",""number"":49,""pos"":""F""}]","[{""id"":21104,""name"":""R. Kolo Muani"",""number"":23,""pos"":""F""},{""id"":335051,""name"":""João Neves"",""number"":87,""pos"":""M""},{""id"":161904,""name"":""B. Barcola"",""number"":29,""pos"":""F""},{""id"":153,""name"":""O. Dembélé"",""number"":10,""pos"":""F""},{""id"":257,""name"":""Marquinhos"",""number"":5,""pos"":""D""},{""id"":409216,""name"":""S. Mayulu"",""number"":24,""pos"":""M""},{""id"":2068,""name"":""M. Safonov"",""number"":39,""pos"":""G""},{""id"":930,""name"":""Carlos Soler"",""number"":28,""pos"":""M""},{""id"":198,""name"":""M. Škriniar"",""number"":37,""pos"":""D""}]"
1213747,106,Stade Brestois 29,True,4-3-3,E. Roy,11,8,"[{""id"":36878,""name"":""M. Bizot"",""number"":40,""pos"":""G""},{""id"":22247,""name"":""K. Lala"",""number"":27,""pos"":""D""},{""id"":20546,""name"":""B. Chardonnet"",""number"":5,""pos"":""D""},{""id"":85914,""name"":""J. Le Cardinal"",""number"":25,""pos"":""D""},{""id"":1901,""name"":""J. Amavi"",""number"":23,""pos"":""D""},{""id"":24147,""name"":""M. Camara"",""number"":45,""pos"":""M""},{""id"":22258,""name"":""J. Martin"",""number"":28,""pos"":""M""},{""id"":20780,""name"":""Mathias Pereira Lage"",""number"":26,""pos"":""M""},{""id"":2214,""name"":""R. Del Castillo"",""number"":10,""pos"":""F""},{""id"":22264,""name"":""L. Ajorque"",""number"":19,""pos"":""F""},{""id"":85772,""name"":""J. Le Douaron"",""number"":22,""pos"":""F""}]","[{""id"":84082,""name"":""R. Faivre"",""number"":21,""pos"":""M""},{""id"":329209,""name"":""A. Camblan"",""number"":11,""pos"":""M""},{""id"":129680,""name"":""H. Mbock"",""number"":18,""pos"":""M""},{""id"":422595,""name"":""L. Zogbé"",""number"":12,""pos"":""D""},{""id"":21248,""name"":""G. Coudert"",""number"":30,""pos"":""G""},{""id"":36540,""name"":""A. Dari"",""number"":4,""pos"":""D""},{""id"":367853,""name"":""L. Botz"",""number"":33,""pos"":""F""},{""id"":449659,""name"":""I. Kanté"",""number"":32,""pos"":""F""}]"
1213747,81,Marseille,False,4-2-3-1,R. De Zerbi,11,9,"[{""id"":47296,""name"":""G. Rulli"",""number"":1,""pos"":""G""},{""id"":2973,""name"":""A. Murillo"",""number"":62,""pos"":""D""},{""id"":6,""name"":""L. Balerdi"",""number"":5,""pos"":""D""},{""id"":51295,""name"":""D. Cornelius"",""number"":13,""pos"":""D""},{""id"":30525,""name"":""Pol Lirola"",""number"":29,""pos"":""D""},{""id"":2735,""name"":""P. Højbjerg"",""number"":23,""pos"":""M""},{""id"":272460,""name"":""Q. Merlin"",""number"":3,""pos"":""M""},{""id"":897,""name"":""M. Greenwood"",""number"":10,""pos"":""M""},{""id"":412,""name"":""A. Harit"",""number"":11,""pos"":""M""},{""id"":10077,""name"":""Luis Henrique"",""number"":44,""pos"":""M""},{""id"":162707,""name"":""E. Wahi"",""number"":9,""pos"":""F""}]","[{""id"":193501,""name"":""B. Meïté"",""number"":18,""pos"":""M""},{""id"":102447,""name"":""F. Moumbagna"",""number"":14,""pos"":""F""},{""id"":449660,""name"":""E. Sternal"",""number"":22,""pos"":""F""},{""id"":449158,""name"":""K. Abdallah"",""number"":48,""pos"":""F""},{""id"":21102,""name"":""V. Rongier"",""number"":21,""pos"":""M""},{""id"":36827,""name"":""J. de Lange"",""number"":12,""pos"":""G""},{""id"":392683,""name"":""A. Koum"",""number"":43,""pos"":""D""},{""id"":393926,""name"":""G. Lafont"",""number"":47,""pos"":""M""},{""id"":322879,""name"":""R. Nyakossi"",""number"":46,""pos"":""D""}]"
1213752,93,Reims,True,4-3-3,L. Elsner,11,9,"[{""id"":20566,""name"":""Y. Diouf"",""number"":94,""pos"":""G""},{""id"":442929,""name"":""Abdoul Koné"",""number"":92,""pos"":""D""},{""id"":71545,""name"":""J. Okumu"",""number"":2,""pos"":""D""},{""id"":135068,""name"":""E. Agbadou"",""number"":24,""pos"":""D""},{""id"":47530,""name"":""Sergio Akieme"",""number"":18,""pos"":""D""},{""id"":343351,""name"":""V. Atangana Edoa"",""number"":6,""pos"":""M""},{""id"":437482,""name"":""Amadou Koné"",""number"":72,""pos"":""M""},{""id"":3080,""name"":""M. Munetsi"",""number"":15,""pos"":""M""},{""id"":1942,""name"":""J. Ito"",""number"":7,""pos"":""F""},{""id"":334429,""name"":""O. Diakité"",""number"":22,""pos"":""F""},{""id"":33321,""name"":""K. Nakamura"",""number"":17,""pos"":""F""}]","[{""id"":145476,""name"":""R. Khadra"",""number"":14,""pos"":""M""},{""id"":389322,""name"":""N. Sangui"",""number"":55,""pos"":""D""},{""id"":384489,""name"":""Y. Fofana"",""number"":71,""pos"":""M""},{""id"":386481,""name"":""M. Diakhon"",""number"":67,""pos"":""F""},{""id"":369059,""name"":""A. Bojang"",""number"":27,""pos"":""F""},{""id"":278408,""name"":""M. Adeline"",""number"":5,""pos"":""M""},{""id"":19546,""name"":""C. Kipré"",""number"":21,""pos"":""D""},{""id"":8474,""name"":""T. De Smet"",""number"":25,""pos"":""D""},{""id"":21080,""name"":""A. Olliero"",""number"":20,""pos"":""G""}]"
1213752,79,Lille,False,5-4-1,B. Génésio,11,9,"[{""id"":162453,""name"":""L. Chevalier"",""number"":30,""pos"":""G""},{""id"":379329,""name"":""Tiago Santos"",""number"":22,""pos"":""D""},{""id"":1567,""name"":""A. Mandi"",""number"":2,""pos"":""D""},{""id"":22136,""name"":""B. Diakité"",""number"":18,""pos"":""D""},{""id"":142691,""name"":""Alexsandro Ribeiro"",""number"":4,""pos"":""D""},{""id"":679,""name"":""Ismaily"",""number"":31,""pos"":""D""},{""id"":22093,""name"":""R. Cabella"",""number"":10,""pos"":""M""},{""id"":375598,""name"":""N. Mukau"",""number"":17,""pos"":""M""},{""id"":896,""name"":""A. Gomes"",""number"":8,""pos"":""M""},{""id"":99576,""name"":""O. Sahraoui"",""number"":11,""pos"":""M""},{""id"":24288,""name"":""M. Bayo"",""number"":27,""pos"":""F""}]","[{""id"":67889,""name"":""H. Haraldsson"",""number"":7,""pos"":""M""},{""id"":8489,""name"":""J. David"",""number"":9,""pos"":""F""},{""id"":438688,""name"":""A. Bouaddi"",""number"":32,""pos"":""M""},{""id"":264,""name"":""T. Meunier"",""number"":12,""pos"":""D""},{""id"":47969,""name"":""G. Gudmundsson"",""number"":5,""pos"":""D""},{""id"":386287,""name"":""E. Mbappé"",""number"":29,""pos"":""M""},{""id"":45892,""name"":""A. Ilić"",""number"":24,""pos"":""F""},{""id"":51146,""name"":""V. Mannone"",""number"":1,""pos"":""G""},{""id"":351888,""name"":""O. Touré"",""number"":36,""pos"":""D""}]"
1213751,91,Monaco,True,4-4-2,A. Hütter,11,9,"[{""id"":7313,""name"":""P. Köhn"",""number"":16,""pos"":""G""},{""id"":291649,""name"":""Vanderson"",""number"":2,""pos"":""D""},{""id"":261,""name"":""T. Kehrer"",""number"":5,""pos"":""D""},{""id"":47480,""name"":""M. Salisu"",""number"":22,""pos"":""D""},{""id"":158121,""name"":""I. Jakobs"",""number"":14,""pos"":""D""},{""id"":1101,""name"":""T. Minamino"",""number"":18,""pos"":""M""},{""id"":374058,""name"":""L. Camara"",""number"":15,""pos"":""M""},{""id"":2810,""name"":""D. Zakaria"",""number"":6,""pos"":""M""},{""id"":343320,""name"":""E. Ben Seghir"",""number"":7,""pos"":""M""},{""id"":421,""name"":""B. Embolo"",""number"":36,""pos"":""F""},{""id"":138835,""name"":""F. Balogun"",""number"":9,""pos"":""F""}]","[{""id"":274300,""name"":""M. Akliouche"",""number"":11,""pos"":""M""},{""id"":326176,""name"":""S. Magassa"",""number"":88,""pos"":""M""},{""id"":395040,""name"":""G. Ilenikhena"",""number"":21,""pos"":""F""},{""id"":374361,""name"":""E. Diop"",""number"":37,""pos"":""M""},{""id"":371916,""name"":""C. Mawissa"",""number"":13,""pos"":""D""},{""id"":2553,""name"":""G. Maripán"",""number"":3,""pos"":""D""},{""id"":274296,""name"":""Y. Lienard"",""number"":50,""pos"":""G""},{""id"":333137,""name"":""K. Ouattara"",""number"":20,""pos"":""D""},{""id"":10316,""name"":""Caio Henrique"",""number"":12,""pos"":""D""}]"
1213751,1063,Saint Etienne,False,4-1-4-1,O. Dall’Oglio,11,9,"[{""id"":20541,""name"":""G. Larsonneur"",""number"":30,""pos"":""G""},{""id"":339599,""name"":""B. Owusu"",""number"":38,""pos"":""D""},{""id"":8445,""name"":""D. Batubinsika"",""number"":21,""pos"":""D""},{""id"":2704,""name"":""Y. Abdelhamid"",""number"":5,""pos"":""D""},{""id"":401568,""name"":""M. Nzuzi"",""number"":35,""pos"":""D""},{""id"":8624,""name"":""F. Tardieu"",""number"":10,""pos"":""M""},{""id"":24743,""name"":""Z. Davitashvili"",""number"":22,""pos"":""M""},{""id"":179856,""name"":""B. Old"",""number"":11,""pos"":""M""},{""id"":395762,""name"":""M. Amougou"",""number"":37,""pos"":""M""},{""id"":22003,""name"":""M. Cafaro"",""number"":18,""pos"":""M""},{""id"":20648,""name"":""I. Sissoko"",""number"":9,""pos"":""F""}]","[{""id"":337426,""name"":""A. Boakye"",""number"":20,""pos"":""F""},{""id"":339601,""name"":""A. Aiki"",""number"":39,""pos"":""F""},{""id"":452315,""name"":""K. Pedro"",""number"":45,""pos"":""D""},{""id"":20861,""name"":""L. Fomba"",""number"":26,""pos"":""M""},{""id"":360098,""name"":""J. Othman"",""number"":41,""pos"":""F""},{""id"":339600,""name"":""A. Gauthier"",""number"":34,""pos"":""M""},{""id"":368026,""name"":""I. Touré"",""number"":40,""pos"":""G""},{""id"":289555,""name"":""L. Mouton"",""number"":14,""pos"":""M""},{""id"":22087,""name"":""M. Nadé"",""number"":3,""pos"":""D""}]"
1213753,108,Auxerre,True,4-4-2,C. Pélissier,11,9,"[{""id"":20542,""name"":""D. Léon"",""number"":16,""pos"":""G""},{""id"":191392,""name"":""P. Joly"",""number"":26,""pos"":""D""},{""id"":41300,""name"":""Jubal"",""number"":4,""pos"":""D""},{""id"":20206,""name"":""G. Osho"",""number"":3,""pos"":""D""},{""id"":191189,""name"":""C. Akpa"",""number"":92,""pos"":""D""},{""id"":20732,""name"":""G. Perrin"",""number"":10,""pos"":""M""},{""id"":20586,""name"":""R. Raveloson"",""number"":97,""pos"":""M""},{""id"":21010,""name"":""E. Owusu"",""number"":42,""pos"":""M""},{""id"":90617,""name"":""L. Sinayoko"",""number"":17,""pos"":""M""},{""id"":51293,""name"":""T. Bair"",""number"":9,""pos"":""F""},{""id"":32940,""name"":""A. Onaiwu"",""number"":45,""pos"":""F""}]","[{""id"":21143,""name"":""T. Pellenard"",""number"":5,""pos"":""D""},{""id"":20782,""name"":""F. Ayé"",""number"":19,""pos"":""F""},{""id"":322595,""name"":""L. Coulibaly"",""number"":21,""pos"":""M""},{""id"":30748,""name"":""A. Dioussé"",""number"":18,""pos"":""M""},{""id"":323625,""name"":""K. Danois"",""number"":27,""pos"":""M""},{""id"":344150,""name"":""V. Mayela"",""number"":23,""pos"":""D""},{""id"":193681,""name"":""T. De Percin"",""number"":40,""pos"":""G""},{""id"":38754,""name"":""E. Maddy"",""number"":11,""pos"":""F""},{""id"":406855,""name"":""B. Viadère"",""number"":29,""pos"":""F""}]"
1213753,84,Nice,False,3-4-3,F. Haise,11,9,"[{""id"":2274,""name"":""M. Bułka"",""number"":1,""pos"":""G""},{""id"":313937,""name"":""A. Mendy"",""number"":33,""pos"":""D""},{""id"":240,""name"":""P. Rosario"",""number"":8,""pos"":""D""},{""id"":22163,""name"":""Dante"",""number"":4,""pos"":""D""},{""id"":25008,""name"":""J. Clauss"",""number"":92,""pos"":""M""},{""id"":4399,""name"":""H. Boudaoui"",""number"":28,""pos"":""M""},{""id"":662,""name"":""T. Ndombélé"",""number"":22,""pos"":""M""},{""id"":19250,""name"":""B. Brahimi"",""number"":14,""pos"":""M""},{""id"":274312,""name"":""M. Cho"",""number"":25,""pos"":""F""},{""id"":137303,""name"":""E. Guessand"",""number"":29,""pos"":""F""},{""id"":21592,""name"":""G. Laborde"",""number"":24,""pos"":""F""}]","[{""id"":945,""name"":""J. Lotomba"",""number"":23,""pos"":""D""},{""id"":334879,""name"":""B. Bouanani"",""number"":19,""pos"":""M""},{""id"":477124,""name"":""V. Orakpo"",""number"":45,""pos"":""F""},{""id"":444561,""name"":""I. Camara"",""number"":36,""pos"":""M""},{""id"":482467,""name"":""Y. Nandjou"",""number"":42,""pos"":""D""},{""id"":462277,""name"":""I. Salhi"",""number"":41,""pos"":""D""},{""id"":21079,""name"":""M. Dupé"",""number"":31,""pos"":""G""},{""id"":437498,""name"":""A. Doumbouya"",""number"":44,""pos"":""D""},{""id"":375578,""name"":""D. Traoré"",""number"":39,""pos"":""M""}]"
1213750,77,Angers,True,5-3-2,A. Dujeux,11,9,"[{""id"":64190,""name"":""Y. Fofana"",""number"":30,""pos"":""G""},{""id"":20850,""name"":""C. Arcus"",""number"":2,""pos"":""D""},{""id"":3234,""name"":""A. Bamba"",""number"":25,""pos"":""D""},{""id"":3379,""name"":""C. Hountondji"",""number"":22,""pos"":""D""},{""id"":21381,""name"":""J. Lefort"",""number"":21,""pos"":""D""},{""id"":343609,""name"":""J. Ekomié"",""number"":3,""pos"":""D""},{""id"":21145,""name"":""P. Capelle"",""number"":15,""pos"":""M""},{""id"":103,""name"":""J. Aholou"",""number"":6,""pos"":""M""},{""id"":174708,""name"":""Y. Belkhdim"",""number"":14,""pos"":""M""},{""id"":421875,""name"":""S. Chérif"",""number"":11,""pos"":""F""},{""id"":20692,""name"":""H. Abdelli"",""number"":10,""pos"":""F""}]","[{""id"":22100,""name"":""L. Diony"",""number"":9,""pos"":""F""},{""id"":174660,""name"":""L. Rao-Lisoa"",""number"":27,""pos"":""D""},{""id"":20537,""name"":""I. Niane"",""number"":7,""pos"":""F""},{""id"":41146,""name"":""F. Hanin"",""number"":26,""pos"":""D""},{""id"":174723,""name"":""Z. Ould Khaled"",""number"":12,""pos"":""D""},{""id"":3175,""name"":""Z. Ferhat"",""number"":20,""pos"":""M""},{""id"":174973,""name"":""M. Zinga"",""number"":16,""pos"":""G""},{""id"":163004,""name"":""E. Lepaul"",""number"":19,""pos"":""F""},{""id"":385569,""name"":""E. Biumla"",""number"":24,""pos"":""M""}]"
1213750,116,Lens,False,3-4-1-2,W. Still,11,9,"[{""id"":21628,""name"":""B. Samba"",""number"":30,""pos"":""G""},{""id"":21635,""name"":""J. Gradit"",""number"":24,""pos"":""D""},{""id"":25287,""name"":""K. Danso"",""number"":4,""pos"":""D""},{""id"":6231,""name"":""F. Medina"",""number"":14,""pos"":""D""},{""id"":21568,""name"":""R. Aguilar"",""number"":2,""pos"":""M""},{""id"":22261,""name"":""A. Thomasson"",""number"":28,""pos"":""M""},{""id"":18785,""name"":""N. Mendy"",""number"":26,""pos"":""M""},{""id"":237191,""name"":""J. Chávez"",""number"":13,""pos"":""M""},{""id"":21146,""name"":""A. Fulgini"",""number"":11,""pos"":""F""},{""id"":20761,""name"":""F. Sotoca"",""number"":7,""pos"":""F""},{""id"":21715,""name"":""W. Saïd"",""number"":22,""pos"":""F""}]","[{""id"":2483,""name"":""D. Machado"",""number"":3,""pos"":""D""},{""id"":174607,""name"":""David Pereira da Costa"",""number"":10,""pos"":""M""},{""id"":270509,""name"":""A. Diouf"",""number"":18,""pos"":""M""},{""id"":326073,""name"":""R. Labeau-Lascary"",""number"":36,""pos"":""F""},{""id"":360114,""name"":""A. Khusanov"",""number"":25,""pos"":""D""},{""id"":22220,""name"":""H. Koffi"",""number"":16,""pos"":""G""},{""id"":22166,""name"":""M. Sarr"",""number"":20,""pos"":""D""},{""id"":3333,""name"":""M. Haïdara"",""number"":21,""pos"":""D""},{""id"":3007,""name"":""P. Frankowski"",""number"":29,""pos"":""M""}]"
1213748,82,Montpellier,True,4-2-3-1,M. Der Zakarian,11,9,"[{""id"":21566,""name"":""B. Lecomte"",""number"":40,""pos"":""G""},{""id"":179399,""name"":""E. Tchato"",""number"":29,""pos"":""D""},{""id"":999,""name"":""B. Omeragić"",""number"":27,""pos"":""D""},{""id"":20661,""name"":""M. Sagnan"",""number"":5,""pos"":""D""},{""id"":3336,""name"":""F. Sacko"",""number"":77,""pos"":""D""},{""id"":128287,""name"":""J. Chotard"",""number"":13,""pos"":""M""},{""id"":21439,""name"":""J. Ferri"",""number"":12,""pos"":""M""},{""id"":22097,""name"":""A. Nordin"",""number"":7,""pos"":""M""},{""id"":21443,""name"":""T. Savanier"",""number"":11,""pos"":""M""},{""id"":15286,""name"":""Mousa Al Ta'mari"",""number"":9,""pos"":""M""},{""id"":57446,""name"":""A. Adams"",""number"":8,""pos"":""F""}]","[{""id"":399906,""name"":""O. Maamma"",""number"":14,""pos"":""F""},{""id"":113581,""name"":""T. Coulibaly"",""number"":70,""pos"":""M""},{""id"":48636,""name"":""G. Barès"",""number"":15,""pos"":""M""},{""id"":369676,""name"":""T. Chennahi"",""number"":44,""pos"":""D""},{""id"":3335,""name"":""K. Kouyaté"",""number"":4,""pos"":""D""},{""id"":21565,""name"":""D. Bertaud"",""number"":16,""pos"":""G""},{""id"":459711,""name"":""G. Ngosso"",""number"":28,""pos"":""F""},{""id"":342228,""name"":""S. Džodić"",""number"":45,""pos"":""M""},{""id"":395760,""name"":""Y. Issoufou"",""number"":39,""pos"":""F""}]"
1213748,95,Strasbourg,False,3-4-2-1,L. Rosenior,11,11,"[{""id"":2850,""name"":""K. Johnsson"",""number"":30,""pos"":""G""},{""id"":161747,""name"":""G. Doué"",""number"":22,""pos"":""D""},{""id"":274328,""name"":""S. Sow"",""number"":13,""pos"":""D""},{""id"":364810,""name"":""A. Sylla"",""number"":24,""pos"":""D""},{""id"":129695,""name"":""D. Bakwa"",""number"":26,""pos"":""M""},{""id"":282549,""name"":""J. Mwanga"",""number"":18,""pos"":""M""},{""id"":271542,""name"":""I. Doukouré"",""number"":29,""pos"":""M""},{""id"":265733,""name"":""C. Wiley"",""number"":12,""pos"":""M""},{""id"":327631,""name"":""H. Diarra"",""number"":19,""pos"":""F""},{""id"":438752,""name"":""P. Diong"",""number"":17,""pos"":""F""},{""id"":203762,""name"":""E. Emegha"",""number"":10,""pos"":""F""}]","[{""id"":335056,""name"":""Diego Moreira"",""number"":7,""pos"":""F""},{""id"":191240,""name"":""M. Senaya"",""number"":28,""pos"":""D""},{""id"":191245,""name"":""N. Kandil"",""number"":21,""pos"":""M""},{""id"":40445,""name"":""K. Fila"",""number"":4,""pos"":""D""},{""id"":369885,""name"":""J. Sebas"",""number"":40,""pos"":""F""},{""id"":419583,""name"":""T. Diallo"",""number"":35,""pos"":""M""},{""id"":347211,""name"":""R. Risser"",""number"":16,""pos"":""G""},{""id"":2259,""name"":""E. Sobol"",""number"":77,""pos"":""D""},{""id"":387120,""name"":""R. Nzingoula"",""number"":41,""pos"":""M""},{""id"":356520,""name"":""Ó. Perea"",""number"":20,""pos"":""F""},{""id"":358167,""name"":""R. Tutu Mayangila"",""number"":60,""pos"":""G""}]"
1213749,96,Toulouse,True,3-4-3,Carles Martínez,11,9,"[{""id"":325346,""name"":""G. Restes"",""number"":50,""pos"":""G""},{""id"":278392,""name"":""C. Cresswell"",""number"":4,""pos"":""D""},{""id"":21997,""name"":""Logan Costa"",""number"":6,""pos"":""D""},{""id"":15793,""name"":""R. Nicolaisen"",""number"":2,""pos"":""D""},{""id"":264383,""name"":""W. Kamanzi"",""number"":12,""pos"":""M""},{""id"":50956,""name"":""C. Cásseres"",""number"":23,""pos"":""M""},{""id"":25533,""name"":""N. Schmidt"",""number"":20,""pos"":""M""},{""id"":39115,""name"":""A. Dønnum"",""number"":15,""pos"":""M""},{""id"":243,""name"":""Z. Aboukhlal"",""number"":7,""pos"":""F""},{""id"":174724,""name"":""F. Magri"",""number"":9,""pos"":""F""},{""id"":84128,""name"":""Y. Gboho"",""number"":10,""pos"":""F""}]","[{""id"":48491,""name"":""V. Sierro"",""number"":8,""pos"":""M""},{""id"":11421,""name"":""G. Suazo"",""number"":17,""pos"":""D""},{""id"":55319,""name"":""N. Skyttä"",""number"":22,""pos"":""M""},{""id"":102,""name"":""D. Sidibé"",""number"":19,""pos"":""D""},{""id"":36928,""name"":""D. Genreau"",""number"":5,""pos"":""M""},{""id"":191252,""name"":""M. Bangré"",""number"":21,""pos"":""M""},{""id"":452697,""name"":""D. Methalie"",""number"":33,""pos"":""D""},{""id"":47351,""name"":""Álex Domínguez"",""number"":30,""pos"":""G""},{""id"":50735,""name"":""M. McKenzie"",""number"":3,""pos"":""D""}]"
1213749,83,Nantes,False,4-2-3-1,A. Kombouare,11,9,"[{""id"":30393,""name"":""A. Lafont"",""number"":1,""pos"":""G""},{""id"":21498,""name"":""M. Coco"",""number"":11,""pos"":""D""},{""id"":20545,""name"":""J. Castelletto"",""number"":21,""pos"":""D""},{""id"":343359,""name"":""N. Zézé"",""number"":44,""pos"":""D""},{""id"":22134,""name"":""K. Amian"",""number"":98,""pos"":""D""},{""id"":93671,""name"":""Pedro Chirivella"",""number"":5,""pos"":""M""},{""id"":10036,""name"":""Douglas Augusto"",""number"":6,""pos"":""M""},{""id"":18599,""name"":""S. Thomas"",""number"":22,""pos"":""M""},{""id"":3084,""name"":""T. Kadewere"",""number"":10,""pos"":""M""},{""id"":2781,""name"":""M. Simon"",""number"":27,""pos"":""M""},{""id"":161622,""name"":""M. Abline"",""number"":39,""pos"":""F""}]","[{""id"":20655,""name"":""J. Duverne"",""number"":2,""pos"":""D""},{""id"":2668,""name"":""Mostafa Mohamed"",""number"":31,""pos"":""F""},{""id"":193952,""name"":""J. Lepenant"",""number"":8,""pos"":""M""},{""id"":21088,""name"":""N. Pallois"",""number"":4,""pos"":""D""},{""id"":443676,""name"":""B. Guirassy"",""number"":62,""pos"":""F""},{""id"":174727,""name"":""H. Barbet"",""number"":50,""pos"":""G""},{""id"":443674,""name"":""L. Leroux"",""number"":66,""pos"":""M""},{""id"":386438,""name"":""M. Acapandié"",""number"":41,""pos"":""D""},{""id"":388779,""name"":""D. Assoumani"",""number"":59,""pos"":""M""}]"
1213755,94,Rennes,True,4-3-1-2,J. Stéphan,11,9,"[{""id"":1897,""name"":""S. Mandanda"",""number"":30,""pos"":""G""},{""id"":180731,""name"":""L. Assignon"",""number"":22,""pos"":""D""},{""id"":18967,""name"":""L. Østigård"",""number"":55,""pos"":""D""},{""id"":20916,""name"":""C. Wooh"",""number"":4,""pos"":""D""},{""id"":196187,""name"":""A. Seidu"",""number"":36,""pos"":""D""},{""id"":2206,""name"":""B. Bourigeaud"",""number"":14,""pos"":""M""},{""id"":37236,""name"":""A. Matusiwa"",""number"":6,""pos"":""M""},{""id"":1754,""name"":""G. Kamara"",""number"":28,""pos"":""M""},{""id"":263177,""name"":""A. Grønbæk"",""number"":7,""pos"":""M""},{""id"":85041,""name"":""A. Gouiri"",""number"":10,""pos"":""F""},{""id"":21497,""name"":""L. Blas"",""number"":11,""pos"":""F""}]","[{""id"":30423,""name"":""H. Hateboer"",""number"":15,""pos"":""M""},{""id"":21153,""name"":""B. Santamaría"",""number"":8,""pos"":""M""},{""id"":331678,""name"":""H. Meister"",""number"":19,""pos"":""F""},{""id"":162267,""name"":""A. Truffert"",""number"":3,""pos"":""D""},{""id"":328074,""name"":""J. James"",""number"":17,""pos"":""M""},{""id"":277085,""name"":""A. Do Marcolino"",""number"":41,""pos"":""F""},{""id"":343792,""name"":""D. Cissé"",""number"":38,""pos"":""M""},{""id"":20706,""name"":""G. Gallon"",""number"":1,""pos"":""G""},{""id"":162265,""name"":""W. Omari"",""number"":23,""pos"":""D""}]"
1213755,80,Lyon,False,4-3-3,P. Sage,11,9,"[{""id"":80296,""name"":""Lucas Perri"",""number"":23,""pos"":""G""},{""id"":68,""name"":""Clinton Mata"",""number"":22,""pos"":""D""},{""id"":1902,""name"":""D. Ćaleta-Car"",""number"":55,""pos"":""D""},{""id"":25916,""name"":""M. Niakhaté"",""number"":19,""pos"":""D""},{""id"":9700,""name"":""Abner"",""number"":16,""pos"":""D""},{""id"":659,""name"":""M. Caqueret"",""number"":6,""pos"":""M""},{""id"":902,""name"":""N. Matić"",""number"":31,""pos"":""M""},{""id"":24882,""name"":""O. Mangala"",""number"":25,""pos"":""M""},{""id"":350856,""name"":""E. Nuamah"",""number"":37,""pos"":""F""},{""id"":180496,""name"":""G. Mikautadze"",""number"":69,""pos"":""F""},{""id"":19361,""name"":""S. Benrahma"",""number"":17,""pos"":""F""}]","[{""id"":361348,""name"":""M. Fofana"",""number"":11,""pos"":""F""},{""id"":41323,""name"":""Mama Baldé"",""number"":7,""pos"":""F""},{""id"":386284,""name"":""M. Diawara"",""number"":34,""pos"":""M""},{""id"":1456,""name"":""A. Maitland-Niles"",""number"":98,""pos"":""M""},{""id"":519,""name"":""C. Tolisso"",""number"":8,""pos"":""M""},{""id"":368260,""name"":""G. Orban"",""number"":9,""pos"":""F""},{""id"":647,""name"":""Anthony Lopes"",""number"":1,""pos"":""G""},{""id"":334914,""name"":""S. Kumbedi"",""number"":20,""pos"":""D""},{""id"":9566,""name"":""Adryelson"",""number"":14,""pos"":""D""}]"
1213756,85,Paris Saint Germain,True,4-3-3,Luis Enrique,11,9,"[{""id"":1622,""name"":""G. Donnarumma"",""number"":1,""pos"":""G""},{""id"":9,""name"":""A. Hakimi"",""number"":2,""pos"":""D""},{""id"":257,""name"":""Marquinhos"",""number"":5,""pos"":""D""},{""id"":16367,""name"":""W. Pacho"",""number"":51,""pos"":""D""},{""id"":263482,""name"":""Nuno Mendes"",""number"":25,""pos"":""D""},{""id"":336657,""name"":""W. Zaïre-Emery"",""number"":33,""pos"":""M""},{""id"":335051,""name"":""João Neves"",""number"":87,""pos"":""M""},{""id"":128384,""name"":""Vitinha"",""number"":17,""pos"":""M""},{""id"":153,""name"":""O. Dembélé"",""number"":10,""pos"":""F""},{""id"":746,""name"":""Marco Asensio"",""number"":11,""pos"":""F""},{""id"":161904,""name"":""B. Barcola"",""number"":29,""pos"":""F""}]","[{""id"":343027,""name"":""D. Doué"",""number"":14,""pos"":""M""},{""id"":927,""name"":""Lee Kang-In"",""number"":19,""pos"":""M""},{""id"":21104,""name"":""R. Kolo Muani"",""number"":23,""pos"":""F""},{""id"":328,""name"":""Fabián Ruiz"",""number"":8,""pos"":""M""},{""id"":446249,""name"":""I. Mbaye"",""number"":49,""pos"":""F""},{""id"":386285,""name"":""Y. Zague"",""number"":42,""pos"":""D""},{""id"":307835,""name"":""Beraldo"",""number"":35,""pos"":""D""},{""id"":2068,""name"":""M. Safonov"",""number"":39,""pos"":""G""},{""id"":409216,""name"":""S. Mayulu"",""number"":24,""pos"":""M""}]"
1213756,82,Montpellier,False,5-3-2,M. Der Zakarian,11,9,"[{""id"":21566,""name"":""B. Lecomte"",""number"":40,""pos"":""G""},{""id"":179399,""name"":""E. Tchato"",""number"":29,""pos"":""D""},{""id"":999,""name"":""B. Omeragić"",""number"":27,""pos"":""D""},{""id"":3335,""name"":""K. Kouyaté"",""number"":4,""pos"":""D""},{""id"":20661,""name"":""M. Sagnan"",""number"":5,""pos"":""D""},{""id"":3336,""name"":""F. Sacko"",""number"":77,""pos"":""D""},{""id"":21439,""name"":""J. Ferri"",""number"":12,""pos"":""M""},{""id"":128287,""name"":""J. Chotard"",""number"":13,""pos"":""M""},{""id"":21443,""name"":""T. Savanier"",""number"":11,""pos"":""M""},{""id"":22097,""name"":""A. Nordin"",""number"":7,""pos"":""F""},{""id"":22102,""name"":""W. Khazri"",""number"":10,""pos"":""F""}]","[{""id"":57446,""name"":""A. Adams"",""number"":8,""pos"":""F""},{""id"":15286,""name"":""Mousa Al Ta'mari"",""number"":9,""pos"":""F""},{""id"":395760,""name"":""Y. Issoufou"",""number"":39,""pos"":""F""},{""id"":48636,""name"":""G. Barès"",""number"":15,""pos"":""M""},{""id"":113581,""name"":""T. Coulibaly"",""number"":70,""pos"":""M""},{""id"":342228,""name"":""S. Džodić"",""number"":45,""pos"":""M""},{""id"":399906,""name"":""O. Maamma"",""number"":14,""pos"":""F""},{""id"":369676,""name"":""T. Chennahi"",""number"":44,""pos"":""M""},{""id"":21565,""name"":""D. Bertaud"",""number"":16,""pos"":""G""}]"
1213763,80,Lyon,True,4-2-3-1,P. Sage,11,9,"[{""id"":80296,""name"":""Lucas Perri"",""number"":23,""pos"":""G""},{""id"":68,""name"":""Clinton Mata"",""number"":22,""pos"":""D""},{""id"":1902,""name"":""D. Ćaleta-Car"",""number"":55,""pos"":""D""},{""id"":25916,""name"":""M. Niakhaté"",""number"":19,""pos"":""D""},{""id"":9700,""name"":""Abner"",""number"":16,""pos"":""D""},{""id"":1456,""name"":""A. Maitland-Niles"",""number"":98,""pos"":""M""},{""id"":659,""name"":""M. Caqueret"",""number"":6,""pos"":""M""},{""id"":350856,""name"":""E. Nuamah"",""number"":37,""pos"":""M""},{""id"":19361,""name"":""S. Benrahma"",""number"":17,""pos"":""M""},{""id"":361348,""name"":""M. Fofana"",""number"":11,""pos"":""M""},{""id"":1467,""name"":""A. Lacazette"",""number"":10,""pos"":""F""}]","[{""id"":180496,""name"":""G. Mikautadze"",""number"":69,""pos"":""F""},{""id"":41323,""name"":""Mama Baldé"",""number"":7,""pos"":""F""},{""id"":902,""name"":""N. Matić"",""number"":31,""pos"":""M""},{""id"":519,""name"":""C. Tolisso"",""number"":8,""pos"":""M""},{""id"":386284,""name"":""M. Diawara"",""number"":34,""pos"":""M""},{""id"":647,""name"":""Anthony Lopes"",""number"":1,""pos"":""G""},{""id"":334914,""name"":""S. Kumbedi"",""number"":20,""pos"":""D""},{""id"":24882,""name"":""O. Mangala"",""number"":25,""pos"":""M""},{""id"":9566,""name"":""Adryelson"",""number"":14,""pos"":""D""}]"
1213763,91,Monaco,False,4-2-3-1,A. Hütter,11,9,"[{""id"":7313,""name"":""P. Köhn"",""number"":16,""pos"":""G""},{""id"":291649,""name"":""Vanderson"",""number"":2,""pos"":""D""},{""id"":261,""name"":""T. Kehrer"",""number"":5,""pos"":""D""},{""id"":47480,""name"":""M. Salisu"",""number"":22,""pos"":""D""},{""id"":158121,""name"":""I. Jakobs"",""number"":14,""pos"":""D""},{""id"":374058,""name"":""L. Camara"",""number"":15,""pos"":""M""},{""id"":2810,""name"":""D. Zakaria"",""number"":6,""pos"":""M""},{""id"":274300,""name"":""M. Akliouche"",""number"":11,""pos"":""M""},{""id"":1101,""name"":""T. Minamino"",""number"":18,""pos"":""M""},{""id"":343320,""name"":""E. Ben Seghir"",""number"":7,""pos"":""M""},{""id"":421,""name"":""B. Embolo"",""number"":36,""pos"":""F""}]","[{""id"":395040,""name"":""G. Ilenikhena"",""number"":21,""pos"":""F""},{""id"":231,""name"":""J. Teze"",""number"":4,""pos"":""D""},{""id"":333137,""name"":""K. Ouattara"",""number"":20,""pos"":""D""},{""id"":326176,""name"":""S. Magassa"",""number"":88,""pos"":""M""},{""id"":30504,""name"":""W. Singo"",""number"":17,""pos"":""D""},{""id"":138835,""name"":""F. Balogun"",""number"":9,""pos"":""F""},{""id"":274296,""name"":""Y. Lienard"",""number"":50,""pos"":""G""},{""id"":10316,""name"":""Caio Henrique"",""number"":12,""pos"":""D""},{""id"":371916,""name"":""C. Mawissa"",""number"":13,""pos"":""D""}]"
1213760,79,Lille,True,3-4-2-1,B. Génésio,11,9,"[{""id"":162453,""name"":""L. Chevalier"",""number"":30,""pos"":""G""},{""id"":1567,""name"":""A. Mandi"",""number"":2,""pos"":""D""},{""id"":22136,""name"":""B. Diakité"",""number"":18,""pos"":""D""},{""id"":142691,""name"":""Alexsandro Ribeiro"",""number"":4,""pos"":""D""},{""id"":264,""name"":""T. Meunier"",""number"":12,""pos"":""M""},{""id"":2204,""name"":""B. André"",""number"":21,""pos"":""M""},{""id"":67889,""name"":""H. Haraldsson"",""number"":7,""pos"":""M""},{""id"":47969,""name"":""G. Gudmundsson"",""number"":5,""pos"":""M""},{""id"":386287,""name"":""E. Mbappé"",""number"":29,""pos"":""F""},{""id"":99576,""name"":""O. Sahraoui"",""number"":11,""pos"":""F""},{""id"":8489,""name"":""J. David"",""number"":9,""pos"":""F""}]","[{""id"":22093,""name"":""R. Cabella"",""number"":10,""pos"":""M""},{""id"":375598,""name"":""N. Mukau"",""number"":17,""pos"":""M""},{""id"":379329,""name"":""Tiago Santos"",""number"":22,""pos"":""D""},{""id"":24288,""name"":""M. Bayo"",""number"":27,""pos"":""F""},{""id"":438688,""name"":""A. Bouaddi"",""number"":32,""pos"":""M""},{""id"":351888,""name"":""O. Touré"",""number"":36,""pos"":""D""},{""id"":340080,""name"":""V. Burlet"",""number"":37,""pos"":""D""},{""id"":51146,""name"":""V. Mannone"",""number"":1,""pos"":""G""},{""id"":45892,""name"":""A. Ilić"",""number"":24,""pos"":""F""}]"
1213760,77,Angers,False,5-3-2,A. Dujeux,11,9,"[{""id"":64190,""name"":""Y. Fofana"",""number"":30,""pos"":""G""},{""id"":20850,""name"":""C. Arcus"",""number"":2,""pos"":""D""},{""id"":3234,""name"":""A. Bamba"",""number"":25,""pos"":""D""},{""id"":3379,""name"":""C. Hountondji"",""number"":22,""pos"":""D""},{""id"":21381,""name"":""J. Lefort"",""number"":21,""pos"":""D""},{""id"":343609,""name"":""J. Ekomié"",""number"":3,""pos"":""D""},{""id"":21145,""name"":""P. Capelle"",""number"":15,""pos"":""M""},{""id"":174723,""name"":""Z. Ould Khaled"",""number"":12,""pos"":""M""},{""id"":174708,""name"":""Y. Belkhdim"",""number"":14,""pos"":""M""},{""id"":421875,""name"":""S. Chérif"",""number"":11,""pos"":""F""},{""id"":20692,""name"":""H. Abdelli"",""number"":10,""pos"":""F""}]","[{""id"":3177,""name"":""F. El Melali"",""number"":28,""pos"":""F""},{""id"":3175,""name"":""Z. Ferhat"",""number"":20,""pos"":""M""},{""id"":385569,""name"":""E. Biumla"",""number"":24,""pos"":""M""},{""id"":163004,""name"":""E. Lepaul"",""number"":19,""pos"":""F""},{""id"":20537,""name"":""I. Niane"",""number"":7,""pos"":""F""},{""id"":41146,""name"":""F. Hanin"",""number"":26,""pos"":""D""},{""id"":20725,""name"":""J. Lopy"",""number"":8,""pos"":""M""},{""id"":174660,""name"":""L. Rao-Lisoa"",""number"":27,""pos"":""D""},{""id"":174973,""name"":""M. Zinga"",""number"":16,""pos"":""G""}]"
1213759,1063,Saint Etienne,True,4-1-4-1,O. Dall’Oglio,11,9,"[{""id"":20541,""name"":""G. Larsonneur"",""number"":30,""pos"":""G""},{""id"":401568,""name"":""M. Nzuzi"",""number"":35,""pos"":""D""},{""id"":8445,""name"":""D. Batubinsika"",""number"":21,""pos"":""D""},{""id"":2704,""name"":""Y. Abdelhamid"",""number"":5,""pos"":""D""},{""id"":24284,""name"":""Y. Maçon"",""number"":27,""pos"":""D""},{""id"":8624,""name"":""F. Tardieu"",""number"":10,""pos"":""M""},{""id"":24743,""name"":""Z. Davitashvili"",""number"":22,""pos"":""M""},{""id"":179856,""name"":""B. Old"",""number"":11,""pos"":""M""},{""id"":395762,""name"":""M. Amougou"",""number"":37,""pos"":""M""},{""id"":22003,""name"":""M. Cafaro"",""number"":18,""pos"":""M""},{""id"":20648,""name"":""I. Sissoko"",""number"":9,""pos"":""F""}]","[{""id"":1407,""name"":""D. Appiah"",""number"":8,""pos"":""D""},{""id"":289555,""name"":""L. Mouton"",""number"":14,""pos"":""M""},{""id"":337426,""name"":""A. Boakye"",""number"":20,""pos"":""F""},{""id"":39248,""name"":""I. Wadji"",""number"":25,""pos"":""F""},{""id"":339601,""name"":""A. Aiki"",""number"":39,""pos"":""F""},{""id"":20861,""name"":""L. Fomba"",""number"":26,""pos"":""M""},{""id"":20736,""name"":""B. Maubleu"",""number"":1,""pos"":""G""},{""id"":339599,""name"":""B. Owusu"",""number"":38,""pos"":""D""},{""id"":22087,""name"":""M. Nadé"",""number"":3,""pos"":""D""}]"
1213759,111,Le Havre,False,5-4-1,D. Digard,11,9,"[{""id"":24011,""name"":""A. Desmas"",""number"":30,""pos"":""G""},{""id"":2336,""name"":""L. Nego"",""number"":7,""pos"":""D""},{""id"":174927,""name"":""A. Sangante"",""number"":93,""pos"":""D""},{""id"":162443,""name"":""É. Youté"",""number"":6,""pos"":""D""},{""id"":64255,""name"":""G. Lloris"",""number"":4,""pos"":""D""},{""id"":23637,""name"":""Y. Zouaoui"",""number"":18,""pos"":""D""},{""id"":174937,""name"":""Y. Kechta"",""number"":8,""pos"":""M""},{""id"":21103,""name"":""A. Touré"",""number"":94,""pos"":""M""},{""id"":284071,""name"":""O. Targhalline"",""number"":5,""pos"":""M""},{""id"":289304,""name"":""A. Joujou"",""number"":21,""pos"":""M""},{""id"":174915,""name"":""J. Casimir"",""number"":23,""pos"":""F""}]","[{""id"":128342,""name"":""R. Ndiaye"",""number"":19,""pos"":""M""},{""id"":15783,""name"":""E. Sabbi"",""number"":11,""pos"":""F""},{""id"":156465,""name"":""I. Soumaré"",""number"":45,""pos"":""F""},{""id"":20576,""name"":""Y. Salmier"",""number"":22,""pos"":""D""},{""id"":22266,""name"":""S. Grandsir"",""number"":29,""pos"":""F""},{""id"":646,""name"":""M. Gorgelin"",""number"":1,""pos"":""G""},{""id"":395765,""name"":""I. Bouneb"",""number"":44,""pos"":""M""},{""id"":460805,""name"":""D. Mosengo"",""number"":78,""pos"":""M""},{""id"":1212,""name"":""D. Kuzyaev"",""number"":14,""pos"":""M""}]"
1213762,116,Lens,True,3-4-1-2,W. Still,11,9,"[{""id"":21628,""name"":""B. Samba"",""number"":30,""pos"":""G""},{""id"":21635,""name"":""J. Gradit"",""number"":24,""pos"":""D""},{""id"":25287,""name"":""K. Danso"",""number"":4,""pos"":""D""},{""id"":6231,""name"":""F. Medina"",""number"":14,""pos"":""D""},{""id"":21568,""name"":""R. Aguilar"",""number"":2,""pos"":""M""},{""id"":22261,""name"":""A. Thomasson"",""number"":28,""pos"":""M""},{""id"":270509,""name"":""A. Diouf"",""number"":18,""pos"":""M""},{""id"":237191,""name"":""J. Chávez"",""number"":13,""pos"":""M""},{""id"":129169,""name"":""A. Zaroury"",""number"":38,""pos"":""F""},{""id"":20761,""name"":""F. Sotoca"",""number"":7,""pos"":""F""},{""id"":326073,""name"":""R. Labeau-Lascary"",""number"":36,""pos"":""F""}]","[{""id"":21146,""name"":""A. Fulgini"",""number"":11,""pos"":""M""},{""id"":360114,""name"":""A. Khusanov"",""number"":25,""pos"":""D""},{""id"":195512,""name"":""M. Satriano"",""number"":9,""pos"":""F""},{""id"":2483,""name"":""D. Machado"",""number"":3,""pos"":""D""},{""id"":3007,""name"":""P. Frankowski"",""number"":29,""pos"":""M""},{""id"":21715,""name"":""W. Saïd"",""number"":22,""pos"":""F""},{""id"":237232,""name"":""H. Ojediran"",""number"":15,""pos"":""M""},{""id"":22220,""name"":""H. Koffi"",""number"":16,""pos"":""G""},{""id"":22166,""name"":""M. Sarr"",""number"":20,""pos"":""D""}]"
1213762,106,Stade Brestois 29,False,4-3-3,E. Roy,11,8,"[{""id"":36878,""name"":""M. Bizot"",""number"":40,""pos"":""G""},{""id"":22247,""name"":""K. Lala"",""number"":7,""pos"":""D""},{""id"":20546,""name"":""B. Chardonnet"",""number"":5,""pos"":""D""},{""id"":85914,""name"":""J. Le Cardinal"",""number"":25,""pos"":""D""},{""id"":1901,""name"":""J. Amavi"",""number"":23,""pos"":""D""},{""id"":24147,""name"":""M. Camara"",""number"":45,""pos"":""M""},{""id"":22258,""name"":""J. Martin"",""number"":28,""pos"":""M""},{""id"":20558,""name"":""H. Magnetti"",""number"":8,""pos"":""M""},{""id"":2214,""name"":""R. Del Castillo"",""number"":10,""pos"":""F""},{""id"":22264,""name"":""L. Ajorque"",""number"":19,""pos"":""F""},{""id"":84082,""name"":""R. Faivre"",""number"":21,""pos"":""F""}]","[{""id"":277191,""name"":""A. Sima"",""number"":17,""pos"":""F""},{""id"":20780,""name"":""Mathias Pereira Lage"",""number"":26,""pos"":""M""},{""id"":85772,""name"":""J. Le Douaron"",""number"":22,""pos"":""F""},{""id"":422595,""name"":""L. Zogbé"",""number"":12,""pos"":""D""},{""id"":329209,""name"":""A. Camblan"",""number"":11,""pos"":""M""},{""id"":449659,""name"":""I. Kanté"",""number"":32,""pos"":""F""},{""id"":21248,""name"":""G. Coudert"",""number"":30,""pos"":""G""},{""id"":36540,""name"":""A. Dari"",""number"":4,""pos"":""D""}]"
1213758,83,Nantes,True,4-2-3-1,A. Kombouare,11,9,"[{""id"":30393,""name"":""A. Lafont"",""number"":1,""pos"":""G""},{""id"":22134,""name"":""K. Amian"",""number"":98,""pos"":""D""},{""id"":20545,""name"":""J. Castelletto"",""number"":21,""pos"":""D""},{""id"":343359,""name"":""N. Zézé"",""number"":44,""pos"":""D""},{""id"":20655,""name"":""J. Duverne"",""number"":2,""pos"":""D""},{""id"":93671,""name"":""Pedro Chirivella"",""number"":5,""pos"":""M""},{""id"":10036,""name"":""Douglas Augusto"",""number"":6,""pos"":""M""},{""id"":18599,""name"":""S. Thomas"",""number"":22,""pos"":""M""},{""id"":193952,""name"":""J. Lepenant"",""number"":8,""pos"":""M""},{""id"":2781,""name"":""M. Simon"",""number"":27,""pos"":""M""},{""id"":161622,""name"":""M. Abline"",""number"":39,""pos"":""F""}]","[{""id"":3084,""name"":""T. Kadewere"",""number"":10,""pos"":""F""},{""id"":2668,""name"":""Mostafa Mohamed"",""number"":31,""pos"":""F""},{""id"":21498,""name"":""M. Coco"",""number"":11,""pos"":""F""},{""id"":443676,""name"":""B. Guirassy"",""number"":62,""pos"":""F""},{""id"":21088,""name"":""N. Pallois"",""number"":4,""pos"":""D""},{""id"":174727,""name"":""H. Barbet"",""number"":50,""pos"":""G""},{""id"":443674,""name"":""L. Leroux"",""number"":66,""pos"":""M""},{""id"":388779,""name"":""D. Assoumani"",""number"":59,""pos"":""M""},{""id"":386438,""name"":""M. Acapandié"",""number"":41,""pos"":""D""}]"
1213758,108,Auxerre,False,4-2-3-1,C. Pélissier,11,9,"[{""id"":20542,""name"":""D. Léon"",""number"":16,""pos"":""G""},{""id"":191392,""name"":""P. Joly"",""number"":26,""pos"":""D""},{""id"":41300,""name"":""Jubal"",""number"":4,""pos"":""D""},{""id"":20206,""name"":""G. Osho"",""number"":3,""pos"":""D""},{""id"":285,""name"":""K. Hoever"",""number"":23,""pos"":""D""},{""id"":21010,""name"":""E. Owusu"",""number"":42,""pos"":""M""},{""id"":20586,""name"":""R. Raveloson"",""number"":97,""pos"":""M""},{""id"":20732,""name"":""G. Perrin"",""number"":10,""pos"":""M""},{""id"":32940,""name"":""A. Onaiwu"",""number"":45,""pos"":""M""},{""id"":90617,""name"":""L. Sinayoko"",""number"":17,""pos"":""M""},{""id"":51293,""name"":""T. Bair"",""number"":9,""pos"":""F""}]","[{""id"":322595,""name"":""L. Coulibaly"",""number"":21,""pos"":""M""},{""id"":20782,""name"":""F. Ayé"",""number"":19,""pos"":""F""},{""id"":406855,""name"":""B. Viadère"",""number"":29,""pos"":""F""},{""id"":323625,""name"":""K. Danois"",""number"":27,""pos"":""M""},{""id"":30748,""name"":""A. Dioussé"",""number"":18,""pos"":""M""},{""id"":382252,""name"":""Madiou Keïta"",""number"":25,""pos"":""D""},{""id"":193681,""name"":""T. De Percin"",""number"":40,""pos"":""G""},{""id"":21143,""name"":""T. Pellenard"",""number"":5,""pos"":""D""},{""id"":87381,""name"":""R. Adiceam"",""number"":37,""pos"":""G""}]"
1213761,84,Nice,True,3-5-2,F. Haise,11,9,"[{""id"":2274,""name"":""M. Bułka"",""number"":1,""pos"":""G""},{""id"":313937,""name"":""A. Mendy"",""number"":33,""pos"":""D""},{""id"":407017,""name"":""M. Bombito"",""number"":64,""pos"":""D""},{""id"":22163,""name"":""Dante"",""number"":4,""pos"":""D""},{""id"":25008,""name"":""J. Clauss"",""number"":92,""pos"":""M""},{""id"":4399,""name"":""H. Boudaoui"",""number"":6,""pos"":""M""},{""id"":240,""name"":""P. Rosario"",""number"":8,""pos"":""M""},{""id"":662,""name"":""T. Ndombélé"",""number"":22,""pos"":""M""},{""id"":162465,""name"":""M. Bard"",""number"":26,""pos"":""M""},{""id"":274312,""name"":""M. Cho"",""number"":25,""pos"":""F""},{""id"":137303,""name"":""E. Guessand"",""number"":29,""pos"":""F""}]","[{""id"":19250,""name"":""B. Brahimi"",""number"":14,""pos"":""F""},{""id"":334879,""name"":""B. Bouanani"",""number"":19,""pos"":""M""},{""id"":945,""name"":""J. Lotomba"",""number"":23,""pos"":""D""},{""id"":3099,""name"":""Y. Ndayishimiye"",""number"":55,""pos"":""M""},{""id"":444561,""name"":""I. Camara"",""number"":36,""pos"":""M""},{""id"":375578,""name"":""D. Traoré"",""number"":39,""pos"":""M""},{""id"":21079,""name"":""M. Dupé"",""number"":31,""pos"":""G""},{""id"":482467,""name"":""Y. Nandjou"",""number"":42,""pos"":""D""},{""id"":477124,""name"":""V. Orakpo"",""number"":45,""pos"":""F""}]"
1213761,96,Toulouse,False,3-4-2-1,Carles Martínez,11,9,"[{""id"":325346,""name"":""G. Restes"",""number"":50,""pos"":""G""},{""id"":278392,""name"":""C. Cresswell"",""number"":4,""pos"":""D""},{""id"":15793,""name"":""R. Nicolaisen"",""number"":2,""pos"":""D""},{""id"":50735,""name"":""M. McKenzie"",""number"":3,""pos"":""D""},{""id"":264383,""name"":""W. Kamanzi"",""number"":12,""pos"":""M""},{""id"":48491,""name"":""V. Sierro"",""number"":8,""pos"":""M""},{""id"":50956,""name"":""C. Cásseres"",""number"":23,""pos"":""M""},{""id"":39115,""name"":""A. Dønnum"",""number"":15,""pos"":""M""},{""id"":243,""name"":""Z. Aboukhlal"",""number"":7,""pos"":""F""},{""id"":84128,""name"":""Y. Gboho"",""number"":10,""pos"":""F""},{""id"":174724,""name"":""F. Magri"",""number"":9,""pos"":""F""}]","[{""id"":11421,""name"":""G. Suazo"",""number"":17,""pos"":""D""},{""id"":328648,""name"":""S. Babicka"",""number"":80,""pos"":""F""},{""id"":25533,""name"":""N. Schmidt"",""number"":20,""pos"":""M""},{""id"":102,""name"":""D. Sidibé"",""number"":19,""pos"":""D""},{""id"":36928,""name"":""D. Genreau"",""number"":5,""pos"":""M""},{""id"":47351,""name"":""Álex Domínguez"",""number"":30,""pos"":""G""},{""id"":55319,""name"":""N. Skyttä"",""number"":22,""pos"":""M""},{""id"":452697,""name"":""D. Methalie"",""number"":33,""pos"":""D""},{""id"":191252,""name"":""M. Bangré"",""number"":21,""pos"":""M""}]"
1213757,95,Strasbourg,True,3-4-1-2,L. Rosenior,11,9,"[{""id"":2850,""name"":""K. Johnsson"",""number"":30,""pos"":""G""},{""id"":161747,""name"":""G. Doué"",""number"":22,""pos"":""D""},{""id"":274328,""name"":""S. Sow"",""number"":13,""pos"":""D""},{""id"":364810,""name"":""A. Sylla"",""number"":24,""pos"":""D""},{""id"":129695,""name"":""D. Bakwa"",""number"":26,""pos"":""M""},{""id"":305834,""name"":""Andrey Santos"",""number"":8,""pos"":""M""},{""id"":271542,""name"":""I. Doukouré"",""number"":29,""pos"":""M""},{""id"":265733,""name"":""C. Wiley"",""number"":12,""pos"":""M""},{""id"":327631,""name"":""H. Diarra"",""number"":19,""pos"":""F""},{""id"":335056,""name"":""Diego Moreira"",""number"":7,""pos"":""F""},{""id"":203762,""name"":""E. Emegha"",""number"":10,""pos"":""F""}]","[{""id"":325594,""name"":""F. Lemaréchal"",""number"":6,""pos"":""M""},{""id"":190686,""name"":""S. Mara"",""number"":14,""pos"":""F""},{""id"":282549,""name"":""J. Mwanga"",""number"":18,""pos"":""M""},{""id"":226803,""name"":""S. Nanasi"",""number"":15,""pos"":""M""},{""id"":191240,""name"":""M. Senaya"",""number"":28,""pos"":""D""},{""id"":438752,""name"":""P. Diong"",""number"":17,""pos"":""M""},{""id"":356520,""name"":""Ó. Perea"",""number"":20,""pos"":""F""},{""id"":347211,""name"":""R. Risser"",""number"":16,""pos"":""G""},{""id"":276184,""name"":""M. Sarr"",""number"":23,""pos"":""D""}]"
1213757,94,Rennes,False,4-3-1-2,J. Stéphan,11,9,"[{""id"":1897,""name"":""S. Mandanda"",""number"":30,""pos"":""G""},{""id"":180731,""name"":""L. Assignon"",""number"":22,""pos"":""D""},{""id"":18967,""name"":""L. Østigård"",""number"":55,""pos"":""D""},{""id"":20916,""name"":""C. Wooh"",""number"":4,""pos"":""D""},{""id"":196187,""name"":""A. Seidu"",""number"":36,""pos"":""D""},{""id"":1754,""name"":""G. Kamara"",""number"":28,""pos"":""M""},{""id"":37236,""name"":""A. Matusiwa"",""number"":6,""pos"":""M""},{""id"":162267,""name"":""A. Truffert"",""number"":3,""pos"":""M""},{""id"":263177,""name"":""A. Grønbæk"",""number"":7,""pos"":""M""},{""id"":21497,""name"":""L. Blas"",""number"":11,""pos"":""F""},{""id"":85041,""name"":""A. Gouiri"",""number"":10,""pos"":""F""}]","[{""id"":30423,""name"":""H. Hateboer"",""number"":33,""pos"":""M""},{""id"":147831,""name"":""A. Kalimuendo"",""number"":9,""pos"":""F""},{""id"":331678,""name"":""H. Meister"",""number"":19,""pos"":""F""},{""id"":328074,""name"":""J. James"",""number"":17,""pos"":""M""},{""id"":162265,""name"":""W. Omari"",""number"":23,""pos"":""D""},{""id"":343792,""name"":""D. Cissé"",""number"":38,""pos"":""M""},{""id"":20706,""name"":""G. Gallon"",""number"":1,""pos"":""G""},{""id"":345748,""name"":""A. Gómez"",""number"":20,""pos"":""M""},{""id"":21153,""name"":""B. Santamaría"",""number"":8,""pos"":""M""}]"
1213764,81,Marseille,True,4-2-3-1,R. De Zerbi,11,9,"[{""id"":47296,""name"":""G. Rulli"",""number"":1,""pos"":""G""},{""id"":2973,""name"":""A. Murillo"",""number"":62,""pos"":""D""},{""id"":6,""name"":""L. Balerdi"",""number"":5,""pos"":""D""},{""id"":126757,""name"":""L. Brassier"",""number"":20,""pos"":""D""},{""id"":272460,""name"":""Q. Merlin"",""number"":3,""pos"":""D""},{""id"":926,""name"":""G. Kondogbia"",""number"":19,""pos"":""M""},{""id"":2735,""name"":""P. Højbjerg"",""number"":23,""pos"":""M""},{""id"":897,""name"":""M. Greenwood"",""number"":10,""pos"":""M""},{""id"":412,""name"":""A. Harit"",""number"":11,""pos"":""M""},{""id"":10077,""name"":""Luis Henrique"",""number"":44,""pos"":""M""},{""id"":162707,""name"":""E. Wahi"",""number"":9,""pos"":""F""}]","[{""id"":278095,""name"":""J. Rowe"",""number"":17,""pos"":""F""},{""id"":341646,""name"":""V. Carboni"",""number"":7,""pos"":""M""},{""id"":193619,""name"":""S. Ben Seghir"",""number"":41,""pos"":""F""},{""id"":449660,""name"":""E. Sternal"",""number"":22,""pos"":""F""},{""id"":30525,""name"":""Pol Lirola"",""number"":29,""pos"":""D""},{""id"":36827,""name"":""J. de Lange"",""number"":12,""pos"":""G""},{""id"":21102,""name"":""V. Rongier"",""number"":21,""pos"":""M""},{""id"":51295,""name"":""D. Cornelius"",""number"":13,""pos"":""D""},{""id"":193501,""name"":""B. Meïté"",""number"":18,""pos"":""M""}]"
1213764,93,Reims,False,4-3-3,L. Elsner,11,9,"[{""id"":20566,""name"":""Y. Diouf"",""number"":94,""pos"":""G""},{""id"":389322,""name"":""N. Sangui"",""number"":55,""pos"":""D""},{""id"":71545,""name"":""J. Okumu"",""number"":2,""pos"":""D""},{""id"":135068,""name"":""E. Agbadou"",""number"":24,""pos"":""D""},{""id"":47530,""name"":""Sergio Akieme"",""number"":18,""pos"":""D""},{""id"":3080,""name"":""M. Munetsi"",""number"":15,""pos"":""M""},{""id"":343351,""name"":""V. Atangana Edoa"",""number"":6,""pos"":""M""},{""id"":384489,""name"":""Y. Fofana"",""number"":71,""pos"":""M""},{""id"":1942,""name"":""J. Ito"",""number"":7,""pos"":""F""},{""id"":334429,""name"":""O. Diakité"",""number"":22,""pos"":""F""},{""id"":33321,""name"":""K. Nakamura"",""number"":17,""pos"":""F""}]","[{""id"":278408,""name"":""M. Adeline"",""number"":5,""pos"":""M""},{""id"":352990,""name"":""A. Salama"",""number"":11,""pos"":""F""},{""id"":19546,""name"":""C. Kipré"",""number"":21,""pos"":""D""},{""id"":386481,""name"":""M. Diakhon"",""number"":67,""pos"":""F""},{""id"":8474,""name"":""T. De Smet"",""number"":25,""pos"":""D""},{""id"":415089,""name"":""Gabriel Moscardo"",""number"":19,""pos"":""M""},{""id"":369059,""name"":""A. Bojang"",""number"":27,""pos"":""F""},{""id"":21080,""name"":""A. Olliero"",""number"":20,""pos"":""G""},{""id"":145476,""name"":""R. Khadra"",""number"":14,""pos"":""M""}]"
1213766,80,Lyon,True,3-5-2,P. Sage,11,9,"[{""id"":80296,""name"":""Lucas Perri"",""number"":23,""pos"":""G""},{""id"":68,""name"":""Clinton Mata"",""number"":22,""pos"":""D""},{""id"":1902,""name"":""D. Ćaleta-Car"",""number"":55,""pos"":""D""},{""id"":25916,""name"":""M. Niakhaté"",""number"":19,""pos"":""D""},{""id"":1456,""name"":""A. Maitland-Niles"",""number"":98,""pos"":""M""},{""id"":659,""name"":""M. Caqueret"",""number"":6,""pos"":""M""},{""id"":902,""name"":""N. Matić"",""number"":31,""pos"":""M""},{""id"":519,""name"":""C. Tolisso"",""number"":8,""pos"":""M""},{""id"":9700,""name"":""Abner"",""number"":16,""pos"":""M""},{""id"":180496,""name"":""G. Mikautadze"",""number"":69,""pos"":""F""},{""id"":1467,""name"":""A. Lacazette"",""number"":10,""pos"":""F""}]","[{""id"":361348,""name"":""M. Fofana"",""number"":11,""pos"":""F""},{""id"":368260,""name"":""G. Orban"",""number"":9,""pos"":""F""},{""id"":80752,""name"":""T. Tessmann"",""number"":15,""pos"":""D""},{""id"":9566,""name"":""Adryelson"",""number"":14,""pos"":""D""},{""id"":386284,""name"":""M. Diawara"",""number"":34,""pos"":""M""},{""id"":20762,""name"":""R. Descamps"",""number"":40,""pos"":""G""},{""id"":334914,""name"":""S. Kumbedi"",""number"":20,""pos"":""D""},{""id"":471106,""name"":""E. Molébé"",""number"":29,""pos"":""F""},{""id"":19361,""name"":""S. Benrahma"",""number"":17,""pos"":""F""}]"
1213766,95,Strasbourg,False,3-2-4-1,L. Rosenior,11,9,"[{""id"":2850,""name"":""K. Johnsson"",""number"":30,""pos"":""G""},{""id"":161747,""name"":""G. Doué"",""number"":22,""pos"":""D""},{""id"":274328,""name"":""S. Sow"",""number"":13,""pos"":""D""},{""id"":364810,""name"":""A. Sylla"",""number"":24,""pos"":""D""},{""id"":305834,""name"":""Andrey Santos"",""number"":8,""pos"":""M""},{""id"":271542,""name"":""I. Doukouré"",""number"":29,""pos"":""M""},{""id"":129695,""name"":""D. Bakwa"",""number"":26,""pos"":""F""},{""id"":325594,""name"":""F. Lemaréchal"",""number"":6,""pos"":""M""},{""id"":327631,""name"":""H. Diarra"",""number"":19,""pos"":""M""},{""id"":226803,""name"":""S. Nanasi"",""number"":15,""pos"":""F""},{""id"":203762,""name"":""E. Emegha"",""number"":10,""pos"":""F""}]","[{""id"":265733,""name"":""C. Wiley"",""number"":12,""pos"":""D""},{""id"":190686,""name"":""S. Mara"",""number"":14,""pos"":""F""},{""id"":191240,""name"":""M. Senaya"",""number"":28,""pos"":""D""},{""id"":335056,""name"":""Diego Moreira"",""number"":7,""pos"":""F""},{""id"":369885,""name"":""J. Sebas"",""number"":40,""pos"":""F""},{""id"":438752,""name"":""P. Diong"",""number"":17,""pos"":""M""},{""id"":40445,""name"":""K. Fila"",""number"":4,""pos"":""D""},{""id"":347211,""name"":""R. Risser"",""number"":16,""pos"":""G""},{""id"":282549,""name"":""J. Mwanga"",""number"":18,""pos"":""M""}]"
1213767,106,Stade Brestois 29,True,4-3-3,E. Roy,11,8,"[{""id"":36878,""name"":""M. Bizot"",""number"":40,""pos"":""G""},{""id"":22247,""name"":""K. Lala"",""number"":7,""pos"":""D""},{""id"":20546,""name"":""B. Chardonnet"",""number"":5,""pos"":""D""},{""id"":85914,""name"":""J. Le Cardinal"",""number"":25,""pos"":""D""},{""id"":1901,""name"":""J. Amavi"",""number"":23,""pos"":""D""},{""id"":24147,""name"":""M. Camara"",""number"":45,""pos"":""M""},{""id"":20558,""name"":""H. Magnetti"",""number"":8,""pos"":""M""},{""id"":84082,""name"":""R. Faivre"",""number"":21,""pos"":""M""},{""id"":2214,""name"":""R. Del Castillo"",""number"":10,""pos"":""F""},{""id"":22264,""name"":""L. Ajorque"",""number"":19,""pos"":""F""},{""id"":277191,""name"":""A. Sima"",""number"":17,""pos"":""F""}]","[{""id"":22258,""name"":""J. Martin"",""number"":28,""pos"":""M""},{""id"":422595,""name"":""L. Zogbé"",""number"":12,""pos"":""D""},{""id"":162568,""name"":""S. Coulibaly"",""number"":44,""pos"":""D""},{""id"":20780,""name"":""Mathias Pereira Lage"",""number"":26,""pos"":""M""},{""id"":329209,""name"":""A. Camblan"",""number"":11,""pos"":""M""},{""id"":485957,""name"":""S. Diop"",""number"":33,""pos"":""F""},{""id"":449659,""name"":""I. Kanté"",""number"":32,""pos"":""F""},{""id"":21248,""name"":""G. Coudert"",""number"":30,""pos"":""G""}]"
1213767,1063,Saint Etienne,False,4-2-3-1,O. Dall’Oglio,11,9,"[{""id"":20541,""name"":""G. Larsonneur"",""number"":30,""pos"":""G""},{""id"":24284,""name"":""Y. Maçon"",""number"":27,""pos"":""D""},{""id"":8445,""name"":""D. Batubinsika"",""number"":21,""pos"":""D""},{""id"":2704,""name"":""Y. Abdelhamid"",""number"":5,""pos"":""D""},{""id"":107199,""name"":""P. Cornud"",""number"":17,""pos"":""D""},{""id"":20861,""name"":""L. Fomba"",""number"":26,""pos"":""M""},{""id"":395762,""name"":""M. Amougou"",""number"":37,""pos"":""M""},{""id"":339601,""name"":""A. Aiki"",""number"":39,""pos"":""M""},{""id"":24743,""name"":""Z. Davitashvili"",""number"":22,""pos"":""M""},{""id"":22003,""name"":""M. Cafaro"",""number"":18,""pos"":""M""},{""id"":20648,""name"":""I. Sissoko"",""number"":9,""pos"":""F""}]","[{""id"":39248,""name"":""I. Wadji"",""number"":25,""pos"":""F""},{""id"":174801,""name"":""A. Moueffek"",""number"":29,""pos"":""M""},{""id"":1407,""name"":""D. Appiah"",""number"":8,""pos"":""D""},{""id"":157146,""name"":""L. Pétrot"",""number"":19,""pos"":""D""},{""id"":8624,""name"":""F. Tardieu"",""number"":10,""pos"":""M""},{""id"":22087,""name"":""M. Nadé"",""number"":3,""pos"":""D""},{""id"":20736,""name"":""B. Maubleu"",""number"":1,""pos"":""G""},{""id"":339600,""name"":""A. Gauthier"",""number"":34,""pos"":""M""},{""id"":289555,""name"":""L. Mouton"",""number"":14,""pos"":""M""}]"
1213768,82,Montpellier,True,4-2-3-1,M. Der Zakarian,11,9,"[{""id"":21566,""name"":""B. Lecomte"",""number"":40,""pos"":""G""},{""id"":3336,""name"":""F. Sacko"",""number"":77,""pos"":""D""},{""id"":999,""name"":""B. Omeragić"",""number"":27,""pos"":""D""},{""id"":20661,""name"":""M. Sagnan"",""number"":5,""pos"":""D""},{""id"":22141,""name"":""I. Sylla"",""number"":3,""pos"":""D""},{""id"":128287,""name"":""J. Chotard"",""number"":13,""pos"":""M""},{""id"":21439,""name"":""J. Ferri"",""number"":12,""pos"":""M""},{""id"":15286,""name"":""Mousa Al Ta'mari"",""number"":9,""pos"":""M""},{""id"":21443,""name"":""T. Savanier"",""number"":11,""pos"":""M""},{""id"":113581,""name"":""T. Coulibaly"",""number"":70,""pos"":""M""},{""id"":57446,""name"":""A. Adams"",""number"":8,""pos"":""F""}]","[{""id"":179399,""name"":""E. Tchato"",""number"":29,""pos"":""D""},{""id"":387120,""name"":""R. Nzingoula"",""number"":19,""pos"":""M""},{""id"":22102,""name"":""W. Khazri"",""number"":10,""pos"":""F""},{""id"":326088,""name"":""K. Fayad"",""number"":22,""pos"":""M""},{""id"":48636,""name"":""G. Barès"",""number"":15,""pos"":""M""},{""id"":342228,""name"":""S. Džodić"",""number"":45,""pos"":""M""},{""id"":369676,""name"":""T. Chennahi"",""number"":44,""pos"":""M""},{""id"":21565,""name"":""D. Bertaud"",""number"":16,""pos"":""G""},{""id"":395760,""name"":""Y. Issoufou"",""number"":39,""pos"":""F""}]"
1213768,83,Nantes,False,4-2-3-1,A. Kombouare,11,9,"[{""id"":30393,""name"":""A. Lafont"",""number"":1,""pos"":""G""},{""id"":21498,""name"":""M. Coco"",""number"":11,""pos"":""D""},{""id"":21088,""name"":""N. Pallois"",""number"":4,""pos"":""D""},{""id"":343359,""name"":""N. Zézé"",""number"":44,""pos"":""D""},{""id"":20655,""name"":""J. Duverne"",""number"":2,""pos"":""D""},{""id"":93671,""name"":""Pedro Chirivella"",""number"":5,""pos"":""M""},{""id"":193952,""name"":""J. Lepenant"",""number"":8,""pos"":""M""},{""id"":18599,""name"":""S. Thomas"",""number"":22,""pos"":""M""},{""id"":3084,""name"":""T. Kadewere"",""number"":10,""pos"":""M""},{""id"":2781,""name"":""M. Simon"",""number"":27,""pos"":""M""},{""id"":161622,""name"":""M. Abline"",""number"":39,""pos"":""F""}]","[{""id"":2668,""name"":""Mostafa Mohamed"",""number"":31,""pos"":""F""},{""id"":22134,""name"":""K. Amian"",""number"":98,""pos"":""D""},{""id"":443674,""name"":""L. Leroux"",""number"":66,""pos"":""M""},{""id"":443676,""name"":""H. Guirassy"",""number"":62,""pos"":""F""},{""id"":21570,""name"":""N. Cozza"",""number"":3,""pos"":""D""},{""id"":10036,""name"":""Douglas Augusto"",""number"":6,""pos"":""M""},{""id"":174727,""name"":""H. Barbet"",""number"":50,""pos"":""G""},{""id"":388779,""name"":""D. Assoumani"",""number"":59,""pos"":""M""},{""id"":386438,""name"":""M. Acapandié"",""number"":41,""pos"":""D""}]"
1213773,96,Toulouse,True,3-4-2-1,Carles Martínez,11,9,"[{""id"":325346,""name"":""G. Restes"",""number"":50,""pos"":""G""},{""id"":278392,""name"":""C. Cresswell"",""number"":4,""pos"":""D""},{""id"":15793,""name"":""R. Nicolaisen"",""number"":2,""pos"":""D""},{""id"":50735,""name"":""M. McKenzie"",""number"":3,""pos"":""D""},{""id"":11421,""name"":""G. Suazo"",""number"":17,""pos"":""M""},{""id"":48491,""name"":""V. Sierro"",""number"":8,""pos"":""M""},{""id"":50956,""name"":""C. Cásseres"",""number"":23,""pos"":""M""},{""id"":39115,""name"":""A. Dønnum"",""number"":15,""pos"":""M""},{""id"":243,""name"":""Z. Aboukhlal"",""number"":7,""pos"":""F""},{""id"":84128,""name"":""Y. Gboho"",""number"":10,""pos"":""F""},{""id"":174724,""name"":""F. Magri"",""number"":9,""pos"":""F""}]","[{""id"":328648,""name"":""S. Babicka"",""number"":80,""pos"":""F""},{""id"":102,""name"":""D. Sidibé"",""number"":19,""pos"":""D""},{""id"":264383,""name"":""W. Kamanzi"",""number"":12,""pos"":""D""},{""id"":25533,""name"":""N. Schmidt"",""number"":20,""pos"":""M""},{""id"":18881,""name"":""J. King"",""number"":13,""pos"":""F""},{""id"":47351,""name"":""Álex Domínguez"",""number"":30,""pos"":""G""},{""id"":36928,""name"":""D. Genreau"",""number"":5,""pos"":""M""},{""id"":367637,""name"":""Ü. Akdağ"",""number"":6,""pos"":""D""},{""id"":452697,""name"":""D. Methalie"",""number"":33,""pos"":""D""}]"
1213773,81,Marseille,False,4-2-3-1,R. De Zerbi,11,9,"[{""id"":47296,""name"":""G. Rulli"",""number"":1,""pos"":""G""},{""id"":2973,""name"":""M. Murillo"",""number"":62,""pos"":""D""},{""id"":51295,""name"":""D. Cornelius"",""number"":13,""pos"":""D""},{""id"":126757,""name"":""L. Brassier"",""number"":20,""pos"":""D""},{""id"":272460,""name"":""Q. Merlin"",""number"":3,""pos"":""D""},{""id"":2735,""name"":""P. Højbjerg"",""number"":23,""pos"":""M""},{""id"":926,""name"":""G. Kondogbia"",""number"":19,""pos"":""M""},{""id"":897,""name"":""M. Greenwood"",""number"":10,""pos"":""M""},{""id"":412,""name"":""A. Harit"",""number"":11,""pos"":""M""},{""id"":10077,""name"":""Luis Henrique"",""number"":44,""pos"":""M""},{""id"":162707,""name"":""E. Wahi"",""number"":9,""pos"":""F""}]","[{""id"":278095,""name"":""J. Rowe"",""number"":17,""pos"":""F""},{""id"":341646,""name"":""V. Carboni"",""number"":7,""pos"":""M""},{""id"":19364,""name"":""N. Maupay"",""number"":32,""pos"":""F""},{""id"":193501,""name"":""B. Meïté"",""number"":18,""pos"":""M""},{""id"":21102,""name"":""V. Rongier"",""number"":21,""pos"":""M""},{""id"":36827,""name"":""J. de Lange"",""number"":12,""pos"":""G""},{""id"":449660,""name"":""E. Sternal"",""number"":22,""pos"":""F""},{""id"":30525,""name"":""Pol Lirola"",""number"":29,""pos"":""D""},{""id"":449158,""name"":""K. Abdallah"",""number"":48,""pos"":""F""}]"
1213770,91,Monaco,True,4-2-3-1,A. Hütter,11,9,"[{""id"":7313,""name"":""P. Köhn"",""number"":16,""pos"":""G""},{""id"":231,""name"":""J. Teze"",""number"":4,""pos"":""D""},{""id"":30504,""name"":""W. Singo"",""number"":17,""pos"":""D""},{""id"":371916,""name"":""C. Mawissa"",""number"":13,""pos"":""D""},{""id"":333137,""name"":""K. Ouattara"",""number"":20,""pos"":""D""},{""id"":326176,""name"":""S. Magassa"",""number"":88,""pos"":""M""},{""id"":2810,""name"":""D. Zakaria"",""number"":6,""pos"":""M""},{""id"":274300,""name"":""M. Akliouche"",""number"":11,""pos"":""M""},{""id"":1101,""name"":""T. Minamino"",""number"":18,""pos"":""M""},{""id"":343320,""name"":""E. Ben Seghir"",""number"":7,""pos"":""M""},{""id"":138835,""name"":""F. Balogun"",""number"":9,""pos"":""F""}]","[{""id"":291649,""name"":""Vanderson"",""number"":2,""pos"":""D""},{""id"":395040,""name"":""G. Ilenikhena"",""number"":21,""pos"":""F""},{""id"":421,""name"":""B. Embolo"",""number"":36,""pos"":""F""},{""id"":10316,""name"":""Caio Henrique"",""number"":12,""pos"":""D""},{""id"":109,""name"":""A. Golovin"",""number"":10,""pos"":""M""},{""id"":81,""name"":""K. Diatta"",""number"":27,""pos"":""M""},{""id"":261,""name"":""T. Kehrer"",""number"":5,""pos"":""D""},{""id"":47480,""name"":""M. Salisu"",""number"":22,""pos"":""D""},{""id"":274296,""name"":""Y. Lienard"",""number"":50,""pos"":""G""}]"
1213770,116,Lens,False,3-4-1-2,W. Still,11,9,"[{""id"":21628,""name"":""B. Samba"",""number"":30,""pos"":""G""},{""id"":21635,""name"":""J. Gradit"",""number"":24,""pos"":""D""},{""id"":360114,""name"":""A. Khusanov"",""number"":25,""pos"":""D""},{""id"":6231,""name"":""F. Medina"",""number"":14,""pos"":""D""},{""id"":21568,""name"":""R. Aguilar"",""number"":2,""pos"":""M""},{""id"":22261,""name"":""A. Thomasson"",""number"":28,""pos"":""M""},{""id"":270509,""name"":""A. Diouf"",""number"":18,""pos"":""M""},{""id"":237191,""name"":""J. Chávez"",""number"":13,""pos"":""M""},{""id"":129169,""name"":""A. Zaroury"",""number"":38,""pos"":""F""},{""id"":20761,""name"":""F. Sotoca"",""number"":7,""pos"":""F""},{""id"":21715,""name"":""W. Saïd"",""number"":22,""pos"":""F""}]","[{""id"":174607,""name"":""David Pereira da Costa"",""number"":10,""pos"":""M""},{""id"":326073,""name"":""R. Labeau Lascary"",""number"":36,""pos"":""F""},{""id"":237232,""name"":""H. Ojediran"",""number"":15,""pos"":""M""},{""id"":3007,""name"":""P. Frankowski"",""number"":29,""pos"":""M""},{""id"":195512,""name"":""M. Satriano"",""number"":9,""pos"":""F""},{""id"":21484,""name"":""D. Petrić"",""number"":1,""pos"":""G""},{""id"":18785,""name"":""N. Mendy"",""number"":26,""pos"":""M""},{""id"":31318,""name"":""M'Bala Nzola"",""number"":8,""pos"":""F""},{""id"":22166,""name"":""M. Sarr"",""number"":20,""pos"":""D""}]"
1213769,77,Angers,True,5-3-2,A. Dujeux,11,9,"[{""id"":64190,""name"":""Y. Fofana"",""number"":30,""pos"":""G""},{""id"":20850,""name"":""C. Arcus"",""number"":2,""pos"":""D""},{""id"":3234,""name"":""A. Bamba"",""number"":25,""pos"":""D""},{""id"":3379,""name"":""C. Hountondji"",""number"":22,""pos"":""D""},{""id"":21381,""name"":""J. Lefort"",""number"":21,""pos"":""D""},{""id"":343609,""name"":""J. Ekomié"",""number"":3,""pos"":""D""},{""id"":174708,""name"":""Y. Belkhdim"",""number"":14,""pos"":""M""},{""id"":103,""name"":""J. Aholou"",""number"":6,""pos"":""M""},{""id"":20692,""name"":""H. Abdelli"",""number"":10,""pos"":""M""},{""id"":3177,""name"":""F. El Melali"",""number"":28,""pos"":""F""},{""id"":421875,""name"":""S. Cherif"",""number"":11,""pos"":""F""}]","[{""id"":284072,""name"":""B. Dieng"",""number"":99,""pos"":""F""},{""id"":41146,""name"":""F. Hanin"",""number"":26,""pos"":""D""},{""id"":21145,""name"":""P. Capelle"",""number"":15,""pos"":""M""},{""id"":174660,""name"":""L. Raolisoa"",""number"":27,""pos"":""D""},{""id"":3175,""name"":""Z. Ferhat"",""number"":20,""pos"":""M""},{""id"":174723,""name"":""Z. Ould Khaled"",""number"":12,""pos"":""D""},{""id"":385569,""name"":""E. Biumla"",""number"":24,""pos"":""M""},{""id"":163004,""name"":""E. Lepaul"",""number"":19,""pos"":""F""},{""id"":174973,""name"":""M. Zinga"",""number"":16,""pos"":""G""}]"
1213769,84,Nice,False,3-4-3,F. Haise,11,9,"[{""id"":2274,""name"":""M. Bułka"",""number"":1,""pos"":""G""},{""id"":3099,""name"":""Y. Ndayishimiye"",""number"":55,""pos"":""D""},{""id"":407017,""name"":""M. Bombito"",""number"":64,""pos"":""D""},{""id"":22163,""name"":""Dante"",""number"":4,""pos"":""D""},{""id"":25008,""name"":""J. Clauss"",""number"":92,""pos"":""M""},{""id"":4399,""name"":""H. Boudaoui"",""number"":6,""pos"":""M""},{""id"":662,""name"":""T. Ndombélé"",""number"":22,""pos"":""M""},{""id"":162465,""name"":""M. Bard"",""number"":26,""pos"":""M""},{""id"":274312,""name"":""M. Cho"",""number"":25,""pos"":""F""},{""id"":137303,""name"":""E. Guessand"",""number"":29,""pos"":""F""},{""id"":334879,""name"":""B. Bouanani"",""number"":19,""pos"":""F""}]","[{""id"":313937,""name"":""A. Mendy"",""number"":33,""pos"":""D""},{""id"":30531,""name"":""J. Boga"",""number"":7,""pos"":""F""},{""id"":196343,""name"":""Mohamed Abdelmonem"",""number"":5,""pos"":""D""},{""id"":240,""name"":""P. Rosario"",""number"":8,""pos"":""M""},{""id"":477124,""name"":""V. Orakpo"",""number"":45,""pos"":""F""},{""id"":175171,""name"":""T. Boulhendi"",""number"":77,""pos"":""G""},{""id"":161919,""name"":""Y. Moukoko"",""number"":15,""pos"":""F""},{""id"":19250,""name"":""B. Brahimi"",""number"":14,""pos"":""F""},{""id"":21079,""name"":""M. Dupé"",""number"":31,""pos"":""G""}]"
1213772,93,Reims,True,4-3-3,L. Elsner,11,9,"[{""id"":20566,""name"":""Y. Diouf"",""number"":94,""pos"":""G""},{""id"":8451,""name"":""Aurélio Buta"",""number"":23,""pos"":""D""},{""id"":71545,""name"":""J. Okumu"",""number"":2,""pos"":""D""},{""id"":135068,""name"":""E. Agbadou"",""number"":24,""pos"":""D""},{""id"":389322,""name"":""N. Sangui"",""number"":55,""pos"":""D""},{""id"":3080,""name"":""M. Munetsi"",""number"":15,""pos"":""M""},{""id"":343351,""name"":""V. Atangana Edoa"",""number"":6,""pos"":""M""},{""id"":384489,""name"":""Y. Fofana"",""number"":71,""pos"":""M""},{""id"":1942,""name"":""J. Ito"",""number"":7,""pos"":""F""},{""id"":334429,""name"":""O. Diakité"",""number"":22,""pos"":""F""},{""id"":33321,""name"":""K. Nakamura"",""number"":17,""pos"":""F""}]","[{""id"":352990,""name"":""A. Salama"",""number"":11,""pos"":""F""},{""id"":8966,""name"":""T. Teuma"",""number"":10,""pos"":""M""},{""id"":19546,""name"":""C. Kipré"",""number"":21,""pos"":""D""},{""id"":145476,""name"":""R. Khadra"",""number"":14,""pos"":""M""},{""id"":8474,""name"":""T. De Smet"",""number"":25,""pos"":""D""},{""id"":369059,""name"":""A. Bojang"",""number"":27,""pos"":""F""},{""id"":386481,""name"":""M. Diakhon"",""number"":67,""pos"":""F""},{""id"":21080,""name"":""A. Olliero"",""number"":20,""pos"":""G""},{""id"":437483,""name"":""M. Bamba"",""number"":63,""pos"":""M""}]"
1213772,94,Rennes,False,4-4-2,J. Stéphan,11,9,"[{""id"":1897,""name"":""S. Mandanda"",""number"":30,""pos"":""G""},{""id"":30423,""name"":""H. Hateboer"",""number"":33,""pos"":""D""},{""id"":18967,""name"":""L. Østigård"",""number"":55,""pos"":""D""},{""id"":20916,""name"":""C. Wooh"",""number"":4,""pos"":""D""},{""id"":162267,""name"":""A. Truffert"",""number"":3,""pos"":""D""},{""id"":21497,""name"":""L. Blas"",""number"":11,""pos"":""M""},{""id"":37236,""name"":""A. Matusiwa"",""number"":6,""pos"":""M""},{""id"":1754,""name"":""G. Kamara"",""number"":28,""pos"":""M""},{""id"":263177,""name"":""A. Grønbæk"",""number"":7,""pos"":""M""},{""id"":147831,""name"":""A. Kalimuendo"",""number"":9,""pos"":""F""},{""id"":85041,""name"":""A. Gouiri"",""number"":10,""pos"":""F""}]","[{""id"":345748,""name"":""C. Gómez"",""number"":20,""pos"":""M""},{""id"":196187,""name"":""A. Seidu"",""number"":36,""pos"":""D""},{""id"":180731,""name"":""L. Assignon"",""number"":22,""pos"":""D""},{""id"":21153,""name"":""B. Santamaría"",""number"":8,""pos"":""M""},{""id"":331678,""name"":""H. Meister"",""number"":19,""pos"":""F""},{""id"":20706,""name"":""G. Gallon"",""number"":1,""pos"":""G""},{""id"":343792,""name"":""D. Cissé"",""number"":38,""pos"":""M""},{""id"":328074,""name"":""J. James"",""number"":17,""pos"":""M""},{""id"":237249,""name"":""M. Faye"",""number"":15,""pos"":""D""}]"
1213771,111,Le Havre,True,5-4-1,D. Digard,11,9,"[{""id"":24011,""name"":""A. Desmas"",""number"":30,""pos"":""G""},{""id"":2336,""name"":""L. Nego"",""number"":7,""pos"":""D""},{""id"":174927,""name"":""A. Sangante"",""number"":93,""pos"":""D""},{""id"":20576,""name"":""Y. Salmier"",""number"":22,""pos"":""D""},{""id"":64255,""name"":""G. Lloris"",""number"":4,""pos"":""D""},{""id"":20836,""name"":""C. Opéri"",""number"":27,""pos"":""D""},{""id"":128342,""name"":""R. Ndiaye"",""number"":19,""pos"":""M""},{""id"":174937,""name"":""Y. Kechta"",""number"":8,""pos"":""M""},{""id"":21103,""name"":""A. Touré"",""number"":94,""pos"":""M""},{""id"":284071,""name"":""O. Targhalline"",""number"":5,""pos"":""M""},{""id"":156465,""name"":""I. Soumaré"",""number"":45,""pos"":""F""}]","[{""id"":174915,""name"":""J. Casimir"",""number"":23,""pos"":""F""},{""id"":289304,""name"":""A. Joujou"",""number"":21,""pos"":""F""},{""id"":1212,""name"":""D. Kuzyaev"",""number"":14,""pos"":""M""},{""id"":22266,""name"":""S. Grandsir"",""number"":29,""pos"":""F""},{""id"":460805,""name"":""D. Mosengo"",""number"":78,""pos"":""M""},{""id"":386275,""name"":""I. Housni"",""number"":46,""pos"":""F""},{""id"":23637,""name"":""Y. Zouaoui"",""number"":18,""pos"":""D""},{""id"":343317,""name"":""S. Ngoura"",""number"":77,""pos"":""F""},{""id"":646,""name"":""M. Gorgelin"",""number"":1,""pos"":""G""}]"
1213771,108,Auxerre,False,4-2-3-1,C. Pélissier,11,9,"[{""id"":20542,""name"":""D. Léon"",""number"":16,""pos"":""G""},{""id"":285,""name"":""K. Hoever"",""number"":23,""pos"":""D""},{""id"":41300,""name"":""Jubal"",""number"":4,""pos"":""D""},{""id"":20206,""name"":""G. Osho"",""number"":3,""pos"":""D""},{""id"":191392,""name"":""P. Joly"",""number"":26,""pos"":""D""},{""id"":20586,""name"":""R. Raveloson"",""number"":97,""pos"":""M""},{""id"":21010,""name"":""E. Owusu"",""number"":42,""pos"":""M""},{""id"":20732,""name"":""G. Perrin"",""number"":10,""pos"":""M""},{""id"":31057,""name"":""H. Traoré"",""number"":25,""pos"":""M""},{""id"":90617,""name"":""L. Sinayoko"",""number"":17,""pos"":""M""},{""id"":51293,""name"":""T. Bair"",""number"":9,""pos"":""F""}]","[{""id"":191189,""name"":""C. Akpa"",""number"":92,""pos"":""D""},{""id"":162466,""name"":""S. Diomandé"",""number"":20,""pos"":""D""},{""id"":323625,""name"":""K. Danois"",""number"":27,""pos"":""M""},{""id"":20782,""name"":""F. Ayé"",""number"":19,""pos"":""F""},{""id"":38754,""name"":""E. Maddy"",""number"":11,""pos"":""F""},{""id"":406855,""name"":""B. Viadère"",""number"":29,""pos"":""F""},{""id"":21143,""name"":""T. Pellenard"",""number"":5,""pos"":""D""},{""id"":193681,""name"":""T. De Percin"",""number"":40,""pos"":""G""},{""id"":30748,""name"":""A. Dioussé"",""number"":18,""pos"":""M""}]"
1213765,79,Lille,True,3-4-2-1,B. Génésio,11,9,"[{""id"":162453,""name"":""L. Chevalier"",""number"":30,""pos"":""G""},{""id"":22136,""name"":""B. Diakité"",""number"":18,""pos"":""D""},{""id"":1567,""name"":""A. Mandi"",""number"":2,""pos"":""D""},{""id"":142691,""name"":""Alexsandro Ribeiro"",""number"":4,""pos"":""D""},{""id"":379329,""name"":""Tiago Santos"",""number"":22,""pos"":""M""},{""id"":2204,""name"":""B. André"",""number"":21,""pos"":""M""},{""id"":896,""name"":""A. Gomes"",""number"":8,""pos"":""M""},{""id"":47969,""name"":""G. Gudmundsson"",""number"":5,""pos"":""M""},{""id"":48392,""name"":""E. Zhegrova"",""number"":23,""pos"":""F""},{""id"":67889,""name"":""H. Haraldsson"",""number"":7,""pos"":""F""},{""id"":24288,""name"":""M. Bayo"",""number"":27,""pos"":""F""}]","[{""id"":375598,""name"":""N. Mukau"",""number"":17,""pos"":""M""},{""id"":99576,""name"":""O. Sahraoui"",""number"":11,""pos"":""F""},{""id"":264,""name"":""T. Meunier"",""number"":12,""pos"":""D""},{""id"":8489,""name"":""J. David"",""number"":9,""pos"":""F""},{""id"":22093,""name"":""R. Cabella"",""number"":10,""pos"":""M""},{""id"":351888,""name"":""O. Touré"",""number"":36,""pos"":""D""},{""id"":438688,""name"":""A. Bouaddi"",""number"":32,""pos"":""M""},{""id"":21483,""name"":""M. Caillard"",""number"":16,""pos"":""G""},{""id"":340077,""name"":""M. Fernandez-Pardo"",""number"":19,""pos"":null}]"
1213765,85,Paris Saint Germain,False,4-3-3,Luis Enrique,11,9,"[{""id"":1622,""name"":""G. Donnarumma"",""number"":1,""pos"":""G""},{""id"":9,""name"":""A. Hakimi"",""number"":2,""pos"":""D""},{""id"":257,""name"":""Marquinhos"",""number"":5,""pos"":""D""},{""id"":16367,""name"":""W. Pacho"",""number"":51,""pos"":""D""},{""id"":307835,""name"":""Beraldo"",""number"":35,""pos"":""D""},{""id"":336657,""name"":""W. Zaïre-Emery"",""number"":33,""pos"":""M""},{""id"":128384,""name"":""Vitinha"",""number"":17,""pos"":""M""},{""id"":335051,""name"":""João Neves"",""number"":87,""pos"":""M""},{""id"":153,""name"":""O. Dembélé"",""number"":10,""pos"":""F""},{""id"":746,""name"":""Marco Asensio"",""number"":11,""pos"":""F""},{""id"":161904,""name"":""B. Barcola"",""number"":29,""pos"":""F""}]","[{""id"":328,""name"":""Fabián Ruiz"",""number"":8,""pos"":""M""},{""id"":343027,""name"":""D. Doué"",""number"":14,""pos"":""M""},{""id"":21104,""name"":""R. Kolo Muani"",""number"":23,""pos"":""F""},{""id"":927,""name"":""Lee Kang-In"",""number"":19,""pos"":""M""},{""id"":409216,""name"":""S. Mayulu"",""number"":24,""pos"":""M""},{""id"":446249,""name"":""I. Mbaye"",""number"":49,""pos"":""F""},{""id"":198,""name"":""M. Škriniar"",""number"":37,""pos"":""D""},{""id"":162473,""name"":""Arnau Tenas"",""number"":80,""pos"":""G""},{""id"":386285,""name"":""Y. Zague"",""number"":42,""pos"":""D""}]"
1213780,1063,Saint Etienne,True,4-1-4-1,O. Dall’Oglio,11,9,"[{""id"":20541,""name"":""G. Larsonneur"",""number"":30,""pos"":""G""},{""id"":1407,""name"":""D. Appiah"",""number"":8,""pos"":""D""},{""id"":8445,""name"":""D. Batubinsika"",""number"":21,""pos"":""D""},{""id"":2704,""name"":""Y. Abdelhamid"",""number"":5,""pos"":""D""},{""id"":107199,""name"":""P. Cornud"",""number"":17,""pos"":""D""},{""id"":278232,""name"":""P. Ekwah"",""number"":4,""pos"":""M""},{""id"":24743,""name"":""Z. Davitashvili"",""number"":22,""pos"":""M""},{""id"":174801,""name"":""A. Moueffek"",""number"":29,""pos"":""M""},{""id"":395762,""name"":""M. Amougou"",""number"":37,""pos"":""M""},{""id"":22003,""name"":""M. Cafaro"",""number"":18,""pos"":""M""},{""id"":322560,""name"":""L. Stassin"",""number"":32,""pos"":""F""}]","[{""id"":179856,""name"":""B. Old"",""number"":11,""pos"":""M""},{""id"":8624,""name"":""F. Tardieu"",""number"":10,""pos"":""M""},{""id"":289555,""name"":""L. Mouton"",""number"":14,""pos"":""M""},{""id"":20648,""name"":""I. Sissoko"",""number"":9,""pos"":""F""},{""id"":274355,""name"":""B. Bouchouari"",""number"":6,""pos"":""M""},{""id"":157146,""name"":""L. Pétrot"",""number"":19,""pos"":""D""},{""id"":22087,""name"":""M. Nadé"",""number"":3,""pos"":""D""},{""id"":20736,""name"":""B. Maubleu"",""number"":1,""pos"":""G""},{""id"":20861,""name"":""L. Fomba"",""number"":26,""pos"":""M""}]"
1213780,79,Lille,False,5-4-1,B. Génésio,11,9,"[{""id"":162453,""name"":""L. Chevalier"",""number"":30,""pos"":""G""},{""id"":379329,""name"":""Tiago Santos"",""number"":22,""pos"":""D""},{""id"":264,""name"":""T. Meunier"",""number"":12,""pos"":""D""},{""id"":22136,""name"":""B. Diakité"",""number"":18,""pos"":""D""},{""id"":142691,""name"":""Alexsandro Ribeiro"",""number"":4,""pos"":""D""},{""id"":47969,""name"":""G. Gudmundsson"",""number"":5,""pos"":""D""},{""id"":48392,""name"":""E. Zhegrova"",""number"":23,""pos"":""M""},{""id"":438688,""name"":""A. Bouaddi"",""number"":32,""pos"":""M""},{""id"":2204,""name"":""B. André"",""number"":21,""pos"":""M""},{""id"":22093,""name"":""R. Cabella"",""number"":10,""pos"":""M""},{""id"":24288,""name"":""M. Bayo"",""number"":27,""pos"":""F""}]","[{""id"":8489,""name"":""J. David"",""number"":9,""pos"":""F""},{""id"":896,""name"":""A. Gomes"",""number"":8,""pos"":""M""},{""id"":99576,""name"":""O. Sahraoui"",""number"":11,""pos"":""F""},{""id"":340077,""name"":""M. Fernandez-Pardo"",""number"":19,""pos"":null},{""id"":530,""name"":""M. Bakker"",""number"":20,""pos"":""D""},{""id"":51146,""name"":""V. Mannone"",""number"":1,""pos"":""G""},{""id"":18765,""name"":""André Gomes"",""number"":26,""pos"":""M""},{""id"":1567,""name"":""A. Mandi"",""number"":2,""pos"":""D""},{""id"":351888,""name"":""O. Touré"",""number"":36,""pos"":""D""}]"
1213781,81,Marseille,True,4-2-3-1,R. De Zerbi,11,9,"[{""id"":47296,""name"":""G. Rulli"",""number"":1,""pos"":""G""},{""id"":21102,""name"":""V. Rongier"",""number"":21,""pos"":""D""},{""id"":51295,""name"":""D. Cornelius"",""number"":13,""pos"":""D""},{""id"":126757,""name"":""L. Brassier"",""number"":20,""pos"":""D""},{""id"":2973,""name"":""M. Murillo"",""number"":62,""pos"":""D""},{""id"":926,""name"":""G. Kondogbia"",""number"":19,""pos"":""M""},{""id"":2735,""name"":""P. Højbjerg"",""number"":23,""pos"":""M""},{""id"":897,""name"":""M. Greenwood"",""number"":10,""pos"":""M""},{""id"":412,""name"":""A. Harit"",""number"":11,""pos"":""M""},{""id"":10077,""name"":""Luis Henrique"",""number"":44,""pos"":""M""},{""id"":19364,""name"":""N. Maupay"",""number"":8,""pos"":""F""}]","[{""id"":278095,""name"":""J. Rowe"",""number"":17,""pos"":""F""},{""id"":328046,""name"":""I. Koné"",""number"":51,""pos"":""M""},{""id"":30525,""name"":""Pol Lirola"",""number"":29,""pos"":""D""},{""id"":943,""name"":""U. Garcia"",""number"":6,""pos"":""D""},{""id"":193501,""name"":""B. Meïté"",""number"":18,""pos"":""M""},{""id"":36827,""name"":""J. de Lange"",""number"":12,""pos"":""G""},{""id"":6,""name"":""L. Balerdi"",""number"":5,""pos"":""D""},{""id"":341646,""name"":""V. Carboni"",""number"":7,""pos"":""M""},{""id"":162707,""name"":""E. Wahi"",""number"":9,""pos"":""F""}]"
1213781,84,Nice,False,3-4-3,F. Haise,11,9,"[{""id"":2274,""name"":""M. Bułka"",""number"":1,""pos"":""G""},{""id"":196343,""name"":""Mohamed Abdelmonem"",""number"":5,""pos"":""D""},{""id"":3099,""name"":""Y. Ndayishimiye"",""number"":55,""pos"":""D""},{""id"":22163,""name"":""Dante"",""number"":4,""pos"":""D""},{""id"":25008,""name"":""J. Clauss"",""number"":92,""pos"":""M""},{""id"":240,""name"":""P. Rosario"",""number"":8,""pos"":""M""},{""id"":662,""name"":""T. Ndombélé"",""number"":22,""pos"":""M""},{""id"":162465,""name"":""M. Bard"",""number"":26,""pos"":""M""},{""id"":274312,""name"":""M. Cho"",""number"":25,""pos"":""F""},{""id"":137303,""name"":""E. Guessand"",""number"":29,""pos"":""F""},{""id"":30531,""name"":""J. Boga"",""number"":7,""pos"":""F""}]","[{""id"":161919,""name"":""Y. Moukoko"",""number"":15,""pos"":""F""},{""id"":49583,""name"":""A. Abdi"",""number"":2,""pos"":""D""},{""id"":334879,""name"":""B. Bouanani"",""number"":19,""pos"":""M""},{""id"":193617,""name"":""T. Louchet"",""number"":20,""pos"":""M""},{""id"":107,""name"":""S. Diop"",""number"":10,""pos"":""M""},{""id"":444561,""name"":""I. Camara"",""number"":36,""pos"":""M""},{""id"":313937,""name"":""A. Mendy"",""number"":33,""pos"":""D""},{""id"":21079,""name"":""M. Dupé"",""number"":31,""pos"":""G""},{""id"":477124,""name"":""V. Orakpo"",""number"":45,""pos"":""F""}]"
1213774,108,Auxerre,True,3-4-2-1,C. Pélissier,11,9,"[{""id"":20542,""name"":""D. Léon"",""number"":16,""pos"":""G""},{""id"":162466,""name"":""S. Diomandé"",""number"":20,""pos"":""D""},{""id"":41300,""name"":""Jubal"",""number"":4,""pos"":""D""},{""id"":20206,""name"":""G. Osho"",""number"":3,""pos"":""D""},{""id"":191392,""name"":""P. Joly"",""number"":26,""pos"":""M""},{""id"":21010,""name"":""E. Owusu"",""number"":42,""pos"":""M""},{""id"":20586,""name"":""R. Raveloson"",""number"":97,""pos"":""M""},{""id"":191189,""name"":""C. Akpa"",""number"":92,""pos"":""M""},{""id"":31057,""name"":""H. Traoré"",""number"":25,""pos"":""F""},{""id"":20732,""name"":""G. Perrin"",""number"":10,""pos"":""F""},{""id"":90617,""name"":""L. Sinayoko"",""number"":17,""pos"":""F""}]","[{""id"":20782,""name"":""F. Ayé"",""number"":19,""pos"":""F""},{""id"":323625,""name"":""K. Danois"",""number"":27,""pos"":""M""},{""id"":32940,""name"":""A. Onaiwu"",""number"":45,""pos"":""F""},{""id"":30748,""name"":""A. Dioussé"",""number"":18,""pos"":""M""},{""id"":490095,""name"":""A. Zossou"",""number"":77,""pos"":""M""},{""id"":193681,""name"":""T. De Percin"",""number"":40,""pos"":""G""},{""id"":21143,""name"":""T. Pellenard"",""number"":5,""pos"":""D""},{""id"":38754,""name"":""E. Maddy"",""number"":11,""pos"":""F""},{""id"":51293,""name"":""T. Bair"",""number"":9,""pos"":""F""}]"
1213774,91,Monaco,False,4-2-3-1,A. Hütter,11,9,"[{""id"":7313,""name"":""P. Köhn"",""number"":16,""pos"":""G""},{""id"":291649,""name"":""Vanderson"",""number"":2,""pos"":""D""},{""id"":261,""name"":""T. Kehrer"",""number"":5,""pos"":""D""},{""id"":47480,""name"":""M. Salisu"",""number"":22,""pos"":""D""},{""id"":10316,""name"":""Caio Henrique"",""number"":12,""pos"":""D""},{""id"":2810,""name"":""D. Zakaria"",""number"":6,""pos"":""M""},{""id"":374058,""name"":""L. Camara"",""number"":15,""pos"":""M""},{""id"":274300,""name"":""M. Akliouche"",""number"":11,""pos"":""M""},{""id"":109,""name"":""A. Golovin"",""number"":10,""pos"":""M""},{""id"":343320,""name"":""E. Ben Seghir"",""number"":7,""pos"":""M""},{""id"":421,""name"":""B. Embolo"",""number"":36,""pos"":""F""}]","[{""id"":395040,""name"":""G. Ilenikhena"",""number"":21,""pos"":""F""},{""id"":138835,""name"":""F. Balogun"",""number"":9,""pos"":""F""},{""id"":1101,""name"":""T. Minamino"",""number"":18,""pos"":""M""},{""id"":326176,""name"":""S. Magassa"",""number"":88,""pos"":""M""},{""id"":231,""name"":""J. Teze"",""number"":4,""pos"":""D""},{""id"":30504,""name"":""W. Singo"",""number"":17,""pos"":""D""},{""id"":274296,""name"":""Y. Lienard"",""number"":50,""pos"":""G""},{""id"":333137,""name"":""K. Ouattara"",""number"":20,""pos"":""D""},{""id"":371916,""name"":""C. Mawissa"",""number"":13,""pos"":""D""}]"
1213782,85,Paris Saint Germain,True,4-3-3,Luis Enrique,11,9,"[{""id"":1622,""name"":""G. Donnarumma"",""number"":1,""pos"":""G""},{""id"":9,""name"":""A. Hakimi"",""number"":2,""pos"":""D""},{""id"":198,""name"":""M. Škriniar"",""number"":37,""pos"":""D""},{""id"":307835,""name"":""Beraldo"",""number"":35,""pos"":""D""},{""id"":263482,""name"":""Nuno Mendes"",""number"":25,""pos"":""D""},{""id"":927,""name"":""Lee Kang-In"",""number"":19,""pos"":""M""},{""id"":328,""name"":""Fabián Ruiz"",""number"":8,""pos"":""M""},{""id"":335051,""name"":""João Neves"",""number"":87,""pos"":""M""},{""id"":153,""name"":""O. Dembélé"",""number"":10,""pos"":""F""},{""id"":746,""name"":""Marco Asensio"",""number"":11,""pos"":""F""},{""id"":161904,""name"":""B. Barcola"",""number"":29,""pos"":""F""}]","[{""id"":343027,""name"":""D. Doué"",""number"":14,""pos"":""M""},{""id"":16367,""name"":""W. Pacho"",""number"":51,""pos"":""D""},{""id"":21104,""name"":""R. Kolo Muani"",""number"":23,""pos"":""F""},{""id"":446249,""name"":""I. Mbaye"",""number"":49,""pos"":""F""},{""id"":409216,""name"":""S. Mayulu"",""number"":24,""pos"":""M""},{""id"":2068,""name"":""M. Safonov"",""number"":39,""pos"":""G""},{""id"":257,""name"":""Marquinhos"",""number"":5,""pos"":""D""},{""id"":386285,""name"":""Y. Zague"",""number"":42,""pos"":""D""},{""id"":441284,""name"":""N. El Hannach"",""number"":45,""pos"":""D""}]"
1213782,106,Stade Brestois 29,False,4-3-3,E. Roy,11,9,"[{""id"":36878,""name"":""M. Bizot"",""number"":40,""pos"":""G""},{""id"":22247,""name"":""K. Lala"",""number"":7,""pos"":""D""},{""id"":20546,""name"":""B. Chardonnet"",""number"":5,""pos"":""D""},{""id"":85914,""name"":""J. Le Cardinal"",""number"":25,""pos"":""D""},{""id"":3333,""name"":""M. Haïdara"",""number"":22,""pos"":""D""},{""id"":24147,""name"":""M. Camara"",""number"":45,""pos"":""M""},{""id"":30405,""name"":""E. Fernandes"",""number"":6,""pos"":""M""},{""id"":20558,""name"":""H. Magnetti"",""number"":8,""pos"":""M""},{""id"":2214,""name"":""R. Del Castillo"",""number"":10,""pos"":""F""},{""id"":22264,""name"":""L. Ajorque"",""number"":19,""pos"":""F""},{""id"":277191,""name"":""A. Sima"",""number"":17,""pos"":""F""}]","[{""id"":20780,""name"":""Mathias Pereira Lage"",""number"":26,""pos"":""M""},{""id"":41323,""name"":""Mama Baldé"",""number"":14,""pos"":""F""},{""id"":326068,""name"":""K. Doumbia"",""number"":9,""pos"":""M""},{""id"":375000,""name"":""I. Salah"",""number"":34,""pos"":""F""},{""id"":22258,""name"":""J. Martin"",""number"":28,""pos"":""M""},{""id"":1901,""name"":""J. Amavi"",""number"":23,""pos"":""D""},{""id"":21248,""name"":""G. Coudert"",""number"":30,""pos"":""G""},{""id"":203483,""name"":""A. Ndiaye"",""number"":3,""pos"":""D""},{""id"":162568,""name"":""S. Coulibaly"",""number"":44,""pos"":""D""}]"
1213775,94,Rennes,True,3-4-3,J. Stéphan,11,9,"[{""id"":1897,""name"":""S. Mandanda"",""number"":30,""pos"":""G""},{""id"":30423,""name"":""H. Hateboer"",""number"":33,""pos"":""D""},{""id"":20916,""name"":""C. Wooh"",""number"":4,""pos"":""D""},{""id"":196187,""name"":""A. Seidu"",""number"":36,""pos"":""D""},{""id"":180731,""name"":""L. Assignon"",""number"":22,""pos"":""M""},{""id"":21153,""name"":""B. Santamaría"",""number"":8,""pos"":""M""},{""id"":37236,""name"":""A. Matusiwa"",""number"":6,""pos"":""M""},{""id"":162267,""name"":""A. Truffert"",""number"":3,""pos"":""M""},{""id"":21497,""name"":""L. Blas"",""number"":11,""pos"":""F""},{""id"":147831,""name"":""A. Kalimuendo"",""number"":9,""pos"":""F""},{""id"":263177,""name"":""A. Grønbæk"",""number"":7,""pos"":""F""}]","[{""id"":581,""name"":""Jota"",""number"":27,""pos"":""F""},{""id"":85041,""name"":""A. Gouiri"",""number"":10,""pos"":""F""},{""id"":438281,""name"":""A. Nagida"",""number"":18,""pos"":""D""},{""id"":1754,""name"":""G. Kamara"",""number"":28,""pos"":""M""},{""id"":328074,""name"":""J. James"",""number"":17,""pos"":""M""},{""id"":152418,""name"":""N. Ahamada"",""number"":32,""pos"":""M""},{""id"":20706,""name"":""G. Gallon"",""number"":23,""pos"":""G""},{""id"":331678,""name"":""H. Meister"",""number"":19,""pos"":""F""},{""id"":237249,""name"":""M. Faye"",""number"":15,""pos"":""D""}]"
1213775,82,Montpellier,False,4-2-3-1,M. Der Zakarian,11,7,"[{""id"":21566,""name"":""B. Lecomte"",""number"":40,""pos"":""G""},{""id"":179399,""name"":""E. Tchato"",""number"":29,""pos"":""D""},{""id"":342228,""name"":""S. Džodić"",""number"":45,""pos"":""D""},{""id"":20661,""name"":""M. Sagnan"",""number"":5,""pos"":""D""},{""id"":3336,""name"":""F. Sacko"",""number"":77,""pos"":""D""},{""id"":387120,""name"":""R. Nzingoula"",""number"":19,""pos"":""M""},{""id"":326088,""name"":""K. Fayad"",""number"":22,""pos"":""M""},{""id"":22097,""name"":""A. Nordin"",""number"":7,""pos"":""M""},{""id"":21443,""name"":""T. Savanier"",""number"":11,""pos"":""M""},{""id"":113581,""name"":""T. Coulibaly"",""number"":70,""pos"":""M""},{""id"":57446,""name"":""A. Adams"",""number"":8,""pos"":""F""}]","[{""id"":395760,""name"":""Y. Issoufou"",""number"":39,""pos"":""F""},{""id"":21439,""name"":""J. Ferri"",""number"":12,""pos"":""M""},{""id"":22102,""name"":""W. Khazri"",""number"":10,""pos"":""F""},{""id"":369676,""name"":""T. Chennahi"",""number"":44,""pos"":""M""},{""id"":999,""name"":""B. Omeragić"",""number"":27,""pos"":""D""},{""id"":21565,""name"":""D. Bertaud"",""number"":16,""pos"":""G""},{""id"":48636,""name"":""G. Barès"",""number"":15,""pos"":""M""}]"
1213777,83,Nantes,True,4-2-3-1,A. Kombouare,11,10,"[{""id"":30393,""name"":""A. Lafont"",""number"":1,""pos"":""G""},{""id"":22134,""name"":""K. Amian"",""number"":98,""pos"":""D""},{""id"":20545,""name"":""J. Castelletto"",""number"":21,""pos"":""D""},{""id"":21088,""name"":""N. Pallois"",""number"":4,""pos"":""D""},{""id"":20655,""name"":""J. Duverne"",""number"":2,""pos"":""D""},{""id"":93671,""name"":""Pedro Chirivella"",""number"":5,""pos"":""M""},{""id"":10036,""name"":""Douglas Augusto"",""number"":6,""pos"":""M""},{""id"":3084,""name"":""T. Kadewere"",""number"":10,""pos"":""M""},{""id"":193952,""name"":""J. Lepenant"",""number"":8,""pos"":""M""},{""id"":2781,""name"":""M. Simon"",""number"":27,""pos"":""M""},{""id"":161622,""name"":""M. Abline"",""number"":39,""pos"":""F""}]","[{""id"":18599,""name"":""S. Thomas"",""number"":22,""pos"":""M""},{""id"":21498,""name"":""M. Coco"",""number"":11,""pos"":""F""},{""id"":388779,""name"":""D. Assoumani"",""number"":59,""pos"":""M""},{""id"":22177,""name"":""I. Ganago"",""number"":7,""pos"":""F""},{""id"":3240,""name"":""J. Gbamin"",""number"":17,""pos"":""M""},{""id"":343359,""name"":""N. Zézé"",""number"":44,""pos"":""D""},{""id"":443674,""name"":""L. Leroux"",""number"":66,""pos"":""M""},{""id"":15684,""name"":""P. Carlgren"",""number"":30,""pos"":""G""},{""id"":386438,""name"":""M. Acapandié"",""number"":41,""pos"":""D""},{""id"":174727,""name"":""H. Barbet"",""number"":50,""pos"":""G""}]"
1213777,93,Reims,False,4-3-3,L. Elsner,11,11,"[{""id"":20566,""name"":""Y. Diouf"",""number"":94,""pos"":""G""},{""id"":8451,""name"":""Aurélio Buta"",""number"":23,""pos"":""D""},{""id"":19546,""name"":""C. Kipré"",""number"":21,""pos"":""D""},{""id"":135068,""name"":""E. Agbadou"",""number"":5,""pos"":""D""},{""id"":389322,""name"":""N. Sangui"",""number"":55,""pos"":""D""},{""id"":3080,""name"":""M. Munetsi"",""number"":15,""pos"":""M""},{""id"":343351,""name"":""V. Atangana Edoa"",""number"":6,""pos"":""M""},{""id"":8966,""name"":""T. Teuma"",""number"":10,""pos"":""M""},{""id"":1942,""name"":""J. Ito"",""number"":7,""pos"":""F""},{""id"":334429,""name"":""O. Diakité"",""number"":22,""pos"":""F""},{""id"":384489,""name"":""Y. Fofana"",""number"":71,""pos"":""F""}]","[{""id"":145476,""name"":""R. Khadra"",""number"":14,""pos"":""M""},{""id"":33321,""name"":""K. Nakamura"",""number"":17,""pos"":""F""},{""id"":352990,""name"":""A. Salama"",""number"":11,""pos"":""F""},{""id"":437483,""name"":""M. Bamba"",""number"":63,""pos"":""M""},{""id"":386481,""name"":""M. Diakhon"",""number"":67,""pos"":""F""},{""id"":71545,""name"":""J. Okumu"",""number"":2,""pos"":""D""},{""id"":21080,""name"":""A. Olliero"",""number"":20,""pos"":""G""},{""id"":21136,""name"":""L. Butelle"",""number"":16,""pos"":""G""},{""id"":8553,""name"":""M. Busi"",""number"":4,""pos"":""D""},{""id"":265865,""name"":""K. Henry"",""number"":44,""pos"":""D""},{""id"":8474,""name"":""T. De Smet"",""number"":25,""pos"":""D""}]"
1213779,95,Strasbourg,True,4-4-2,L. Rosenior,11,9,"[{""id"":118307,""name"":""Đ. Petrović"",""number"":1,""pos"":""G""},{""id"":161747,""name"":""G. Doué"",""number"":22,""pos"":""D""},{""id"":274328,""name"":""S. Sow"",""number"":13,""pos"":""D""},{""id"":364810,""name"":""A. Sylla"",""number"":24,""pos"":""D""},{""id"":335056,""name"":""Diego Moreira"",""number"":7,""pos"":""D""},{""id"":129695,""name"":""D. Bakwa"",""number"":26,""pos"":""M""},{""id"":305834,""name"":""Andrey Santos"",""number"":8,""pos"":""M""},{""id"":271542,""name"":""I. Doukouré"",""number"":29,""pos"":""M""},{""id"":226803,""name"":""S. Nanasi"",""number"":15,""pos"":""M""},{""id"":327631,""name"":""H. Diarra"",""number"":19,""pos"":""F""},{""id"":203762,""name"":""E. Emegha"",""number"":10,""pos"":""F""}]","[{""id"":190686,""name"":""S. Mara"",""number"":14,""pos"":""F""},{""id"":282549,""name"":""J. Mwanga"",""number"":18,""pos"":""M""},{""id"":369885,""name"":""J. Sebas"",""number"":40,""pos"":""F""},{""id"":438752,""name"":""P. Diong"",""number"":17,""pos"":""M""},{""id"":276184,""name"":""M. Sarr"",""number"":23,""pos"":""D""},{""id"":2850,""name"":""K. Johnsson"",""number"":30,""pos"":""G""},{""id"":2259,""name"":""E. Sobol"",""number"":77,""pos"":""D""},{""id"":191240,""name"":""M. Senaya"",""number"":28,""pos"":""D""},{""id"":325594,""name"":""F. Lemaréchal"",""number"":6,""pos"":""M""}]"
1213779,77,Angers,False,4-2-3-1,A. Dujeux,11,9,"[{""id"":64190,""name"":""Y. Fofana"",""number"":30,""pos"":""G""},{""id"":20850,""name"":""C. Arcus"",""number"":2,""pos"":""D""},{""id"":385569,""name"":""E. Biumla"",""number"":24,""pos"":""D""},{""id"":21381,""name"":""J. Lefort"",""number"":21,""pos"":""D""},{""id"":41146,""name"":""F. Hanin"",""number"":26,""pos"":""D""},{""id"":20554,""name"":""H. Belkebla"",""number"":93,""pos"":""M""},{""id"":103,""name"":""J. Aholou"",""number"":6,""pos"":""M""},{""id"":21618,""name"":""J. Allevinah"",""number"":18,""pos"":""M""},{""id"":20692,""name"":""H. Abdelli"",""number"":10,""pos"":""M""},{""id"":3177,""name"":""F. El Melali"",""number"":28,""pos"":""M""},{""id"":284072,""name"":""B. Dieng"",""number"":99,""pos"":""F""}]","[{""id"":3175,""name"":""Z. Ferhat"",""number"":20,""pos"":""M""},{""id"":421875,""name"":""S. Cherif"",""number"":11,""pos"":""F""},{""id"":174708,""name"":""Y. Belkhdim"",""number"":14,""pos"":""M""},{""id"":174660,""name"":""L. Raolisoa"",""number"":27,""pos"":""D""},{""id"":174973,""name"":""M. Zinga"",""number"":16,""pos"":""G""},{""id"":163004,""name"":""E. Lepaul"",""number"":19,""pos"":""F""},{""id"":3379,""name"":""C. Hountondji"",""number"":22,""pos"":""D""},{""id"":3234,""name"":""A. Bamba"",""number"":25,""pos"":""D""},{""id"":21145,""name"":""P. Capelle"",""number"":15,""pos"":""M""}]"
1213778,96,Toulouse,True,3-4-2-1,Carles Martínez,11,9,"[{""id"":325346,""name"":""G. Restes"",""number"":50,""pos"":""G""},{""id"":102,""name"":""D. Sidibé"",""number"":19,""pos"":""D""},{""id"":15793,""name"":""R. Nicolaisen"",""number"":2,""pos"":""D""},{""id"":50735,""name"":""M. McKenzie"",""number"":3,""pos"":""D""},{""id"":264383,""name"":""W. Kamanzi"",""number"":12,""pos"":""M""},{""id"":48491,""name"":""V. Sierro"",""number"":8,""pos"":""M""},{""id"":25533,""name"":""N. Schmidt"",""number"":20,""pos"":""M""},{""id"":39115,""name"":""A. Dønnum"",""number"":15,""pos"":""M""},{""id"":243,""name"":""Z. Aboukhlal"",""number"":7,""pos"":""F""},{""id"":18881,""name"":""J. King"",""number"":13,""pos"":""F""},{""id"":84128,""name"":""Y. Gboho"",""number"":10,""pos"":""F""}]","[{""id"":11421,""name"":""G. Suazo"",""number"":17,""pos"":""D""},{""id"":50956,""name"":""C. Cásseres"",""number"":23,""pos"":""M""},{""id"":328648,""name"":""S. Babicka"",""number"":80,""pos"":""F""},{""id"":1369,""name"":""M. Zajc"",""number"":21,""pos"":""M""},{""id"":278392,""name"":""C. Cresswell"",""number"":4,""pos"":""D""},{""id"":47351,""name"":""Álex Domínguez"",""number"":30,""pos"":""G""},{""id"":412759,""name"":""J. Canvot"",""number"":29,""pos"":""D""},{""id"":367637,""name"":""Ü. Akdağ"",""number"":6,""pos"":""D""},{""id"":36928,""name"":""D. Genreau"",""number"":5,""pos"":""M""}]"
1213778,111,Le Havre,False,5-4-1,D. Digard,11,9,"[{""id"":24011,""name"":""A. Desmas"",""number"":30,""pos"":""G""},{""id"":174915,""name"":""J. Casimir"",""number"":10,""pos"":""D""},{""id"":174927,""name"":""A. Sangante"",""number"":93,""pos"":""D""},{""id"":20576,""name"":""Y. Salmier"",""number"":22,""pos"":""D""},{""id"":64255,""name"":""G. Lloris"",""number"":4,""pos"":""D""},{""id"":20836,""name"":""C. Opéri"",""number"":27,""pos"":""D""},{""id"":15783,""name"":""E. Sabbi"",""number"":11,""pos"":""M""},{""id"":128342,""name"":""R. Ndiaye"",""number"":19,""pos"":""M""},{""id"":1212,""name"":""D. Kuzyaev"",""number"":14,""pos"":""M""},{""id"":156465,""name"":""I. Soumaré"",""number"":45,""pos"":""M""},{""id"":174937,""name"":""Y. Kechta"",""number"":8,""pos"":""F""}]","[{""id"":21103,""name"":""A. Touré"",""number"":94,""pos"":""M""},{""id"":289304,""name"":""A. Joujou"",""number"":21,""pos"":""F""},{""id"":22266,""name"":""S. Grandsir"",""number"":29,""pos"":""F""},{""id"":2336,""name"":""L. Nego"",""number"":7,""pos"":""D""},{""id"":386275,""name"":""I. Housni"",""number"":46,""pos"":""F""},{""id"":284071,""name"":""O. Targhalline"",""number"":5,""pos"":""M""},{""id"":162067,""name"":""T. Pembélé"",""number"":32,""pos"":""D""},{""id"":23637,""name"":""Y. Zouaoui"",""number"":18,""pos"":""D""},{""id"":646,""name"":""M. Gorgelin"",""number"":1,""pos"":""G""}]"
1213776,116,Lens,True,3-4-1-2,W. Still,11,9,"[{""id"":21628,""name"":""B. Samba"",""number"":30,""pos"":""G""},{""id"":21635,""name"":""J. Gradit"",""number"":24,""pos"":""D""},{""id"":360114,""name"":""A. Khusanov"",""number"":25,""pos"":""D""},{""id"":6231,""name"":""F. Medina"",""number"":14,""pos"":""D""},{""id"":3007,""name"":""P. Frankowski"",""number"":29,""pos"":""M""},{""id"":22261,""name"":""A. Thomasson"",""number"":28,""pos"":""M""},{""id"":270509,""name"":""A. Diouf"",""number"":18,""pos"":""M""},{""id"":2483,""name"":""D. Machado"",""number"":3,""pos"":""M""},{""id"":174607,""name"":""David Pereira da Costa"",""number"":10,""pos"":""F""},{""id"":20761,""name"":""F. Sotoca"",""number"":7,""pos"":""F""},{""id"":21715,""name"":""W. Saïd"",""number"":22,""pos"":""F""}]","[{""id"":237232,""name"":""H. Ojediran"",""number"":15,""pos"":""M""},{""id"":326073,""name"":""R. Labeau Lascary"",""number"":36,""pos"":""F""},{""id"":129169,""name"":""A. Zaroury"",""number"":21,""pos"":""F""},{""id"":195512,""name"":""M. Satriano"",""number"":9,""pos"":""F""},{""id"":277003,""name"":""N. El Aynaoui"",""number"":23,""pos"":""M""},{""id"":22220,""name"":""H. Koffi"",""number"":16,""pos"":""G""},{""id"":21568,""name"":""R. Aguilar"",""number"":2,""pos"":""D""},{""id"":22166,""name"":""M. Sarr"",""number"":20,""pos"":""D""},{""id"":21146,""name"":""A. Fulgini"",""number"":11,""pos"":null}]"
1213776,80,Lyon,False,3-5-2,P. Sage,11,9,"[{""id"":80296,""name"":""Lucas Perri"",""number"":23,""pos"":""G""},{""id"":68,""name"":""Clinton Mata"",""number"":22,""pos"":""D""},{""id"":1902,""name"":""D. Ćaleta-Car"",""number"":55,""pos"":""D""},{""id"":25916,""name"":""M. Niakhaté"",""number"":19,""pos"":""D""},{""id"":1456,""name"":""A. Maitland-Niles"",""number"":98,""pos"":""M""},{""id"":659,""name"":""M. Caqueret"",""number"":6,""pos"":""M""},{""id"":902,""name"":""N. Matić"",""number"":31,""pos"":""M""},{""id"":519,""name"":""C. Tolisso"",""number"":8,""pos"":""M""},{""id"":9700,""name"":""Abner"",""number"":16,""pos"":""M""},{""id"":368260,""name"":""G. Orban"",""number"":9,""pos"":""F""},{""id"":1467,""name"":""A. Lacazette"",""number"":10,""pos"":""F""}]","[{""id"":30409,""name"":""J. Veretout"",""number"":7,""pos"":""M""},{""id"":180496,""name"":""G. Mikautadze"",""number"":69,""pos"":""F""},{""id"":361348,""name"":""M. Fofana"",""number"":11,""pos"":""F""},{""id"":80752,""name"":""T. Tessmann"",""number"":15,""pos"":""D""},{""id"":20762,""name"":""R. Descamps"",""number"":40,""pos"":""G""},{""id"":529,""name"":""N. Tagliafico"",""number"":3,""pos"":""D""},{""id"":19361,""name"":""S. Benrahma"",""number"":17,""pos"":""F""},{""id"":162265,""name"":""W. Omari"",""number"":27,""pos"":""D""},{""id"":350856,""name"":""E. Nuamah"",""number"":37,""pos"":""F""}]"
1213784,84,Nice,True,3-4-3,F. Haise,11,9,"[{""id"":2274,""name"":""M. Bułka"",""number"":1,""pos"":""G""},{""id"":3099,""name"":""Y. Ndayishimiye"",""number"":55,""pos"":""D""},{""id"":407017,""name"":""M. Bombito"",""number"":64,""pos"":""D""},{""id"":22163,""name"":""Dante"",""number"":4,""pos"":""D""},{""id"":25008,""name"":""J. Clauss"",""number"":92,""pos"":""M""},{""id"":240,""name"":""P. Rosario"",""number"":8,""pos"":""M""},{""id"":662,""name"":""T. Ndombélé"",""number"":22,""pos"":""M""},{""id"":162465,""name"":""M. Bard"",""number"":26,""pos"":""M""},{""id"":274312,""name"":""M. Cho"",""number"":25,""pos"":""F""},{""id"":161919,""name"":""Y. Moukoko"",""number"":15,""pos"":""F""},{""id"":137303,""name"":""E. Guessand"",""number"":29,""pos"":""F""}]","[{""id"":334879,""name"":""B. Bouanani"",""number"":19,""pos"":""M""},{""id"":107,""name"":""S. Diop"",""number"":10,""pos"":""M""},{""id"":193617,""name"":""T. Louchet"",""number"":20,""pos"":""M""},{""id"":49583,""name"":""A. Abdi"",""number"":2,""pos"":""D""},{""id"":477124,""name"":""V. Orakpo"",""number"":45,""pos"":""F""},{""id"":313937,""name"":""A. Mendy"",""number"":33,""pos"":""D""},{""id"":196343,""name"":""Mohamed Abdelmonem"",""number"":5,""pos"":""D""},{""id"":444561,""name"":""I. Camara"",""number"":36,""pos"":""M""},{""id"":21079,""name"":""M. Dupé"",""number"":31,""pos"":""G""}]"
1213784,1063,Saint Etienne,False,4-3-3,O. Dall’Oglio,11,9,"[{""id"":20541,""name"":""G. Larsonneur"",""number"":30,""pos"":""G""},{""id"":1407,""name"":""D. Appiah"",""number"":8,""pos"":""D""},{""id"":8445,""name"":""D. Batubinsika"",""number"":21,""pos"":""D""},{""id"":2704,""name"":""Y. Abdelhamid"",""number"":5,""pos"":""D""},{""id"":107199,""name"":""P. Cornud"",""number"":17,""pos"":""D""},{""id"":174801,""name"":""A. Moueffek"",""number"":29,""pos"":""M""},{""id"":278232,""name"":""P. Ekwah"",""number"":4,""pos"":""M""},{""id"":395762,""name"":""M. Amougou"",""number"":37,""pos"":""M""},{""id"":24743,""name"":""Z. Davitashvili"",""number"":22,""pos"":""F""},{""id"":322560,""name"":""L. Stassin"",""number"":32,""pos"":""F""},{""id"":22003,""name"":""M. Cafaro"",""number"":18,""pos"":""F""}]","[{""id"":179856,""name"":""B. Old"",""number"":11,""pos"":""M""},{""id"":22087,""name"":""M. Nadé"",""number"":3,""pos"":""D""},{""id"":157146,""name"":""L. Pétrot"",""number"":19,""pos"":""D""},{""id"":20648,""name"":""I. Sissoko"",""number"":9,""pos"":""F""},{""id"":274355,""name"":""B. Bouchouari"",""number"":6,""pos"":""M""},{""id"":289555,""name"":""L. Mouton"",""number"":14,""pos"":""M""},{""id"":20736,""name"":""B. Maubleu"",""number"":1,""pos"":""G""},{""id"":20861,""name"":""L. Fomba"",""number"":26,""pos"":""M""},{""id"":8624,""name"":""F. Tardieu"",""number"":10,""pos"":""M""}]"
1213789,79,Lille,True,4-2-3-1,B. Génésio,11,9,"[{""id"":162453,""name"":""L. Chevalier"",""number"":30,""pos"":""G""},{""id"":264,""name"":""T. Meunier"",""number"":12,""pos"":""D""},{""id"":22136,""name"":""B. Diakité"",""number"":18,""pos"":""D""},{""id"":1567,""name"":""A. Mandi"",""number"":2,""pos"":""D""},{""id"":47969,""name"":""G. Gudmundsson"",""number"":5,""pos"":""D""},{""id"":2204,""name"":""B. André"",""number"":21,""pos"":""M""},{""id"":18765,""name"":""André Gomes"",""number"":26,""pos"":""M""},{""id"":48392,""name"":""E. Zhegrova"",""number"":23,""pos"":""M""},{""id"":896,""name"":""A. Gomes"",""number"":8,""pos"":""M""},{""id"":22093,""name"":""R. Cabella"",""number"":10,""pos"":""M""},{""id"":8489,""name"":""J. David"",""number"":9,""pos"":""F""}]","[{""id"":99576,""name"":""O. Sahraoui"",""number"":11,""pos"":""F""},{""id"":379329,""name"":""Tiago Santos"",""number"":22,""pos"":""D""},{""id"":24288,""name"":""M. Bayo"",""number"":27,""pos"":""F""},{""id"":530,""name"":""M. Bakker"",""number"":20,""pos"":""D""},{""id"":438688,""name"":""A. Bouaddi"",""number"":32,""pos"":""M""},{""id"":340077,""name"":""M. Fernandez-Pardo"",""number"":19,""pos"":null},{""id"":51146,""name"":""V. Mannone"",""number"":1,""pos"":""G""},{""id"":349947,""name"":""A. Malouda"",""number"":34,""pos"":""F""},{""id"":142691,""name"":""Alexsandro Ribeiro"",""number"":4,""pos"":""D""}]"
1213789,95,Strasbourg,False,4-1-4-1,L. Rosenior,11,9,"[{""id"":118307,""name"":""Đ. Petrović"",""number"":1,""pos"":""G""},{""id"":161747,""name"":""G. Doué"",""number"":22,""pos"":""D""},{""id"":274328,""name"":""S. Sow"",""number"":4,""pos"":""D""},{""id"":276184,""name"":""M. Sarr"",""number"":23,""pos"":""D""},{""id"":335056,""name"":""Diego Moreira"",""number"":7,""pos"":""D""},{""id"":271542,""name"":""I. Doukouré"",""number"":29,""pos"":""M""},{""id"":129695,""name"":""D. Bakwa"",""number"":26,""pos"":""M""},{""id"":327631,""name"":""H. Diarra"",""number"":19,""pos"":""M""},{""id"":305834,""name"":""Andrey Santos"",""number"":8,""pos"":""M""},{""id"":226803,""name"":""S. Nanasi"",""number"":15,""pos"":""M""},{""id"":203762,""name"":""E. Emegha"",""number"":10,""pos"":""F""}]","[{""id"":282549,""name"":""J. Mwanga"",""number"":18,""pos"":""M""},{""id"":191240,""name"":""M. Senaya"",""number"":28,""pos"":""D""},{""id"":364810,""name"":""A. Sylla"",""number"":5,""pos"":""D""},{""id"":190686,""name"":""S. Mara"",""number"":14,""pos"":""F""},{""id"":369885,""name"":""J. Sebas"",""number"":40,""pos"":""F""},{""id"":325594,""name"":""F. Lemaréchal"",""number"":6,""pos"":""M""},{""id"":356520,""name"":""Ó. Perea"",""number"":20,""pos"":""F""},{""id"":438752,""name"":""P. Diong"",""number"":17,""pos"":""M""},{""id"":2850,""name"":""K. Johnsson"",""number"":30,""pos"":""G""}]"
1213790,94,Rennes,True,3-4-2-1,J. Stéphan,11,9,"[{""id"":1897,""name"":""S. Mandanda"",""number"":30,""pos"":""G""},{""id"":30423,""name"":""H. Hateboer"",""number"":33,""pos"":""D""},{""id"":20916,""name"":""C. Wooh"",""number"":4,""pos"":""D""},{""id"":196187,""name"":""A. Seidu"",""number"":36,""pos"":""D""},{""id"":180731,""name"":""L. Assignon"",""number"":22,""pos"":""M""},{""id"":21153,""name"":""B. Santamaría"",""number"":8,""pos"":""M""},{""id"":37236,""name"":""A. Matusiwa"",""number"":6,""pos"":""M""},{""id"":162267,""name"":""A. Truffert"",""number"":3,""pos"":""M""},{""id"":21497,""name"":""L. Blas"",""number"":11,""pos"":""F""},{""id"":263177,""name"":""A. Grønbæk"",""number"":7,""pos"":""F""},{""id"":147831,""name"":""A. Kalimuendo"",""number"":9,""pos"":""F""}]","[{""id"":85041,""name"":""A. Gouiri"",""number"":10,""pos"":""F""},{""id"":331678,""name"":""H. Meister"",""number"":19,""pos"":""F""},{""id"":328074,""name"":""J. James"",""number"":17,""pos"":""M""},{""id"":18967,""name"":""L. Østigård"",""number"":55,""pos"":""D""},{""id"":20706,""name"":""G. Gallon"",""number"":23,""pos"":""G""},{""id"":438281,""name"":""A. Nagida"",""number"":18,""pos"":""D""},{""id"":237249,""name"":""M. Faye"",""number"":15,""pos"":""D""},{""id"":343792,""name"":""D. Cissé"",""number"":38,""pos"":""M""},{""id"":152418,""name"":""N. Ahamada"",""number"":32,""pos"":""M""}]"
1213790,116,Lens,False,3-4-1-2,W. Still,11,9,"[{""id"":21628,""name"":""B. Samba"",""number"":30,""pos"":""G""},{""id"":21635,""name"":""J. Gradit"",""number"":24,""pos"":""D""},{""id"":360114,""name"":""A. Khusanov"",""number"":25,""pos"":""D""},{""id"":6231,""name"":""F. Medina"",""number"":14,""pos"":""D""},{""id"":3007,""name"":""P. Frankowski"",""number"":29,""pos"":""M""},{""id"":22261,""name"":""A. Thomasson"",""number"":28,""pos"":""M""},{""id"":270509,""name"":""A. Diouf"",""number"":18,""pos"":""M""},{""id"":237191,""name"":""J. Chávez"",""number"":13,""pos"":""M""},{""id"":129169,""name"":""A. Zaroury"",""number"":21,""pos"":""F""},{""id"":20761,""name"":""F. Sotoca"",""number"":7,""pos"":""F""},{""id"":326073,""name"":""R. Labeau Lascary"",""number"":36,""pos"":""F""}]","[{""id"":237232,""name"":""H. Ojediran"",""number"":15,""pos"":""M""},{""id"":21715,""name"":""W. Saïd"",""number"":22,""pos"":""F""},{""id"":31318,""name"":""M'Bala Nzola"",""number"":8,""pos"":""F""},{""id"":21146,""name"":""A. Fulgini"",""number"":11,""pos"":""M""},{""id"":2483,""name"":""D. Machado"",""number"":3,""pos"":""D""},{""id"":21568,""name"":""R. Aguilar"",""number"":2,""pos"":""D""},{""id"":22166,""name"":""M. Sarr"",""number"":20,""pos"":""D""},{""id"":277003,""name"":""N. El Aynaoui"",""number"":23,""pos"":""M""},{""id"":22220,""name"":""H. Koffi"",""number"":16,""pos"":""G""}]"
1213785,93,Reims,True,4-3-3,L. Elsner,11,9,"[{""id"":20566,""name"":""Y. Diouf"",""number"":94,""pos"":""G""},{""id"":8451,""name"":""Aurélio Buta"",""number"":23,""pos"":""D""},{""id"":19546,""name"":""C. Kipré"",""number"":21,""pos"":""D""},{""id"":135068,""name"":""E. Agbadou"",""number"":5,""pos"":""D""},{""id"":47530,""name"":""Sergio Akieme"",""number"":18,""pos"":""D""},{""id"":343351,""name"":""V. Atangana Edoa"",""number"":6,""pos"":""M""},{""id"":384489,""name"":""Y. Fofana"",""number"":71,""pos"":""M""},{""id"":3080,""name"":""M. Munetsi"",""number"":15,""pos"":""M""},{""id"":1942,""name"":""J. Ito"",""number"":7,""pos"":""F""},{""id"":334429,""name"":""O. Diakité"",""number"":22,""pos"":""F""},{""id"":33321,""name"":""K. Nakamura"",""number"":17,""pos"":""F""}]","[{""id"":389322,""name"":""N. Sangui"",""number"":55,""pos"":""D""},{""id"":8966,""name"":""T. Teuma"",""number"":10,""pos"":""M""},{""id"":145476,""name"":""R. Khadra"",""number"":14,""pos"":""M""},{""id"":352990,""name"":""A. Salama"",""number"":11,""pos"":""F""},{""id"":8474,""name"":""T. De Smet"",""number"":25,""pos"":""D""},{""id"":21080,""name"":""A. Olliero"",""number"":20,""pos"":""G""},{""id"":1300,""name"":""M. Daramy"",""number"":9,""pos"":""F""},{""id"":386481,""name"":""M. Diakhon"",""number"":67,""pos"":""F""},{""id"":265865,""name"":""K. Henry"",""number"":44,""pos"":""D""}]"
1213785,85,Paris Saint Germain,False,4-3-3,Luis Enrique,11,9,"[{""id"":2068,""name"":""M. Safonov"",""number"":39,""pos"":""G""},{""id"":336657,""name"":""W. Zaïre-Emery"",""number"":33,""pos"":""D""},{""id"":257,""name"":""Marquinhos"",""number"":5,""pos"":""D""},{""id"":16367,""name"":""W. Pacho"",""number"":51,""pos"":""D""},{""id"":307835,""name"":""Beraldo"",""number"":35,""pos"":""D""},{""id"":927,""name"":""Lee Kang-In"",""number"":19,""pos"":""M""},{""id"":128384,""name"":""Vitinha"",""number"":17,""pos"":""M""},{""id"":335051,""name"":""João Neves"",""number"":87,""pos"":""M""},{""id"":21104,""name"":""R. Kolo Muani"",""number"":23,""pos"":""F""},{""id"":343027,""name"":""D. Doué"",""number"":14,""pos"":""F""},{""id"":161904,""name"":""B. Barcola"",""number"":29,""pos"":""F""}]","[{""id"":153,""name"":""O. Dembélé"",""number"":10,""pos"":""F""},{""id"":328,""name"":""Fabián Ruiz"",""number"":8,""pos"":""M""},{""id"":263482,""name"":""Nuno Mendes"",""number"":25,""pos"":""D""},{""id"":409216,""name"":""S. Mayulu"",""number"":24,""pos"":""M""},{""id"":198,""name"":""M. Škriniar"",""number"":37,""pos"":""D""},{""id"":446249,""name"":""I. Mbaye"",""number"":49,""pos"":""F""},{""id"":441284,""name"":""N. El Hannach"",""number"":45,""pos"":""D""},{""id"":386285,""name"":""Y. Zague"",""number"":42,""pos"":""D""},{""id"":162473,""name"":""Arnau Tenas"",""number"":80,""pos"":""G""}]"
1213791,91,Monaco,True,4-4-2,A. Hütter,11,9,"[{""id"":7313,""name"":""P. Köhn"",""number"":16,""pos"":""G""},{""id"":231,""name"":""J. Teze"",""number"":4,""pos"":""D""},{""id"":30504,""name"":""W. Singo"",""number"":17,""pos"":""D""},{""id"":261,""name"":""T. Kehrer"",""number"":5,""pos"":""D""},{""id"":10316,""name"":""Caio Henrique"",""number"":12,""pos"":""D""},{""id"":1101,""name"":""T. Minamino"",""number"":18,""pos"":""M""},{""id"":326176,""name"":""S. Magassa"",""number"":88,""pos"":""M""},{""id"":374058,""name"":""L. Camara"",""number"":15,""pos"":""M""},{""id"":109,""name"":""A. Golovin"",""number"":10,""pos"":""M""},{""id"":138835,""name"":""F. Balogun"",""number"":9,""pos"":""F""},{""id"":395040,""name"":""G. Ilenikhena"",""number"":21,""pos"":""F""}]","[{""id"":343320,""name"":""E. Ben Seghir"",""number"":7,""pos"":""M""},{""id"":2810,""name"":""D. Zakaria"",""number"":6,""pos"":""M""},{""id"":274300,""name"":""M. Akliouche"",""number"":11,""pos"":""M""},{""id"":81,""name"":""K. Diatta"",""number"":27,""pos"":""M""},{""id"":162991,""name"":""E. Matazo"",""number"":8,""pos"":""M""},{""id"":371916,""name"":""C. Mawissa"",""number"":13,""pos"":""D""},{""id"":274296,""name"":""Y. Lienard"",""number"":50,""pos"":""G""},{""id"":421,""name"":""B. Embolo"",""number"":36,""pos"":""F""},{""id"":47480,""name"":""M. Salisu"",""number"":22,""pos"":""D""}]"
1213791,111,Le Havre,False,3-5-1-1,D. Digard,11,9,"[{""id"":24011,""name"":""A. Desmas"",""number"":30,""pos"":""G""},{""id"":174927,""name"":""A. Sangante"",""number"":93,""pos"":""D""},{""id"":20576,""name"":""Y. Salmier"",""number"":22,""pos"":""D""},{""id"":64255,""name"":""G. Lloris"",""number"":4,""pos"":""D""},{""id"":2336,""name"":""L. Nego"",""number"":7,""pos"":""M""},{""id"":1212,""name"":""D. Kuzyaev"",""number"":14,""pos"":""M""},{""id"":21103,""name"":""A. Touré"",""number"":94,""pos"":""M""},{""id"":284071,""name"":""O. Targhalline"",""number"":5,""pos"":""M""},{""id"":20836,""name"":""C. Opéri"",""number"":27,""pos"":""M""},{""id"":174937,""name"":""Y. Kechta"",""number"":8,""pos"":""F""},{""id"":174915,""name"":""J. Casimir"",""number"":10,""pos"":""F""}]","[{""id"":289304,""name"":""A. Joujou"",""number"":21,""pos"":""F""},{""id"":128342,""name"":""R. Ndiaye"",""number"":19,""pos"":""M""},{""id"":156465,""name"":""I. Soumaré"",""number"":45,""pos"":""F""},{""id"":343317,""name"":""S. Ngoura"",""number"":77,""pos"":""F""},{""id"":15783,""name"":""E. Sabbi"",""number"":11,""pos"":""F""},{""id"":646,""name"":""M. Gorgelin"",""number"":1,""pos"":""G""},{""id"":23637,""name"":""Y. Zouaoui"",""number"":18,""pos"":""D""},{""id"":22266,""name"":""S. Grandsir"",""number"":29,""pos"":""F""},{""id"":162067,""name"":""T. Pembélé"",""number"":32,""pos"":""D""}]"
1213787,77,Angers,True,4-2-3-1,A. Dujeux,11,9,"[{""id"":64190,""name"":""Y. Fofana"",""number"":30,""pos"":""G""},{""id"":20850,""name"":""C. Arcus"",""number"":2,""pos"":""D""},{""id"":385569,""name"":""E. Biumla"",""number"":24,""pos"":""D""},{""id"":21381,""name"":""J. Lefort"",""number"":21,""pos"":""D""},{""id"":41146,""name"":""F. Hanin"",""number"":26,""pos"":""D""},{""id"":103,""name"":""J. Aholou"",""number"":6,""pos"":""M""},{""id"":20554,""name"":""H. Belkebla"",""number"":93,""pos"":""M""},{""id"":21618,""name"":""J. Allevinah"",""number"":18,""pos"":""M""},{""id"":20692,""name"":""H. Abdelli"",""number"":10,""pos"":""M""},{""id"":3177,""name"":""F. El Melali"",""number"":28,""pos"":""M""},{""id"":284072,""name"":""B. Dieng"",""number"":99,""pos"":""F""}]","[{""id"":421875,""name"":""S. Cherif"",""number"":11,""pos"":""F""},{""id"":174708,""name"":""Y. Belkhdim"",""number"":14,""pos"":""M""},{""id"":3175,""name"":""Z. Ferhat"",""number"":20,""pos"":""M""},{""id"":163004,""name"":""E. Lepaul"",""number"":19,""pos"":""F""},{""id"":174660,""name"":""L. Raolisoa"",""number"":27,""pos"":""D""},{""id"":3234,""name"":""A. Bamba"",""number"":25,""pos"":""D""},{""id"":174973,""name"":""M. Zinga"",""number"":16,""pos"":""G""},{""id"":21145,""name"":""P. Capelle"",""number"":15,""pos"":""M""},{""id"":3379,""name"":""C. Hountondji"",""number"":22,""pos"":""D""}]"
1213787,83,Nantes,False,4-2-3-1,A. Kombouare,11,9,"[{""id"":30393,""name"":""A. Lafont"",""number"":1,""pos"":""G""},{""id"":22134,""name"":""K. Amian"",""number"":98,""pos"":""D""},{""id"":20545,""name"":""J. Castelletto"",""number"":21,""pos"":""D""},{""id"":21088,""name"":""N. Pallois"",""number"":4,""pos"":""D""},{""id"":20655,""name"":""J. Duverne"",""number"":2,""pos"":""D""},{""id"":10036,""name"":""Douglas Augusto"",""number"":6,""pos"":""M""},{""id"":93671,""name"":""Pedro Chirivella"",""number"":5,""pos"":""M""},{""id"":3084,""name"":""T. Kadewere"",""number"":10,""pos"":""M""},{""id"":193952,""name"":""J. Lepenant"",""number"":8,""pos"":""M""},{""id"":2781,""name"":""M. Simon"",""number"":27,""pos"":""M""},{""id"":161622,""name"":""M. Abline"",""number"":39,""pos"":""F""}]","[{""id"":21570,""name"":""N. Cozza"",""number"":3,""pos"":""D""},{""id"":18599,""name"":""S. Thomas"",""number"":22,""pos"":""M""},{""id"":2668,""name"":""Mostafa Mohamed"",""number"":31,""pos"":""F""},{""id"":3240,""name"":""J. Gbamin"",""number"":17,""pos"":""M""},{""id"":388779,""name"":""D. Assoumani"",""number"":59,""pos"":""M""},{""id"":15684,""name"":""P. Carlgren"",""number"":30,""pos"":""G""},{""id"":386438,""name"":""M. Acapandié"",""number"":41,""pos"":""D""},{""id"":443674,""name"":""L. Leroux"",""number"":66,""pos"":""M""},{""id"":343359,""name"":""N. Zézé"",""number"":44,""pos"":""D""}]"
1213788,82,Montpellier,True,4-2-3-1,M. Der Zakarian,11,9,"[{""id"":21565,""name"":""D. Bertaud"",""number"":16,""pos"":""G""},{""id"":3336,""name"":""F. Sacko"",""number"":77,""pos"":""D""},{""id"":999,""name"":""B. Omeragić"",""number"":27,""pos"":""D""},{""id"":20661,""name"":""M. Sagnan"",""number"":5,""pos"":""D""},{""id"":333118,""name"":""L. Mincarelli"",""number"":21,""pos"":""D""},{""id"":387120,""name"":""R. Nzingoula"",""number"":19,""pos"":""M""},{""id"":326088,""name"":""K. Fayad"",""number"":22,""pos"":""M""},{""id"":22097,""name"":""A. Nordin"",""number"":7,""pos"":""M""},{""id"":21443,""name"":""T. Savanier"",""number"":11,""pos"":""M""},{""id"":395760,""name"":""Y. Issoufou"",""number"":39,""pos"":""M""},{""id"":57446,""name"":""A. Adams"",""number"":8,""pos"":""F""}]","[{""id"":113581,""name"":""T. Coulibaly"",""number"":70,""pos"":""M""},{""id"":179399,""name"":""E. Tchato"",""number"":29,""pos"":""D""},{""id"":3335,""name"":""K. Kouyaté"",""number"":4,""pos"":""D""},{""id"":20866,""name"":""B. Touré"",""number"":20,""pos"":""M""},{""id"":22102,""name"":""W. Khazri"",""number"":10,""pos"":""F""},{""id"":48636,""name"":""G. Barès"",""number"":15,""pos"":""M""},{""id"":21566,""name"":""B. Lecomte"",""number"":40,""pos"":""G""},{""id"":369676,""name"":""T. Chennahi"",""number"":44,""pos"":""M""},{""id"":342228,""name"":""S. Džodić"",""number"":45,""pos"":""M""}]"
1213788,108,Auxerre,False,5-4-1,C. Pélissier,11,9,"[{""id"":20542,""name"":""D. Léon"",""number"":16,""pos"":""G""},{""id"":285,""name"":""K. Hoever"",""number"":23,""pos"":""D""},{""id"":162466,""name"":""S. Diomandé"",""number"":20,""pos"":""D""},{""id"":41300,""name"":""Jubal"",""number"":4,""pos"":""D""},{""id"":20206,""name"":""G. Osho"",""number"":3,""pos"":""D""},{""id"":191189,""name"":""C. Akpa"",""number"":92,""pos"":""D""},{""id"":31057,""name"":""H. Traoré"",""number"":25,""pos"":""M""},{""id"":21010,""name"":""E. Owusu"",""number"":42,""pos"":""M""},{""id"":323625,""name"":""K. Danois"",""number"":27,""pos"":""M""},{""id"":90617,""name"":""L. Sinayoko"",""number"":17,""pos"":""M""},{""id"":20782,""name"":""F. Ayé"",""number"":19,""pos"":""F""}]","[{""id"":20586,""name"":""R. Raveloson"",""number"":97,""pos"":""M""},{""id"":20732,""name"":""G. Perrin"",""number"":10,""pos"":""F""},{""id"":32940,""name"":""A. Onaiwu"",""number"":45,""pos"":""F""},{""id"":51293,""name"":""T. Bair"",""number"":9,""pos"":""F""},{""id"":191392,""name"":""P. Joly"",""number"":26,""pos"":""D""},{""id"":21143,""name"":""T. Pellenard"",""number"":5,""pos"":""D""},{""id"":193681,""name"":""T. De Percin"",""number"":40,""pos"":""G""},{""id"":38754,""name"":""E. Maddy"",""number"":11,""pos"":""F""},{""id"":30748,""name"":""A. Dioussé"",""number"":18,""pos"":""M""}]"
1213786,106,Stade Brestois 29,True,4-3-1-2,E. Roy,11,9,"[{""id"":36878,""name"":""M. Bizot"",""number"":40,""pos"":""G""},{""id"":422595,""name"":""L. Zogbé"",""number"":12,""pos"":""D""},{""id"":85914,""name"":""J. Le Cardinal"",""number"":25,""pos"":""D""},{""id"":203483,""name"":""A. Ndiaye"",""number"":3,""pos"":""D""},{""id"":3333,""name"":""M. Haïdara"",""number"":22,""pos"":""D""},{""id"":20780,""name"":""Mathias Pereira Lage"",""number"":26,""pos"":""M""},{""id"":20558,""name"":""H. Magnetti"",""number"":8,""pos"":""M""},{""id"":22258,""name"":""J. Martin"",""number"":28,""pos"":""M""},{""id"":326068,""name"":""K. Doumbia"",""number"":9,""pos"":""M""},{""id"":375000,""name"":""I. Salah"",""number"":34,""pos"":""F""},{""id"":41323,""name"":""Mama Baldé"",""number"":14,""pos"":""F""}]","[{""id"":22264,""name"":""L. Ajorque"",""number"":19,""pos"":""F""},{""id"":84082,""name"":""R. Faivre"",""number"":21,""pos"":""M""},{""id"":277191,""name"":""A. Sima"",""number"":17,""pos"":""F""},{""id"":24147,""name"":""M. Camara"",""number"":45,""pos"":""M""},{""id"":1901,""name"":""J. Amavi"",""number"":23,""pos"":""D""},{""id"":20546,""name"":""B. Chardonnet"",""number"":5,""pos"":""D""},{""id"":21248,""name"":""G. Coudert"",""number"":30,""pos"":""G""},{""id"":162568,""name"":""S. Coulibaly"",""number"":44,""pos"":""D""},{""id"":22247,""name"":""K. Lala"",""number"":7,""pos"":""D""}]"
1213786,96,Toulouse,False,3-4-2-1,Carles Martínez,11,9,"[{""id"":325346,""name"":""G. Restes"",""number"":50,""pos"":""G""},{""id"":278392,""name"":""C. Cresswell"",""number"":4,""pos"":""D""},{""id"":15793,""name"":""R. Nicolaisen"",""number"":2,""pos"":""D""},{""id"":367637,""name"":""Ü. Akdağ"",""number"":6,""pos"":""D""},{""id"":102,""name"":""D. Sidibé"",""number"":19,""pos"":""M""},{""id"":48491,""name"":""V. Sierro"",""number"":8,""pos"":""M""},{""id"":50956,""name"":""C. Cásseres"",""number"":23,""pos"":""M""},{""id"":11421,""name"":""G. Suazo"",""number"":17,""pos"":""M""},{""id"":328648,""name"":""S. Babicka"",""number"":80,""pos"":""F""},{""id"":243,""name"":""Z. Aboukhlal"",""number"":7,""pos"":""F""},{""id"":84128,""name"":""Y. Gboho"",""number"":10,""pos"":""F""}]","[{""id"":1369,""name"":""M. Zajc"",""number"":21,""pos"":""M""},{""id"":18881,""name"":""J. King"",""number"":13,""pos"":""F""},{""id"":39115,""name"":""A. Dønnum"",""number"":15,""pos"":""M""},{""id"":174724,""name"":""F. Magri"",""number"":9,""pos"":""F""},{""id"":412759,""name"":""J. Canvot"",""number"":39,""pos"":""D""},{""id"":47351,""name"":""Álex Domínguez"",""number"":30,""pos"":""G""},{""id"":25533,""name"":""N. Schmidt"",""number"":20,""pos"":""M""},{""id"":36928,""name"":""D. Genreau"",""number"":5,""pos"":""M""},{""id"":264383,""name"":""W. Kamanzi"",""number"":12,""pos"":""D""}]"
1213783,80,Lyon,True,3-5-2,P. Sage,11,9,"[{""id"":80296,""name"":""Lucas Perri"",""number"":23,""pos"":""G""},{""id"":68,""name"":""Clinton Mata"",""number"":22,""pos"":""D""},{""id"":1902,""name"":""D. Ćaleta-Car"",""number"":55,""pos"":""D""},{""id"":529,""name"":""N. Tagliafico"",""number"":3,""pos"":""D""},{""id"":1456,""name"":""A. Maitland-Niles"",""number"":98,""pos"":""M""},{""id"":30409,""name"":""J. Veretout"",""number"":7,""pos"":""M""},{""id"":902,""name"":""N. Matić"",""number"":31,""pos"":""M""},{""id"":519,""name"":""C. Tolisso"",""number"":8,""pos"":""M""},{""id"":9700,""name"":""Abner"",""number"":16,""pos"":""M""},{""id"":368260,""name"":""G. Orban"",""number"":9,""pos"":""F""},{""id"":1467,""name"":""A. Lacazette"",""number"":10,""pos"":""F""}]","[{""id"":659,""name"":""M. Caqueret"",""number"":6,""pos"":""M""},{""id"":180496,""name"":""G. Mikautadze"",""number"":69,""pos"":""F""},{""id"":361348,""name"":""M. Fofana"",""number"":11,""pos"":""F""},{""id"":350856,""name"":""E. Nuamah"",""number"":37,""pos"":""F""},{""id"":156477,""name"":""R. Cherki"",""number"":18,""pos"":""M""},{""id"":80752,""name"":""T. Tessmann"",""number"":15,""pos"":""D""},{""id"":20762,""name"":""R. Descamps"",""number"":40,""pos"":""G""},{""id"":3247,""name"":""W. Zaha"",""number"":12,""pos"":""F""},{""id"":162265,""name"":""W. Omari"",""number"":27,""pos"":""D""}]"
1213783,81,Marseille,False,4-2-3-1,R. De Zerbi,11,9,"[{""id"":47296,""name"":""G. Rulli"",""number"":1,""pos"":""G""},{""id"":2973,""name"":""M. Murillo"",""number"":62,""pos"":""D""},{""id"":6,""name"":""L. Balerdi"",""number"":5,""pos"":""D""},{""id"":926,""name"":""G. Kondogbia"",""number"":19,""pos"":""D""},{""id"":126757,""name"":""L. Brassier"",""number"":20,""pos"":""D""},{""id"":2735,""name"":""P. Højbjerg"",""number"":23,""pos"":""M""},{""id"":328046,""name"":""I. Koné"",""number"":51,""pos"":""M""},{""id"":897,""name"":""M. Greenwood"",""number"":10,""pos"":""M""},{""id"":412,""name"":""A. Harit"",""number"":11,""pos"":""M""},{""id"":10077,""name"":""Luis Henrique"",""number"":44,""pos"":""M""},{""id"":162707,""name"":""E. Wahi"",""number"":9,""pos"":""F""}]","[{""id"":21102,""name"":""V. Rongier"",""number"":21,""pos"":""M""},{""id"":30525,""name"":""Pol Lirola"",""number"":29,""pos"":""D""},{""id"":943,""name"":""U. Garcia"",""number"":6,""pos"":""D""},{""id"":19364,""name"":""N. Maupay"",""number"":8,""pos"":""F""},{""id"":278095,""name"":""J. Rowe"",""number"":17,""pos"":""F""},{""id"":341646,""name"":""V. Carboni"",""number"":7,""pos"":""M""},{""id"":455245,""name"":""D. Bakola"",""number"":50,""pos"":""M""},{""id"":193501,""name"":""B. Meïté"",""number"":18,""pos"":""M""},{""id"":36827,""name"":""J. de Lange"",""number"":12,""pos"":""G""}]"
1213794,108,Auxerre,True,5-3-2,C. Pélissier,11,9,"[{""id"":20542,""name"":""D. Léon"",""number"":16,""pos"":""G""},{""id"":285,""name"":""K. Hoever"",""number"":23,""pos"":""D""},{""id"":162466,""name"":""S. Diomandé"",""number"":20,""pos"":""D""},{""id"":41300,""name"":""Jubal"",""number"":4,""pos"":""D""},{""id"":20206,""name"":""G. Osho"",""number"":3,""pos"":""D""},{""id"":191189,""name"":""C. Akpa"",""number"":92,""pos"":""D""},{""id"":21010,""name"":""E. Owusu"",""number"":42,""pos"":""M""},{""id"":31057,""name"":""H. Traoré"",""number"":25,""pos"":""M""},{""id"":323625,""name"":""K. Danois"",""number"":27,""pos"":""M""},{""id"":32940,""name"":""A. Onaiwu"",""number"":45,""pos"":""F""},{""id"":90617,""name"":""L. Sinayoko"",""number"":17,""pos"":""F""}]","[{""id"":7578,""name"":""G. Mensah"",""number"":14,""pos"":""D""},{""id"":191392,""name"":""P. Joly"",""number"":26,""pos"":""D""},{""id"":51293,""name"":""T. Bair"",""number"":9,""pos"":""F""},{""id"":20732,""name"":""G. Perrin"",""number"":10,""pos"":""F""},{""id"":21143,""name"":""T. Pellenard"",""number"":5,""pos"":""D""},{""id"":193681,""name"":""T. De Percin"",""number"":40,""pos"":""G""},{""id"":30748,""name"":""A. Dioussé"",""number"":18,""pos"":""M""},{""id"":20782,""name"":""F. Ayé"",""number"":19,""pos"":""F""},{""id"":20586,""name"":""R. Raveloson"",""number"":97,""pos"":""M""}]"
1213794,106,Stade Brestois 29,False,4-3-3,E. Roy,11,9,"[{""id"":36878,""name"":""M. Bizot"",""number"":40,""pos"":""G""},{""id"":22247,""name"":""K. Lala"",""number"":7,""pos"":""D""},{""id"":20546,""name"":""B. Chardonnet"",""number"":5,""pos"":""D""},{""id"":162568,""name"":""S. Coulibaly"",""number"":44,""pos"":""D""},{""id"":1901,""name"":""J. Amavi"",""number"":23,""pos"":""D""},{""id"":24147,""name"":""M. Camara"",""number"":45,""pos"":""M""},{""id"":30405,""name"":""E. Fernandes"",""number"":6,""pos"":""M""},{""id"":84082,""name"":""R. Faivre"",""number"":21,""pos"":""M""},{""id"":2214,""name"":""R. Del Castillo"",""number"":10,""pos"":""F""},{""id"":22264,""name"":""L. Ajorque"",""number"":19,""pos"":""F""},{""id"":277191,""name"":""A. Sima"",""number"":17,""pos"":""F""}]","[{""id"":20558,""name"":""H. Magnetti"",""number"":8,""pos"":""M""},{""id"":41323,""name"":""Mama Baldé"",""number"":14,""pos"":""F""},{""id"":326068,""name"":""K. Doumbia"",""number"":9,""pos"":""M""},{""id"":375000,""name"":""I. Salah"",""number"":34,""pos"":""F""},{""id"":22258,""name"":""J. Martin"",""number"":28,""pos"":""M""},{""id"":203483,""name"":""A. Ndiaye"",""number"":3,""pos"":""D""},{""id"":20780,""name"":""Mathias Pereira Lage"",""number"":26,""pos"":""M""},{""id"":3333,""name"":""M. Haïdara"",""number"":22,""pos"":""D""},{""id"":21248,""name"":""G. Coudert"",""number"":30,""pos"":""G""}]"
1213793,85,Paris Saint Germain,True,4-3-3,Luis Enrique,11,7,"[{""id"":2068,""name"":""M. Safonov"",""number"":39,""pos"":""G""},{""id"":9,""name"":""A. Hakimi"",""number"":2,""pos"":""D""},{""id"":257,""name"":""Marquinhos"",""number"":5,""pos"":""D""},{""id"":16367,""name"":""W. Pacho"",""number"":51,""pos"":""D""},{""id"":307835,""name"":""Beraldo"",""number"":35,""pos"":""D""},{""id"":336657,""name"":""W. Zaïre-Emery"",""number"":33,""pos"":""M""},{""id"":335051,""name"":""João Neves"",""number"":87,""pos"":""M""},{""id"":328,""name"":""Fabián Ruiz"",""number"":8,""pos"":""M""},{""id"":153,""name"":""O. Dembélé"",""number"":10,""pos"":""F""},{""id"":927,""name"":""Lee Kang-In"",""number"":19,""pos"":""F""},{""id"":161904,""name"":""B. Barcola"",""number"":29,""pos"":""F""}]","[{""id"":409216,""name"":""S. Mayulu"",""number"":24,""pos"":""M""},{""id"":198,""name"":""M. Škriniar"",""number"":37,""pos"":""D""},{""id"":21104,""name"":""R. Kolo Muani"",""number"":23,""pos"":""F""},{""id"":446249,""name"":""I. Mbaye"",""number"":49,""pos"":""F""},{""id"":441284,""name"":""N. El Hannach"",""number"":45,""pos"":""D""},{""id"":386285,""name"":""Y. Zague"",""number"":42,""pos"":""D""},{""id"":162473,""name"":""Arnau Tenas"",""number"":80,""pos"":""G""}]"
1213793,94,Rennes,False,3-4-2-1,J. Stéphan,11,9,"[{""id"":1897,""name"":""S. Mandanda"",""number"":30,""pos"":""G""},{""id"":18967,""name"":""L. Østigård"",""number"":55,""pos"":""D""},{""id"":20916,""name"":""C. Wooh"",""number"":4,""pos"":""D""},{""id"":196187,""name"":""A. Seidu"",""number"":36,""pos"":""D""},{""id"":180731,""name"":""L. Assignon"",""number"":22,""pos"":""M""},{""id"":21153,""name"":""B. Santamaría"",""number"":8,""pos"":""M""},{""id"":37236,""name"":""A. Matusiwa"",""number"":6,""pos"":""M""},{""id"":162267,""name"":""A. Truffert"",""number"":3,""pos"":""M""},{""id"":21497,""name"":""L. Blas"",""number"":11,""pos"":""F""},{""id"":85041,""name"":""A. Gouiri"",""number"":10,""pos"":""F""},{""id"":147831,""name"":""A. Kalimuendo"",""number"":9,""pos"":""F""}]","[{""id"":30423,""name"":""H. Hateboer"",""number"":33,""pos"":""M""},{""id"":1754,""name"":""G. Kamara"",""number"":28,""pos"":""M""},{""id"":237249,""name"":""M. Faye"",""number"":15,""pos"":""D""},{""id"":263177,""name"":""A. Grønbæk"",""number"":7,""pos"":""M""},{""id"":438281,""name"":""A. Nagida"",""number"":18,""pos"":""D""},{""id"":331678,""name"":""H. Meister"",""number"":19,""pos"":""F""},{""id"":345748,""name"":""C. Gómez"",""number"":20,""pos"":""M""},{""id"":20706,""name"":""G. Gallon"",""number"":23,""pos"":""G""},{""id"":152418,""name"":""N. Ahamada"",""number"":32,""pos"":""M""}]"
1213795,116,Lens,True,4-2-3-1,W. Still,11,9,"[{""id"":21628,""name"":""B. Samba"",""number"":30,""pos"":""G""},{""id"":3007,""name"":""P. Frankowski"",""number"":29,""pos"":""D""},{""id"":21635,""name"":""J. Gradit"",""number"":24,""pos"":""D""},{""id"":360114,""name"":""A. Khusanov"",""number"":25,""pos"":""D""},{""id"":2483,""name"":""D. Machado"",""number"":3,""pos"":""D""},{""id"":22261,""name"":""A. Thomasson"",""number"":28,""pos"":""M""},{""id"":6231,""name"":""F. Medina"",""number"":14,""pos"":""M""},{""id"":21146,""name"":""A. Fulgini"",""number"":11,""pos"":""M""},{""id"":270509,""name"":""A. Diouf"",""number"":18,""pos"":""M""},{""id"":21715,""name"":""W. Saïd"",""number"":22,""pos"":""M""},{""id"":31318,""name"":""M'Bala Nzola"",""number"":8,""pos"":""F""}]","[{""id"":129169,""name"":""A. Zaroury"",""number"":21,""pos"":""F""},{""id"":326073,""name"":""R. Labeau Lascary"",""number"":36,""pos"":""F""},{""id"":195512,""name"":""M. Satriano"",""number"":9,""pos"":""F""},{""id"":21568,""name"":""R. Aguilar"",""number"":2,""pos"":""D""},{""id"":18785,""name"":""N. Mendy"",""number"":26,""pos"":""M""},{""id"":22166,""name"":""M. Sarr"",""number"":20,""pos"":""D""},{""id"":174607,""name"":""David Pereira da Costa"",""number"":10,""pos"":""M""},{""id"":21484,""name"":""D. Petrić"",""number"":1,""pos"":""G""},{""id"":237191,""name"":""J. Chávez"",""number"":13,""pos"":""D""}]"
1213795,84,Nice,False,3-4-2-1,F. Haise,11,9,"[{""id"":2274,""name"":""M. Bułka"",""number"":1,""pos"":""G""},{""id"":3099,""name"":""Y. Ndayishimiye"",""number"":55,""pos"":""D""},{""id"":407017,""name"":""M. Bombito"",""number"":64,""pos"":""D""},{""id"":196343,""name"":""Mohamed Abdelmonem"",""number"":5,""pos"":""D""},{""id"":313937,""name"":""A. Mendy"",""number"":33,""pos"":""M""},{""id"":240,""name"":""P. Rosario"",""number"":8,""pos"":""M""},{""id"":4399,""name"":""H. Boudaoui"",""number"":6,""pos"":""M""},{""id"":49583,""name"":""A. Abdi"",""number"":2,""pos"":""M""},{""id"":334879,""name"":""B. Bouanani"",""number"":19,""pos"":""F""},{""id"":30531,""name"":""J. Boga"",""number"":7,""pos"":""F""},{""id"":137303,""name"":""E. Guessand"",""number"":29,""pos"":""F""}]","[{""id"":25008,""name"":""J. Clauss"",""number"":92,""pos"":""D""},{""id"":22163,""name"":""Dante"",""number"":4,""pos"":""D""},{""id"":161919,""name"":""Y. Moukoko"",""number"":15,""pos"":""F""},{""id"":193617,""name"":""T. Louchet"",""number"":20,""pos"":""M""},{""id"":107,""name"":""S. Diop"",""number"":10,""pos"":""M""},{""id"":444561,""name"":""I. Camara"",""number"":36,""pos"":""M""},{""id"":21079,""name"":""M. Dupé"",""number"":31,""pos"":""G""},{""id"":477124,""name"":""V. Orakpo"",""number"":45,""pos"":""F""},{""id"":275053,""name"":""R. Ilie"",""number"":18,""pos"":""M""}]"
1213797,111,Le Havre,True,5-4-1,D. Digard,11,9,"[{""id"":24011,""name"":""A. Desmas"",""number"":30,""pos"":""G""},{""id"":2336,""name"":""L. Nego"",""number"":7,""pos"":""D""},{""id"":174927,""name"":""A. Sangante"",""number"":93,""pos"":""D""},{""id"":162443,""name"":""É. Youté"",""number"":6,""pos"":""D""},{""id"":64255,""name"":""G. Lloris"",""number"":4,""pos"":""D""},{""id"":20836,""name"":""C. Opéri"",""number"":27,""pos"":""D""},{""id"":174915,""name"":""J. Casimir"",""number"":10,""pos"":""M""},{""id"":21103,""name"":""A. Touré"",""number"":94,""pos"":""M""},{""id"":174937,""name"":""Y. Kechta"",""number"":8,""pos"":""M""},{""id"":289304,""name"":""A. Joujou"",""number"":21,""pos"":""M""},{""id"":156465,""name"":""I. Soumaré"",""number"":45,""pos"":""F""}]","[{""id"":343317,""name"":""S. Ngoura"",""number"":77,""pos"":""F""},{""id"":1212,""name"":""D. Kuzyaev"",""number"":14,""pos"":""M""},{""id"":284071,""name"":""O. Targhalline"",""number"":5,""pos"":""M""},{""id"":15783,""name"":""E. Sabbi"",""number"":11,""pos"":""F""},{""id"":20576,""name"":""Y. Salmier"",""number"":22,""pos"":""D""},{""id"":646,""name"":""M. Gorgelin"",""number"":1,""pos"":""G""},{""id"":22266,""name"":""S. Grandsir"",""number"":29,""pos"":""F""},{""id"":23637,""name"":""Y. Zouaoui"",""number"":18,""pos"":""D""},{""id"":128342,""name"":""R. Ndiaye"",""number"":19,""pos"":""M""}]"
1213797,79,Lille,False,4-2-3-1,B. Génésio,11,9,"[{""id"":162453,""name"":""L. Chevalier"",""number"":30,""pos"":""G""},{""id"":379329,""name"":""Tiago Santos"",""number"":22,""pos"":""D""},{""id"":22136,""name"":""B. Diakité"",""number"":18,""pos"":""D""},{""id"":142691,""name"":""Alexsandro Ribeiro"",""number"":4,""pos"":""D""},{""id"":47969,""name"":""G. Gudmundsson"",""number"":5,""pos"":""D""},{""id"":2204,""name"":""B. André"",""number"":21,""pos"":""M""},{""id"":18765,""name"":""André Gomes"",""number"":26,""pos"":""M""},{""id"":48392,""name"":""E. Zhegrova"",""number"":23,""pos"":""M""},{""id"":896,""name"":""A. Gomes"",""number"":8,""pos"":""M""},{""id"":99576,""name"":""O. Sahraoui"",""number"":11,""pos"":""M""},{""id"":8489,""name"":""J. David"",""number"":9,""pos"":""F""}]","[{""id"":530,""name"":""M. Bakker"",""number"":20,""pos"":""D""},{""id"":22093,""name"":""R. Cabella"",""number"":10,""pos"":""M""},{""id"":264,""name"":""T. Meunier"",""number"":12,""pos"":""D""},{""id"":438688,""name"":""A. Bouaddi"",""number"":32,""pos"":""M""},{""id"":386287,""name"":""E. Mbappé"",""number"":29,""pos"":""M""},{""id"":51146,""name"":""V. Mannone"",""number"":1,""pos"":""G""},{""id"":340077,""name"":""M. Fernandez-Pardo"",""number"":19,""pos"":null},{""id"":24288,""name"":""M. Bayo"",""number"":27,""pos"":""F""},{""id"":1567,""name"":""A. Mandi"",""number"":2,""pos"":""D""}]"
1213799,91,Monaco,True,4-2-2-2,A. Hütter,11,9,"[{""id"":7313,""name"":""P. Köhn"",""number"":16,""pos"":""G""},{""id"":291649,""name"":""Vanderson"",""number"":2,""pos"":""D""},{""id"":30504,""name"":""W. Singo"",""number"":17,""pos"":""D""},{""id"":47480,""name"":""M. Salisu"",""number"":22,""pos"":""D""},{""id"":10316,""name"":""Caio Henrique"",""number"":12,""pos"":""D""},{""id"":2810,""name"":""D. Zakaria"",""number"":6,""pos"":""M""},{""id"":109,""name"":""A. Golovin"",""number"":10,""pos"":""M""},{""id"":274300,""name"":""M. Akliouche"",""number"":11,""pos"":""M""},{""id"":343320,""name"":""E. Ben Seghir"",""number"":7,""pos"":""M""},{""id"":138835,""name"":""F. Balogun"",""number"":9,""pos"":""F""},{""id"":421,""name"":""B. Embolo"",""number"":36,""pos"":""F""}]","[{""id"":395040,""name"":""G. Ilenikhena"",""number"":21,""pos"":""F""},{""id"":374058,""name"":""L. Camara"",""number"":15,""pos"":""M""},{""id"":333137,""name"":""K. Ouattara"",""number"":20,""pos"":""D""},{""id"":231,""name"":""J. Teze"",""number"":4,""pos"":""D""},{""id"":162991,""name"":""E. Matazo"",""number"":8,""pos"":""M""},{""id"":274296,""name"":""Y. Lienard"",""number"":50,""pos"":""G""},{""id"":261,""name"":""T. Kehrer"",""number"":5,""pos"":""D""},{""id"":371916,""name"":""C. Mawissa"",""number"":13,""pos"":""D""},{""id"":81,""name"":""K. Diatta"",""number"":27,""pos"":""M""}]"
1213799,82,Montpellier,False,4-2-3-1,M. Der Zakarian,11,9,"[{""id"":21565,""name"":""D. Bertaud"",""number"":16,""pos"":""G""},{""id"":3336,""name"":""F. Sacko"",""number"":77,""pos"":""D""},{""id"":999,""name"":""B. Omeragić"",""number"":27,""pos"":""D""},{""id"":20661,""name"":""M. Sagnan"",""number"":5,""pos"":""D""},{""id"":333118,""name"":""L. Mincarelli"",""number"":21,""pos"":""D""},{""id"":387120,""name"":""R. Nzingoula"",""number"":19,""pos"":""M""},{""id"":326088,""name"":""K. Fayad"",""number"":22,""pos"":""M""},{""id"":22097,""name"":""A. Nordin"",""number"":7,""pos"":""M""},{""id"":21443,""name"":""T. Savanier"",""number"":11,""pos"":""M""},{""id"":113581,""name"":""T. Coulibaly"",""number"":70,""pos"":""M""},{""id"":57446,""name"":""A. Adams"",""number"":8,""pos"":""F""}]","[{""id"":179399,""name"":""E. Tchato"",""number"":29,""pos"":""D""},{""id"":20866,""name"":""B. Touré"",""number"":20,""pos"":""M""},{""id"":22102,""name"":""W. Khazri"",""number"":10,""pos"":""F""},{""id"":22141,""name"":""I. Sylla"",""number"":3,""pos"":""D""},{""id"":48636,""name"":""G. Barès"",""number"":15,""pos"":""M""},{""id"":21566,""name"":""B. Lecomte"",""number"":40,""pos"":""G""},{""id"":369676,""name"":""T. Chennahi"",""number"":44,""pos"":""M""},{""id"":368812,""name"":""S. Cara"",""number"":46,""pos"":""F""},{""id"":342228,""name"":""S. Džodić"",""number"":45,""pos"":""M""}]"
1213798,96,Toulouse,True,3-4-2-1,Carles Martínez,11,9,"[{""id"":325346,""name"":""G. Restes"",""number"":50,""pos"":""G""},{""id"":102,""name"":""D. Sidibé"",""number"":19,""pos"":""D""},{""id"":15793,""name"":""R. Nicolaisen"",""number"":2,""pos"":""D""},{""id"":50735,""name"":""M. McKenzie"",""number"":3,""pos"":""D""},{""id"":264383,""name"":""W. Kamanzi"",""number"":12,""pos"":""M""},{""id"":50956,""name"":""C. Cásseres"",""number"":23,""pos"":""M""},{""id"":48491,""name"":""V. Sierro"",""number"":8,""pos"":""M""},{""id"":39115,""name"":""A. Dønnum"",""number"":15,""pos"":""M""},{""id"":328648,""name"":""S. Babicka"",""number"":80,""pos"":""F""},{""id"":84128,""name"":""Y. Gboho"",""number"":10,""pos"":""F""},{""id"":174724,""name"":""F. Magri"",""number"":9,""pos"":""F""}]","[{""id"":243,""name"":""Z. Aboukhlal"",""number"":7,""pos"":""F""},{""id"":18881,""name"":""J. King"",""number"":13,""pos"":""F""},{""id"":11421,""name"":""G. Suazo"",""number"":17,""pos"":""D""},{""id"":36928,""name"":""D. Genreau"",""number"":5,""pos"":""M""},{""id"":1369,""name"":""M. Zajc"",""number"":21,""pos"":""M""},{""id"":25533,""name"":""N. Schmidt"",""number"":20,""pos"":""M""},{""id"":367637,""name"":""Ü. Akdağ"",""number"":6,""pos"":""D""},{""id"":278392,""name"":""C. Cresswell"",""number"":4,""pos"":""D""},{""id"":47351,""name"":""Álex Domínguez"",""number"":30,""pos"":""G""}]"
1213798,80,Lyon,False,4-3-3,P. Sage,11,9,"[{""id"":80296,""name"":""Lucas Perri"",""number"":23,""pos"":""G""},{""id"":334914,""name"":""S. Kumbedi"",""number"":20,""pos"":""D""},{""id"":68,""name"":""Clinton Mata"",""number"":22,""pos"":""D""},{""id"":1902,""name"":""D. Ćaleta-Car"",""number"":55,""pos"":""D""},{""id"":9700,""name"":""Abner"",""number"":16,""pos"":""D""},{""id"":659,""name"":""M. Caqueret"",""number"":6,""pos"":""M""},{""id"":80752,""name"":""T. Tessmann"",""number"":15,""pos"":""M""},{""id"":30409,""name"":""J. Veretout"",""number"":7,""pos"":""M""},{""id"":19361,""name"":""S. Benrahma"",""number"":17,""pos"":""F""},{""id"":180496,""name"":""G. Mikautadze"",""number"":69,""pos"":""F""},{""id"":3247,""name"":""W. Zaha"",""number"":12,""pos"":""F""}]","[{""id"":361348,""name"":""M. Fofana"",""number"":11,""pos"":""F""},{""id"":156477,""name"":""R. Cherki"",""number"":18,""pos"":""M""},{""id"":519,""name"":""C. Tolisso"",""number"":8,""pos"":""M""},{""id"":1467,""name"":""A. Lacazette"",""number"":10,""pos"":""F""},{""id"":1456,""name"":""A. Maitland-Niles"",""number"":98,""pos"":""M""},{""id"":902,""name"":""N. Matić"",""number"":31,""pos"":""M""},{""id"":529,""name"":""N. Tagliafico"",""number"":3,""pos"":""D""},{""id"":20762,""name"":""R. Descamps"",""number"":40,""pos"":""G""},{""id"":25916,""name"":""M. Niakhaté"",""number"":19,""pos"":""D""}]"
1213800,77,Angers,True,4-2-3-1,A. Dujeux,11,9,"[{""id"":64190,""name"":""Y. Fofana"",""number"":30,""pos"":""G""},{""id"":20850,""name"":""C. Arcus"",""number"":2,""pos"":""D""},{""id"":385569,""name"":""E. Biumla"",""number"":24,""pos"":""D""},{""id"":21381,""name"":""J. Lefort"",""number"":21,""pos"":""D""},{""id"":41146,""name"":""F. Hanin"",""number"":26,""pos"":""D""},{""id"":103,""name"":""J. Aholou"",""number"":6,""pos"":""M""},{""id"":20554,""name"":""H. Belkebla"",""number"":93,""pos"":""M""},{""id"":3175,""name"":""Z. Ferhat"",""number"":20,""pos"":""M""},{""id"":20692,""name"":""H. Abdelli"",""number"":10,""pos"":""M""},{""id"":21618,""name"":""J. Allevinah"",""number"":18,""pos"":""M""},{""id"":163004,""name"":""E. Lepaul"",""number"":19,""pos"":""F""}]","[{""id"":3177,""name"":""F. El Melali"",""number"":28,""pos"":""F""},{""id"":174660,""name"":""L. Raolisoa"",""number"":27,""pos"":""D""},{""id"":20537,""name"":""I. Niane"",""number"":7,""pos"":""F""},{""id"":21145,""name"":""P. Capelle"",""number"":15,""pos"":""M""},{""id"":174708,""name"":""Y. Belkhdim"",""number"":14,""pos"":""M""},{""id"":174973,""name"":""M. Zinga"",""number"":16,""pos"":""G""},{""id"":174723,""name"":""Z. Ould Khaled"",""number"":12,""pos"":""D""},{""id"":3234,""name"":""A. Bamba"",""number"":25,""pos"":""D""},{""id"":3379,""name"":""C. Hountondji"",""number"":22,""pos"":""D""}]"
1213800,93,Reims,False,4-2-3-1,L. Elsner,11,9,"[{""id"":20566,""name"":""Y. Diouf"",""number"":94,""pos"":""G""},{""id"":8451,""name"":""Aurélio Buta"",""number"":23,""pos"":""D""},{""id"":19546,""name"":""C. Kipré"",""number"":21,""pos"":""D""},{""id"":135068,""name"":""E. Agbadou"",""number"":5,""pos"":""D""},{""id"":47530,""name"":""Sergio Akieme"",""number"":18,""pos"":""D""},{""id"":343351,""name"":""V. Atangana Edoa"",""number"":6,""pos"":""M""},{""id"":384489,""name"":""Y. Fofana"",""number"":71,""pos"":""M""},{""id"":1942,""name"":""J. Ito"",""number"":7,""pos"":""M""},{""id"":3080,""name"":""M. Munetsi"",""number"":15,""pos"":""M""},{""id"":33321,""name"":""K. Nakamura"",""number"":17,""pos"":""M""},{""id"":334429,""name"":""O. Diakité"",""number"":22,""pos"":""F""}]","[{""id"":352990,""name"":""A. Salama"",""number"":11,""pos"":""F""},{""id"":389322,""name"":""N. Sangui"",""number"":55,""pos"":""D""},{""id"":386481,""name"":""M. Diakhon"",""number"":67,""pos"":""F""},{""id"":8966,""name"":""T. Teuma"",""number"":10,""pos"":""M""},{""id"":1300,""name"":""M. Daramy"",""number"":9,""pos"":""F""},{""id"":8474,""name"":""T. De Smet"",""number"":25,""pos"":""D""},{""id"":454432,""name"":""N. Sissoko"",""number"":74,""pos"":""F""},{""id"":437482,""name"":""Amadou Koné"",""number"":72,""pos"":""M""},{""id"":21080,""name"":""A. Olliero"",""number"":20,""pos"":""G""}]"
1213796,83,Nantes,True,4-2-3-1,A. Kombouare,11,9,"[{""id"":30393,""name"":""A. Lafont"",""number"":1,""pos"":""G""},{""id"":21498,""name"":""M. Coco"",""number"":11,""pos"":""D""},{""id"":20545,""name"":""J. Castelletto"",""number"":21,""pos"":""D""},{""id"":343359,""name"":""N. Zézé"",""number"":44,""pos"":""D""},{""id"":21570,""name"":""N. Cozza"",""number"":3,""pos"":""D""},{""id"":93671,""name"":""Pedro Chirivella"",""number"":5,""pos"":""M""},{""id"":10036,""name"":""Douglas Augusto"",""number"":6,""pos"":""M""},{""id"":18599,""name"":""S. Thomas"",""number"":22,""pos"":""M""},{""id"":193952,""name"":""J. Lepenant"",""number"":8,""pos"":""M""},{""id"":2781,""name"":""M. Simon"",""number"":27,""pos"":""M""},{""id"":161622,""name"":""M. Abline"",""number"":39,""pos"":""F""}]","[{""id"":22177,""name"":""I. Ganago"",""number"":7,""pos"":""F""},{""id"":2668,""name"":""Mostafa Mohamed"",""number"":31,""pos"":""F""},{""id"":388779,""name"":""D. Assoumani"",""number"":59,""pos"":""M""},{""id"":21582,""name"":""F. Mollet"",""number"":25,""pos"":""M""},{""id"":386438,""name"":""M. Acapandié"",""number"":41,""pos"":""D""},{""id"":22134,""name"":""K. Amian"",""number"":98,""pos"":""D""},{""id"":3240,""name"":""J. Gbamin"",""number"":17,""pos"":""M""},{""id"":15684,""name"":""P. Carlgren"",""number"":30,""pos"":""G""},{""id"":21088,""name"":""N. Pallois"",""number"":4,""pos"":""D""}]"
1213796,1063,Saint Etienne,False,4-3-3,O. Dall’Oglio,11,9,"[{""id"":20541,""name"":""G. Larsonneur"",""number"":30,""pos"":""G""},{""id"":1407,""name"":""D. Appiah"",""number"":8,""pos"":""D""},{""id"":8445,""name"":""D. Batubinsika"",""number"":21,""pos"":""D""},{""id"":22087,""name"":""M. Nadé"",""number"":3,""pos"":""D""},{""id"":157146,""name"":""L. Pétrot"",""number"":19,""pos"":""D""},{""id"":174801,""name"":""A. Moueffek"",""number"":29,""pos"":""M""},{""id"":278232,""name"":""P. Ekwah"",""number"":4,""pos"":""M""},{""id"":395762,""name"":""M. Amougou"",""number"":37,""pos"":""M""},{""id"":179856,""name"":""B. Old"",""number"":11,""pos"":""F""},{""id"":20648,""name"":""I. Sissoko"",""number"":9,""pos"":""F""},{""id"":24743,""name"":""Z. Davitashvili"",""number"":22,""pos"":""F""}]","[{""id"":322560,""name"":""L. Stassin"",""number"":32,""pos"":""F""},{""id"":22003,""name"":""M. Cafaro"",""number"":18,""pos"":""M""},{""id"":274355,""name"":""B. Bouchouari"",""number"":6,""pos"":""M""},{""id"":337426,""name"":""A. Boakye"",""number"":20,""pos"":""F""},{""id"":8624,""name"":""F. Tardieu"",""number"":10,""pos"":""M""},{""id"":363053,""name"":""I. Miladinović"",""number"":28,""pos"":""M""},{""id"":2704,""name"":""Y. Abdelhamid"",""number"":5,""pos"":""D""},{""id"":20861,""name"":""L. Fomba"",""number"":26,""pos"":""M""},{""id"":20736,""name"":""B. Maubleu"",""number"":1,""pos"":""G""}]"
1213792,95,Strasbourg,True,4-2-3-1,L. Rosenior,11,9,"[{""id"":118307,""name"":""Đ. Petrović"",""number"":1,""pos"":""G""},{""id"":161747,""name"":""G. Doué"",""number"":22,""pos"":""D""},{""id"":274328,""name"":""S. Sow"",""number"":4,""pos"":""D""},{""id"":276184,""name"":""M. Sarr"",""number"":23,""pos"":""D""},{""id"":335056,""name"":""Diego Moreira"",""number"":7,""pos"":""D""},{""id"":271542,""name"":""I. Doukouré"",""number"":29,""pos"":""M""},{""id"":305834,""name"":""Andrey Santos"",""number"":8,""pos"":""M""},{""id"":129695,""name"":""D. Bakwa"",""number"":26,""pos"":""M""},{""id"":327631,""name"":""H. Diarra"",""number"":19,""pos"":""M""},{""id"":226803,""name"":""S. Nanasi"",""number"":15,""pos"":""M""},{""id"":203762,""name"":""E. Emegha"",""number"":10,""pos"":""F""}]","[{""id"":364810,""name"":""A. Sylla"",""number"":5,""pos"":""D""},{""id"":191240,""name"":""M. Senaya"",""number"":28,""pos"":""D""},{""id"":190686,""name"":""S. Mara"",""number"":14,""pos"":""F""},{""id"":282549,""name"":""J. Mwanga"",""number"":18,""pos"":""M""},{""id"":325594,""name"":""F. Lemaréchal"",""number"":6,""pos"":""M""},{""id"":438752,""name"":""P. Diong"",""number"":17,""pos"":""M""},{""id"":2850,""name"":""K. Johnsson"",""number"":30,""pos"":""G""},{""id"":2259,""name"":""E. Sobol"",""number"":77,""pos"":""D""},{""id"":369885,""name"":""J. Sebas"",""number"":40,""pos"":""F""}]"
1213792,81,Marseille,False,4-2-3-1,R. De Zerbi,11,9,"[{""id"":47296,""name"":""G. Rulli"",""number"":1,""pos"":""G""},{""id"":2973,""name"":""M. Murillo"",""number"":62,""pos"":""D""},{""id"":2735,""name"":""P. Højbjerg"",""number"":23,""pos"":""D""},{""id"":51295,""name"":""D. Cornelius"",""number"":13,""pos"":""D""},{""id"":126757,""name"":""L. Brassier"",""number"":20,""pos"":""D""},{""id"":926,""name"":""G. Kondogbia"",""number"":19,""pos"":""M""},{""id"":328046,""name"":""I. Koné"",""number"":51,""pos"":""M""},{""id"":897,""name"":""M. Greenwood"",""number"":10,""pos"":""M""},{""id"":412,""name"":""A. Harit"",""number"":11,""pos"":""M""},{""id"":10077,""name"":""Luis Henrique"",""number"":44,""pos"":""M""},{""id"":162707,""name"":""E. Wahi"",""number"":9,""pos"":""F""}]","[{""id"":278095,""name"":""J. Rowe"",""number"":17,""pos"":""F""},{""id"":272,""name"":""A. Rabiot"",""number"":25,""pos"":""M""},{""id"":19364,""name"":""N. Maupay"",""number"":8,""pos"":""F""},{""id"":341646,""name"":""V. Carboni"",""number"":7,""pos"":""M""},{""id"":943,""name"":""U. Garcia"",""number"":6,""pos"":""D""},{""id"":30525,""name"":""Pol Lirola"",""number"":29,""pos"":""D""},{""id"":36827,""name"":""J. de Lange"",""number"":12,""pos"":""G""},{""id"":455245,""name"":""D. Bakola"",""number"":50,""pos"":""M""},{""id"":449158,""name"":""K. Abdallah"",""number"":48,""pos"":""F""}]"
1213806,81,Marseille,True,4-2-3-1,R. De Zerbi,11,9,"[{""id"":47296,""name"":""G. Rulli"",""number"":1,""pos"":""G""},{""id"":2973,""name"":""M. Murillo"",""number"":62,""pos"":""D""},{""id"":6,""name"":""L. Balerdi"",""number"":5,""pos"":""D""},{""id"":51295,""name"":""D. Cornelius"",""number"":13,""pos"":""D""},{""id"":943,""name"":""U. Garcia"",""number"":6,""pos"":""D""},{""id"":2735,""name"":""P. Højbjerg"",""number"":23,""pos"":""M""},{""id"":926,""name"":""G. Kondogbia"",""number"":19,""pos"":""M""},{""id"":897,""name"":""M. Greenwood"",""number"":10,""pos"":""M""},{""id"":341646,""name"":""V. Carboni"",""number"":7,""pos"":""M""},{""id"":10077,""name"":""Luis Henrique"",""number"":44,""pos"":""M""},{""id"":19364,""name"":""N. Maupay"",""number"":8,""pos"":""F""}]","[{""id"":278095,""name"":""J. Rowe"",""number"":17,""pos"":""F""},{""id"":272,""name"":""A. Rabiot"",""number"":25,""pos"":""M""},{""id"":162707,""name"":""E. Wahi"",""number"":9,""pos"":""F""},{""id"":126757,""name"":""L. Brassier"",""number"":20,""pos"":""D""},{""id"":412,""name"":""A. Harit"",""number"":11,""pos"":""M""},{""id"":30525,""name"":""Pol Lirola"",""number"":29,""pos"":""D""},{""id"":36827,""name"":""J. de Lange"",""number"":12,""pos"":""G""},{""id"":455245,""name"":""D. Bakola"",""number"":50,""pos"":""M""},{""id"":21102,""name"":""V. Rongier"",""number"":21,""pos"":""M""}]"
1213806,77,Angers,False,4-2-3-1,A. Dujeux,11,9,"[{""id"":64190,""name"":""Y. Fofana"",""number"":30,""pos"":""G""},{""id"":174660,""name"":""L. Raolisoa"",""number"":27,""pos"":""D""},{""id"":385569,""name"":""E. Biumla"",""number"":24,""pos"":""D""},{""id"":21381,""name"":""J. Lefort"",""number"":21,""pos"":""D""},{""id"":41146,""name"":""F. Hanin"",""number"":26,""pos"":""D""},{""id"":103,""name"":""J. Aholou"",""number"":6,""pos"":""M""},{""id"":20554,""name"":""H. Belkebla"",""number"":93,""pos"":""M""},{""id"":3175,""name"":""Z. Ferhat"",""number"":20,""pos"":""M""},{""id"":20692,""name"":""H. Abdelli"",""number"":10,""pos"":""M""},{""id"":3177,""name"":""F. El Melali"",""number"":28,""pos"":""M""},{""id"":20537,""name"":""I. Niane"",""number"":7,""pos"":""F""}]","[{""id"":20850,""name"":""C. Arcus"",""number"":2,""pos"":""D""},{""id"":21618,""name"":""J. Allevinah"",""number"":18,""pos"":""F""},{""id"":343609,""name"":""J. Ekomié"",""number"":3,""pos"":""D""},{""id"":174708,""name"":""Y. Belkhdim"",""number"":14,""pos"":""M""},{""id"":3379,""name"":""C. Hountondji"",""number"":22,""pos"":""D""},{""id"":163004,""name"":""E. Lepaul"",""number"":19,""pos"":""F""},{""id"":174973,""name"":""M. Zinga"",""number"":16,""pos"":""G""},{""id"":21145,""name"":""P. Capelle"",""number"":15,""pos"":""M""},{""id"":3234,""name"":""A. Bamba"",""number"":25,""pos"":""D""}]"
1213804,1063,Saint Etienne,True,4-3-3,O. Dall’Oglio,11,9,"[{""id"":20541,""name"":""G. Larsonneur"",""number"":30,""pos"":""G""},{""id"":1407,""name"":""D. Appiah"",""number"":8,""pos"":""D""},{""id"":8445,""name"":""D. Batubinsika"",""number"":21,""pos"":""D""},{""id"":22087,""name"":""M. Nadé"",""number"":3,""pos"":""D""},{""id"":157146,""name"":""L. Pétrot"",""number"":19,""pos"":""D""},{""id"":174801,""name"":""A. Moueffek"",""number"":29,""pos"":""M""},{""id"":278232,""name"":""P. Ekwah"",""number"":4,""pos"":""M""},{""id"":395762,""name"":""M. Amougou"",""number"":37,""pos"":""M""},{""id"":179856,""name"":""B. Old"",""number"":11,""pos"":""F""},{""id"":20648,""name"":""I. Sissoko"",""number"":9,""pos"":""F""},{""id"":24743,""name"":""Z. Davitashvili"",""number"":22,""pos"":""F""}]","[{""id"":22003,""name"":""M. Cafaro"",""number"":18,""pos"":""M""},{""id"":289555,""name"":""L. Mouton"",""number"":14,""pos"":""M""},{""id"":322560,""name"":""L. Stassin"",""number"":32,""pos"":""F""},{""id"":274355,""name"":""B. Bouchouari"",""number"":6,""pos"":""M""},{""id"":8624,""name"":""F. Tardieu"",""number"":10,""pos"":""M""},{""id"":337426,""name"":""A. Boakye"",""number"":20,""pos"":""F""},{""id"":20736,""name"":""B. Maubleu"",""number"":1,""pos"":""G""},{""id"":2704,""name"":""Y. Abdelhamid"",""number"":5,""pos"":""D""},{""id"":20861,""name"":""L. Fomba"",""number"":26,""pos"":""M""}]"
1213804,108,Auxerre,False,3-4-2-1,C. Pélissier,11,9,"[{""id"":20542,""name"":""D. Léon"",""number"":16,""pos"":""G""},{""id"":162466,""name"":""S. Diomandé"",""number"":20,""pos"":""D""},{""id"":20206,""name"":""G. Osho"",""number"":3,""pos"":""D""},{""id"":191189,""name"":""C. Akpa"",""number"":92,""pos"":""D""},{""id"":285,""name"":""K. Hoever"",""number"":23,""pos"":""M""},{""id"":21010,""name"":""E. Owusu"",""number"":42,""pos"":""M""},{""id"":323625,""name"":""K. Danois"",""number"":27,""pos"":""M""},{""id"":7578,""name"":""G. Mensah"",""number"":14,""pos"":""M""},{""id"":32940,""name"":""A. Onaiwu"",""number"":45,""pos"":""F""},{""id"":31057,""name"":""H. Traoré"",""number"":25,""pos"":""F""},{""id"":90617,""name"":""L. Sinayoko"",""number"":17,""pos"":""F""}]","[{""id"":191392,""name"":""P. Joly"",""number"":26,""pos"":""D""},{""id"":20732,""name"":""G. Perrin"",""number"":10,""pos"":""F""},{""id"":51293,""name"":""T. Bair"",""number"":9,""pos"":""F""},{""id"":20586,""name"":""R. Raveloson"",""number"":97,""pos"":""M""},{""id"":20782,""name"":""F. Ayé"",""number"":19,""pos"":""F""},{""id"":193681,""name"":""T. De Percin"",""number"":40,""pos"":""G""},{""id"":21143,""name"":""T. Pellenard"",""number"":5,""pos"":""D""},{""id"":30748,""name"":""A. Dioussé"",""number"":18,""pos"":""M""},{""id"":345532,""name"":""A. N’Gatta"",""number"":24,""pos"":""D""}]"
1213803,79,Lille,True,4-2-3-1,B. Génésio,11,9,"[{""id"":162453,""name"":""L. Chevalier"",""number"":30,""pos"":""G""},{""id"":264,""name"":""T. Meunier"",""number"":12,""pos"":""D""},{""id"":22136,""name"":""B. Diakité"",""number"":18,""pos"":""D""},{""id"":142691,""name"":""Alexsandro Ribeiro"",""number"":4,""pos"":""D""},{""id"":47969,""name"":""G. Gudmundsson"",""number"":5,""pos"":""D""},{""id"":2204,""name"":""B. André"",""number"":21,""pos"":""M""},{""id"":18765,""name"":""André Gomes"",""number"":26,""pos"":""M""},{""id"":48392,""name"":""E. Zhegrova"",""number"":23,""pos"":""M""},{""id"":896,""name"":""A. Gomes"",""number"":8,""pos"":""M""},{""id"":99576,""name"":""O. Sahraoui"",""number"":11,""pos"":""M""},{""id"":8489,""name"":""J. David"",""number"":9,""pos"":""F""}]","[{""id"":438688,""name"":""A. Bouaddi"",""number"":32,""pos"":""M""},{""id"":379329,""name"":""Tiago Santos"",""number"":22,""pos"":""D""},{""id"":340077,""name"":""M. Fernandez-Pardo"",""number"":19,""pos"":null},{""id"":530,""name"":""M. Bakker"",""number"":20,""pos"":""D""},{""id"":22093,""name"":""R. Cabella"",""number"":10,""pos"":""M""},{""id"":24288,""name"":""M. Bayo"",""number"":27,""pos"":""F""},{""id"":351888,""name"":""O. Touré"",""number"":36,""pos"":""D""},{""id"":1567,""name"":""A. Mandi"",""number"":2,""pos"":""D""},{""id"":51146,""name"":""V. Mannone"",""number"":1,""pos"":""G""}]"
1213803,96,Toulouse,False,3-4-2-1,Carles Martínez,11,9,"[{""id"":325346,""name"":""G. Restes"",""number"":50,""pos"":""G""},{""id"":102,""name"":""D. Sidibé"",""number"":19,""pos"":""D""},{""id"":15793,""name"":""R. Nicolaisen"",""number"":2,""pos"":""D""},{""id"":50735,""name"":""M. McKenzie"",""number"":3,""pos"":""D""},{""id"":39115,""name"":""A. Dønnum"",""number"":15,""pos"":""M""},{""id"":50956,""name"":""C. Cásseres"",""number"":23,""pos"":""M""},{""id"":48491,""name"":""V. Sierro"",""number"":8,""pos"":""M""},{""id"":11421,""name"":""G. Suazo"",""number"":17,""pos"":""M""},{""id"":243,""name"":""Z. Aboukhlal"",""number"":7,""pos"":""F""},{""id"":84128,""name"":""Y. Gboho"",""number"":10,""pos"":""F""},{""id"":18881,""name"":""J. King"",""number"":13,""pos"":""F""}]","[{""id"":328648,""name"":""S. Babicka"",""number"":80,""pos"":""F""},{""id"":174724,""name"":""F. Magri"",""number"":9,""pos"":""F""},{""id"":278392,""name"":""C. Cresswell"",""number"":4,""pos"":""D""},{""id"":1369,""name"":""M. Zajc"",""number"":21,""pos"":""M""},{""id"":264383,""name"":""W. Kamanzi"",""number"":12,""pos"":""D""},{""id"":47351,""name"":""Álex Domínguez"",""number"":30,""pos"":""G""},{""id"":412759,""name"":""J. Canvot"",""number"":29,""pos"":""D""},{""id"":367637,""name"":""Ü. Akdağ"",""number"":6,""pos"":""D""},{""id"":36928,""name"":""D. Genreau"",""number"":5,""pos"":""M""}]"
1213807,94,Rennes,True,3-4-3,J. Stéphan,11,9,"[{""id"":1897,""name"":""S. Mandanda"",""number"":30,""pos"":""G""},{""id"":196187,""name"":""A. Seidu"",""number"":36,""pos"":""D""},{""id"":18967,""name"":""L. Østigård"",""number"":55,""pos"":""D""},{""id"":237249,""name"":""M. Faye"",""number"":15,""pos"":""D""},{""id"":30423,""name"":""H. Hateboer"",""number"":33,""pos"":""M""},{""id"":1754,""name"":""G. Kamara"",""number"":28,""pos"":""M""},{""id"":37236,""name"":""A. Matusiwa"",""number"":6,""pos"":""M""},{""id"":162267,""name"":""A. Truffert"",""number"":3,""pos"":""M""},{""id"":21497,""name"":""L. Blas"",""number"":11,""pos"":""F""},{""id"":147831,""name"":""A. Kalimuendo"",""number"":9,""pos"":""F""},{""id"":263177,""name"":""A. Grønbæk"",""number"":7,""pos"":""F""}]","[{""id"":85041,""name"":""A. Gouiri"",""number"":10,""pos"":""F""},{""id"":345748,""name"":""C. Gómez"",""number"":20,""pos"":""M""},{""id"":180731,""name"":""L. Assignon"",""number"":22,""pos"":""D""},{""id"":438281,""name"":""A. Nagida"",""number"":18,""pos"":""D""},{""id"":581,""name"":""Jota"",""number"":27,""pos"":""F""},{""id"":328074,""name"":""J. James"",""number"":17,""pos"":""M""},{""id"":20706,""name"":""G. Gallon"",""number"":23,""pos"":""G""},{""id"":21153,""name"":""B. Santamaría"",""number"":8,""pos"":""M""},{""id"":20916,""name"":""C. Wooh"",""number"":4,""pos"":""D""}]"
1213807,91,Monaco,False,3-4-2-1,A. Hütter,11,9,"[{""id"":7313,""name"":""P. Köhn"",""number"":16,""pos"":""G""},{""id"":30504,""name"":""W. Singo"",""number"":17,""pos"":""D""},{""id"":261,""name"":""T. Kehrer"",""number"":5,""pos"":""D""},{""id"":371916,""name"":""C. Mawissa"",""number"":13,""pos"":""D""},{""id"":291649,""name"":""Vanderson"",""number"":2,""pos"":""M""},{""id"":374058,""name"":""L. Camara"",""number"":15,""pos"":""M""},{""id"":2810,""name"":""D. Zakaria"",""number"":6,""pos"":""M""},{""id"":333137,""name"":""K. Ouattara"",""number"":20,""pos"":""M""},{""id"":1101,""name"":""T. Minamino"",""number"":18,""pos"":""F""},{""id"":343320,""name"":""E. Ben Seghir"",""number"":7,""pos"":""F""},{""id"":138835,""name"":""F. Balogun"",""number"":9,""pos"":""F""}]","[{""id"":395040,""name"":""G. Ilenikhena"",""number"":21,""pos"":""F""},{""id"":109,""name"":""A. Golovin"",""number"":10,""pos"":""M""},{""id"":81,""name"":""K. Diatta"",""number"":27,""pos"":""M""},{""id"":326176,""name"":""S. Magassa"",""number"":88,""pos"":""M""},{""id"":47480,""name"":""M. Salisu"",""number"":22,""pos"":""D""},{""id"":10316,""name"":""Caio Henrique"",""number"":12,""pos"":""D""},{""id"":231,""name"":""J. Teze"",""number"":4,""pos"":""D""},{""id"":40384,""name"":""R. Majecki"",""number"":1,""pos"":""G""},{""id"":421,""name"":""B. Embolo"",""number"":36,""pos"":""F""}]"
1213801,80,Lyon,True,4-2-3-1,P. Sage,11,9,"[{""id"":80296,""name"":""Lucas Perri"",""number"":23,""pos"":""G""},{""id"":1456,""name"":""A. Maitland-Niles"",""number"":98,""pos"":""D""},{""id"":1902,""name"":""D. Ćaleta-Car"",""number"":55,""pos"":""D""},{""id"":25916,""name"":""M. Niakhaté"",""number"":19,""pos"":""D""},{""id"":529,""name"":""N. Tagliafico"",""number"":3,""pos"":""D""},{""id"":30409,""name"":""J. Veretout"",""number"":7,""pos"":""M""},{""id"":519,""name"":""C. Tolisso"",""number"":8,""pos"":""M""},{""id"":19361,""name"":""S. Benrahma"",""number"":17,""pos"":""M""},{""id"":156477,""name"":""R. Cherki"",""number"":18,""pos"":""M""},{""id"":361348,""name"":""M. Fofana"",""number"":11,""pos"":""M""},{""id"":1467,""name"":""A. Lacazette"",""number"":10,""pos"":""F""}]","[{""id"":350856,""name"":""E. Nuamah"",""number"":37,""pos"":""F""},{""id"":659,""name"":""M. Caqueret"",""number"":6,""pos"":""M""},{""id"":80752,""name"":""T. Tessmann"",""number"":15,""pos"":""D""},{""id"":9700,""name"":""Abner"",""number"":16,""pos"":""D""},{""id"":180496,""name"":""G. Mikautadze"",""number"":69,""pos"":""F""},{""id"":20762,""name"":""R. Descamps"",""number"":40,""pos"":""G""},{""id"":162265,""name"":""W. Omari"",""number"":27,""pos"":""D""},{""id"":386284,""name"":""M. Diawara"",""number"":34,""pos"":""M""},{""id"":334914,""name"":""S. Kumbedi"",""number"":20,""pos"":""D""}]"
1213801,83,Nantes,False,4-2-3-1,A. Kombouare,11,8,"[{""id"":30393,""name"":""A. Lafont"",""number"":1,""pos"":""G""},{""id"":22134,""name"":""K. Amian"",""number"":98,""pos"":""D""},{""id"":21088,""name"":""N. Pallois"",""number"":4,""pos"":""D""},{""id"":343359,""name"":""N. Zézé"",""number"":44,""pos"":""D""},{""id"":21570,""name"":""N. Cozza"",""number"":3,""pos"":""D""},{""id"":3240,""name"":""J. Gbamin"",""number"":17,""pos"":""M""},{""id"":10036,""name"":""Douglas Augusto"",""number"":6,""pos"":""M""},{""id"":18599,""name"":""S. Thomas"",""number"":22,""pos"":""M""},{""id"":93671,""name"":""Pedro Chirivella"",""number"":5,""pos"":""M""},{""id"":2781,""name"":""M. Simon"",""number"":27,""pos"":""M""},{""id"":161622,""name"":""M. Abline"",""number"":39,""pos"":""F""}]","[{""id"":2668,""name"":""Mostafa Mohamed"",""number"":31,""pos"":""F""},{""id"":21582,""name"":""F. Mollet"",""number"":25,""pos"":""M""},{""id"":22177,""name"":""I. Ganago"",""number"":7,""pos"":""F""},{""id"":443674,""name"":""L. Leroux"",""number"":66,""pos"":""M""},{""id"":388779,""name"":""D. Assoumani"",""number"":59,""pos"":""M""},{""id"":386438,""name"":""M. Acapandié"",""number"":41,""pos"":""D""},{""id"":392569,""name"":""S. Doucouré"",""number"":72,""pos"":""D""},{""id"":15684,""name"":""P. Carlgren"",""number"":30,""pos"":""G""}]"
1213809,93,Reims,True,4-2-3-1,L. Elsner,11,9,"[{""id"":20566,""name"":""Y. Diouf"",""number"":94,""pos"":""G""},{""id"":8451,""name"":""Aurélio Buta"",""number"":23,""pos"":""D""},{""id"":19546,""name"":""C. Kipré"",""number"":21,""pos"":""D""},{""id"":135068,""name"":""E. Agbadou"",""number"":5,""pos"":""D""},{""id"":389322,""name"":""N. Sangui"",""number"":55,""pos"":""D""},{""id"":3080,""name"":""M. Munetsi"",""number"":15,""pos"":""M""},{""id"":343351,""name"":""V. Atangana Edoa"",""number"":6,""pos"":""M""},{""id"":1942,""name"":""J. Ito"",""number"":7,""pos"":""M""},{""id"":384489,""name"":""Y. Fofana"",""number"":71,""pos"":""M""},{""id"":33321,""name"":""K. Nakamura"",""number"":17,""pos"":""M""},{""id"":334429,""name"":""O. Diakité"",""number"":22,""pos"":""F""}]","[{""id"":8966,""name"":""T. Teuma"",""number"":10,""pos"":""M""},{""id"":352990,""name"":""A. Salama"",""number"":11,""pos"":""F""},{""id"":386481,""name"":""M. Diakhon"",""number"":67,""pos"":""F""},{""id"":1300,""name"":""M. Daramy"",""number"":9,""pos"":""F""},{""id"":437482,""name"":""Amadou Koné"",""number"":72,""pos"":""M""},{""id"":8553,""name"":""M. Busi"",""number"":4,""pos"":""D""},{""id"":8474,""name"":""T. De Smet"",""number"":25,""pos"":""D""},{""id"":71545,""name"":""J. Okumu"",""number"":2,""pos"":""D""},{""id"":21080,""name"":""A. Olliero"",""number"":20,""pos"":""G""}]"
1213809,82,Montpellier,False,4-2-3-1,M. Der Zakarian,11,8,"[{""id"":21565,""name"":""D. Bertaud"",""number"":16,""pos"":""G""},{""id"":3336,""name"":""F. Sacko"",""number"":77,""pos"":""D""},{""id"":342228,""name"":""S. Džodić"",""number"":45,""pos"":""D""},{""id"":20661,""name"":""M. Sagnan"",""number"":5,""pos"":""D""},{""id"":333118,""name"":""L. Mincarelli"",""number"":21,""pos"":""D""},{""id"":20866,""name"":""B. Touré"",""number"":20,""pos"":""M""},{""id"":128287,""name"":""J. Chotard"",""number"":13,""pos"":""M""},{""id"":22097,""name"":""A. Nordin"",""number"":7,""pos"":""M""},{""id"":21443,""name"":""T. Savanier"",""number"":11,""pos"":""M""},{""id"":22102,""name"":""W. Khazri"",""number"":10,""pos"":""M""},{""id"":57446,""name"":""A. Adams"",""number"":8,""pos"":""F""}]","[{""id"":48636,""name"":""G. Barès"",""number"":15,""pos"":""M""},{""id"":355076,""name"":""A. Gueguin"",""number"":38,""pos"":""F""},{""id"":179399,""name"":""E. Tchato"",""number"":29,""pos"":""D""},{""id"":22141,""name"":""I. Sylla"",""number"":3,""pos"":""D""},{""id"":21566,""name"":""B. Lecomte"",""number"":40,""pos"":""G""},{""id"":369676,""name"":""T. Chennahi"",""number"":44,""pos"":""M""},{""id"":486620,""name"":""C. Mamilo"",""number"":43,""pos"":""D""},{""id"":361383,""name"":""Junior Ndiaye"",""number"":41,""pos"":""F""}]"
1213808,95,Strasbourg,True,4-2-3-1,L. Rosenior,11,9,"[{""id"":118307,""name"":""Đ. Petrović"",""number"":1,""pos"":""G""},{""id"":161747,""name"":""G. Doué"",""number"":22,""pos"":""D""},{""id"":274328,""name"":""S. Sow"",""number"":4,""pos"":""D""},{""id"":364810,""name"":""A. Sylla"",""number"":5,""pos"":""D""},{""id"":335056,""name"":""Diego Moreira"",""number"":7,""pos"":""D""},{""id"":271542,""name"":""I. Doukouré"",""number"":29,""pos"":""M""},{""id"":305834,""name"":""Andrey Santos"",""number"":8,""pos"":""M""},{""id"":129695,""name"":""D. Bakwa"",""number"":26,""pos"":""M""},{""id"":327631,""name"":""H. Diarra"",""number"":19,""pos"":""M""},{""id"":226803,""name"":""S. Nanasi"",""number"":15,""pos"":""M""},{""id"":203762,""name"":""E. Emegha"",""number"":10,""pos"":""F""}]","[{""id"":190686,""name"":""S. Mara"",""number"":14,""pos"":""F""},{""id"":325594,""name"":""F. Lemaréchal"",""number"":6,""pos"":""M""},{""id"":369885,""name"":""J. Sebas"",""number"":40,""pos"":""F""},{""id"":358166,""name"":""A. Ouattara"",""number"":33,""pos"":""F""},{""id"":356520,""name"":""Ó. Perea"",""number"":20,""pos"":""F""},{""id"":2259,""name"":""E. Sobol"",""number"":77,""pos"":""D""},{""id"":2850,""name"":""K. Johnsson"",""number"":30,""pos"":""G""},{""id"":282549,""name"":""J. Mwanga"",""number"":18,""pos"":""M""},{""id"":438752,""name"":""P. Diong"",""number"":17,""pos"":""M""}]"
1213808,116,Lens,False,3-4-1-2,W. Still,11,9,"[{""id"":21628,""name"":""B. Samba"",""number"":30,""pos"":""G""},{""id"":22166,""name"":""M. Sarr"",""number"":20,""pos"":""D""},{""id"":360114,""name"":""A. Khusanov"",""number"":25,""pos"":""D""},{""id"":6231,""name"":""F. Medina"",""number"":14,""pos"":""D""},{""id"":3007,""name"":""P. Frankowski"",""number"":29,""pos"":""M""},{""id"":22261,""name"":""A. Thomasson"",""number"":28,""pos"":""M""},{""id"":270509,""name"":""A. Diouf"",""number"":18,""pos"":""M""},{""id"":237191,""name"":""J. Chávez"",""number"":13,""pos"":""M""},{""id"":21146,""name"":""A. Fulgini"",""number"":11,""pos"":""F""},{""id"":31318,""name"":""M'Bala Nzola"",""number"":8,""pos"":""F""},{""id"":21715,""name"":""W. Saïd"",""number"":22,""pos"":""F""}]","[{""id"":18785,""name"":""N. Mendy"",""number"":26,""pos"":""M""},{""id"":20761,""name"":""F. Sotoca"",""number"":7,""pos"":""F""},{""id"":21568,""name"":""R. Aguilar"",""number"":2,""pos"":""D""},{""id"":174607,""name"":""David Pereira da Costa"",""number"":10,""pos"":""M""},{""id"":21484,""name"":""D. Petrić"",""number"":1,""pos"":""G""},{""id"":326976,""name"":""T. Pouilly"",""number"":34,""pos"":""M""},{""id"":441264,""name"":""K. Antonio"",""number"":33,""pos"":""D""},{""id"":369500,""name"":""P. Ganiou"",""number"":37,""pos"":""D""},{""id"":437143,""name"":""A. Delplace"",""number"":50,""pos"":""G""}]"
1213805,106,Stade Brestois 29,True,4-2-3-1,E. Roy,11,9,"[{""id"":36878,""name"":""M. Bizot"",""number"":40,""pos"":""G""},{""id"":22247,""name"":""K. Lala"",""number"":7,""pos"":""D""},{""id"":20546,""name"":""B. Chardonnet"",""number"":5,""pos"":""D""},{""id"":203483,""name"":""A. Ndiaye"",""number"":3,""pos"":""D""},{""id"":3333,""name"":""M. Haïdara"",""number"":22,""pos"":""D""},{""id"":24147,""name"":""M. Camara"",""number"":45,""pos"":""M""},{""id"":20558,""name"":""H. Magnetti"",""number"":8,""pos"":""M""},{""id"":41323,""name"":""Mama Baldé"",""number"":14,""pos"":""M""},{""id"":326068,""name"":""K. Doumbia"",""number"":9,""pos"":""M""},{""id"":20780,""name"":""Mathias Pereira Lage"",""number"":26,""pos"":""M""},{""id"":22264,""name"":""L. Ajorque"",""number"":19,""pos"":""F""}]","[{""id"":22170,""name"":""P. Lees-Melou"",""number"":20,""pos"":""M""},{""id"":375000,""name"":""I. Salah"",""number"":34,""pos"":""F""},{""id"":162568,""name"":""S. Coulibaly"",""number"":44,""pos"":""D""},{""id"":2214,""name"":""R. Del Castillo"",""number"":10,""pos"":""M""},{""id"":22258,""name"":""J. Martin"",""number"":28,""pos"":""M""},{""id"":85914,""name"":""J. Le Cardinal"",""number"":25,""pos"":""D""},{""id"":84082,""name"":""R. Faivre"",""number"":21,""pos"":""M""},{""id"":422595,""name"":""L. Zogbé"",""number"":12,""pos"":""D""},{""id"":21248,""name"":""G. Coudert"",""number"":30,""pos"":""G""}]"
1213805,111,Le Havre,False,3-1-4-2,D. Digard,11,9,"[{""id"":24011,""name"":""A. Desmas"",""number"":30,""pos"":""G""},{""id"":174927,""name"":""A. Sangante"",""number"":93,""pos"":""D""},{""id"":162443,""name"":""É. Youté"",""number"":6,""pos"":""D""},{""id"":64255,""name"":""G. Lloris"",""number"":4,""pos"":""D""},{""id"":21103,""name"":""A. Touré"",""number"":94,""pos"":""M""},{""id"":2336,""name"":""L. Nego"",""number"":7,""pos"":""M""},{""id"":284071,""name"":""O. Targhalline"",""number"":5,""pos"":""M""},{""id"":128342,""name"":""R. Ndiaye"",""number"":19,""pos"":""M""},{""id"":20836,""name"":""C. Opéri"",""number"":27,""pos"":""M""},{""id"":386275,""name"":""I. Housni"",""number"":46,""pos"":""F""},{""id"":156465,""name"":""I. Soumaré"",""number"":45,""pos"":""F""}]","[{""id"":15783,""name"":""E. Sabbi"",""number"":11,""pos"":""F""},{""id"":174937,""name"":""Y. Kechta"",""number"":8,""pos"":""M""},{""id"":1212,""name"":""D. Kuzyaev"",""number"":14,""pos"":""M""},{""id"":289304,""name"":""A. Joujou"",""number"":21,""pos"":""F""},{""id"":22266,""name"":""S. Grandsir"",""number"":29,""pos"":""F""},{""id"":20576,""name"":""Y. Salmier"",""number"":22,""pos"":""D""},{""id"":23637,""name"":""Y. Zouaoui"",""number"":18,""pos"":""D""},{""id"":162067,""name"":""T. Pembélé"",""number"":32,""pos"":""D""},{""id"":646,""name"":""M. Gorgelin"",""number"":1,""pos"":""G""}]"
1213802,84,Nice,True,3-4-2-1,F. Haise,11,9,"[{""id"":2274,""name"":""M. Bułka"",""number"":1,""pos"":""G""},{""id"":407017,""name"":""M. Bombito"",""number"":64,""pos"":""D""},{""id"":3099,""name"":""Y. Ndayishimiye"",""number"":55,""pos"":""D""},{""id"":22163,""name"":""Dante"",""number"":4,""pos"":""D""},{""id"":25008,""name"":""J. Clauss"",""number"":92,""pos"":""M""},{""id"":4399,""name"":""H. Boudaoui"",""number"":6,""pos"":""M""},{""id"":662,""name"":""T. Ndombélé"",""number"":22,""pos"":""M""},{""id"":49583,""name"":""A. Abdi"",""number"":2,""pos"":""M""},{""id"":137303,""name"":""E. Guessand"",""number"":29,""pos"":""F""},{""id"":30531,""name"":""J. Boga"",""number"":7,""pos"":""F""},{""id"":274312,""name"":""M. Cho"",""number"":25,""pos"":""F""}]","[{""id"":313937,""name"":""A. Mendy"",""number"":33,""pos"":""D""},{""id"":161919,""name"":""Y. Moukoko"",""number"":15,""pos"":""F""},{""id"":107,""name"":""S. Diop"",""number"":10,""pos"":""M""},{""id"":240,""name"":""P. Rosario"",""number"":8,""pos"":""M""},{""id"":334879,""name"":""B. Bouanani"",""number"":19,""pos"":""M""},{""id"":21079,""name"":""M. Dupé"",""number"":31,""pos"":""G""},{""id"":196343,""name"":""Mohamed Abdelmonem"",""number"":5,""pos"":""D""},{""id"":477124,""name"":""V. Orakpo"",""number"":45,""pos"":""F""},{""id"":193617,""name"":""T. Louchet"",""number"":20,""pos"":""M""}]"
1213802,85,Paris Saint Germain,False,4-3-3,Luis Enrique,11,9,"[{""id"":1622,""name"":""G. Donnarumma"",""number"":1,""pos"":""G""},{""id"":9,""name"":""A. Hakimi"",""number"":2,""pos"":""D""},{""id"":257,""name"":""Marquinhos"",""number"":5,""pos"":""D""},{""id"":16367,""name"":""W. Pacho"",""number"":51,""pos"":""D""},{""id"":263482,""name"":""Nuno Mendes"",""number"":25,""pos"":""D""},{""id"":336657,""name"":""W. Zaïre-Emery"",""number"":33,""pos"":""M""},{""id"":335051,""name"":""João Neves"",""number"":87,""pos"":""M""},{""id"":328,""name"":""Fabián Ruiz"",""number"":8,""pos"":""M""},{""id"":153,""name"":""O. Dembélé"",""number"":10,""pos"":""F""},{""id"":21104,""name"":""R. Kolo Muani"",""number"":23,""pos"":""F""},{""id"":161904,""name"":""B. Barcola"",""number"":29,""pos"":""F""}]","[{""id"":927,""name"":""Lee Kang-In"",""number"":19,""pos"":""M""},{""id"":128384,""name"":""Vitinha"",""number"":17,""pos"":""M""},{""id"":746,""name"":""Marco Asensio"",""number"":11,""pos"":""F""},{""id"":2068,""name"":""M. Safonov"",""number"":39,""pos"":""G""},{""id"":198,""name"":""M. Škriniar"",""number"":37,""pos"":""D""},{""id"":386285,""name"":""Y. Zague"",""number"":42,""pos"":""D""},{""id"":307835,""name"":""Beraldo"",""number"":35,""pos"":""D""},{""id"":409216,""name"":""S. Mayulu"",""number"":24,""pos"":""M""},{""id"":343027,""name"":""D. Doué"",""number"":14,""pos"":""F""}]"
1213815,91,Monaco,True,4-2-3-1,A. Hütter,11,9,"[{""id"":40384,""name"":""R. Majecki"",""number"":1,""pos"":""G""},{""id"":231,""name"":""J. Teze"",""number"":4,""pos"":""D""},{""id"":30504,""name"":""W. Singo"",""number"":17,""pos"":""D""},{""id"":261,""name"":""T. Kehrer"",""number"":5,""pos"":""D""},{""id"":10316,""name"":""Caio Henrique"",""number"":12,""pos"":""D""},{""id"":374058,""name"":""L. Camara"",""number"":15,""pos"":""M""},{""id"":2810,""name"":""D. Zakaria"",""number"":6,""pos"":""M""},{""id"":1101,""name"":""T. Minamino"",""number"":18,""pos"":""M""},{""id"":109,""name"":""A. Golovin"",""number"":10,""pos"":""M""},{""id"":343320,""name"":""E. Ben Seghir"",""number"":7,""pos"":""M""},{""id"":395040,""name"":""G. Ilenikhena"",""number"":21,""pos"":""F""}]","[{""id"":81,""name"":""K. Diatta"",""number"":27,""pos"":""M""},{""id"":421,""name"":""B. Embolo"",""number"":36,""pos"":""F""},{""id"":274300,""name"":""M. Akliouche"",""number"":11,""pos"":""M""},{""id"":371916,""name"":""C. Mawissa"",""number"":13,""pos"":""D""},{""id"":7313,""name"":""P. Köhn"",""number"":16,""pos"":""G""},{""id"":333137,""name"":""K. Ouattara"",""number"":20,""pos"":""D""},{""id"":326176,""name"":""S. Magassa"",""number"":88,""pos"":""M""},{""id"":291649,""name"":""Vanderson"",""number"":2,""pos"":""D""},{""id"":162991,""name"":""E. Matazo"",""number"":8,""pos"":""M""}]"
1213815,79,Lille,False,4-2-3-1,B. Génésio,11,9,"[{""id"":162453,""name"":""L. Chevalier"",""number"":30,""pos"":""G""},{""id"":264,""name"":""T. Meunier"",""number"":12,""pos"":""D""},{""id"":22136,""name"":""B. Diakité"",""number"":18,""pos"":""D""},{""id"":142691,""name"":""Alexsandro Ribeiro"",""number"":4,""pos"":""D""},{""id"":530,""name"":""M. Bakker"",""number"":20,""pos"":""D""},{""id"":438688,""name"":""A. Bouaddi"",""number"":32,""pos"":""M""},{""id"":18765,""name"":""André Gomes"",""number"":26,""pos"":""M""},{""id"":48392,""name"":""E. Zhegrova"",""number"":23,""pos"":""M""},{""id"":896,""name"":""A. Gomes"",""number"":8,""pos"":""M""},{""id"":99576,""name"":""O. Sahraoui"",""number"":11,""pos"":""M""},{""id"":8489,""name"":""J. David"",""number"":9,""pos"":""F""}]","[{""id"":47969,""name"":""G. Gudmundsson"",""number"":5,""pos"":""D""},{""id"":340077,""name"":""M. Fernandez-Pardo"",""number"":19,""pos"":null},{""id"":22093,""name"":""R. Cabella"",""number"":10,""pos"":""M""},{""id"":375598,""name"":""N. Mukau"",""number"":17,""pos"":""M""},{""id"":24288,""name"":""M. Bayo"",""number"":27,""pos"":""F""},{""id"":21233,""name"":""A. Zedadka"",""number"":13,""pos"":""D""},{""id"":51146,""name"":""V. Mannone"",""number"":1,""pos"":""G""},{""id"":351888,""name"":""O. Touré"",""number"":36,""pos"":""D""},{""id"":1567,""name"":""A. Mandi"",""number"":2,""pos"":""D""}]"
1213817,106,Stade Brestois 29,True,4-3-3,E. Roy,11,9,"[{""id"":36878,""name"":""M. Bizot"",""number"":40,""pos"":""G""},{""id"":22247,""name"":""K. Lala"",""number"":7,""pos"":""D""},{""id"":20546,""name"":""B. Chardonnet"",""number"":5,""pos"":""D""},{""id"":203483,""name"":""A. Ndiaye"",""number"":3,""pos"":""D""},{""id"":1901,""name"":""J. Amavi"",""number"":23,""pos"":""D""},{""id"":24147,""name"":""M. Camara"",""number"":45,""pos"":""M""},{""id"":22170,""name"":""P. Lees-Melou"",""number"":20,""pos"":""M""},{""id"":20558,""name"":""H. Magnetti"",""number"":8,""pos"":""M""},{""id"":2214,""name"":""R. Del Castillo"",""number"":10,""pos"":""F""},{""id"":22264,""name"":""L. Ajorque"",""number"":19,""pos"":""F""},{""id"":20780,""name"":""Mathias Pereira Lage"",""number"":26,""pos"":""F""}]","[{""id"":41323,""name"":""Mama Baldé"",""number"":14,""pos"":""F""},{""id"":22258,""name"":""J. Martin"",""number"":28,""pos"":""M""},{""id"":326068,""name"":""K. Doumbia"",""number"":9,""pos"":""M""},{""id"":84082,""name"":""R. Faivre"",""number"":21,""pos"":""M""},{""id"":30405,""name"":""E. Fernandes"",""number"":6,""pos"":""D""},{""id"":329209,""name"":""A. Camblan"",""number"":11,""pos"":""M""},{""id"":21248,""name"":""G. Coudert"",""number"":30,""pos"":""G""},{""id"":422595,""name"":""L. Zogbé"",""number"":12,""pos"":""D""},{""id"":162568,""name"":""S. Coulibaly"",""number"":44,""pos"":""D""}]"
1213817,94,Rennes,False,3-4-2-1,J. Stéphan,11,9,"[{""id"":1897,""name"":""S. Mandanda"",""number"":30,""pos"":""G""},{""id"":196187,""name"":""A. Seidu"",""number"":36,""pos"":""D""},{""id"":20916,""name"":""C. Wooh"",""number"":4,""pos"":""D""},{""id"":237249,""name"":""M. Faye"",""number"":15,""pos"":""D""},{""id"":30423,""name"":""H. Hateboer"",""number"":33,""pos"":""M""},{""id"":21153,""name"":""B. Santamaría"",""number"":8,""pos"":""M""},{""id"":37236,""name"":""A. Matusiwa"",""number"":6,""pos"":""M""},{""id"":162267,""name"":""A. Truffert"",""number"":3,""pos"":""M""},{""id"":21497,""name"":""L. Blas"",""number"":11,""pos"":""F""},{""id"":85041,""name"":""A. Gouiri"",""number"":10,""pos"":""F""},{""id"":147831,""name"":""A. Kalimuendo"",""number"":9,""pos"":""F""}]","[{""id"":581,""name"":""Jota"",""number"":27,""pos"":""F""},{""id"":1754,""name"":""G. Kamara"",""number"":28,""pos"":""M""},{""id"":345748,""name"":""C. Gómez"",""number"":20,""pos"":""M""},{""id"":263177,""name"":""A. Grønbæk"",""number"":7,""pos"":""M""},{""id"":438281,""name"":""A. Nagida"",""number"":18,""pos"":""D""},{""id"":343792,""name"":""D. Cissé"",""number"":38,""pos"":""M""},{""id"":20706,""name"":""G. Gallon"",""number"":23,""pos"":""G""},{""id"":152418,""name"":""N. Ahamada"",""number"":32,""pos"":""M""},{""id"":328074,""name"":""J. James"",""number"":17,""pos"":""M""}]"
1213816,1063,Saint Etienne,True,4-3-3,O. Dall’Oglio,11,9,"[{""id"":20541,""name"":""G. Larsonneur"",""number"":30,""pos"":""G""},{""id"":1407,""name"":""D. Appiah"",""number"":8,""pos"":""D""},{""id"":2704,""name"":""Y. Abdelhamid"",""number"":5,""pos"":""D""},{""id"":22087,""name"":""M. Nadé"",""number"":3,""pos"":""D""},{""id"":157146,""name"":""L. Pétrot"",""number"":19,""pos"":""D""},{""id"":174801,""name"":""A. Moueffek"",""number"":29,""pos"":""M""},{""id"":278232,""name"":""P. Ekwah"",""number"":4,""pos"":""M""},{""id"":395762,""name"":""M. Amougou"",""number"":37,""pos"":""M""},{""id"":22003,""name"":""M. Cafaro"",""number"":18,""pos"":""F""},{""id"":20648,""name"":""I. Sissoko"",""number"":9,""pos"":""F""},{""id"":24743,""name"":""Z. Davitashvili"",""number"":22,""pos"":""F""}]","[{""id"":289555,""name"":""L. Mouton"",""number"":14,""pos"":""M""},{""id"":337426,""name"":""A. Boakye"",""number"":20,""pos"":""F""},{""id"":274355,""name"":""B. Bouchouari"",""number"":6,""pos"":""M""},{""id"":322560,""name"":""L. Stassin"",""number"":32,""pos"":""F""},{""id"":8445,""name"":""D. Batubinsika"",""number"":21,""pos"":""D""},{""id"":20736,""name"":""B. Maubleu"",""number"":1,""pos"":""G""},{""id"":20861,""name"":""L. Fomba"",""number"":26,""pos"":""M""},{""id"":8624,""name"":""F. Tardieu"",""number"":10,""pos"":""M""},{""id"":363053,""name"":""I. Miladinović"",""number"":28,""pos"":""M""}]"
1213816,116,Lens,False,3-4-2-1,W. Still,11,9,"[{""id"":21628,""name"":""B. Samba"",""number"":30,""pos"":""G""},{""id"":360114,""name"":""A. Khusanov"",""number"":25,""pos"":""D""},{""id"":25287,""name"":""K. Danso"",""number"":4,""pos"":""D""},{""id"":6231,""name"":""F. Medina"",""number"":14,""pos"":""D""},{""id"":3007,""name"":""P. Frankowski"",""number"":29,""pos"":""M""},{""id"":22261,""name"":""A. Thomasson"",""number"":28,""pos"":""M""},{""id"":270509,""name"":""A. Diouf"",""number"":18,""pos"":""M""},{""id"":237191,""name"":""J. Chávez"",""number"":13,""pos"":""M""},{""id"":20761,""name"":""F. Sotoca"",""number"":7,""pos"":""F""},{""id"":21146,""name"":""A. Fulgini"",""number"":11,""pos"":""F""},{""id"":31318,""name"":""M'Bala Nzola"",""number"":8,""pos"":""F""}]","[{""id"":326073,""name"":""R. Labeau Lascary"",""number"":36,""pos"":""F""},{""id"":22166,""name"":""M. Sarr"",""number"":20,""pos"":""D""},{""id"":18785,""name"":""N. Mendy"",""number"":26,""pos"":""M""},{""id"":21715,""name"":""W. Saïd"",""number"":22,""pos"":""F""},{""id"":326976,""name"":""T. Pouilly"",""number"":34,""pos"":""M""},{""id"":21635,""name"":""J. Gradit"",""number"":24,""pos"":""D""},{""id"":21484,""name"":""D. Petrić"",""number"":1,""pos"":""G""},{""id"":129169,""name"":""A. Zaroury"",""number"":21,""pos"":""F""},{""id"":174607,""name"":""David Pereira da Costa"",""number"":10,""pos"":""M""}]"
1213818,85,Paris Saint Germain,True,4-3-3,Luis Enrique,11,9,"[{""id"":1622,""name"":""G. Donnarumma"",""number"":1,""pos"":""G""},{""id"":336657,""name"":""W. Zaïre-Emery"",""number"":33,""pos"":""D""},{""id"":198,""name"":""M. Škriniar"",""number"":37,""pos"":""D""},{""id"":16367,""name"":""W. Pacho"",""number"":51,""pos"":""D""},{""id"":307835,""name"":""Beraldo"",""number"":35,""pos"":""D""},{""id"":409216,""name"":""S. Mayulu"",""number"":24,""pos"":""M""},{""id"":128384,""name"":""Vitinha"",""number"":17,""pos"":""M""},{""id"":335051,""name"":""João Neves"",""number"":87,""pos"":""M""},{""id"":343027,""name"":""D. Doué"",""number"":14,""pos"":""F""},{""id"":746,""name"":""Marco Asensio"",""number"":11,""pos"":""F""},{""id"":161904,""name"":""B. Barcola"",""number"":29,""pos"":""F""}]","[{""id"":927,""name"":""Lee Kang-In"",""number"":19,""pos"":""M""},{""id"":328,""name"":""Fabián Ruiz"",""number"":8,""pos"":""M""},{""id"":446249,""name"":""I. Mbaye"",""number"":49,""pos"":""F""},{""id"":153,""name"":""O. Dembélé"",""number"":10,""pos"":""F""},{""id"":386285,""name"":""Y. Zague"",""number"":42,""pos"":""D""},{""id"":2068,""name"":""M. Safonov"",""number"":39,""pos"":""G""},{""id"":9,""name"":""A. Hakimi"",""number"":2,""pos"":""D""},{""id"":263482,""name"":""Nuno Mendes"",""number"":25,""pos"":""D""},{""id"":257,""name"":""Marquinhos"",""number"":5,""pos"":""D""}]"
1213818,95,Strasbourg,False,4-2-3-1,L. Rosenior,11,9,"[{""id"":118307,""name"":""Đ. Petrović"",""number"":1,""pos"":""G""},{""id"":191240,""name"":""M. Senaya"",""number"":28,""pos"":""D""},{""id"":364810,""name"":""A. Sylla"",""number"":5,""pos"":""D""},{""id"":276184,""name"":""M. Sarr"",""number"":23,""pos"":""D""},{""id"":335056,""name"":""Diego Moreira"",""number"":7,""pos"":""D""},{""id"":282549,""name"":""J. Mwanga"",""number"":18,""pos"":""M""},{""id"":305834,""name"":""Andrey Santos"",""number"":8,""pos"":""M""},{""id"":129695,""name"":""D. Bakwa"",""number"":26,""pos"":""M""},{""id"":327631,""name"":""H. Diarra"",""number"":19,""pos"":""M""},{""id"":226803,""name"":""S. Nanasi"",""number"":15,""pos"":""M""},{""id"":203762,""name"":""E. Emegha"",""number"":10,""pos"":""F""}]","[{""id"":190686,""name"":""S. Mara"",""number"":14,""pos"":""F""},{""id"":274328,""name"":""S. Sow"",""number"":4,""pos"":""D""},{""id"":325594,""name"":""F. Lemaréchal"",""number"":6,""pos"":""M""},{""id"":358166,""name"":""A. Ouattara"",""number"":42,""pos"":""M""},{""id"":438752,""name"":""P. Diong"",""number"":17,""pos"":""M""},{""id"":437760,""name"":""R. Messi"",""number"":47,""pos"":""F""},{""id"":2850,""name"":""K. Johnsson"",""number"":30,""pos"":""G""},{""id"":2259,""name"":""E. Sobol"",""number"":77,""pos"":""D""},{""id"":374503,""name"":""Y. Gomis"",""number"":25,""pos"":""D""}]"
1213812,111,Le Havre,True,3-1-4-2,D. Digard,11,9,"[{""id"":24011,""name"":""A. Desmas"",""number"":30,""pos"":""G""},{""id"":162067,""name"":""T. Pembélé"",""number"":32,""pos"":""D""},{""id"":20576,""name"":""Y. Salmier"",""number"":22,""pos"":""D""},{""id"":64255,""name"":""G. Lloris"",""number"":4,""pos"":""D""},{""id"":21103,""name"":""A. Touré"",""number"":94,""pos"":""M""},{""id"":2336,""name"":""L. Nego"",""number"":7,""pos"":""M""},{""id"":284071,""name"":""O. Targhalline"",""number"":5,""pos"":""M""},{""id"":128342,""name"":""R. Ndiaye"",""number"":19,""pos"":""M""},{""id"":20836,""name"":""C. Opéri"",""number"":27,""pos"":""M""},{""id"":174915,""name"":""J. Casimir"",""number"":10,""pos"":""F""},{""id"":156465,""name"":""I. Soumaré"",""number"":45,""pos"":""F""}]","[{""id"":15783,""name"":""E. Sabbi"",""number"":11,""pos"":""F""},{""id"":1212,""name"":""D. Kuzyaev"",""number"":14,""pos"":""M""},{""id"":1370,""name"":""A. Ayew"",""number"":28,""pos"":""F""},{""id"":343317,""name"":""S. Ngoura"",""number"":77,""pos"":""F""},{""id"":174937,""name"":""Y. Kechta"",""number"":8,""pos"":""M""},{""id"":646,""name"":""M. Gorgelin"",""number"":1,""pos"":""G""},{""id"":22266,""name"":""S. Grandsir"",""number"":29,""pos"":""F""},{""id"":386275,""name"":""I. Housni"",""number"":46,""pos"":""F""},{""id"":23637,""name"":""Y. Zouaoui"",""number"":18,""pos"":""D""}]"
1213812,80,Lyon,False,4-3-3,P. Sage,11,9,"[{""id"":80296,""name"":""Lucas Perri"",""number"":23,""pos"":""G""},{""id"":1456,""name"":""A. Maitland-Niles"",""number"":98,""pos"":""D""},{""id"":68,""name"":""Clinton Mata"",""number"":22,""pos"":""D""},{""id"":25916,""name"":""M. Niakhaté"",""number"":19,""pos"":""D""},{""id"":9700,""name"":""Abner"",""number"":16,""pos"":""D""},{""id"":30409,""name"":""J. Veretout"",""number"":7,""pos"":""M""},{""id"":659,""name"":""M. Caqueret"",""number"":6,""pos"":""M""},{""id"":519,""name"":""C. Tolisso"",""number"":8,""pos"":""M""},{""id"":156477,""name"":""R. Cherki"",""number"":18,""pos"":""F""},{""id"":1467,""name"":""A. Lacazette"",""number"":10,""pos"":""F""},{""id"":361348,""name"":""M. Fofana"",""number"":11,""pos"":""F""}]","[{""id"":19361,""name"":""S. Benrahma"",""number"":17,""pos"":""F""},{""id"":180496,""name"":""G. Mikautadze"",""number"":69,""pos"":""F""},{""id"":350856,""name"":""E. Nuamah"",""number"":37,""pos"":""F""},{""id"":162265,""name"":""W. Omari"",""number"":27,""pos"":""D""},{""id"":334914,""name"":""S. Kumbedi"",""number"":20,""pos"":""D""},{""id"":80752,""name"":""T. Tessmann"",""number"":15,""pos"":""D""},{""id"":368260,""name"":""G. Orban"",""number"":9,""pos"":""F""},{""id"":386284,""name"":""M. Diawara"",""number"":34,""pos"":""M""},{""id"":20762,""name"":""R. Descamps"",""number"":40,""pos"":""G""}]"
1213813,83,Nantes,True,4-3-3,A. Kombouare,11,9,"[{""id"":30393,""name"":""A. Lafont"",""number"":1,""pos"":""G""},{""id"":22134,""name"":""K. Amian"",""number"":98,""pos"":""D""},{""id"":20545,""name"":""J. Castelletto"",""number"":21,""pos"":""D""},{""id"":343359,""name"":""N. Zézé"",""number"":44,""pos"":""D""},{""id"":21570,""name"":""N. Cozza"",""number"":3,""pos"":""D""},{""id"":21582,""name"":""F. Mollet"",""number"":25,""pos"":""M""},{""id"":93671,""name"":""Pedro Chirivella"",""number"":5,""pos"":""M""},{""id"":193952,""name"":""J. Lepenant"",""number"":8,""pos"":""M""},{""id"":161622,""name"":""M. Abline"",""number"":39,""pos"":""F""},{""id"":2668,""name"":""Mostafa Mohamed"",""number"":31,""pos"":""F""},{""id"":2781,""name"":""M. Simon"",""number"":27,""pos"":""F""}]","[{""id"":3240,""name"":""J. Gbamin"",""number"":17,""pos"":""M""},{""id"":18599,""name"":""S. Thomas"",""number"":22,""pos"":""M""},{""id"":22177,""name"":""I. Ganago"",""number"":7,""pos"":""F""},{""id"":3084,""name"":""T. Kadewere"",""number"":10,""pos"":""F""},{""id"":388779,""name"":""D. Assoumani"",""number"":59,""pos"":""M""},{""id"":386438,""name"":""M. Acapandié"",""number"":41,""pos"":""D""},{""id"":21088,""name"":""N. Pallois"",""number"":4,""pos"":""D""},{""id"":443674,""name"":""L. Leroux"",""number"":66,""pos"":""M""},{""id"":15684,""name"":""P. Carlgren"",""number"":30,""pos"":""G""}]"
1213813,84,Nice,False,3-4-2-1,F. Haise,11,9,"[{""id"":2274,""name"":""M. Bułka"",""number"":1,""pos"":""G""},{""id"":313937,""name"":""A. Mendy"",""number"":33,""pos"":""D""},{""id"":407017,""name"":""M. Bombito"",""number"":64,""pos"":""D""},{""id"":196343,""name"":""Mohamed Abdelmonem"",""number"":5,""pos"":""D""},{""id"":25008,""name"":""J. Clauss"",""number"":92,""pos"":""M""},{""id"":4399,""name"":""H. Boudaoui"",""number"":6,""pos"":""M""},{""id"":240,""name"":""P. Rosario"",""number"":8,""pos"":""M""},{""id"":49583,""name"":""A. Abdi"",""number"":2,""pos"":""M""},{""id"":137303,""name"":""E. Guessand"",""number"":29,""pos"":""F""},{""id"":30531,""name"":""J. Boga"",""number"":7,""pos"":""F""},{""id"":161919,""name"":""Y. Moukoko"",""number"":15,""pos"":""F""}]","[{""id"":107,""name"":""S. Diop"",""number"":10,""pos"":""M""},{""id"":21592,""name"":""G. Laborde"",""number"":24,""pos"":""F""},{""id"":193617,""name"":""T. Louchet"",""number"":20,""pos"":""M""},{""id"":21079,""name"":""M. Dupé"",""number"":31,""pos"":""G""},{""id"":482467,""name"":""Y. Nandjou"",""number"":42,""pos"":""D""},{""id"":444561,""name"":""I. Camara"",""number"":36,""pos"":""M""},{""id"":477124,""name"":""V. Orakpo"",""number"":45,""pos"":""F""},{""id"":334879,""name"":""B. Bouanani"",""number"":19,""pos"":""M""},{""id"":275053,""name"":""R. Ilie"",""number"":18,""pos"":""M""}]"
1213811,96,Toulouse,True,4-2-3-1,Carles Martínez,11,9,"[{""id"":325346,""name"":""G. Restes"",""number"":50,""pos"":""G""},{""id"":102,""name"":""D. Sidibé"",""number"":19,""pos"":""D""},{""id"":278392,""name"":""C. Cresswell"",""number"":4,""pos"":""D""},{""id"":50735,""name"":""M. McKenzie"",""number"":3,""pos"":""D""},{""id"":367637,""name"":""Ü. Akdağ"",""number"":6,""pos"":""D""},{""id"":1369,""name"":""M. Zajc"",""number"":21,""pos"":""M""},{""id"":48491,""name"":""V. Sierro"",""number"":8,""pos"":""M""},{""id"":328648,""name"":""S. Babicka"",""number"":80,""pos"":""M""},{""id"":18881,""name"":""J. King"",""number"":13,""pos"":""M""},{""id"":84128,""name"":""Y. Gboho"",""number"":10,""pos"":""M""},{""id"":243,""name"":""Z. Aboukhlal"",""number"":7,""pos"":""F""}]","[{""id"":264383,""name"":""W. Kamanzi"",""number"":12,""pos"":""D""},{""id"":36928,""name"":""D. Genreau"",""number"":5,""pos"":""M""},{""id"":174724,""name"":""F. Magri"",""number"":9,""pos"":""F""},{""id"":25533,""name"":""N. Schmidt"",""number"":20,""pos"":""M""},{""id"":452697,""name"":""D. Methalie"",""number"":33,""pos"":""D""},{""id"":430816,""name"":""N. Edjouma"",""number"":35,""pos"":""F""},{""id"":47351,""name"":""Álex Domínguez"",""number"":30,""pos"":""G""},{""id"":412759,""name"":""J. Canvot"",""number"":29,""pos"":""D""},{""id"":334952,""name"":""R. Messali"",""number"":22,""pos"":""D""}]"
1213811,77,Angers,False,4-2-3-1,A. Dujeux,11,9,"[{""id"":64190,""name"":""Y. Fofana"",""number"":30,""pos"":""G""},{""id"":20850,""name"":""C. Arcus"",""number"":2,""pos"":""D""},{""id"":385569,""name"":""E. Biumla"",""number"":24,""pos"":""D""},{""id"":21381,""name"":""J. Lefort"",""number"":21,""pos"":""D""},{""id"":41146,""name"":""F. Hanin"",""number"":26,""pos"":""D""},{""id"":103,""name"":""J. Aholou"",""number"":6,""pos"":""M""},{""id"":174708,""name"":""Y. Belkhdim"",""number"":14,""pos"":""M""},{""id"":21618,""name"":""J. Allevinah"",""number"":18,""pos"":""M""},{""id"":20692,""name"":""H. Abdelli"",""number"":10,""pos"":""M""},{""id"":3177,""name"":""F. El Melali"",""number"":28,""pos"":""M""},{""id"":20537,""name"":""I. Niane"",""number"":7,""pos"":""F""}]","[{""id"":21145,""name"":""P. Capelle"",""number"":15,""pos"":""M""},{""id"":3234,""name"":""A. Bamba"",""number"":25,""pos"":""D""},{""id"":284072,""name"":""B. Dieng"",""number"":99,""pos"":""F""},{""id"":163004,""name"":""E. Lepaul"",""number"":19,""pos"":""F""},{""id"":425207,""name"":""M. Courcoul"",""number"":5,""pos"":""D""},{""id"":456831,""name"":""M. Louãr"",""number"":33,""pos"":""D""},{""id"":174723,""name"":""Z. Ould Khaled"",""number"":12,""pos"":""D""},{""id"":174973,""name"":""M. Zinga"",""number"":16,""pos"":""G""},{""id"":455243,""name"":""A. Moussaoui"",""number"":34,""pos"":""F""}]"
1213810,108,Auxerre,True,3-4-2-1,C. Pélissier,11,9,"[{""id"":20542,""name"":""D. Léon"",""number"":16,""pos"":""G""},{""id"":162466,""name"":""S. Diomandé"",""number"":20,""pos"":""D""},{""id"":41300,""name"":""Jubal"",""number"":4,""pos"":""D""},{""id"":20206,""name"":""G. Osho"",""number"":3,""pos"":""D""},{""id"":285,""name"":""K. Hoever"",""number"":23,""pos"":""M""},{""id"":20586,""name"":""R. Raveloson"",""number"":97,""pos"":""M""},{""id"":323625,""name"":""K. Danois"",""number"":27,""pos"":""M""},{""id"":7578,""name"":""G. Mensah"",""number"":14,""pos"":""M""},{""id"":20732,""name"":""G. Perrin"",""number"":10,""pos"":""F""},{""id"":31057,""name"":""H. Traoré"",""number"":25,""pos"":""F""},{""id"":20782,""name"":""F. Ayé"",""number"":19,""pos"":""F""}]","[{""id"":191189,""name"":""C. Akpa"",""number"":92,""pos"":""D""},{""id"":51293,""name"":""T. Bair"",""number"":9,""pos"":""F""},{""id"":90617,""name"":""L. Sinayoko"",""number"":17,""pos"":""F""},{""id"":32940,""name"":""A. Onaiwu"",""number"":45,""pos"":""F""},{""id"":21143,""name"":""T. Pellenard"",""number"":5,""pos"":""D""},{""id"":193681,""name"":""T. De Percin"",""number"":40,""pos"":""G""},{""id"":30748,""name"":""A. Dioussé"",""number"":18,""pos"":""M""},{""id"":490095,""name"":""A. Zossou"",""number"":77,""pos"":""M""},{""id"":345532,""name"":""A. N’Gatta"",""number"":24,""pos"":""D""}]"
1213810,93,Reims,False,4-2-3-1,L. Elsner,11,9,"[{""id"":20566,""name"":""Y. Diouf"",""number"":94,""pos"":""G""},{""id"":8451,""name"":""Aurélio Buta"",""number"":23,""pos"":""D""},{""id"":19546,""name"":""C. Kipré"",""number"":21,""pos"":""D""},{""id"":135068,""name"":""E. Agbadou"",""number"":5,""pos"":""D""},{""id"":47530,""name"":""Sergio Akieme"",""number"":18,""pos"":""D""},{""id"":3080,""name"":""M. Munetsi"",""number"":15,""pos"":""M""},{""id"":343351,""name"":""V. Atangana Edoa"",""number"":6,""pos"":""M""},{""id"":1942,""name"":""J. Ito"",""number"":7,""pos"":""M""},{""id"":8966,""name"":""T. Teuma"",""number"":10,""pos"":""M""},{""id"":33321,""name"":""K. Nakamura"",""number"":17,""pos"":""M""},{""id"":352990,""name"":""A. Salama"",""number"":11,""pos"":""F""}]","[{""id"":389322,""name"":""N. Sangui"",""number"":55,""pos"":""D""},{""id"":386481,""name"":""M. Diakhon"",""number"":67,""pos"":""F""},{""id"":71545,""name"":""J. Okumu"",""number"":2,""pos"":""D""},{""id"":454432,""name"":""N. Sissoko"",""number"":74,""pos"":""F""},{""id"":437482,""name"":""Amadou Koné"",""number"":72,""pos"":""M""},{""id"":21080,""name"":""A. Olliero"",""number"":20,""pos"":""G""},{""id"":8553,""name"":""M. Busi"",""number"":4,""pos"":""D""},{""id"":8474,""name"":""T. De Smet"",""number"":25,""pos"":""D""},{""id"":415089,""name"":""Gabriel Moscardo"",""number"":19,""pos"":""M""}]"
1213814,82,Montpellier,True,4-2-3-1,M. Der Zakarian,11,8,"[{""id"":21566,""name"":""B. Lecomte"",""number"":40,""pos"":""G""},{""id"":3336,""name"":""F. Sacko"",""number"":77,""pos"":""D""},{""id"":20866,""name"":""B. Touré"",""number"":20,""pos"":""D""},{""id"":999,""name"":""B. Omeragić"",""number"":27,""pos"":""D""},{""id"":22141,""name"":""I. Sylla"",""number"":3,""pos"":""D""},{""id"":128287,""name"":""J. Chotard"",""number"":13,""pos"":""M""},{""id"":387120,""name"":""R. Nzingoula"",""number"":19,""pos"":""M""},{""id"":22097,""name"":""A. Nordin"",""number"":7,""pos"":""M""},{""id"":21443,""name"":""T. Savanier"",""number"":11,""pos"":""M""},{""id"":113581,""name"":""T. Coulibaly"",""number"":70,""pos"":""M""},{""id"":57446,""name"":""A. Adams"",""number"":8,""pos"":""F""}]","[{""id"":21439,""name"":""J. Ferri"",""number"":12,""pos"":""M""},{""id"":333118,""name"":""L. Mincarelli"",""number"":21,""pos"":""D""},{""id"":342228,""name"":""S. Džodić"",""number"":45,""pos"":""M""},{""id"":22102,""name"":""W. Khazri"",""number"":10,""pos"":""F""},{""id"":179399,""name"":""E. Tchato"",""number"":29,""pos"":""D""},{""id"":355076,""name"":""A. Gueguin"",""number"":38,""pos"":""F""},{""id"":48636,""name"":""G. Barès"",""number"":15,""pos"":""M""},{""id"":21565,""name"":""D. Bertaud"",""number"":16,""pos"":""G""}]"
1213814,81,Marseille,False,4-2-3-1,R. De Zerbi,11,9,"[{""id"":47296,""name"":""G. Rulli"",""number"":1,""pos"":""G""},{""id"":30525,""name"":""Pol Lirola"",""number"":29,""pos"":""D""},{""id"":6,""name"":""L. Balerdi"",""number"":5,""pos"":""D""},{""id"":51295,""name"":""D. Cornelius"",""number"":13,""pos"":""D""},{""id"":943,""name"":""U. Garcia"",""number"":6,""pos"":""D""},{""id"":2735,""name"":""P. Højbjerg"",""number"":23,""pos"":""M""},{""id"":272,""name"":""A. Rabiot"",""number"":25,""pos"":""M""},{""id"":897,""name"":""M. Greenwood"",""number"":10,""pos"":""M""},{""id"":412,""name"":""A. Harit"",""number"":11,""pos"":""M""},{""id"":278095,""name"":""J. Rowe"",""number"":17,""pos"":""M""},{""id"":162707,""name"":""E. Wahi"",""number"":9,""pos"":""F""}]","[{""id"":2973,""name"":""M. Murillo"",""number"":62,""pos"":""D""},{""id"":10077,""name"":""Luis Henrique"",""number"":44,""pos"":""F""},{""id"":328046,""name"":""I. Koné"",""number"":51,""pos"":""M""},{""id"":449660,""name"":""E. Sternal"",""number"":22,""pos"":""F""},{""id"":21102,""name"":""V. Rongier"",""number"":21,""pos"":""M""},{""id"":36827,""name"":""J. de Lange"",""number"":12,""pos"":""G""},{""id"":336654,""name"":""J. Van Neck"",""number"":40,""pos"":""G""},{""id"":126757,""name"":""L. Brassier"",""number"":20,""pos"":""D""},{""id"":193501,""name"":""B. Meïté"",""number"":18,""pos"":""M""}]"
1213825,94,Rennes,True,4-2-3-1,J. Stéphan,11,9,"[{""id"":1897,""name"":""S. Mandanda"",""number"":30,""pos"":""G""},{""id"":196187,""name"":""A. Seidu"",""number"":36,""pos"":""D""},{""id"":20916,""name"":""C. Wooh"",""number"":4,""pos"":""D""},{""id"":237249,""name"":""M. Faye"",""number"":15,""pos"":""D""},{""id"":162267,""name"":""A. Truffert"",""number"":3,""pos"":""D""},{""id"":21497,""name"":""L. Blas"",""number"":11,""pos"":""M""},{""id"":1754,""name"":""G. Kamara"",""number"":28,""pos"":""M""},{""id"":345748,""name"":""C. Gómez"",""number"":20,""pos"":""M""},{""id"":263177,""name"":""A. Grønbæk"",""number"":7,""pos"":""M""},{""id"":581,""name"":""Jota"",""number"":27,""pos"":""M""},{""id"":147831,""name"":""A. Kalimuendo"",""number"":9,""pos"":""F""}]","[{""id"":180731,""name"":""L. Assignon"",""number"":22,""pos"":""D""},{""id"":85041,""name"":""A. Gouiri"",""number"":10,""pos"":""F""},{""id"":18967,""name"":""L. Østigård"",""number"":55,""pos"":""D""},{""id"":30423,""name"":""H. Hateboer"",""number"":33,""pos"":""M""},{""id"":21153,""name"":""B. Santamaría"",""number"":8,""pos"":""M""},{""id"":438281,""name"":""A. Nagida"",""number"":18,""pos"":""D""},{""id"":20706,""name"":""G. Gallon"",""number"":23,""pos"":""G""},{""id"":328074,""name"":""J. James"",""number"":17,""pos"":""M""},{""id"":37236,""name"":""A. Matusiwa"",""number"":6,""pos"":""M""}]"
1213825,111,Le Havre,False,3-1-4-2,D. Digard,11,9,"[{""id"":24011,""name"":""A. Desmas"",""number"":30,""pos"":""G""},{""id"":20576,""name"":""Y. Salmier"",""number"":22,""pos"":""D""},{""id"":162443,""name"":""É. Youté"",""number"":6,""pos"":""D""},{""id"":64255,""name"":""G. Lloris"",""number"":4,""pos"":""D""},{""id"":21103,""name"":""A. Touré"",""number"":94,""pos"":""M""},{""id"":162067,""name"":""T. Pembélé"",""number"":32,""pos"":""M""},{""id"":174937,""name"":""Y. Kechta"",""number"":8,""pos"":""M""},{""id"":284071,""name"":""O. Targhalline"",""number"":5,""pos"":""M""},{""id"":20836,""name"":""C. Opéri"",""number"":27,""pos"":""M""},{""id"":386275,""name"":""I. Housni"",""number"":46,""pos"":""F""},{""id"":1370,""name"":""A. Ayew"",""number"":28,""pos"":""F""}]","[{""id"":15783,""name"":""E. Sabbi"",""number"":11,""pos"":""F""},{""id"":2336,""name"":""L. Nego"",""number"":7,""pos"":""D""},{""id"":156465,""name"":""I. Soumaré"",""number"":45,""pos"":""F""},{""id"":314232,""name"":""M. Bodmer"",""number"":12,""pos"":""M""},{""id"":23637,""name"":""Y. Zouaoui"",""number"":18,""pos"":""D""},{""id"":646,""name"":""M. Gorgelin"",""number"":1,""pos"":""G""},{""id"":22266,""name"":""S. Grandsir"",""number"":29,""pos"":""F""},{""id"":24201,""name"":""A. Confais"",""number"":25,""pos"":""M""},{""id"":128342,""name"":""R. Ndiaye"",""number"":19,""pos"":""M""}]"
1213826,77,Angers,True,4-2-3-1,A. Dujeux,11,9,"[{""id"":64190,""name"":""Y. Fofana"",""number"":30,""pos"":""G""},{""id"":20850,""name"":""C. Arcus"",""number"":2,""pos"":""D""},{""id"":385569,""name"":""E. Biumla"",""number"":24,""pos"":""D""},{""id"":21381,""name"":""J. Lefort"",""number"":21,""pos"":""D""},{""id"":41146,""name"":""F. Hanin"",""number"":26,""pos"":""D""},{""id"":103,""name"":""J. Aholou"",""number"":6,""pos"":""M""},{""id"":174708,""name"":""Y. Belkhdim"",""number"":14,""pos"":""M""},{""id"":21618,""name"":""J. Allevinah"",""number"":18,""pos"":""M""},{""id"":20692,""name"":""H. Abdelli"",""number"":10,""pos"":""M""},{""id"":3177,""name"":""F. El Melali"",""number"":28,""pos"":""M""},{""id"":20537,""name"":""I. Niane"",""number"":7,""pos"":""F""}]","[{""id"":21145,""name"":""P. Capelle"",""number"":15,""pos"":""M""},{""id"":20554,""name"":""H. Belkebla"",""number"":93,""pos"":""M""},{""id"":284072,""name"":""B. Dieng"",""number"":99,""pos"":""F""},{""id"":163004,""name"":""E. Lepaul"",""number"":19,""pos"":""F""},{""id"":174973,""name"":""M. Zinga"",""number"":16,""pos"":""G""},{""id"":3234,""name"":""A. Bamba"",""number"":25,""pos"":""D""},{""id"":455243,""name"":""A. Moussaoui"",""number"":34,""pos"":""F""},{""id"":425207,""name"":""M. Courcoul"",""number"":5,""pos"":""D""},{""id"":174723,""name"":""Z. Ould Khaled"",""number"":12,""pos"":""D""}]"
1213826,1063,Saint Etienne,False,4-1-4-1,O. Dall’Oglio,11,9,"[{""id"":20541,""name"":""G. Larsonneur"",""number"":30,""pos"":""G""},{""id"":1407,""name"":""D. Appiah"",""number"":8,""pos"":""D""},{""id"":2704,""name"":""Y. Abdelhamid"",""number"":5,""pos"":""D""},{""id"":22087,""name"":""M. Nadé"",""number"":3,""pos"":""D""},{""id"":157146,""name"":""L. Pétrot"",""number"":19,""pos"":""D""},{""id"":278232,""name"":""P. Ekwah"",""number"":4,""pos"":""M""},{""id"":337426,""name"":""A. Boakye"",""number"":20,""pos"":""M""},{""id"":289555,""name"":""L. Mouton"",""number"":14,""pos"":""M""},{""id"":274355,""name"":""B. Bouchouari"",""number"":6,""pos"":""M""},{""id"":24743,""name"":""Z. Davitashvili"",""number"":22,""pos"":""M""},{""id"":322560,""name"":""L. Stassin"",""number"":32,""pos"":""F""}]","[{""id"":8445,""name"":""D. Batubinsika"",""number"":21,""pos"":""D""},{""id"":22003,""name"":""M. Cafaro"",""number"":18,""pos"":""M""},{""id"":174801,""name"":""A. Moueffek"",""number"":29,""pos"":""M""},{""id"":395762,""name"":""M. Amougou"",""number"":37,""pos"":""M""},{""id"":20648,""name"":""I. Sissoko"",""number"":9,""pos"":""F""},{""id"":20736,""name"":""B. Maubleu"",""number"":1,""pos"":""G""},{""id"":339601,""name"":""A. Aiki"",""number"":39,""pos"":""F""},{""id"":8624,""name"":""F. Tardieu"",""number"":10,""pos"":""M""},{""id"":20861,""name"":""L. Fomba"",""number"":26,""pos"":""M""}]"
1213827,93,Reims,True,4-3-3,L. Elsner,11,9,"[{""id"":20566,""name"":""Y. Diouf"",""number"":94,""pos"":""G""},{""id"":8451,""name"":""Aurélio Buta"",""number"":23,""pos"":""D""},{""id"":71545,""name"":""J. Okumu"",""number"":2,""pos"":""D""},{""id"":135068,""name"":""E. Agbadou"",""number"":5,""pos"":""D""},{""id"":47530,""name"":""Sergio Akieme"",""number"":18,""pos"":""D""},{""id"":3080,""name"":""M. Munetsi"",""number"":15,""pos"":""M""},{""id"":343351,""name"":""V. Atangana Edoa"",""number"":6,""pos"":""M""},{""id"":384489,""name"":""Y. Fofana"",""number"":71,""pos"":""M""},{""id"":1942,""name"":""J. Ito"",""number"":7,""pos"":""F""},{""id"":334429,""name"":""O. Diakité"",""number"":22,""pos"":""F""},{""id"":33321,""name"":""K. Nakamura"",""number"":17,""pos"":""F""}]","[{""id"":386481,""name"":""M. Diakhon"",""number"":67,""pos"":""F""},{""id"":352990,""name"":""A. Salama"",""number"":11,""pos"":""F""},{""id"":389322,""name"":""N. Sangui"",""number"":55,""pos"":""D""},{""id"":437482,""name"":""Amadou Koné"",""number"":72,""pos"":""M""},{""id"":415089,""name"":""Gabriel Moscardo"",""number"":19,""pos"":""M""},{""id"":21080,""name"":""A. Olliero"",""number"":20,""pos"":""G""},{""id"":8474,""name"":""T. De Smet"",""number"":25,""pos"":""D""},{""id"":454432,""name"":""N. Sissoko"",""number"":74,""pos"":""F""},{""id"":19546,""name"":""C. Kipré"",""number"":21,""pos"":""D""}]"
1213827,106,Stade Brestois 29,False,4-2-3-1,E. Roy,11,9,"[{""id"":36878,""name"":""M. Bizot"",""number"":40,""pos"":""G""},{""id"":422595,""name"":""L. Zogbé"",""number"":12,""pos"":""D""},{""id"":20546,""name"":""B. Chardonnet"",""number"":5,""pos"":""D""},{""id"":162568,""name"":""S. Coulibaly"",""number"":44,""pos"":""D""},{""id"":3333,""name"":""M. Haïdara"",""number"":22,""pos"":""D""},{""id"":30405,""name"":""E. Fernandes"",""number"":6,""pos"":""M""},{""id"":22258,""name"":""J. Martin"",""number"":28,""pos"":""M""},{""id"":84082,""name"":""R. Faivre"",""number"":21,""pos"":""M""},{""id"":326068,""name"":""K. Doumbia"",""number"":9,""pos"":""M""},{""id"":375000,""name"":""I. Salah"",""number"":34,""pos"":""M""},{""id"":41323,""name"":""Mama Baldé"",""number"":14,""pos"":""F""}]","[{""id"":22247,""name"":""K. Lala"",""number"":7,""pos"":""D""},{""id"":1901,""name"":""J. Amavi"",""number"":23,""pos"":""D""},{""id"":22264,""name"":""L. Ajorque"",""number"":19,""pos"":""F""},{""id"":22170,""name"":""P. Lees-Melou"",""number"":20,""pos"":""M""},{""id"":24147,""name"":""M. Camara"",""number"":45,""pos"":""M""},{""id"":20558,""name"":""H. Magnetti"",""number"":8,""pos"":""M""},{""id"":85914,""name"":""J. Le Cardinal"",""number"":25,""pos"":""D""},{""id"":20780,""name"":""Mathias Pereira Lage"",""number"":26,""pos"":""M""},{""id"":21248,""name"":""G. Coudert"",""number"":30,""pos"":""G""}]"
1213820,116,Lens,True,3-4-1-2,W. Still,11,9,"[{""id"":21628,""name"":""B. Samba"",""number"":30,""pos"":""G""},{""id"":21635,""name"":""J. Gradit"",""number"":24,""pos"":""D""},{""id"":25287,""name"":""K. Danso"",""number"":4,""pos"":""D""},{""id"":360114,""name"":""A. Khusanov"",""number"":25,""pos"":""D""},{""id"":3007,""name"":""P. Frankowski"",""number"":29,""pos"":""M""},{""id"":270509,""name"":""A. Diouf"",""number"":18,""pos"":""M""},{""id"":6231,""name"":""F. Medina"",""number"":14,""pos"":""M""},{""id"":129169,""name"":""A. Zaroury"",""number"":21,""pos"":""M""},{""id"":22261,""name"":""A. Thomasson"",""number"":28,""pos"":""F""},{""id"":20761,""name"":""F. Sotoca"",""number"":7,""pos"":""F""},{""id"":31318,""name"":""M'Bala Nzola"",""number"":8,""pos"":""F""}]","[{""id"":326976,""name"":""T. Pouilly"",""number"":34,""pos"":""M""},{""id"":21146,""name"":""A. Fulgini"",""number"":11,""pos"":""M""},{""id"":326073,""name"":""R. Labeau Lascary"",""number"":36,""pos"":""F""},{""id"":2483,""name"":""D. Machado"",""number"":3,""pos"":""D""},{""id"":277003,""name"":""N. El Aynaoui"",""number"":23,""pos"":""M""},{""id"":237191,""name"":""J. Chávez"",""number"":13,""pos"":""D""},{""id"":22166,""name"":""M. Sarr"",""number"":20,""pos"":""D""},{""id"":237232,""name"":""H. Ojediran"",""number"":15,""pos"":""M""},{""id"":21484,""name"":""D. Petrić"",""number"":1,""pos"":""G""}]"
1213820,79,Lille,False,4-2-3-1,B. Génésio,11,9,"[{""id"":162453,""name"":""L. Chevalier"",""number"":30,""pos"":""G""},{""id"":264,""name"":""T. Meunier"",""number"":12,""pos"":""D""},{""id"":22136,""name"":""B. Diakité"",""number"":18,""pos"":""D""},{""id"":142691,""name"":""Alexsandro Ribeiro"",""number"":4,""pos"":""D""},{""id"":47969,""name"":""G. Gudmundsson"",""number"":5,""pos"":""D""},{""id"":2204,""name"":""B. André"",""number"":21,""pos"":""M""},{""id"":18765,""name"":""André Gomes"",""number"":26,""pos"":""M""},{""id"":48392,""name"":""E. Zhegrova"",""number"":23,""pos"":""M""},{""id"":896,""name"":""A. Gomes"",""number"":8,""pos"":""M""},{""id"":99576,""name"":""O. Sahraoui"",""number"":11,""pos"":""M""},{""id"":8489,""name"":""J. David"",""number"":9,""pos"":""F""}]","[{""id"":1567,""name"":""A. Mandi"",""number"":2,""pos"":""D""},{""id"":375598,""name"":""N. Mukau"",""number"":17,""pos"":""M""},{""id"":340077,""name"":""M. Fernandez-Pardo"",""number"":19,""pos"":null},{""id"":24288,""name"":""M. Bayo"",""number"":27,""pos"":""F""},{""id"":351888,""name"":""O. Touré"",""number"":36,""pos"":""D""},{""id"":51146,""name"":""V. Mannone"",""number"":1,""pos"":""G""},{""id"":21233,""name"":""A. Zedadka"",""number"":13,""pos"":""D""},{""id"":438688,""name"":""A. Bouaddi"",""number"":32,""pos"":""M""},{""id"":349947,""name"":""A. Malouda"",""number"":34,""pos"":""F""}]"
1213822,80,Lyon,True,4-3-3,P. Sage,11,9,"[{""id"":80296,""name"":""Lucas Perri"",""number"":23,""pos"":""G""},{""id"":334914,""name"":""S. Kumbedi"",""number"":20,""pos"":""D""},{""id"":1902,""name"":""D. Ćaleta-Car"",""number"":55,""pos"":""D""},{""id"":25916,""name"":""M. Niakhaté"",""number"":19,""pos"":""D""},{""id"":529,""name"":""N. Tagliafico"",""number"":3,""pos"":""D""},{""id"":80752,""name"":""T. Tessmann"",""number"":15,""pos"":""M""},{""id"":902,""name"":""N. Matić"",""number"":31,""pos"":""M""},{""id"":30409,""name"":""J. Veretout"",""number"":7,""pos"":""M""},{""id"":19361,""name"":""S. Benrahma"",""number"":17,""pos"":""F""},{""id"":180496,""name"":""G. Mikautadze"",""number"":69,""pos"":""F""},{""id"":361348,""name"":""M. Fofana"",""number"":11,""pos"":""F""}]","[{""id"":1467,""name"":""A. Lacazette"",""number"":10,""pos"":""F""},{""id"":156477,""name"":""R. Cherki"",""number"":18,""pos"":""M""},{""id"":3247,""name"":""W. Zaha"",""number"":12,""pos"":""F""},{""id"":1456,""name"":""A. Maitland-Niles"",""number"":98,""pos"":""M""},{""id"":471106,""name"":""E. Molébé"",""number"":29,""pos"":""F""},{""id"":519,""name"":""C. Tolisso"",""number"":8,""pos"":""M""},{""id"":9700,""name"":""Abner"",""number"":16,""pos"":""D""},{""id"":20762,""name"":""R. Descamps"",""number"":40,""pos"":""G""},{""id"":162265,""name"":""W. Omari"",""number"":27,""pos"":""D""}]"
1213822,108,Auxerre,False,3-4-2-1,C. Pélissier,11,9,"[{""id"":20542,""name"":""D. Léon"",""number"":16,""pos"":""G""},{""id"":162466,""name"":""S. Diomandé"",""number"":20,""pos"":""D""},{""id"":41300,""name"":""Jubal"",""number"":4,""pos"":""D""},{""id"":191189,""name"":""C. Akpa"",""number"":92,""pos"":""D""},{""id"":285,""name"":""K. Hoever"",""number"":23,""pos"":""M""},{""id"":323625,""name"":""K. Danois"",""number"":27,""pos"":""M""},{""id"":21010,""name"":""E. Owusu"",""number"":42,""pos"":""M""},{""id"":7578,""name"":""G. Mensah"",""number"":14,""pos"":""M""},{""id"":20732,""name"":""G. Perrin"",""number"":10,""pos"":""F""},{""id"":31057,""name"":""H. Traoré"",""number"":25,""pos"":""F""},{""id"":20782,""name"":""F. Ayé"",""number"":19,""pos"":""F""}]","[{""id"":20586,""name"":""R. Raveloson"",""number"":97,""pos"":""M""},{""id"":51293,""name"":""T. Bair"",""number"":9,""pos"":""F""},{""id"":90617,""name"":""L. Sinayoko"",""number"":17,""pos"":""F""},{""id"":32940,""name"":""A. Onaiwu"",""number"":45,""pos"":""F""},{""id"":30748,""name"":""A. Dioussé"",""number"":18,""pos"":""M""},{""id"":21143,""name"":""T. Pellenard"",""number"":5,""pos"":""D""},{""id"":490095,""name"":""A. Zossou"",""number"":77,""pos"":""M""},{""id"":193681,""name"":""T. De Percin"",""number"":40,""pos"":""G""},{""id"":345532,""name"":""A. N’Gatta"",""number"":24,""pos"":""D""}]"
1213823,82,Montpellier,True,4-1-4-1,J. Gasset,11,9,"[{""id"":21566,""name"":""B. Lecomte"",""number"":40,""pos"":""G""},{""id"":3336,""name"":""F. Sacko"",""number"":77,""pos"":""D""},{""id"":20661,""name"":""M. Sagnan"",""number"":5,""pos"":""D""},{""id"":350388,""name"":""Y. Mouanga"",""number"":47,""pos"":""D""},{""id"":22141,""name"":""I. Sylla"",""number"":3,""pos"":""D""},{""id"":21443,""name"":""T. Savanier"",""number"":11,""pos"":""M""},{""id"":22097,""name"":""A. Nordin"",""number"":7,""pos"":""M""},{""id"":21439,""name"":""J. Ferri"",""number"":12,""pos"":""M""},{""id"":387120,""name"":""R. Nzingoula"",""number"":19,""pos"":""M""},{""id"":22102,""name"":""W. Khazri"",""number"":10,""pos"":""M""},{""id"":57446,""name"":""A. Adams"",""number"":8,""pos"":""F""}]","[{""id"":20866,""name"":""B. Touré"",""number"":20,""pos"":""M""},{""id"":15286,""name"":""Mousa Al Ta'mari"",""number"":9,""pos"":""F""},{""id"":399906,""name"":""O. Maamma"",""number"":14,""pos"":""F""},{""id"":179399,""name"":""E. Tchato"",""number"":29,""pos"":""D""},{""id"":48636,""name"":""G. Barès"",""number"":15,""pos"":""M""},{""id"":361383,""name"":""Junior Ndiaye"",""number"":41,""pos"":""F""},{""id"":21565,""name"":""D. Bertaud"",""number"":16,""pos"":""G""},{""id"":333118,""name"":""L. Mincarelli"",""number"":21,""pos"":""D""},{""id"":113581,""name"":""T. Coulibaly"",""number"":70,""pos"":""M""}]"
1213823,96,Toulouse,False,3-4-3,Carles Martínez,11,9,"[{""id"":325346,""name"":""G. Restes"",""number"":50,""pos"":""G""},{""id"":102,""name"":""D. Sidibé"",""number"":19,""pos"":""D""},{""id"":278392,""name"":""C. Cresswell"",""number"":4,""pos"":""D""},{""id"":50735,""name"":""M. McKenzie"",""number"":3,""pos"":""D""},{""id"":264383,""name"":""W. Kamanzi"",""number"":12,""pos"":""M""},{""id"":50956,""name"":""C. Cásseres"",""number"":23,""pos"":""M""},{""id"":48491,""name"":""V. Sierro"",""number"":8,""pos"":""M""},{""id"":39115,""name"":""A. Dønnum"",""number"":15,""pos"":""M""},{""id"":243,""name"":""Z. Aboukhlal"",""number"":7,""pos"":""F""},{""id"":18881,""name"":""J. King"",""number"":13,""pos"":""F""},{""id"":84128,""name"":""Y. Gboho"",""number"":10,""pos"":""F""}]","[{""id"":174724,""name"":""F. Magri"",""number"":9,""pos"":""F""},{""id"":36928,""name"":""D. Genreau"",""number"":5,""pos"":""M""},{""id"":1369,""name"":""M. Zajc"",""number"":21,""pos"":""M""},{""id"":328648,""name"":""S. Babicka"",""number"":80,""pos"":""F""},{""id"":25533,""name"":""N. Schmidt"",""number"":20,""pos"":""M""},{""id"":11421,""name"":""G. Suazo"",""number"":17,""pos"":""D""},{""id"":367637,""name"":""Ü. Akdağ"",""number"":6,""pos"":""D""},{""id"":47351,""name"":""Álex Domínguez"",""number"":30,""pos"":""G""},{""id"":334952,""name"":""R. Messali"",""number"":22,""pos"":""D""}]"
1213819,84,Nice,True,3-4-2-1,F. Haise,11,9,"[{""id"":2274,""name"":""M. Bułka"",""number"":1,""pos"":""G""},{""id"":196343,""name"":""Mohamed Abdelmonem"",""number"":5,""pos"":""D""},{""id"":407017,""name"":""M. Bombito"",""number"":64,""pos"":""D""},{""id"":162465,""name"":""M. Bard"",""number"":26,""pos"":""D""},{""id"":193617,""name"":""T. Louchet"",""number"":20,""pos"":""M""},{""id"":240,""name"":""P. Rosario"",""number"":8,""pos"":""M""},{""id"":4399,""name"":""H. Boudaoui"",""number"":6,""pos"":""M""},{""id"":49583,""name"":""A. Abdi"",""number"":2,""pos"":""M""},{""id"":137303,""name"":""E. Guessand"",""number"":29,""pos"":""F""},{""id"":30531,""name"":""J. Boga"",""number"":7,""pos"":""F""},{""id"":274312,""name"":""M. Cho"",""number"":25,""pos"":""F""}]","[{""id"":21592,""name"":""G. Laborde"",""number"":24,""pos"":""F""},{""id"":107,""name"":""S. Diop"",""number"":10,""pos"":""M""},{""id"":313937,""name"":""A. Mendy"",""number"":33,""pos"":""D""},{""id"":334879,""name"":""B. Bouanani"",""number"":19,""pos"":""M""},{""id"":477124,""name"":""V. Orakpo"",""number"":45,""pos"":""F""},{""id"":21079,""name"":""M. Dupé"",""number"":31,""pos"":""G""},{""id"":482467,""name"":""Y. Nandjou"",""number"":42,""pos"":""D""},{""id"":444561,""name"":""I. Camara"",""number"":36,""pos"":""M""},{""id"":161919,""name"":""Y. Moukoko"",""number"":15,""pos"":""F""}]"
1213819,91,Monaco,False,4-2-3-1,A. Hütter,11,8,"[{""id"":40384,""name"":""R. Majecki"",""number"":1,""pos"":""G""},{""id"":291649,""name"":""Vanderson"",""number"":2,""pos"":""D""},{""id"":30504,""name"":""W. Singo"",""number"":17,""pos"":""D""},{""id"":261,""name"":""T. Kehrer"",""number"":5,""pos"":""D""},{""id"":10316,""name"":""Caio Henrique"",""number"":12,""pos"":""D""},{""id"":374058,""name"":""L. Camara"",""number"":15,""pos"":""M""},{""id"":326176,""name"":""S. Magassa"",""number"":88,""pos"":""M""},{""id"":274300,""name"":""M. Akliouche"",""number"":11,""pos"":""M""},{""id"":1101,""name"":""T. Minamino"",""number"":18,""pos"":""M""},{""id"":109,""name"":""A. Golovin"",""number"":10,""pos"":""M""},{""id"":421,""name"":""B. Embolo"",""number"":36,""pos"":""F""}]","[{""id"":81,""name"":""K. Diatta"",""number"":27,""pos"":""M""},{""id"":343320,""name"":""E. Ben Seghir"",""number"":7,""pos"":""M""},{""id"":395040,""name"":""G. Ilenikhena"",""number"":21,""pos"":""F""},{""id"":333137,""name"":""K. Ouattara"",""number"":20,""pos"":""D""},{""id"":371916,""name"":""C. Mawissa"",""number"":13,""pos"":""D""},{""id"":412711,""name"":""S. Bouabré"",""number"":42,""pos"":""M""},{""id"":7313,""name"":""P. Köhn"",""number"":16,""pos"":""G""},{""id"":162991,""name"":""E. Matazo"",""number"":8,""pos"":""M""}]"
1213824,95,Strasbourg,True,3-4-1-2,L. Rosenior,11,9,"[{""id"":118307,""name"":""Đ. Petrović"",""number"":1,""pos"":""G""},{""id"":161747,""name"":""G. Doué"",""number"":22,""pos"":""D""},{""id"":274328,""name"":""S. Sow"",""number"":4,""pos"":""D""},{""id"":276184,""name"":""M. Sarr"",""number"":23,""pos"":""D""},{""id"":129695,""name"":""D. Bakwa"",""number"":26,""pos"":""M""},{""id"":305834,""name"":""Andrey Santos"",""number"":8,""pos"":""M""},{""id"":271542,""name"":""I. Doukouré"",""number"":29,""pos"":""M""},{""id"":335056,""name"":""Diego Moreira"",""number"":7,""pos"":""M""},{""id"":327631,""name"":""H. Diarra"",""number"":19,""pos"":""F""},{""id"":190686,""name"":""S. Mara"",""number"":14,""pos"":""F""},{""id"":226803,""name"":""S. Nanasi"",""number"":15,""pos"":""F""}]","[{""id"":364810,""name"":""A. Sylla"",""number"":5,""pos"":""D""},{""id"":325594,""name"":""F. Lemaréchal"",""number"":6,""pos"":""M""},{""id"":282549,""name"":""J. Mwanga"",""number"":18,""pos"":""M""},{""id"":438752,""name"":""P. Diong"",""number"":17,""pos"":""M""},{""id"":2259,""name"":""E. Sobol"",""number"":77,""pos"":""D""},{""id"":419583,""name"":""T. Diallo"",""number"":35,""pos"":""M""},{""id"":437760,""name"":""R. Messi"",""number"":47,""pos"":""F""},{""id"":2850,""name"":""K. Johnsson"",""number"":30,""pos"":""G""},{""id"":358166,""name"":""A. Ouattara"",""number"":42,""pos"":""M""}]"
1213824,83,Nantes,False,4-2-3-1,A. Kombouare,11,9,"[{""id"":30393,""name"":""A. Lafont"",""number"":1,""pos"":""G""},{""id"":21498,""name"":""M. Coco"",""number"":11,""pos"":""D""},{""id"":20545,""name"":""J. Castelletto"",""number"":21,""pos"":""D""},{""id"":343359,""name"":""N. Zézé"",""number"":44,""pos"":""D""},{""id"":21570,""name"":""N. Cozza"",""number"":3,""pos"":""D""},{""id"":10036,""name"":""Douglas Augusto"",""number"":6,""pos"":""M""},{""id"":3240,""name"":""J. Gbamin"",""number"":17,""pos"":""M""},{""id"":18599,""name"":""S. Thomas"",""number"":22,""pos"":""M""},{""id"":3084,""name"":""T. Kadewere"",""number"":10,""pos"":""M""},{""id"":161622,""name"":""M. Abline"",""number"":39,""pos"":""M""},{""id"":2668,""name"":""Mostafa Mohamed"",""number"":31,""pos"":""F""}]","[{""id"":443676,""name"":""H. Guirassy"",""number"":62,""pos"":""F""},{""id"":22177,""name"":""I. Ganago"",""number"":7,""pos"":""F""},{""id"":93671,""name"":""Pedro Chirivella"",""number"":5,""pos"":""M""},{""id"":193952,""name"":""J. Lepenant"",""number"":8,""pos"":""M""},{""id"":21582,""name"":""F. Mollet"",""number"":25,""pos"":""M""},{""id"":21088,""name"":""N. Pallois"",""number"":4,""pos"":""D""},{""id"":22134,""name"":""K. Amian"",""number"":98,""pos"":""D""},{""id"":15684,""name"":""P. Carlgren"",""number"":30,""pos"":""G""},{""id"":20655,""name"":""J. Duverne"",""number"":2,""pos"":""D""}]"
1213821,81,Marseille,True,4-2-3-1,R. De Zerbi,11,9,"[{""id"":47296,""name"":""G. Rulli"",""number"":1,""pos"":""G""},{""id"":2973,""name"":""M. Murillo"",""number"":62,""pos"":""D""},{""id"":6,""name"":""L. Balerdi"",""number"":5,""pos"":""D""},{""id"":926,""name"":""G. Kondogbia"",""number"":19,""pos"":""D""},{""id"":126757,""name"":""L. Brassier"",""number"":20,""pos"":""D""},{""id"":272,""name"":""A. Rabiot"",""number"":25,""pos"":""M""},{""id"":2735,""name"":""P. Højbjerg"",""number"":23,""pos"":""M""},{""id"":897,""name"":""M. Greenwood"",""number"":10,""pos"":""M""},{""id"":412,""name"":""A. Harit"",""number"":11,""pos"":""M""},{""id"":10077,""name"":""Luis Henrique"",""number"":44,""pos"":""M""},{""id"":162707,""name"":""E. Wahi"",""number"":9,""pos"":""F""}]","[{""id"":278095,""name"":""J. Rowe"",""number"":17,""pos"":""F""},{""id"":328046,""name"":""I. Koné"",""number"":51,""pos"":""M""},{""id"":30525,""name"":""Pol Lirola"",""number"":29,""pos"":""D""},{""id"":21102,""name"":""V. Rongier"",""number"":21,""pos"":""M""},{""id"":455245,""name"":""D. Bakola"",""number"":50,""pos"":""M""},{""id"":36827,""name"":""J. de Lange"",""number"":12,""pos"":""G""},{""id"":19364,""name"":""N. Maupay"",""number"":8,""pos"":""F""},{""id"":193501,""name"":""B. Meïté"",""number"":18,""pos"":""M""},{""id"":51295,""name"":""D. Cornelius"",""number"":13,""pos"":""D""}]"
1213821,85,Paris Saint Germain,False,4-3-3,Luis Enrique,11,9,"[{""id"":1622,""name"":""G. Donnarumma"",""number"":1,""pos"":""G""},{""id"":9,""name"":""A. Hakimi"",""number"":2,""pos"":""D""},{""id"":257,""name"":""Marquinhos"",""number"":5,""pos"":""D""},{""id"":16367,""name"":""W. Pacho"",""number"":51,""pos"":""D""},{""id"":263482,""name"":""Nuno Mendes"",""number"":25,""pos"":""D""},{""id"":336657,""name"":""W. Zaïre-Emery"",""number"":33,""pos"":""M""},{""id"":128384,""name"":""Vitinha"",""number"":17,""pos"":""M""},{""id"":335051,""name"":""João Neves"",""number"":87,""pos"":""M""},{""id"":927,""name"":""Lee Kang-In"",""number"":19,""pos"":""F""},{""id"":153,""name"":""O. Dembélé"",""number"":10,""pos"":""F""},{""id"":161904,""name"":""B. Barcola"",""number"":29,""pos"":""F""}]","[{""id"":307835,""name"":""Beraldo"",""number"":35,""pos"":""D""},{""id"":343027,""name"":""D. Doué"",""number"":14,""pos"":""F""},{""id"":328,""name"":""Fabián Ruiz"",""number"":8,""pos"":""M""},{""id"":746,""name"":""Marco Asensio"",""number"":11,""pos"":""F""},{""id"":409216,""name"":""S. Mayulu"",""number"":24,""pos"":""M""},{""id"":21104,""name"":""R. Kolo Muani"",""number"":23,""pos"":""F""},{""id"":198,""name"":""M. Škriniar"",""number"":37,""pos"":""D""},{""id"":2068,""name"":""M. Safonov"",""number"":39,""pos"":""G""},{""id"":386285,""name"":""Y. Zague"",""number"":42,""pos"":""D""}]"
1213830,91,Monaco,True,4-4-2,A. Hütter,11,9,"[{""id"":40384,""name"":""R. Majecki"",""number"":1,""pos"":""G""},{""id"":81,""name"":""K. Diatta"",""number"":27,""pos"":""D""},{""id"":30504,""name"":""W. Singo"",""number"":17,""pos"":""D""},{""id"":261,""name"":""T. Kehrer"",""number"":5,""pos"":""D""},{""id"":10316,""name"":""Caio Henrique"",""number"":12,""pos"":""D""},{""id"":274300,""name"":""M. Akliouche"",""number"":11,""pos"":""M""},{""id"":374058,""name"":""L. Camara"",""number"":15,""pos"":""M""},{""id"":109,""name"":""A. Golovin"",""number"":10,""pos"":""M""},{""id"":1101,""name"":""T. Minamino"",""number"":18,""pos"":""M""},{""id"":421,""name"":""B. Embolo"",""number"":36,""pos"":""F""},{""id"":395040,""name"":""G. Ilenikhena"",""number"":21,""pos"":""F""}]","[{""id"":343320,""name"":""E. Ben Seghir"",""number"":7,""pos"":""M""},{""id"":412711,""name"":""S. Bouabré"",""number"":42,""pos"":""M""},{""id"":333137,""name"":""K. Ouattara"",""number"":20,""pos"":""D""},{""id"":343319,""name"":""L. Michal"",""number"":41,""pos"":""F""},{""id"":162991,""name"":""E. Matazo"",""number"":8,""pos"":""M""},{""id"":371916,""name"":""C. Mawissa"",""number"":13,""pos"":""D""},{""id"":326176,""name"":""S. Magassa"",""number"":88,""pos"":""M""},{""id"":7313,""name"":""P. Köhn"",""number"":16,""pos"":""G""},{""id"":449676,""name"":""S. Nibombé"",""number"":44,""pos"":""M""}]"
1213830,77,Angers,False,4-2-3-1,A. Dujeux,11,9,"[{""id"":64190,""name"":""Y. Fofana"",""number"":30,""pos"":""G""},{""id"":20850,""name"":""C. Arcus"",""number"":2,""pos"":""D""},{""id"":385569,""name"":""E. Biumla"",""number"":24,""pos"":""D""},{""id"":21381,""name"":""J. Lefort"",""number"":21,""pos"":""D""},{""id"":41146,""name"":""F. Hanin"",""number"":26,""pos"":""D""},{""id"":103,""name"":""J. Aholou"",""number"":6,""pos"":""M""},{""id"":20554,""name"":""H. Belkebla"",""number"":93,""pos"":""M""},{""id"":21618,""name"":""J. Allevinah"",""number"":18,""pos"":""M""},{""id"":20692,""name"":""H. Abdelli"",""number"":10,""pos"":""M""},{""id"":3177,""name"":""F. El Melali"",""number"":28,""pos"":""M""},{""id"":20537,""name"":""I. Niane"",""number"":7,""pos"":""F""}]","[{""id"":174708,""name"":""Y. Belkhdim"",""number"":14,""pos"":""M""},{""id"":21145,""name"":""P. Capelle"",""number"":15,""pos"":""M""},{""id"":163004,""name"":""E. Lepaul"",""number"":19,""pos"":""F""},{""id"":284072,""name"":""B. Dieng"",""number"":99,""pos"":""F""},{""id"":425207,""name"":""M. Courcoul"",""number"":5,""pos"":""D""},{""id"":343609,""name"":""J. Ekomié"",""number"":3,""pos"":""D""},{""id"":3234,""name"":""A. Bamba"",""number"":25,""pos"":""D""},{""id"":174973,""name"":""M. Zinga"",""number"":16,""pos"":""G""},{""id"":455243,""name"":""A. Moussaoui"",""number"":33,""pos"":""F""}]"
1213833,79,Lille,True,4-2-3-1,B. Génésio,11,9,"[{""id"":162453,""name"":""L. Chevalier"",""number"":30,""pos"":""G""},{""id"":264,""name"":""T. Meunier"",""number"":12,""pos"":""D""},{""id"":22136,""name"":""B. Diakité"",""number"":18,""pos"":""D""},{""id"":1567,""name"":""A. Mandi"",""number"":2,""pos"":""D""},{""id"":47969,""name"":""G. Gudmundsson"",""number"":5,""pos"":""D""},{""id"":2204,""name"":""B. André"",""number"":21,""pos"":""M""},{""id"":375598,""name"":""N. Mukau"",""number"":17,""pos"":""M""},{""id"":48392,""name"":""E. Zhegrova"",""number"":23,""pos"":""M""},{""id"":896,""name"":""A. Gomes"",""number"":8,""pos"":""M""},{""id"":99576,""name"":""O. Sahraoui"",""number"":11,""pos"":""M""},{""id"":8489,""name"":""J. David"",""number"":9,""pos"":""F""}]","[{""id"":340077,""name"":""M. Fernandez-Pardo"",""number"":19,""pos"":null},{""id"":438688,""name"":""A. Bouaddi"",""number"":32,""pos"":""M""},{""id"":530,""name"":""M. Bakker"",""number"":20,""pos"":""D""},{""id"":24288,""name"":""M. Bayo"",""number"":27,""pos"":""F""},{""id"":351888,""name"":""O. Touré"",""number"":36,""pos"":""D""},{""id"":51146,""name"":""V. Mannone"",""number"":1,""pos"":""G""},{""id"":349947,""name"":""A. Malouda"",""number"":34,""pos"":""F""},{""id"":368065,""name"":""Y. Lachaab"",""number"":33,""pos"":""F""},{""id"":21233,""name"":""A. Zedadka"",""number"":13,""pos"":""D""}]"
1213833,80,Lyon,False,4-3-3,P. Sage,11,9,"[{""id"":80296,""name"":""Lucas Perri"",""number"":23,""pos"":""G""},{""id"":1456,""name"":""A. Maitland-Niles"",""number"":98,""pos"":""D""},{""id"":1902,""name"":""D. Ćaleta-Car"",""number"":55,""pos"":""D""},{""id"":25916,""name"":""M. Niakhaté"",""number"":19,""pos"":""D""},{""id"":529,""name"":""N. Tagliafico"",""number"":3,""pos"":""D""},{""id"":30409,""name"":""J. Veretout"",""number"":7,""pos"":""M""},{""id"":902,""name"":""N. Matić"",""number"":31,""pos"":""M""},{""id"":519,""name"":""C. Tolisso"",""number"":8,""pos"":""M""},{""id"":156477,""name"":""R. Cherki"",""number"":18,""pos"":""F""},{""id"":1467,""name"":""A. Lacazette"",""number"":10,""pos"":""F""},{""id"":361348,""name"":""M. Fofana"",""number"":11,""pos"":""F""}]","[{""id"":19361,""name"":""S. Benrahma"",""number"":17,""pos"":""F""},{""id"":180496,""name"":""G. Mikautadze"",""number"":69,""pos"":""F""},{""id"":20762,""name"":""R. Descamps"",""number"":40,""pos"":""G""},{""id"":3247,""name"":""W. Zaha"",""number"":12,""pos"":""F""},{""id"":80752,""name"":""T. Tessmann"",""number"":15,""pos"":""D""},{""id"":659,""name"":""M. Caqueret"",""number"":6,""pos"":""M""},{""id"":162265,""name"":""W. Omari"",""number"":27,""pos"":""D""},{""id"":9700,""name"":""Abner"",""number"":16,""pos"":""D""},{""id"":68,""name"":""Clinton Mata"",""number"":22,""pos"":""D""}]"
1213836,85,Paris Saint Germain,True,4-3-3,Luis Enrique,11,9,"[{""id"":2068,""name"":""M. Safonov"",""number"":39,""pos"":""G""},{""id"":9,""name"":""A. Hakimi"",""number"":2,""pos"":""D""},{""id"":257,""name"":""Marquinhos"",""number"":5,""pos"":""D""},{""id"":16367,""name"":""W. Pacho"",""number"":51,""pos"":""D""},{""id"":263482,""name"":""Nuno Mendes"",""number"":25,""pos"":""D""},{""id"":335051,""name"":""João Neves"",""number"":87,""pos"":""M""},{""id"":128384,""name"":""Vitinha"",""number"":17,""pos"":""M""},{""id"":328,""name"":""Fabián Ruiz"",""number"":8,""pos"":""M""},{""id"":153,""name"":""O. Dembélé"",""number"":10,""pos"":""F""},{""id"":746,""name"":""Marco Asensio"",""number"":11,""pos"":""F""},{""id"":161904,""name"":""B. Barcola"",""number"":29,""pos"":""F""}]","[{""id"":927,""name"":""Lee Kang-In"",""number"":19,""pos"":""M""},{""id"":336657,""name"":""W. Zaïre-Emery"",""number"":33,""pos"":""M""},{""id"":343027,""name"":""D. Doué"",""number"":14,""pos"":""F""},{""id"":1622,""name"":""G. Donnarumma"",""number"":1,""pos"":""G""},{""id"":386285,""name"":""Y. Zague"",""number"":42,""pos"":""D""},{""id"":409216,""name"":""S. Mayulu"",""number"":24,""pos"":""M""},{""id"":162473,""name"":""Arnau Tenas"",""number"":80,""pos"":""G""},{""id"":21104,""name"":""R. Kolo Muani"",""number"":23,""pos"":""F""},{""id"":198,""name"":""M. Škriniar"",""number"":37,""pos"":""D""}]"
1213836,116,Lens,False,3-4-3,W. Still,11,9,"[{""id"":21628,""name"":""B. Samba"",""number"":30,""pos"":""G""},{""id"":21635,""name"":""J. Gradit"",""number"":24,""pos"":""D""},{""id"":25287,""name"":""K. Danso"",""number"":4,""pos"":""D""},{""id"":360114,""name"":""A. Khusanov"",""number"":25,""pos"":""D""},{""id"":237191,""name"":""J. Chávez"",""number"":13,""pos"":""M""},{""id"":22261,""name"":""A. Thomasson"",""number"":28,""pos"":""M""},{""id"":270509,""name"":""A. Diouf"",""number"":18,""pos"":""M""},{""id"":2483,""name"":""D. Machado"",""number"":3,""pos"":""M""},{""id"":20761,""name"":""F. Sotoca"",""number"":7,""pos"":""F""},{""id"":31318,""name"":""M'Bala Nzola"",""number"":8,""pos"":""F""},{""id"":129169,""name"":""A. Zaroury"",""number"":21,""pos"":""F""}]","[{""id"":237232,""name"":""H. Ojediran"",""number"":15,""pos"":""M""},{""id"":277003,""name"":""N. El Aynaoui"",""number"":23,""pos"":""M""},{""id"":22166,""name"":""M. Sarr"",""number"":20,""pos"":""D""},{""id"":326073,""name"":""R. Labeau Lascary"",""number"":36,""pos"":""F""},{""id"":174607,""name"":""David Pereira da Costa"",""number"":10,""pos"":""M""},{""id"":326976,""name"":""T. Pouilly"",""number"":34,""pos"":""M""},{""id"":18785,""name"":""N. Mendy"",""number"":26,""pos"":""M""},{""id"":3007,""name"":""P. Frankowski"",""number"":29,""pos"":""M""},{""id"":22220,""name"":""H. Koffi"",""number"":16,""pos"":""G""}]"
1213835,106,Stade Brestois 29,True,4-3-3,E. Roy,11,9,"[{""id"":36878,""name"":""M. Bizot"",""number"":40,""pos"":""G""},{""id"":22247,""name"":""K. Lala"",""number"":7,""pos"":""D""},{""id"":85914,""name"":""J. Le Cardinal"",""number"":25,""pos"":""D""},{""id"":162568,""name"":""S. Coulibaly"",""number"":44,""pos"":""D""},{""id"":1901,""name"":""J. Amavi"",""number"":23,""pos"":""D""},{""id"":24147,""name"":""M. Camara"",""number"":45,""pos"":""M""},{""id"":22170,""name"":""P. Lees-Melou"",""number"":20,""pos"":""M""},{""id"":20558,""name"":""H. Magnetti"",""number"":8,""pos"":""M""},{""id"":2214,""name"":""R. Del Castillo"",""number"":10,""pos"":""F""},{""id"":22264,""name"":""L. Ajorque"",""number"":19,""pos"":""F""},{""id"":41323,""name"":""Mama Baldé"",""number"":14,""pos"":""F""}]","[{""id"":326068,""name"":""K. Doumbia"",""number"":9,""pos"":""M""},{""id"":375000,""name"":""I. Salah"",""number"":34,""pos"":""F""},{""id"":84082,""name"":""R. Faivre"",""number"":21,""pos"":""M""},{""id"":22258,""name"":""J. Martin"",""number"":28,""pos"":""M""},{""id"":3333,""name"":""M. Haïdara"",""number"":22,""pos"":""D""},{""id"":20780,""name"":""Mathias Pereira Lage"",""number"":26,""pos"":""M""},{""id"":21248,""name"":""G. Coudert"",""number"":30,""pos"":""G""},{""id"":30405,""name"":""E. Fernandes"",""number"":6,""pos"":""D""},{""id"":20546,""name"":""B. Chardonnet"",""number"":5,""pos"":""D""}]"
1213835,84,Nice,False,3-4-2-1,F. Haise,11,9,"[{""id"":2274,""name"":""M. Bułka"",""number"":1,""pos"":""G""},{""id"":196343,""name"":""Mohamed Abdelmonem"",""number"":5,""pos"":""D""},{""id"":407017,""name"":""M. Bombito"",""number"":64,""pos"":""D""},{""id"":22163,""name"":""Dante"",""number"":4,""pos"":""D""},{""id"":25008,""name"":""J. Clauss"",""number"":92,""pos"":""M""},{""id"":240,""name"":""P. Rosario"",""number"":8,""pos"":""M""},{""id"":3099,""name"":""Y. Ndayishimiye"",""number"":55,""pos"":""M""},{""id"":49583,""name"":""A. Abdi"",""number"":2,""pos"":""M""},{""id"":137303,""name"":""E. Guessand"",""number"":29,""pos"":""F""},{""id"":30531,""name"":""J. Boga"",""number"":7,""pos"":""F""},{""id"":274312,""name"":""M. Cho"",""number"":25,""pos"":""F""}]","[{""id"":21592,""name"":""G. Laborde"",""number"":24,""pos"":""F""},{""id"":662,""name"":""T. Ndombélé"",""number"":22,""pos"":""M""},{""id"":313937,""name"":""A. Mendy"",""number"":33,""pos"":""D""},{""id"":107,""name"":""S. Diop"",""number"":10,""pos"":""M""},{""id"":161919,""name"":""Y. Moukoko"",""number"":15,""pos"":""F""},{""id"":162465,""name"":""M. Bard"",""number"":26,""pos"":""D""},{""id"":193617,""name"":""T. Louchet"",""number"":20,""pos"":""M""},{""id"":444561,""name"":""I. Camara"",""number"":36,""pos"":""M""},{""id"":21079,""name"":""M. Dupé"",""number"":31,""pos"":""G""}]"
1213834,1063,Saint Etienne,True,4-1-4-1,O. Dall’Oglio,11,9,"[{""id"":20541,""name"":""G. Larsonneur"",""number"":30,""pos"":""G""},{""id"":24284,""name"":""Y. Maçon"",""number"":27,""pos"":""D""},{""id"":8445,""name"":""D. Batubinsika"",""number"":21,""pos"":""D""},{""id"":22087,""name"":""M. Nadé"",""number"":3,""pos"":""D""},{""id"":157146,""name"":""L. Pétrot"",""number"":19,""pos"":""D""},{""id"":278232,""name"":""P. Ekwah"",""number"":4,""pos"":""M""},{""id"":337426,""name"":""A. Boakye"",""number"":20,""pos"":""M""},{""id"":274355,""name"":""B. Bouchouari"",""number"":6,""pos"":""M""},{""id"":289555,""name"":""L. Mouton"",""number"":14,""pos"":""M""},{""id"":24743,""name"":""Z. Davitashvili"",""number"":22,""pos"":""M""},{""id"":322560,""name"":""L. Stassin"",""number"":32,""pos"":""F""}]","[{""id"":20648,""name"":""I. Sissoko"",""number"":9,""pos"":""F""},{""id"":22003,""name"":""M. Cafaro"",""number"":18,""pos"":""M""},{""id"":1407,""name"":""D. Appiah"",""number"":8,""pos"":""D""},{""id"":174801,""name"":""A. Moueffek"",""number"":29,""pos"":""M""},{""id"":20861,""name"":""L. Fomba"",""number"":26,""pos"":""M""},{""id"":2704,""name"":""Y. Abdelhamid"",""number"":5,""pos"":""D""},{""id"":20736,""name"":""B. Maubleu"",""number"":1,""pos"":""G""},{""id"":363053,""name"":""I. Miladinović"",""number"":28,""pos"":""M""},{""id"":395762,""name"":""M. Amougou"",""number"":37,""pos"":""M""}]"
1213834,95,Strasbourg,False,3-4-1-2,L. Rosenior,11,9,"[{""id"":118307,""name"":""Đ. Petrović"",""number"":1,""pos"":""G""},{""id"":161747,""name"":""G. Doué"",""number"":22,""pos"":""D""},{""id"":274328,""name"":""S. Sow"",""number"":4,""pos"":""D""},{""id"":276184,""name"":""M. Sarr"",""number"":23,""pos"":""D""},{""id"":129695,""name"":""D. Bakwa"",""number"":26,""pos"":""M""},{""id"":271542,""name"":""I. Doukouré"",""number"":29,""pos"":""M""},{""id"":305834,""name"":""Andrey Santos"",""number"":8,""pos"":""M""},{""id"":335056,""name"":""Diego Moreira"",""number"":7,""pos"":""M""},{""id"":190686,""name"":""S. Mara"",""number"":14,""pos"":""F""},{""id"":327631,""name"":""H. Diarra"",""number"":19,""pos"":""F""},{""id"":226803,""name"":""S. Nanasi"",""number"":15,""pos"":""F""}]","[{""id"":325594,""name"":""F. Lemaréchal"",""number"":6,""pos"":""M""},{""id"":346700,""name"":""M. Luković"",""number"":9,""pos"":""F""},{""id"":358166,""name"":""A. Ouattara"",""number"":42,""pos"":""M""},{""id"":265733,""name"":""C. Wiley"",""number"":12,""pos"":""D""},{""id"":438752,""name"":""P. Diong"",""number"":17,""pos"":""M""},{""id"":282549,""name"":""J. Mwanga"",""number"":18,""pos"":""M""},{""id"":364810,""name"":""A. Sylla"",""number"":5,""pos"":""D""},{""id"":2850,""name"":""K. Johnsson"",""number"":30,""pos"":""G""},{""id"":2259,""name"":""E. Sobol"",""number"":77,""pos"":""D""}]"
1213829,96,Toulouse,True,3-4-3,Carles Martínez,11,9,"[{""id"":325346,""name"":""G. Restes"",""number"":50,""pos"":""G""},{""id"":102,""name"":""D. Sidibé"",""number"":19,""pos"":""D""},{""id"":278392,""name"":""C. Cresswell"",""number"":4,""pos"":""D""},{""id"":50735,""name"":""M. McKenzie"",""number"":3,""pos"":""D""},{""id"":264383,""name"":""W. Kamanzi"",""number"":12,""pos"":""M""},{""id"":50956,""name"":""C. Cásseres"",""number"":23,""pos"":""M""},{""id"":48491,""name"":""V. Sierro"",""number"":8,""pos"":""M""},{""id"":39115,""name"":""A. Dønnum"",""number"":15,""pos"":""M""},{""id"":243,""name"":""Z. Aboukhlal"",""number"":7,""pos"":""F""},{""id"":18881,""name"":""J. King"",""number"":13,""pos"":""F""},{""id"":84128,""name"":""Y. Gboho"",""number"":10,""pos"":""F""}]","[{""id"":11421,""name"":""G. Suazo"",""number"":17,""pos"":""D""},{""id"":328648,""name"":""S. Babicka"",""number"":80,""pos"":""F""},{""id"":174724,""name"":""F. Magri"",""number"":9,""pos"":""F""},{""id"":430816,""name"":""N. Edjouma"",""number"":35,""pos"":""F""},{""id"":25533,""name"":""N. Schmidt"",""number"":20,""pos"":""M""},{""id"":367637,""name"":""Ü. Akdağ"",""number"":6,""pos"":""D""},{""id"":47351,""name"":""Álex Domínguez"",""number"":30,""pos"":""G""},{""id"":1369,""name"":""M. Zajc"",""number"":21,""pos"":""M""},{""id"":334952,""name"":""R. Messali"",""number"":22,""pos"":""D""}]"
1213829,93,Reims,False,4-3-3,L. Elsner,11,9,"[{""id"":20566,""name"":""Y. Diouf"",""number"":94,""pos"":""G""},{""id"":71545,""name"":""J. Okumu"",""number"":2,""pos"":""D""},{""id"":19546,""name"":""C. Kipré"",""number"":21,""pos"":""D""},{""id"":135068,""name"":""E. Agbadou"",""number"":5,""pos"":""D""},{""id"":47530,""name"":""Sergio Akieme"",""number"":18,""pos"":""D""},{""id"":343351,""name"":""V. Atangana Edoa"",""number"":6,""pos"":""M""},{""id"":384489,""name"":""Y. Fofana"",""number"":71,""pos"":""M""},{""id"":437482,""name"":""Amadou Koné"",""number"":72,""pos"":""M""},{""id"":1942,""name"":""J. Ito"",""number"":7,""pos"":""F""},{""id"":334429,""name"":""O. Diakité"",""number"":22,""pos"":""F""},{""id"":33321,""name"":""K. Nakamura"",""number"":17,""pos"":""F""}]","[{""id"":389322,""name"":""N. Sangui"",""number"":55,""pos"":""D""},{""id"":386481,""name"":""M. Diakhon"",""number"":67,""pos"":""F""},{""id"":454432,""name"":""N. Sissoko"",""number"":74,""pos"":""F""},{""id"":437483,""name"":""M. Bamba"",""number"":63,""pos"":""M""},{""id"":8553,""name"":""M. Busi"",""number"":4,""pos"":""D""},{""id"":21080,""name"":""A. Olliero"",""number"":20,""pos"":""G""},{""id"":352990,""name"":""A. Salama"",""number"":11,""pos"":""F""},{""id"":8474,""name"":""T. De Smet"",""number"":25,""pos"":""D""},{""id"":415089,""name"":""Gabriel Moscardo"",""number"":19,""pos"":""M""}]"
1213828,108,Auxerre,True,3-4-2-1,C. Pélissier,11,9,"[{""id"":20542,""name"":""D. Léon"",""number"":16,""pos"":""G""},{""id"":162466,""name"":""S. Diomandé"",""number"":20,""pos"":""D""},{""id"":41300,""name"":""Jubal"",""number"":4,""pos"":""D""},{""id"":191189,""name"":""C. Akpa"",""number"":92,""pos"":""D""},{""id"":285,""name"":""K. Hoever"",""number"":23,""pos"":""M""},{""id"":21010,""name"":""E. Owusu"",""number"":42,""pos"":""M""},{""id"":323625,""name"":""K. Danois"",""number"":27,""pos"":""M""},{""id"":7578,""name"":""G. Mensah"",""number"":14,""pos"":""M""},{""id"":20732,""name"":""G. Perrin"",""number"":10,""pos"":""F""},{""id"":31057,""name"":""H. Traoré"",""number"":25,""pos"":""F""},{""id"":51293,""name"":""T. Bair"",""number"":9,""pos"":""F""}]","[{""id"":90617,""name"":""L. Sinayoko"",""number"":17,""pos"":""F""},{""id"":32940,""name"":""A. Onaiwu"",""number"":45,""pos"":""F""},{""id"":30748,""name"":""A. Dioussé"",""number"":18,""pos"":""M""},{""id"":20586,""name"":""R. Raveloson"",""number"":97,""pos"":""M""},{""id"":20782,""name"":""F. Ayé"",""number"":19,""pos"":""F""},{""id"":38754,""name"":""E. Maddy"",""number"":11,""pos"":""F""},{""id"":20206,""name"":""G. Osho"",""number"":3,""pos"":""D""},{""id"":21143,""name"":""T. Pellenard"",""number"":5,""pos"":""D""},{""id"":193681,""name"":""T. De Percin"",""number"":40,""pos"":""G""}]"
1213828,94,Rennes,False,4-1-4-1,J. Stéphan,11,9,"[{""id"":1897,""name"":""S. Mandanda"",""number"":30,""pos"":""G""},{""id"":30423,""name"":""H. Hateboer"",""number"":33,""pos"":""D""},{""id"":18967,""name"":""L. Østigård"",""number"":55,""pos"":""D""},{""id"":20916,""name"":""C. Wooh"",""number"":4,""pos"":""D""},{""id"":162267,""name"":""A. Truffert"",""number"":3,""pos"":""D""},{""id"":37236,""name"":""A. Matusiwa"",""number"":6,""pos"":""M""},{""id"":345748,""name"":""C. Gómez"",""number"":20,""pos"":""M""},{""id"":21497,""name"":""L. Blas"",""number"":11,""pos"":""M""},{""id"":1754,""name"":""G. Kamara"",""number"":28,""pos"":""M""},{""id"":581,""name"":""Jota"",""number"":27,""pos"":""M""},{""id"":147831,""name"":""A. Kalimuendo"",""number"":9,""pos"":""F""}]","[{""id"":237249,""name"":""M. Faye"",""number"":15,""pos"":""D""},{""id"":21153,""name"":""B. Santamaría"",""number"":8,""pos"":""M""},{""id"":85041,""name"":""A. Gouiri"",""number"":10,""pos"":""F""},{""id"":180731,""name"":""L. Assignon"",""number"":22,""pos"":""D""},{""id"":263177,""name"":""A. Grønbæk"",""number"":7,""pos"":""M""},{""id"":331678,""name"":""H. Meister"",""number"":19,""pos"":""F""},{""id"":20706,""name"":""G. Gallon"",""number"":23,""pos"":""G""},{""id"":328074,""name"":""J. James"",""number"":17,""pos"":""M""},{""id"":438281,""name"":""A. Nagida"",""number"":18,""pos"":""D""}]"
1213831,111,Le Havre,True,3-1-4-2,D. Digard,11,9,"[{""id"":24011,""name"":""A. Desmas"",""number"":30,""pos"":""G""},{""id"":20576,""name"":""Y. Salmier"",""number"":22,""pos"":""D""},{""id"":162443,""name"":""É. Youté"",""number"":6,""pos"":""D""},{""id"":64255,""name"":""G. Lloris"",""number"":4,""pos"":""D""},{""id"":21103,""name"":""A. Touré"",""number"":94,""pos"":""M""},{""id"":2336,""name"":""L. Nego"",""number"":7,""pos"":""M""},{""id"":128342,""name"":""R. Ndiaye"",""number"":19,""pos"":""M""},{""id"":284071,""name"":""O. Targhalline"",""number"":5,""pos"":""M""},{""id"":23637,""name"":""Y. Zouaoui"",""number"":18,""pos"":""M""},{""id"":1370,""name"":""A. Ayew"",""number"":28,""pos"":""F""},{""id"":174937,""name"":""Y. Kechta"",""number"":8,""pos"":""F""}]","[{""id"":15783,""name"":""E. Sabbi"",""number"":11,""pos"":""F""},{""id"":1212,""name"":""D. Kuzyaev"",""number"":14,""pos"":""M""},{""id"":162067,""name"":""T. Pembélé"",""number"":32,""pos"":""D""},{""id"":646,""name"":""M. Gorgelin"",""number"":1,""pos"":""G""},{""id"":22266,""name"":""S. Grandsir"",""number"":29,""pos"":""F""},{""id"":289304,""name"":""A. Joujou"",""number"":21,""pos"":""F""},{""id"":156465,""name"":""I. Soumaré"",""number"":45,""pos"":""F""},{""id"":386275,""name"":""I. Housni"",""number"":46,""pos"":""F""},{""id"":24201,""name"":""A. Confais"",""number"":25,""pos"":""M""}]"
1213831,82,Montpellier,False,3-4-3,J. Gasset,11,9,"[{""id"":21566,""name"":""B. Lecomte"",""number"":40,""pos"":""G""},{""id"":3336,""name"":""F. Sacko"",""number"":77,""pos"":""D""},{""id"":320,""name"":""N. Maksimović"",""number"":52,""pos"":""D""},{""id"":20661,""name"":""M. Sagnan"",""number"":5,""pos"":""D""},{""id"":179399,""name"":""E. Tchato"",""number"":29,""pos"":""M""},{""id"":21439,""name"":""J. Ferri"",""number"":12,""pos"":""M""},{""id"":387120,""name"":""R. Nzingoula"",""number"":19,""pos"":""M""},{""id"":22141,""name"":""I. Sylla"",""number"":3,""pos"":""M""},{""id"":22097,""name"":""A. Nordin"",""number"":7,""pos"":""F""},{""id"":57446,""name"":""A. Adams"",""number"":8,""pos"":""F""},{""id"":22102,""name"":""W. Khazri"",""number"":10,""pos"":""F""}]","[{""id"":15286,""name"":""Mousa Al Ta'mari"",""number"":9,""pos"":""F""},{""id"":113581,""name"":""T. Coulibaly"",""number"":70,""pos"":""M""},{""id"":20866,""name"":""B. Touré"",""number"":20,""pos"":""M""},{""id"":361383,""name"":""Junior Ndiaye"",""number"":41,""pos"":""F""},{""id"":369676,""name"":""T. Chennahi"",""number"":44,""pos"":""M""},{""id"":350388,""name"":""Y. Mouanga"",""number"":47,""pos"":""D""},{""id"":21565,""name"":""D. Bertaud"",""number"":16,""pos"":""G""},{""id"":355076,""name"":""A. Gueguin"",""number"":38,""pos"":""F""},{""id"":48636,""name"":""G. Barès"",""number"":15,""pos"":""M""}]"
1213832,83,Nantes,True,4-2-3-1,A. Kombouare,11,9,"[{""id"":30393,""name"":""A. Lafont"",""number"":1,""pos"":""G""},{""id"":21498,""name"":""M. Coco"",""number"":11,""pos"":""D""},{""id"":20545,""name"":""J. Castelletto"",""number"":21,""pos"":""D""},{""id"":21088,""name"":""N. Pallois"",""number"":4,""pos"":""D""},{""id"":21570,""name"":""N. Cozza"",""number"":3,""pos"":""D""},{""id"":93671,""name"":""Pedro Chirivella"",""number"":5,""pos"":""M""},{""id"":10036,""name"":""Douglas Augusto"",""number"":6,""pos"":""M""},{""id"":18599,""name"":""S. Thomas"",""number"":22,""pos"":""M""},{""id"":3084,""name"":""T. Kadewere"",""number"":10,""pos"":""M""},{""id"":2781,""name"":""M. Simon"",""number"":27,""pos"":""M""},{""id"":2668,""name"":""Mostafa Mohamed"",""number"":31,""pos"":""F""}]","[{""id"":22134,""name"":""K. Amian"",""number"":98,""pos"":""D""},{""id"":161622,""name"":""M. Abline"",""number"":39,""pos"":""F""},{""id"":22177,""name"":""I. Ganago"",""number"":7,""pos"":""F""},{""id"":443676,""name"":""H. Guirassy"",""number"":62,""pos"":""F""},{""id"":3240,""name"":""J. Gbamin"",""number"":17,""pos"":""M""},{""id"":443674,""name"":""L. Leroux"",""number"":66,""pos"":""M""},{""id"":15684,""name"":""P. Carlgren"",""number"":30,""pos"":""G""},{""id"":343359,""name"":""N. Zézé"",""number"":44,""pos"":""D""},{""id"":20655,""name"":""J. Duverne"",""number"":2,""pos"":""D""}]"
1213832,81,Marseille,False,4-2-3-1,R. De Zerbi,11,9,"[{""id"":47296,""name"":""G. Rulli"",""number"":1,""pos"":""G""},{""id"":30525,""name"":""Pol Lirola"",""number"":29,""pos"":""D""},{""id"":6,""name"":""L. Balerdi"",""number"":5,""pos"":""D""},{""id"":926,""name"":""G. Kondogbia"",""number"":19,""pos"":""D""},{""id"":272460,""name"":""Q. Merlin"",""number"":3,""pos"":""D""},{""id"":272,""name"":""A. Rabiot"",""number"":25,""pos"":""M""},{""id"":2735,""name"":""P. Højbjerg"",""number"":23,""pos"":""M""},{""id"":897,""name"":""M. Greenwood"",""number"":10,""pos"":""M""},{""id"":328046,""name"":""I. Koné"",""number"":51,""pos"":""M""},{""id"":278095,""name"":""J. Rowe"",""number"":17,""pos"":""M""},{""id"":19364,""name"":""N. Maupay"",""number"":8,""pos"":""F""}]","[{""id"":2973,""name"":""M. Murillo"",""number"":62,""pos"":""D""},{""id"":10077,""name"":""Luis Henrique"",""number"":44,""pos"":""F""},{""id"":51295,""name"":""D. Cornelius"",""number"":13,""pos"":""D""},{""id"":126757,""name"":""L. Brassier"",""number"":20,""pos"":""D""},{""id"":21102,""name"":""V. Rongier"",""number"":21,""pos"":""M""},{""id"":36827,""name"":""J. de Lange"",""number"":12,""pos"":""G""},{""id"":193501,""name"":""B. Meïté"",""number"":18,""pos"":""M""},{""id"":162707,""name"":""E. Wahi"",""number"":9,""pos"":""F""},{""id"":449158,""name"":""K. Abdallah"",""number"":48,""pos"":""F""}]"
1213837,81,Marseille,True,4-2-3-1,R. De Zerbi,11,9,"[{""id"":47296,""name"":""G. Rulli"",""number"":1,""pos"":""G""},{""id"":30525,""name"":""Pol Lirola"",""number"":29,""pos"":""D""},{""id"":6,""name"":""L. Balerdi"",""number"":5,""pos"":""D""},{""id"":126757,""name"":""L. Brassier"",""number"":20,""pos"":""D""},{""id"":272460,""name"":""Q. Merlin"",""number"":3,""pos"":""D""},{""id"":272,""name"":""A. Rabiot"",""number"":25,""pos"":""M""},{""id"":2735,""name"":""P. Højbjerg"",""number"":23,""pos"":""M""},{""id"":897,""name"":""M. Greenwood"",""number"":10,""pos"":""M""},{""id"":10077,""name"":""Luis Henrique"",""number"":44,""pos"":""M""},{""id"":278095,""name"":""J. Rowe"",""number"":17,""pos"":""M""},{""id"":19364,""name"":""N. Maupay"",""number"":8,""pos"":""F""}]","[{""id"":943,""name"":""U. Garcia"",""number"":6,""pos"":""D""},{""id"":328046,""name"":""I. Koné"",""number"":51,""pos"":""M""},{""id"":162707,""name"":""E. Wahi"",""number"":9,""pos"":""F""},{""id"":926,""name"":""G. Kondogbia"",""number"":19,""pos"":""M""},{""id"":2973,""name"":""M. Murillo"",""number"":62,""pos"":""D""},{""id"":449158,""name"":""K. Abdallah"",""number"":48,""pos"":""F""},{""id"":193501,""name"":""B. Meïté"",""number"":18,""pos"":""M""},{""id"":36827,""name"":""J. de Lange"",""number"":12,""pos"":""G""},{""id"":21102,""name"":""V. Rongier"",""number"":21,""pos"":""M""}]"
1213837,108,Auxerre,False,3-4-2-1,C. Pélissier,11,9,"[{""id"":20542,""name"":""D. Léon"",""number"":16,""pos"":""G""},{""id"":20206,""name"":""G. Osho"",""number"":3,""pos"":""D""},{""id"":20586,""name"":""R. Raveloson"",""number"":97,""pos"":""D""},{""id"":191189,""name"":""C. Akpa"",""number"":92,""pos"":""D""},{""id"":285,""name"":""K. Hoever"",""number"":23,""pos"":""M""},{""id"":21010,""name"":""E. Owusu"",""number"":42,""pos"":""M""},{""id"":323625,""name"":""K. Danois"",""number"":27,""pos"":""M""},{""id"":7578,""name"":""G. Mensah"",""number"":14,""pos"":""M""},{""id"":20732,""name"":""G. Perrin"",""number"":10,""pos"":""F""},{""id"":31057,""name"":""H. Traoré"",""number"":25,""pos"":""F""},{""id"":90617,""name"":""L. Sinayoko"",""number"":17,""pos"":""F""}]","[{""id"":51293,""name"":""T. Bair"",""number"":9,""pos"":""F""},{""id"":30748,""name"":""A. Dioussé"",""number"":18,""pos"":""M""},{""id"":32940,""name"":""A. Onaiwu"",""number"":45,""pos"":""F""},{""id"":20782,""name"":""F. Ayé"",""number"":19,""pos"":""F""},{""id"":490095,""name"":""A. Zossou"",""number"":77,""pos"":""M""},{""id"":193681,""name"":""T. De Percin"",""number"":40,""pos"":""G""},{""id"":382252,""name"":""Madiou Keïta"",""number"":31,""pos"":""D""},{""id"":38754,""name"":""E. Maddy"",""number"":11,""pos"":""F""},{""id"":21143,""name"":""T. Pellenard"",""number"":5,""pos"":""D""}]"
1213841,95,Strasbourg,True,3-4-3,L. Rosenior,11,9,"[{""id"":118307,""name"":""Đ. Petrović"",""number"":1,""pos"":""G""},{""id"":161747,""name"":""G. Doué"",""number"":22,""pos"":""D""},{""id"":274328,""name"":""S. Sow"",""number"":4,""pos"":""D""},{""id"":364810,""name"":""A. Sylla"",""number"":5,""pos"":""D""},{""id"":129695,""name"":""D. Bakwa"",""number"":26,""pos"":""M""},{""id"":271542,""name"":""I. Doukouré"",""number"":29,""pos"":""M""},{""id"":305834,""name"":""Andrey Santos"",""number"":8,""pos"":""M""},{""id"":335056,""name"":""Diego Moreira"",""number"":7,""pos"":""M""},{""id"":327631,""name"":""H. Diarra"",""number"":19,""pos"":""F""},{""id"":226803,""name"":""S. Nanasi"",""number"":15,""pos"":""F""},{""id"":190686,""name"":""S. Mara"",""number"":14,""pos"":""F""}]","[{""id"":265733,""name"":""C. Wiley"",""number"":12,""pos"":""D""},{""id"":346700,""name"":""M. Luković"",""number"":9,""pos"":""F""},{""id"":438752,""name"":""P. Diong"",""number"":17,""pos"":""M""},{""id"":325594,""name"":""F. Lemaréchal"",""number"":6,""pos"":""M""},{""id"":2259,""name"":""E. Sobol"",""number"":77,""pos"":""D""},{""id"":2850,""name"":""K. Johnsson"",""number"":30,""pos"":""G""},{""id"":191240,""name"":""M. Senaya"",""number"":28,""pos"":""D""},{""id"":282549,""name"":""J. Mwanga"",""number"":18,""pos"":""M""},{""id"":358166,""name"":""A. Ouattara"",""number"":42,""pos"":""M""}]"
1213841,91,Monaco,False,4-2-3-1,A. Hütter,11,9,"[{""id"":40384,""name"":""R. Majecki"",""number"":1,""pos"":""G""},{""id"":291649,""name"":""Vanderson"",""number"":2,""pos"":""D""},{""id"":30504,""name"":""W. Singo"",""number"":17,""pos"":""D""},{""id"":261,""name"":""T. Kehrer"",""number"":5,""pos"":""D""},{""id"":10316,""name"":""Caio Henrique"",""number"":12,""pos"":""D""},{""id"":326176,""name"":""S. Magassa"",""number"":88,""pos"":""M""},{""id"":374058,""name"":""L. Camara"",""number"":15,""pos"":""M""},{""id"":274300,""name"":""M. Akliouche"",""number"":11,""pos"":""M""},{""id"":1101,""name"":""T. Minamino"",""number"":18,""pos"":""M""},{""id"":343320,""name"":""E. Ben Seghir"",""number"":7,""pos"":""M""},{""id"":421,""name"":""B. Embolo"",""number"":36,""pos"":""F""}]","[{""id"":371916,""name"":""C. Mawissa"",""number"":13,""pos"":""D""},{""id"":395040,""name"":""G. Ilenikhena"",""number"":21,""pos"":""F""},{""id"":231,""name"":""J. Teze"",""number"":4,""pos"":""D""},{""id"":81,""name"":""K. Diatta"",""number"":27,""pos"":""M""},{""id"":7313,""name"":""P. Köhn"",""number"":16,""pos"":""G""},{""id"":333137,""name"":""K. Ouattara"",""number"":20,""pos"":""D""},{""id"":162991,""name"":""E. Matazo"",""number"":8,""pos"":""M""},{""id"":343319,""name"":""L. Michal"",""number"":41,""pos"":""F""},{""id"":47480,""name"":""M. Salisu"",""number"":22,""pos"":""D""}]"
1213842,116,Lens,True,3-4-2-1,W. Still,11,9,"[{""id"":21628,""name"":""B. Samba"",""number"":30,""pos"":""G""},{""id"":21635,""name"":""J. Gradit"",""number"":24,""pos"":""D""},{""id"":25287,""name"":""K. Danso"",""number"":4,""pos"":""D""},{""id"":6231,""name"":""F. Medina"",""number"":14,""pos"":""D""},{""id"":3007,""name"":""P. Frankowski"",""number"":29,""pos"":""M""},{""id"":277003,""name"":""N. El Aynaoui"",""number"":23,""pos"":""M""},{""id"":22261,""name"":""A. Thomasson"",""number"":28,""pos"":""M""},{""id"":2483,""name"":""D. Machado"",""number"":3,""pos"":""M""},{""id"":174607,""name"":""David Pereira da Costa"",""number"":10,""pos"":""F""},{""id"":270509,""name"":""A. Diouf"",""number"":18,""pos"":""F""},{""id"":326073,""name"":""R. Labeau Lascary"",""number"":36,""pos"":""F""}]","[{""id"":20761,""name"":""F. Sotoca"",""number"":7,""pos"":""F""},{""id"":129169,""name"":""A. Zaroury"",""number"":21,""pos"":""F""},{""id"":237232,""name"":""H. Ojediran"",""number"":15,""pos"":""M""},{""id"":21146,""name"":""A. Fulgini"",""number"":11,""pos"":""M""},{""id"":18785,""name"":""N. Mendy"",""number"":26,""pos"":""M""},{""id"":22166,""name"":""M. Sarr"",""number"":20,""pos"":""D""},{""id"":439815,""name"":""K. Diliwidi"",""number"":33,""pos"":""F""},{""id"":237191,""name"":""J. Chávez"",""number"":13,""pos"":""D""},{""id"":22220,""name"":""H. Koffi"",""number"":16,""pos"":""G""}]"
1213842,83,Nantes,False,3-4-3,A. Kombouare,11,9,"[{""id"":30393,""name"":""A. Lafont"",""number"":1,""pos"":""G""},{""id"":20545,""name"":""J. Castelletto"",""number"":21,""pos"":""D""},{""id"":21088,""name"":""N. Pallois"",""number"":4,""pos"":""D""},{""id"":20655,""name"":""J. Duverne"",""number"":2,""pos"":""D""},{""id"":22134,""name"":""K. Amian"",""number"":98,""pos"":""M""},{""id"":93671,""name"":""Pedro Chirivella"",""number"":5,""pos"":""M""},{""id"":10036,""name"":""Douglas Augusto"",""number"":6,""pos"":""M""},{""id"":21570,""name"":""N. Cozza"",""number"":3,""pos"":""M""},{""id"":161622,""name"":""M. Abline"",""number"":39,""pos"":""F""},{""id"":2668,""name"":""Mostafa Mohamed"",""number"":31,""pos"":""F""},{""id"":2781,""name"":""M. Simon"",""number"":27,""pos"":""F""}]","[{""id"":443676,""name"":""H. Guirassy"",""number"":62,""pos"":""F""},{""id"":22177,""name"":""I. Ganago"",""number"":7,""pos"":""F""},{""id"":18599,""name"":""S. Thomas"",""number"":22,""pos"":""M""},{""id"":21582,""name"":""F. Mollet"",""number"":25,""pos"":""M""},{""id"":3240,""name"":""J. Gbamin"",""number"":17,""pos"":""M""},{""id"":443674,""name"":""L. Leroux"",""number"":66,""pos"":""M""},{""id"":15684,""name"":""P. Carlgren"",""number"":30,""pos"":""G""},{""id"":386438,""name"":""M. Acapandié"",""number"":41,""pos"":""D""},{""id"":21498,""name"":""M. Coco"",""number"":11,""pos"":""F""}]"
1213845,77,Angers,True,4-2-3-1,A. Dujeux,11,9,"[{""id"":64190,""name"":""Y. Fofana"",""number"":30,""pos"":""G""},{""id"":20850,""name"":""C. Arcus"",""number"":2,""pos"":""D""},{""id"":385569,""name"":""E. Biumla"",""number"":24,""pos"":""D""},{""id"":21381,""name"":""J. Lefort"",""number"":21,""pos"":""D""},{""id"":41146,""name"":""F. Hanin"",""number"":26,""pos"":""D""},{""id"":103,""name"":""J. Aholou"",""number"":6,""pos"":""M""},{""id"":20554,""name"":""H. Belkebla"",""number"":93,""pos"":""M""},{""id"":21618,""name"":""J. Allevinah"",""number"":18,""pos"":""M""},{""id"":20692,""name"":""H. Abdelli"",""number"":10,""pos"":""M""},{""id"":3177,""name"":""F. El Melali"",""number"":28,""pos"":""M""},{""id"":20537,""name"":""I. Niane"",""number"":7,""pos"":""F""}]","[{""id"":174660,""name"":""L. Raolisoa"",""number"":27,""pos"":""D""},{""id"":174708,""name"":""Y. Belkhdim"",""number"":14,""pos"":""M""},{""id"":284072,""name"":""B. Dieng"",""number"":99,""pos"":""F""},{""id"":163004,""name"":""E. Lepaul"",""number"":19,""pos"":""F""},{""id"":343609,""name"":""J. Ekomié"",""number"":3,""pos"":""D""},{""id"":21145,""name"":""P. Capelle"",""number"":15,""pos"":""M""},{""id"":174723,""name"":""Z. Ould Khaled"",""number"":12,""pos"":""D""},{""id"":3234,""name"":""A. Bamba"",""number"":25,""pos"":""D""},{""id"":174973,""name"":""M. Zinga"",""number"":16,""pos"":""G""}]"
1213845,85,Paris Saint Germain,False,4-3-3,Luis Enrique,11,9,"[{""id"":1622,""name"":""G. Donnarumma"",""number"":1,""pos"":""G""},{""id"":9,""name"":""A. Hakimi"",""number"":2,""pos"":""D""},{""id"":257,""name"":""Marquinhos"",""number"":5,""pos"":""D""},{""id"":198,""name"":""M. Škriniar"",""number"":37,""pos"":""D""},{""id"":307835,""name"":""Beraldo"",""number"":35,""pos"":""D""},{""id"":336657,""name"":""W. Zaïre-Emery"",""number"":33,""pos"":""M""},{""id"":328,""name"":""Fabián Ruiz"",""number"":8,""pos"":""M""},{""id"":409216,""name"":""S. Mayulu"",""number"":24,""pos"":""M""},{""id"":927,""name"":""Lee Kang-In"",""number"":19,""pos"":""F""},{""id"":746,""name"":""Marco Asensio"",""number"":11,""pos"":""F""},{""id"":161904,""name"":""B. Barcola"",""number"":29,""pos"":""F""}]","[{""id"":386285,""name"":""Y. Zague"",""number"":42,""pos"":""D""},{""id"":343027,""name"":""D. Doué"",""number"":14,""pos"":""F""},{""id"":21104,""name"":""R. Kolo Muani"",""number"":23,""pos"":""F""},{""id"":153,""name"":""O. Dembélé"",""number"":10,""pos"":""F""},{""id"":335051,""name"":""João Neves"",""number"":87,""pos"":""M""},{""id"":162473,""name"":""Arnau Tenas"",""number"":80,""pos"":""G""},{""id"":2068,""name"":""M. Safonov"",""number"":39,""pos"":""G""},{""id"":128384,""name"":""Vitinha"",""number"":17,""pos"":""M""},{""id"":263482,""name"":""Nuno Mendes"",""number"":25,""pos"":""D""}]"
1213844,84,Nice,True,3-4-3,F. Haise,11,9,"[{""id"":2274,""name"":""M. Bułka"",""number"":1,""pos"":""G""},{""id"":3099,""name"":""Y. Ndayishimiye"",""number"":55,""pos"":""D""},{""id"":407017,""name"":""M. Bombito"",""number"":64,""pos"":""D""},{""id"":162465,""name"":""M. Bard"",""number"":26,""pos"":""D""},{""id"":25008,""name"":""J. Clauss"",""number"":92,""pos"":""M""},{""id"":240,""name"":""P. Rosario"",""number"":8,""pos"":""M""},{""id"":662,""name"":""T. Ndombélé"",""number"":22,""pos"":""M""},{""id"":49583,""name"":""A. Abdi"",""number"":2,""pos"":""M""},{""id"":137303,""name"":""E. Guessand"",""number"":29,""pos"":""F""},{""id"":274312,""name"":""M. Cho"",""number"":25,""pos"":""F""},{""id"":30531,""name"":""J. Boga"",""number"":7,""pos"":""F""}]","[{""id"":107,""name"":""S. Diop"",""number"":10,""pos"":""M""},{""id"":193617,""name"":""T. Louchet"",""number"":20,""pos"":""M""},{""id"":21592,""name"":""G. Laborde"",""number"":24,""pos"":""F""},{""id"":334879,""name"":""B. Bouanani"",""number"":19,""pos"":""M""},{""id"":477124,""name"":""V. Orakpo"",""number"":45,""pos"":""F""},{""id"":21079,""name"":""M. Dupé"",""number"":31,""pos"":""G""},{""id"":444561,""name"":""I. Camara"",""number"":36,""pos"":""M""},{""id"":22163,""name"":""Dante"",""number"":4,""pos"":""D""},{""id"":161919,""name"":""Y. Moukoko"",""number"":15,""pos"":""F""}]"
1213844,79,Lille,False,4-3-3,B. Génésio,11,9,"[{""id"":162453,""name"":""L. Chevalier"",""number"":30,""pos"":""G""},{""id"":1567,""name"":""A. Mandi"",""number"":2,""pos"":""D""},{""id"":22136,""name"":""B. Diakité"",""number"":18,""pos"":""D""},{""id"":142691,""name"":""Alexsandro Ribeiro"",""number"":4,""pos"":""D""},{""id"":530,""name"":""M. Bakker"",""number"":20,""pos"":""D""},{""id"":375598,""name"":""N. Mukau"",""number"":17,""pos"":""M""},{""id"":2204,""name"":""B. André"",""number"":21,""pos"":""M""},{""id"":438688,""name"":""A. Bouaddi"",""number"":32,""pos"":""M""},{""id"":48392,""name"":""E. Zhegrova"",""number"":23,""pos"":""F""},{""id"":8489,""name"":""J. David"",""number"":9,""pos"":""F""},{""id"":340077,""name"":""M. Fernandez-Pardo"",""number"":19,""pos"":null}]","[{""id"":896,""name"":""A. Gomes"",""number"":8,""pos"":""M""},{""id"":22093,""name"":""R. Cabella"",""number"":10,""pos"":""M""},{""id"":47969,""name"":""G. Gudmundsson"",""number"":5,""pos"":""D""},{""id"":679,""name"":""Ismaily"",""number"":31,""pos"":""D""},{""id"":21233,""name"":""A. Zedadka"",""number"":13,""pos"":""D""},{""id"":349947,""name"":""A. Malouda"",""number"":34,""pos"":""F""},{""id"":24288,""name"":""M. Bayo"",""number"":27,""pos"":""F""},{""id"":99576,""name"":""O. Sahraoui"",""number"":11,""pos"":""F""},{""id"":51146,""name"":""V. Mannone"",""number"":1,""pos"":""G""}]"
1213839,82,Montpellier,True,4-2-3-1,J. Gasset,11,9,"[{""id"":21566,""name"":""B. Lecomte"",""number"":40,""pos"":""G""},{""id"":179399,""name"":""E. Tchato"",""number"":29,""pos"":""D""},{""id"":320,""name"":""N. Maksimović"",""number"":52,""pos"":""D""},{""id"":20661,""name"":""M. Sagnan"",""number"":5,""pos"":""D""},{""id"":22141,""name"":""I. Sylla"",""number"":3,""pos"":""D""},{""id"":387120,""name"":""R. Nzingoula"",""number"":19,""pos"":""M""},{""id"":21439,""name"":""J. Ferri"",""number"":12,""pos"":""M""},{""id"":15286,""name"":""Mousa Al Ta'mari"",""number"":9,""pos"":""M""},{""id"":22102,""name"":""W. Khazri"",""number"":10,""pos"":""M""},{""id"":22097,""name"":""A. Nordin"",""number"":7,""pos"":""M""},{""id"":57446,""name"":""A. Adams"",""number"":8,""pos"":""F""}]","[{""id"":20866,""name"":""B. Touré"",""number"":20,""pos"":""M""},{""id"":113581,""name"":""T. Coulibaly"",""number"":70,""pos"":""M""},{""id"":399906,""name"":""O. Maamma"",""number"":14,""pos"":""F""},{""id"":361383,""name"":""Junior Ndiaye"",""number"":41,""pos"":""F""},{""id"":369676,""name"":""T. Chennahi"",""number"":44,""pos"":""M""},{""id"":350388,""name"":""Y. Mouanga"",""number"":47,""pos"":""D""},{""id"":21565,""name"":""D. Bertaud"",""number"":16,""pos"":""G""},{""id"":48636,""name"":""G. Barès"",""number"":15,""pos"":""M""},{""id"":3336,""name"":""F. Sacko"",""number"":77,""pos"":""D""}]"
1213839,106,Stade Brestois 29,False,4-3-3,E. Roy,11,9,"[{""id"":36878,""name"":""M. Bizot"",""number"":40,""pos"":""G""},{""id"":422595,""name"":""L. Zogbé"",""number"":12,""pos"":""D""},{""id"":20546,""name"":""B. Chardonnet"",""number"":5,""pos"":""D""},{""id"":203483,""name"":""A. Ndiaye"",""number"":3,""pos"":""D""},{""id"":1901,""name"":""J. Amavi"",""number"":23,""pos"":""D""},{""id"":20558,""name"":""H. Magnetti"",""number"":8,""pos"":""M""},{""id"":22170,""name"":""P. Lees-Melou"",""number"":20,""pos"":""M""},{""id"":22258,""name"":""J. Martin"",""number"":28,""pos"":""M""},{""id"":84082,""name"":""R. Faivre"",""number"":21,""pos"":""F""},{""id"":41323,""name"":""Mama Baldé"",""number"":14,""pos"":""F""},{""id"":375000,""name"":""I. Salah"",""number"":34,""pos"":""F""}]","[{""id"":326068,""name"":""K. Doumbia"",""number"":9,""pos"":""M""},{""id"":277191,""name"":""A. Sima"",""number"":17,""pos"":""F""},{""id"":2214,""name"":""R. Del Castillo"",""number"":10,""pos"":""M""},{""id"":24147,""name"":""M. Camara"",""number"":45,""pos"":""M""},{""id"":20780,""name"":""Mathias Pereira Lage"",""number"":26,""pos"":""M""},{""id"":30405,""name"":""E. Fernandes"",""number"":6,""pos"":""D""},{""id"":22247,""name"":""K. Lala"",""number"":7,""pos"":""D""},{""id"":85914,""name"":""J. Le Cardinal"",""number"":25,""pos"":""D""},{""id"":21248,""name"":""G. Coudert"",""number"":30,""pos"":""G""}]"
1213843,94,Rennes,True,4-2-3-1,S. Tambouret,11,9,"[{""id"":1897,""name"":""S. Mandanda"",""number"":30,""pos"":""G""},{""id"":180731,""name"":""L. Assignon"",""number"":22,""pos"":""D""},{""id"":20916,""name"":""C. Wooh"",""number"":4,""pos"":""D""},{""id"":196187,""name"":""A. Seidu"",""number"":36,""pos"":""D""},{""id"":162267,""name"":""A. Truffert"",""number"":3,""pos"":""D""},{""id"":21153,""name"":""B. Santamaría"",""number"":8,""pos"":""M""},{""id"":1754,""name"":""G. Kamara"",""number"":28,""pos"":""M""},{""id"":21497,""name"":""L. Blas"",""number"":11,""pos"":""M""},{""id"":85041,""name"":""A. Gouiri"",""number"":10,""pos"":""M""},{""id"":581,""name"":""Jota"",""number"":27,""pos"":""M""},{""id"":147831,""name"":""A. Kalimuendo"",""number"":9,""pos"":""F""}]","[{""id"":20706,""name"":""G. Gallon"",""number"":23,""pos"":""G""},{""id"":263177,""name"":""A. Grønbæk"",""number"":7,""pos"":""M""},{""id"":37236,""name"":""A. Matusiwa"",""number"":6,""pos"":""M""},{""id"":30423,""name"":""H. Hateboer"",""number"":33,""pos"":""M""},{""id"":449662,""name"":""M. Meïté"",""number"":62,""pos"":""F""},{""id"":152418,""name"":""N. Ahamada"",""number"":32,""pos"":""M""},{""id"":237249,""name"":""M. Faye"",""number"":15,""pos"":""D""},{""id"":18967,""name"":""L. Østigård"",""number"":55,""pos"":""D""},{""id"":345748,""name"":""C. Gómez"",""number"":20,""pos"":""M""}]"
1213843,96,Toulouse,False,3-4-2-1,Carles Martínez,11,9,"[{""id"":325346,""name"":""G. Restes"",""number"":50,""pos"":""G""},{""id"":102,""name"":""D. Sidibé"",""number"":19,""pos"":""D""},{""id"":278392,""name"":""C. Cresswell"",""number"":4,""pos"":""D""},{""id"":50735,""name"":""M. McKenzie"",""number"":3,""pos"":""D""},{""id"":39115,""name"":""A. Dønnum"",""number"":15,""pos"":""M""},{""id"":50956,""name"":""C. Cásseres"",""number"":23,""pos"":""M""},{""id"":48491,""name"":""V. Sierro"",""number"":8,""pos"":""M""},{""id"":11421,""name"":""G. Suazo"",""number"":17,""pos"":""M""},{""id"":243,""name"":""Z. Aboukhlal"",""number"":7,""pos"":""F""},{""id"":84128,""name"":""Y. Gboho"",""number"":10,""pos"":""F""},{""id"":18881,""name"":""J. King"",""number"":13,""pos"":""F""}]","[{""id"":328648,""name"":""S. Babicka"",""number"":80,""pos"":""F""},{""id"":264383,""name"":""W. Kamanzi"",""number"":12,""pos"":""D""},{""id"":1369,""name"":""M. Zajc"",""number"":21,""pos"":""M""},{""id"":334952,""name"":""R. Messali"",""number"":22,""pos"":""M""},{""id"":367637,""name"":""Ü. Akdağ"",""number"":6,""pos"":""D""},{""id"":25533,""name"":""N. Schmidt"",""number"":20,""pos"":""M""},{""id"":47351,""name"":""Álex Domínguez"",""number"":30,""pos"":""G""},{""id"":430816,""name"":""N. Edjouma"",""number"":31,""pos"":""F""},{""id"":461463,""name"":""M. Saka"",""number"":39,""pos"":""M""}]"
1213840,111,Le Havre,True,3-4-2-1,D. Digard,11,9,"[{""id"":24011,""name"":""A. Desmas"",""number"":30,""pos"":""G""},{""id"":20576,""name"":""Y. Salmier"",""number"":22,""pos"":""D""},{""id"":162443,""name"":""É. Youté"",""number"":6,""pos"":""D""},{""id"":64255,""name"":""G. Lloris"",""number"":4,""pos"":""D""},{""id"":162067,""name"":""T. Pembélé"",""number"":32,""pos"":""M""},{""id"":21103,""name"":""A. Touré"",""number"":94,""pos"":""M""},{""id"":284071,""name"":""O. Targhalline"",""number"":5,""pos"":""M""},{""id"":20836,""name"":""C. Opéri"",""number"":27,""pos"":""M""},{""id"":15783,""name"":""E. Sabbi"",""number"":11,""pos"":""F""},{""id"":174937,""name"":""Y. Kechta"",""number"":8,""pos"":""F""},{""id"":1370,""name"":""A. Ayew"",""number"":28,""pos"":""F""}]","[{""id"":156465,""name"":""I. Soumaré"",""number"":45,""pos"":""F""},{""id"":174915,""name"":""J. Casimir"",""number"":10,""pos"":""F""},{""id"":1212,""name"":""D. Kuzyaev"",""number"":14,""pos"":""M""},{""id"":289304,""name"":""A. Joujou"",""number"":21,""pos"":""F""},{""id"":2336,""name"":""L. Nego"",""number"":7,""pos"":""D""},{""id"":386275,""name"":""I. Housni"",""number"":46,""pos"":""F""},{""id"":128342,""name"":""R. Ndiaye"",""number"":19,""pos"":""M""},{""id"":646,""name"":""M. Gorgelin"",""number"":1,""pos"":""G""},{""id"":23637,""name"":""Y. Zouaoui"",""number"":18,""pos"":""D""}]"
1213840,93,Reims,False,4-3-3,L. Elsner,11,9,"[{""id"":20566,""name"":""Y. Diouf"",""number"":94,""pos"":""G""},{""id"":8451,""name"":""Aurélio Buta"",""number"":23,""pos"":""D""},{""id"":71545,""name"":""J. Okumu"",""number"":2,""pos"":""D""},{""id"":135068,""name"":""E. Agbadou"",""number"":5,""pos"":""D""},{""id"":47530,""name"":""Sergio Akieme"",""number"":18,""pos"":""D""},{""id"":343351,""name"":""V. Atangana Edoa"",""number"":6,""pos"":""M""},{""id"":437482,""name"":""Amadou Koné"",""number"":72,""pos"":""M""},{""id"":3080,""name"":""M. Munetsi"",""number"":15,""pos"":""M""},{""id"":1942,""name"":""J. Ito"",""number"":7,""pos"":""F""},{""id"":334429,""name"":""O. Diakité"",""number"":22,""pos"":""F""},{""id"":33321,""name"":""K. Nakamura"",""number"":17,""pos"":""F""}]","[{""id"":442929,""name"":""Abdoul Koné"",""number"":92,""pos"":""D""},{""id"":384489,""name"":""Y. Fofana"",""number"":71,""pos"":""M""},{""id"":352990,""name"":""A. Salama"",""number"":11,""pos"":""F""},{""id"":386481,""name"":""M. Diakhon"",""number"":67,""pos"":""F""},{""id"":8966,""name"":""T. Teuma"",""number"":10,""pos"":""M""},{""id"":415089,""name"":""Gabriel Moscardo"",""number"":19,""pos"":""M""},{""id"":8474,""name"":""T. De Smet"",""number"":25,""pos"":""D""},{""id"":21080,""name"":""A. Olliero"",""number"":20,""pos"":""G""},{""id"":19546,""name"":""C. Kipré"",""number"":21,""pos"":""D""}]"
1213838,80,Lyon,True,4-3-3,P. Sage,11,9,"[{""id"":80296,""name"":""Lucas Perri"",""number"":23,""pos"":""G""},{""id"":1456,""name"":""A. Maitland-Niles"",""number"":98,""pos"":""D""},{""id"":1902,""name"":""D. Ćaleta-Car"",""number"":55,""pos"":""D""},{""id"":25916,""name"":""M. Niakhaté"",""number"":19,""pos"":""D""},{""id"":529,""name"":""N. Tagliafico"",""number"":3,""pos"":""D""},{""id"":30409,""name"":""J. Veretout"",""number"":7,""pos"":""M""},{""id"":902,""name"":""N. Matić"",""number"":31,""pos"":""M""},{""id"":519,""name"":""C. Tolisso"",""number"":8,""pos"":""M""},{""id"":156477,""name"":""R. Cherki"",""number"":18,""pos"":""F""},{""id"":1467,""name"":""A. Lacazette"",""number"":10,""pos"":""F""},{""id"":361348,""name"":""M. Fofana"",""number"":11,""pos"":""F""}]","[{""id"":350856,""name"":""E. Nuamah"",""number"":37,""pos"":""F""},{""id"":80752,""name"":""T. Tessmann"",""number"":15,""pos"":""M""},{""id"":68,""name"":""Clinton Mata"",""number"":22,""pos"":""D""},{""id"":180496,""name"":""G. Mikautadze"",""number"":69,""pos"":""F""},{""id"":3247,""name"":""W. Zaha"",""number"":12,""pos"":""F""},{""id"":659,""name"":""M. Caqueret"",""number"":6,""pos"":""M""},{""id"":20762,""name"":""R. Descamps"",""number"":40,""pos"":""G""},{""id"":9700,""name"":""Abner"",""number"":16,""pos"":""D""},{""id"":162265,""name"":""W. Omari"",""number"":27,""pos"":""D""}]"
1213838,1063,Saint Etienne,False,4-1-4-1,O. Dall’Oglio,11,9,"[{""id"":20541,""name"":""G. Larsonneur"",""number"":30,""pos"":""G""},{""id"":24284,""name"":""Y. Maçon"",""number"":27,""pos"":""D""},{""id"":8445,""name"":""D. Batubinsika"",""number"":21,""pos"":""D""},{""id"":22087,""name"":""M. Nadé"",""number"":3,""pos"":""D""},{""id"":157146,""name"":""L. Pétrot"",""number"":19,""pos"":""D""},{""id"":278232,""name"":""P. Ekwah"",""number"":4,""pos"":""M""},{""id"":337426,""name"":""A. Boakye"",""number"":20,""pos"":""M""},{""id"":274355,""name"":""B. Bouchouari"",""number"":6,""pos"":""M""},{""id"":289555,""name"":""L. Mouton"",""number"":14,""pos"":""M""},{""id"":24743,""name"":""Z. Davitashvili"",""number"":22,""pos"":""M""},{""id"":322560,""name"":""L. Stassin"",""number"":32,""pos"":""F""}]","[{""id"":20648,""name"":""I. Sissoko"",""number"":9,""pos"":""F""},{""id"":39248,""name"":""I. Wadji"",""number"":25,""pos"":""F""},{""id"":174801,""name"":""A. Moueffek"",""number"":29,""pos"":""M""},{""id"":1407,""name"":""D. Appiah"",""number"":8,""pos"":""D""},{""id"":395762,""name"":""M. Amougou"",""number"":37,""pos"":""M""},{""id"":8624,""name"":""F. Tardieu"",""number"":10,""pos"":""M""},{""id"":107199,""name"":""P. Cornud"",""number"":17,""pos"":""D""},{""id"":20736,""name"":""B. Maubleu"",""number"":1,""pos"":""G""},{""id"":2704,""name"":""Y. Abdelhamid"",""number"":5,""pos"":""D""}]"
1213852,91,Monaco,True,4-2-3-1,A. Hütter,11,9,"[{""id"":40384,""name"":""R. Majecki"",""number"":1,""pos"":""G""},{""id"":291649,""name"":""Vanderson"",""number"":2,""pos"":""D""},{""id"":261,""name"":""T. Kehrer"",""number"":5,""pos"":""D""},{""id"":47480,""name"":""M. Salisu"",""number"":22,""pos"":""D""},{""id"":371916,""name"":""C. Mawissa"",""number"":13,""pos"":""D""},{""id"":2810,""name"":""D. Zakaria"",""number"":6,""pos"":""M""},{""id"":326176,""name"":""S. Magassa"",""number"":88,""pos"":""M""},{""id"":274300,""name"":""M. Akliouche"",""number"":11,""pos"":""M""},{""id"":343320,""name"":""E. Ben Seghir"",""number"":7,""pos"":""M""},{""id"":109,""name"":""A. Golovin"",""number"":10,""pos"":""M""},{""id"":421,""name"":""B. Embolo"",""number"":36,""pos"":""F""}]","[{""id"":395040,""name"":""G. Ilenikhena"",""number"":21,""pos"":""F""},{""id"":30504,""name"":""W. Singo"",""number"":17,""pos"":""D""},{""id"":231,""name"":""J. Teze"",""number"":4,""pos"":""D""},{""id"":333137,""name"":""K. Ouattara"",""number"":20,""pos"":""D""},{""id"":7313,""name"":""P. Köhn"",""number"":16,""pos"":""G""},{""id"":10316,""name"":""Caio Henrique"",""number"":12,""pos"":""D""},{""id"":399893,""name"":""B. Kiwa"",""number"":46,""pos"":""D""},{""id"":162991,""name"":""E. Matazo"",""number"":8,""pos"":""M""},{""id"":453792,""name"":""A. Bamba"",""number"":45,""pos"":""M""}]"
1213852,106,Stade Brestois 29,False,4-3-3,E. Roy,11,9,"[{""id"":36878,""name"":""M. Bizot"",""number"":40,""pos"":""G""},{""id"":22247,""name"":""K. Lala"",""number"":7,""pos"":""D""},{""id"":20546,""name"":""B. Chardonnet"",""number"":5,""pos"":""D""},{""id"":85914,""name"":""J. Le Cardinal"",""number"":25,""pos"":""D""},{""id"":1901,""name"":""J. Amavi"",""number"":23,""pos"":""D""},{""id"":24147,""name"":""M. Camara"",""number"":45,""pos"":""M""},{""id"":22170,""name"":""P. Lees-Melou"",""number"":20,""pos"":""M""},{""id"":20558,""name"":""H. Magnetti"",""number"":8,""pos"":""M""},{""id"":2214,""name"":""R. Del Castillo"",""number"":10,""pos"":""F""},{""id"":22264,""name"":""L. Ajorque"",""number"":19,""pos"":""F""},{""id"":277191,""name"":""A. Sima"",""number"":17,""pos"":""F""}]","[{""id"":30405,""name"":""E. Fernandes"",""number"":6,""pos"":""D""},{""id"":326068,""name"":""K. Doumbia"",""number"":9,""pos"":""M""},{""id"":41323,""name"":""Mama Baldé"",""number"":14,""pos"":""F""},{""id"":20780,""name"":""Mathias Pereira Lage"",""number"":26,""pos"":""M""},{""id"":22258,""name"":""J. Martin"",""number"":28,""pos"":""M""},{""id"":422595,""name"":""L. Zogbé"",""number"":12,""pos"":""D""},{""id"":203483,""name"":""A. Ndiaye"",""number"":3,""pos"":""D""},{""id"":21248,""name"":""G. Coudert"",""number"":30,""pos"":""G""},{""id"":375000,""name"":""I. Salah"",""number"":34,""pos"":""F""}]"
1213846,85,Paris Saint Germain,True,4-2-3-1,Luis Enrique,11,9,"[{""id"":2068,""name"":""M. Safonov"",""number"":39,""pos"":""G""},{""id"":9,""name"":""A. Hakimi"",""number"":2,""pos"":""D""},{""id"":198,""name"":""M. Škriniar"",""number"":37,""pos"":""D""},{""id"":307835,""name"":""Beraldo"",""number"":35,""pos"":""D""},{""id"":386285,""name"":""Y. Zague"",""number"":42,""pos"":""D""},{""id"":336657,""name"":""W. Zaïre-Emery"",""number"":33,""pos"":""M""},{""id"":335051,""name"":""João Neves"",""number"":87,""pos"":""M""},{""id"":153,""name"":""O. Dembélé"",""number"":10,""pos"":""M""},{""id"":343027,""name"":""D. Doué"",""number"":14,""pos"":""M""},{""id"":161904,""name"":""B. Barcola"",""number"":29,""pos"":""M""},{""id"":746,""name"":""Marco Asensio"",""number"":11,""pos"":""F""}]","[{""id"":128384,""name"":""Vitinha"",""number"":17,""pos"":""M""},{""id"":927,""name"":""Lee Kang-In"",""number"":19,""pos"":""M""},{""id"":328,""name"":""Fabián Ruiz"",""number"":8,""pos"":""M""},{""id"":21104,""name"":""R. Kolo Muani"",""number"":23,""pos"":""F""},{""id"":446249,""name"":""I. Mbaye"",""number"":49,""pos"":""F""},{""id"":491103,""name"":""A. Tape"",""number"":34,""pos"":""M""},{""id"":162473,""name"":""Arnau Tenas"",""number"":80,""pos"":""G""},{""id"":16367,""name"":""W. Pacho"",""number"":51,""pos"":""D""},{""id"":1622,""name"":""G. Donnarumma"",""number"":1,""pos"":""G""}]"
1213846,96,Toulouse,False,3-4-2-1,Carles Martínez,11,9,"[{""id"":325346,""name"":""G. Restes"",""number"":50,""pos"":""G""},{""id"":50735,""name"":""M. McKenzie"",""number"":3,""pos"":""D""},{""id"":278392,""name"":""C. Cresswell"",""number"":4,""pos"":""D""},{""id"":367637,""name"":""Ü. Akdağ"",""number"":6,""pos"":""D""},{""id"":264383,""name"":""W. Kamanzi"",""number"":12,""pos"":""M""},{""id"":50956,""name"":""C. Cásseres"",""number"":23,""pos"":""M""},{""id"":48491,""name"":""V. Sierro"",""number"":8,""pos"":""M""},{""id"":39115,""name"":""A. Dønnum"",""number"":15,""pos"":""M""},{""id"":243,""name"":""Z. Aboukhlal"",""number"":7,""pos"":""F""},{""id"":84128,""name"":""Y. Gboho"",""number"":10,""pos"":""F""},{""id"":18881,""name"":""J. King"",""number"":13,""pos"":""F""}]","[{""id"":328648,""name"":""S. Babicka"",""number"":80,""pos"":""F""},{""id"":11421,""name"":""G. Suazo"",""number"":17,""pos"":""D""},{""id"":25533,""name"":""N. Schmidt"",""number"":20,""pos"":""M""},{""id"":174724,""name"":""F. Magri"",""number"":9,""pos"":""F""},{""id"":412759,""name"":""J. Canvot"",""number"":29,""pos"":""D""},{""id"":47351,""name"":""Álex Domínguez"",""number"":30,""pos"":""G""},{""id"":452697,""name"":""D. Methalie"",""number"":24,""pos"":""D""},{""id"":334952,""name"":""R. Messali"",""number"":22,""pos"":""M""},{""id"":1369,""name"":""M. Zajc"",""number"":21,""pos"":""M""}]"
1213847,116,Lens,True,3-4-2-1,W. Still,11,9,"[{""id"":21628,""name"":""B. Samba"",""number"":30,""pos"":""G""},{""id"":22166,""name"":""M. Sarr"",""number"":20,""pos"":""D""},{""id"":25287,""name"":""K. Danso"",""number"":4,""pos"":""D""},{""id"":6231,""name"":""F. Medina"",""number"":14,""pos"":""D""},{""id"":3007,""name"":""P. Frankowski"",""number"":29,""pos"":""M""},{""id"":22261,""name"":""A. Thomasson"",""number"":28,""pos"":""M""},{""id"":237232,""name"":""H. Ojediran"",""number"":15,""pos"":""M""},{""id"":2483,""name"":""D. Machado"",""number"":3,""pos"":""M""},{""id"":20761,""name"":""F. Sotoca"",""number"":7,""pos"":""F""},{""id"":174607,""name"":""David Pereira da Costa"",""number"":10,""pos"":""F""},{""id"":31318,""name"":""M'Bala Nzola"",""number"":8,""pos"":""F""}]","[{""id"":326073,""name"":""R. Labeau Lascary"",""number"":36,""pos"":""F""},{""id"":277003,""name"":""N. El Aynaoui"",""number"":23,""pos"":""M""},{""id"":270509,""name"":""A. Diouf"",""number"":18,""pos"":""M""},{""id"":129169,""name"":""A. Zaroury"",""number"":21,""pos"":""F""},{""id"":21146,""name"":""A. Fulgini"",""number"":11,""pos"":""M""},{""id"":18785,""name"":""N. Mendy"",""number"":26,""pos"":""M""},{""id"":22220,""name"":""H. Koffi"",""number"":16,""pos"":""G""},{""id"":237191,""name"":""J. Chávez"",""number"":13,""pos"":""D""},{""id"":326976,""name"":""T. Pouilly"",""number"":34,""pos"":""M""}]"
1213847,81,Marseille,False,3-5-2,R. De Zerbi,11,9,"[{""id"":47296,""name"":""G. Rulli"",""number"":1,""pos"":""G""},{""id"":2973,""name"":""M. Murillo"",""number"":62,""pos"":""D""},{""id"":6,""name"":""L. Balerdi"",""number"":5,""pos"":""D""},{""id"":926,""name"":""G. Kondogbia"",""number"":19,""pos"":""D""},{""id"":10077,""name"":""Luis Henrique"",""number"":44,""pos"":""M""},{""id"":21102,""name"":""V. Rongier"",""number"":21,""pos"":""M""},{""id"":2735,""name"":""P. Højbjerg"",""number"":23,""pos"":""M""},{""id"":272,""name"":""A. Rabiot"",""number"":25,""pos"":""M""},{""id"":943,""name"":""U. Garcia"",""number"":6,""pos"":""M""},{""id"":897,""name"":""M. Greenwood"",""number"":10,""pos"":""F""},{""id"":19364,""name"":""N. Maupay"",""number"":8,""pos"":""F""}]","[{""id"":283216,""name"":""B. Nadir"",""number"":26,""pos"":""M""},{""id"":278095,""name"":""J. Rowe"",""number"":17,""pos"":""F""},{""id"":162707,""name"":""E. Wahi"",""number"":9,""pos"":""F""},{""id"":193501,""name"":""B. Meïté"",""number"":18,""pos"":""M""},{""id"":497107,""name"":""R. Baheng"",""number"":33,""pos"":""D""},{""id"":36827,""name"":""J. de Lange"",""number"":12,""pos"":""G""},{""id"":449158,""name"":""K. Abdallah"",""number"":48,""pos"":""F""},{""id"":328046,""name"":""I. Koné"",""number"":51,""pos"":""M""},{""id"":272460,""name"":""Q. Merlin"",""number"":3,""pos"":""D""}]"
1213849,1063,Saint Etienne,True,5-4-1,O. Dall’Oglio,11,9,"[{""id"":20541,""name"":""G. Larsonneur"",""number"":30,""pos"":""G""},{""id"":1407,""name"":""D. Appiah"",""number"":8,""pos"":""D""},{""id"":8445,""name"":""D. Batubinsika"",""number"":21,""pos"":""D""},{""id"":278232,""name"":""P. Ekwah"",""number"":4,""pos"":""D""},{""id"":2704,""name"":""Y. Abdelhamid"",""number"":5,""pos"":""D""},{""id"":157146,""name"":""L. Pétrot"",""number"":19,""pos"":""D""},{""id"":337426,""name"":""A. Boakye"",""number"":20,""pos"":""M""},{""id"":274355,""name"":""B. Bouchouari"",""number"":6,""pos"":""M""},{""id"":289555,""name"":""L. Mouton"",""number"":14,""pos"":""M""},{""id"":24743,""name"":""Z. Davitashvili"",""number"":22,""pos"":""M""},{""id"":20648,""name"":""I. Sissoko"",""number"":9,""pos"":""F""}]","[{""id"":22003,""name"":""M. Cafaro"",""number"":18,""pos"":""M""},{""id"":174801,""name"":""A. Moueffek"",""number"":29,""pos"":""M""},{""id"":395762,""name"":""M. Amougou"",""number"":37,""pos"":""M""},{""id"":107199,""name"":""P. Cornud"",""number"":17,""pos"":""D""},{""id"":322560,""name"":""L. Stassin"",""number"":32,""pos"":""F""},{""id"":8624,""name"":""F. Tardieu"",""number"":10,""pos"":""M""},{""id"":20861,""name"":""L. Fomba"",""number"":26,""pos"":""M""},{""id"":39248,""name"":""I. Wadji"",""number"":25,""pos"":""F""},{""id"":20736,""name"":""B. Maubleu"",""number"":1,""pos"":""G""}]"
1213849,82,Montpellier,False,4-2-3-1,J. Gasset,11,9,"[{""id"":21566,""name"":""B. Lecomte"",""number"":40,""pos"":""G""},{""id"":179399,""name"":""E. Tchato"",""number"":29,""pos"":""D""},{""id"":320,""name"":""N. Maksimović"",""number"":52,""pos"":""D""},{""id"":20661,""name"":""M. Sagnan"",""number"":5,""pos"":""D""},{""id"":22141,""name"":""I. Sylla"",""number"":3,""pos"":""D""},{""id"":387120,""name"":""R. Nzingoula"",""number"":19,""pos"":""M""},{""id"":128287,""name"":""J. Chotard"",""number"":13,""pos"":""M""},{""id"":15286,""name"":""Mousa Al Ta'mari"",""number"":9,""pos"":""M""},{""id"":21443,""name"":""T. Savanier"",""number"":11,""pos"":""M""},{""id"":22097,""name"":""A. Nordin"",""number"":7,""pos"":""M""},{""id"":22102,""name"":""W. Khazri"",""number"":10,""pos"":""F""}]","[{""id"":113581,""name"":""T. Coulibaly"",""number"":70,""pos"":""M""},{""id"":999,""name"":""B. Omeragić"",""number"":27,""pos"":""D""},{""id"":361383,""name"":""Junior Ndiaye"",""number"":41,""pos"":""F""},{""id"":48636,""name"":""G. Barès"",""number"":15,""pos"":""M""},{""id"":369676,""name"":""T. Chennahi"",""number"":44,""pos"":""M""},{""id"":342228,""name"":""S. Džodić"",""number"":45,""pos"":""M""},{""id"":21565,""name"":""D. Bertaud"",""number"":16,""pos"":""G""},{""id"":3336,""name"":""F. Sacko"",""number"":77,""pos"":""D""},{""id"":21434,""name"":""T. Sainte-Luce"",""number"":17,""pos"":""D""}]"
1213854,93,Reims,True,4-2-3-1,L. Elsner,11,9,"[{""id"":20566,""name"":""Y. Diouf"",""number"":94,""pos"":""G""},{""id"":389322,""name"":""N. Sangui"",""number"":55,""pos"":""D""},{""id"":19546,""name"":""C. Kipré"",""number"":21,""pos"":""D""},{""id"":8474,""name"":""T. De Smet"",""number"":25,""pos"":""D""},{""id"":47530,""name"":""Sergio Akieme"",""number"":18,""pos"":""D""},{""id"":343351,""name"":""V. Atangana Edoa"",""number"":6,""pos"":""M""},{""id"":437482,""name"":""Amadou Koné"",""number"":72,""pos"":""M""},{""id"":1942,""name"":""J. Ito"",""number"":7,""pos"":""M""},{""id"":3080,""name"":""M. Munetsi"",""number"":15,""pos"":""M""},{""id"":33321,""name"":""K. Nakamura"",""number"":17,""pos"":""M""},{""id"":334429,""name"":""O. Diakité"",""number"":22,""pos"":""F""}]","[{""id"":8966,""name"":""T. Teuma"",""number"":10,""pos"":""M""},{""id"":8451,""name"":""Aurélio Buta"",""number"":23,""pos"":""D""},{""id"":352990,""name"":""A. Salama"",""number"":11,""pos"":""F""},{""id"":415089,""name"":""Gabriel Moscardo"",""number"":19,""pos"":""M""},{""id"":392656,""name"":""M. Diadie"",""number"":64,""pos"":""M""},{""id"":21080,""name"":""A. Olliero"",""number"":20,""pos"":""G""},{""id"":386481,""name"":""M. Diakhon"",""number"":67,""pos"":""F""},{""id"":384489,""name"":""Y. Fofana"",""number"":8,""pos"":""M""},{""id"":437483,""name"":""M. Bamba"",""number"":63,""pos"":""M""}]"
1213854,80,Lyon,False,4-2-3-1,P. Sage,11,9,"[{""id"":80296,""name"":""Lucas Perri"",""number"":23,""pos"":""G""},{""id"":1456,""name"":""A. Maitland-Niles"",""number"":98,""pos"":""D""},{""id"":68,""name"":""Clinton Mata"",""number"":22,""pos"":""D""},{""id"":25916,""name"":""M. Niakhaté"",""number"":19,""pos"":""D""},{""id"":9700,""name"":""Abner"",""number"":16,""pos"":""D""},{""id"":902,""name"":""N. Matić"",""number"":31,""pos"":""M""},{""id"":519,""name"":""C. Tolisso"",""number"":8,""pos"":""M""},{""id"":350856,""name"":""E. Nuamah"",""number"":37,""pos"":""M""},{""id"":156477,""name"":""R. Cherki"",""number"":18,""pos"":""M""},{""id"":19361,""name"":""S. Benrahma"",""number"":17,""pos"":""M""},{""id"":1467,""name"":""A. Lacazette"",""number"":10,""pos"":""F""}]","[{""id"":361348,""name"":""M. Fofana"",""number"":11,""pos"":""F""},{""id"":80752,""name"":""T. Tessmann"",""number"":15,""pos"":""M""},{""id"":180496,""name"":""G. Mikautadze"",""number"":69,""pos"":""F""},{""id"":20762,""name"":""R. Descamps"",""number"":40,""pos"":""G""},{""id"":30409,""name"":""J. Veretout"",""number"":7,""pos"":""M""},{""id"":334914,""name"":""S. Kumbedi"",""number"":20,""pos"":""D""},{""id"":3247,""name"":""W. Zaha"",""number"":12,""pos"":""F""},{""id"":659,""name"":""M. Caqueret"",""number"":6,""pos"":""M""},{""id"":162265,""name"":""W. Omari"",""number"":27,""pos"":""D""}]"
1213850,79,Lille,True,4-2-3-1,B. Génésio,11,9,"[{""id"":162453,""name"":""L. Chevalier"",""number"":30,""pos"":""G""},{""id"":1567,""name"":""A. Mandi"",""number"":2,""pos"":""D""},{""id"":22136,""name"":""B. Diakité"",""number"":18,""pos"":""D""},{""id"":142691,""name"":""Alexsandro Ribeiro"",""number"":4,""pos"":""D""},{""id"":47969,""name"":""G. Gudmundsson"",""number"":5,""pos"":""D""},{""id"":2204,""name"":""B. André"",""number"":21,""pos"":""M""},{""id"":438688,""name"":""A. Bouaddi"",""number"":32,""pos"":""M""},{""id"":48392,""name"":""E. Zhegrova"",""number"":23,""pos"":""M""},{""id"":22093,""name"":""R. Cabella"",""number"":10,""pos"":""M""},{""id"":530,""name"":""M. Bakker"",""number"":20,""pos"":""M""},{""id"":8489,""name"":""J. David"",""number"":9,""pos"":""F""}]","[{""id"":340077,""name"":""M. Fernandez-Pardo"",""number"":19,""pos"":null},{""id"":67889,""name"":""H. Haraldsson"",""number"":7,""pos"":""M""},{""id"":99576,""name"":""O. Sahraoui"",""number"":11,""pos"":""F""},{""id"":24288,""name"":""M. Bayo"",""number"":27,""pos"":""F""},{""id"":351888,""name"":""O. Touré"",""number"":36,""pos"":""D""},{""id"":264,""name"":""T. Meunier"",""number"":12,""pos"":""D""},{""id"":896,""name"":""A. Gomes"",""number"":8,""pos"":""M""},{""id"":51146,""name"":""V. Mannone"",""number"":1,""pos"":""G""},{""id"":679,""name"":""Ismaily"",""number"":31,""pos"":""D""}]"
1213850,94,Rennes,False,3-4-2-1,J. Sampaoli,11,9,"[{""id"":1897,""name"":""S. Mandanda"",""number"":30,""pos"":""G""},{""id"":30423,""name"":""H. Hateboer"",""number"":33,""pos"":""D""},{""id"":18967,""name"":""L. Østigård"",""number"":55,""pos"":""D""},{""id"":196187,""name"":""A. Seidu"",""number"":36,""pos"":""D""},{""id"":180731,""name"":""L. Assignon"",""number"":22,""pos"":""M""},{""id"":37236,""name"":""A. Matusiwa"",""number"":6,""pos"":""M""},{""id"":1754,""name"":""G. Kamara"",""number"":28,""pos"":""M""},{""id"":438281,""name"":""A. Nagida"",""number"":18,""pos"":""M""},{""id"":263177,""name"":""A. Grønbæk"",""number"":7,""pos"":""F""},{""id"":85041,""name"":""A. Gouiri"",""number"":10,""pos"":""F""},{""id"":147831,""name"":""A. Kalimuendo"",""number"":9,""pos"":""F""}]","[{""id"":237249,""name"":""M. Faye"",""number"":15,""pos"":""D""},{""id"":328074,""name"":""J. James"",""number"":17,""pos"":""M""},{""id"":21497,""name"":""L. Blas"",""number"":11,""pos"":""M""},{""id"":581,""name"":""Jota"",""number"":27,""pos"":""F""},{""id"":345748,""name"":""C. Gómez"",""number"":20,""pos"":""F""},{""id"":21153,""name"":""B. Santamaría"",""number"":8,""pos"":""M""},{""id"":331678,""name"":""H. Meister"",""number"":19,""pos"":""F""},{""id"":20706,""name"":""G. Gallon"",""number"":23,""pos"":""G""},{""id"":20916,""name"":""C. Wooh"",""number"":4,""pos"":""D""}]"
1213851,83,Nantes,True,4-2-3-1,A. Kombouare,11,9,"[{""id"":30393,""name"":""A. Lafont"",""number"":1,""pos"":""G""},{""id"":20655,""name"":""J. Duverne"",""number"":2,""pos"":""D""},{""id"":20545,""name"":""J. Castelletto"",""number"":21,""pos"":""D""},{""id"":343359,""name"":""N. Zézé"",""number"":44,""pos"":""D""},{""id"":21570,""name"":""N. Cozza"",""number"":3,""pos"":""D""},{""id"":93671,""name"":""Pedro Chirivella"",""number"":5,""pos"":""M""},{""id"":10036,""name"":""Douglas Augusto"",""number"":6,""pos"":""M""},{""id"":21582,""name"":""F. Mollet"",""number"":25,""pos"":""M""},{""id"":193952,""name"":""J. Lepenant"",""number"":8,""pos"":""M""},{""id"":2781,""name"":""M. Simon"",""number"":27,""pos"":""M""},{""id"":161622,""name"":""M. Abline"",""number"":39,""pos"":""F""}]","[{""id"":443676,""name"":""H. Guirassy"",""number"":62,""pos"":""F""},{""id"":20654,""name"":""F. Centonze"",""number"":18,""pos"":""D""},{""id"":2668,""name"":""Mostafa Mohamed"",""number"":31,""pos"":""F""},{""id"":388779,""name"":""D. Assoumani"",""number"":59,""pos"":""M""},{""id"":22177,""name"":""I. Ganago"",""number"":7,""pos"":""F""},{""id"":3240,""name"":""J. Gbamin"",""number"":17,""pos"":""M""},{""id"":15684,""name"":""P. Carlgren"",""number"":30,""pos"":""G""},{""id"":22134,""name"":""K. Amian"",""number"":98,""pos"":""D""},{""id"":443674,""name"":""L. Leroux"",""number"":66,""pos"":""M""}]"
1213851,111,Le Havre,False,3-4-2-1,D. Digard,11,9,"[{""id"":24011,""name"":""A. Desmas"",""number"":30,""pos"":""G""},{""id"":162067,""name"":""T. Pembélé"",""number"":32,""pos"":""D""},{""id"":162443,""name"":""É. Youté"",""number"":6,""pos"":""D""},{""id"":64255,""name"":""G. Lloris"",""number"":4,""pos"":""D""},{""id"":174915,""name"":""J. Casimir"",""number"":10,""pos"":""M""},{""id"":1212,""name"":""D. Kuzyaev"",""number"":14,""pos"":""M""},{""id"":174937,""name"":""Y. Kechta"",""number"":8,""pos"":""M""},{""id"":20836,""name"":""C. Opéri"",""number"":27,""pos"":""M""},{""id"":15783,""name"":""E. Sabbi"",""number"":11,""pos"":""F""},{""id"":156465,""name"":""I. Soumaré"",""number"":45,""pos"":""F""},{""id"":1370,""name"":""A. Ayew"",""number"":28,""pos"":""F""}]","[{""id"":128342,""name"":""R. Ndiaye"",""number"":19,""pos"":""M""},{""id"":343317,""name"":""S. Ngoura"",""number"":77,""pos"":""F""},{""id"":2336,""name"":""L. Nego"",""number"":7,""pos"":""D""},{""id"":23637,""name"":""Y. Zouaoui"",""number"":18,""pos"":""D""},{""id"":646,""name"":""M. Gorgelin"",""number"":1,""pos"":""G""},{""id"":22266,""name"":""S. Grandsir"",""number"":29,""pos"":""F""},{""id"":386275,""name"":""I. Housni"",""number"":46,""pos"":""F""},{""id"":289304,""name"":""A. Joujou"",""number"":21,""pos"":""F""},{""id"":24201,""name"":""A. Confais"",""number"":25,""pos"":""M""}]"
1213853,108,Auxerre,True,3-4-2-1,C. Pélissier,11,9,"[{""id"":20542,""name"":""D. Léon"",""number"":16,""pos"":""G""},{""id"":20206,""name"":""G. Osho"",""number"":3,""pos"":""D""},{""id"":41300,""name"":""Jubal"",""number"":4,""pos"":""D""},{""id"":191189,""name"":""C. Akpa"",""number"":92,""pos"":""D""},{""id"":285,""name"":""K. Hoever"",""number"":23,""pos"":""M""},{""id"":21010,""name"":""E. Owusu"",""number"":42,""pos"":""M""},{""id"":323625,""name"":""K. Danois"",""number"":27,""pos"":""M""},{""id"":7578,""name"":""G. Mensah"",""number"":14,""pos"":""M""},{""id"":20732,""name"":""G. Perrin"",""number"":10,""pos"":""F""},{""id"":31057,""name"":""H. Traoré"",""number"":25,""pos"":""F""},{""id"":90617,""name"":""L. Sinayoko"",""number"":17,""pos"":""F""}]","[{""id"":20586,""name"":""R. Raveloson"",""number"":97,""pos"":""M""},{""id"":51293,""name"":""T. Bair"",""number"":9,""pos"":""F""},{""id"":32940,""name"":""A. Onaiwu"",""number"":45,""pos"":""F""},{""id"":162466,""name"":""S. Diomandé"",""number"":20,""pos"":""D""},{""id"":193681,""name"":""T. De Percin"",""number"":40,""pos"":""G""},{""id"":20782,""name"":""F. Ayé"",""number"":19,""pos"":""F""},{""id"":30748,""name"":""A. Dioussé"",""number"":18,""pos"":""M""},{""id"":38754,""name"":""E. Maddy"",""number"":11,""pos"":""F""},{""id"":191392,""name"":""P. Joly"",""number"":26,""pos"":""D""}]"
1213853,77,Angers,False,4-2-3-1,A. Dujeux,11,9,"[{""id"":64190,""name"":""Y. Fofana"",""number"":30,""pos"":""G""},{""id"":20850,""name"":""C. Arcus"",""number"":2,""pos"":""D""},{""id"":3234,""name"":""A. Bamba"",""number"":25,""pos"":""D""},{""id"":21381,""name"":""J. Lefort"",""number"":21,""pos"":""D""},{""id"":41146,""name"":""F. Hanin"",""number"":26,""pos"":""D""},{""id"":20554,""name"":""H. Belkebla"",""number"":93,""pos"":""M""},{""id"":103,""name"":""J. Aholou"",""number"":6,""pos"":""M""},{""id"":21618,""name"":""J. Allevinah"",""number"":18,""pos"":""M""},{""id"":20692,""name"":""H. Abdelli"",""number"":10,""pos"":""M""},{""id"":3177,""name"":""F. El Melali"",""number"":28,""pos"":""M""},{""id"":20537,""name"":""I. Niane"",""number"":7,""pos"":""F""}]","[{""id"":163004,""name"":""E. Lepaul"",""number"":19,""pos"":""F""},{""id"":174660,""name"":""L. Raolisoa"",""number"":27,""pos"":""D""},{""id"":284072,""name"":""B. Dieng"",""number"":99,""pos"":""F""},{""id"":174708,""name"":""Y. Belkhdim"",""number"":14,""pos"":""M""},{""id"":174973,""name"":""M. Zinga"",""number"":16,""pos"":""G""},{""id"":174723,""name"":""Z. Ould Khaled"",""number"":12,""pos"":""D""},{""id"":21145,""name"":""P. Capelle"",""number"":15,""pos"":""M""},{""id"":20725,""name"":""J. Lopy"",""number"":8,""pos"":""M""},{""id"":343609,""name"":""J. Ekomié"",""number"":3,""pos"":""D""}]"
1213848,84,Nice,True,4-4-2,F. Haise,11,9,"[{""id"":2274,""name"":""M. Bułka"",""number"":1,""pos"":""G""},{""id"":193617,""name"":""T. Louchet"",""number"":20,""pos"":""D""},{""id"":407017,""name"":""M. Bombito"",""number"":64,""pos"":""D""},{""id"":22163,""name"":""Dante"",""number"":4,""pos"":""D""},{""id"":162465,""name"":""M. Bard"",""number"":26,""pos"":""D""},{""id"":274312,""name"":""M. Cho"",""number"":25,""pos"":""M""},{""id"":4399,""name"":""H. Boudaoui"",""number"":6,""pos"":""M""},{""id"":240,""name"":""P. Rosario"",""number"":8,""pos"":""M""},{""id"":30531,""name"":""J. Boga"",""number"":7,""pos"":""M""},{""id"":137303,""name"":""E. Guessand"",""number"":29,""pos"":""F""},{""id"":107,""name"":""S. Diop"",""number"":10,""pos"":""F""}]","[{""id"":662,""name"":""T. Ndombélé"",""number"":22,""pos"":""M""},{""id"":21592,""name"":""G. Laborde"",""number"":24,""pos"":""F""},{""id"":334879,""name"":""B. Bouanani"",""number"":19,""pos"":""M""},{""id"":482467,""name"":""Y. Nandjou"",""number"":42,""pos"":""D""},{""id"":275053,""name"":""R. Ilie"",""number"":18,""pos"":""M""},{""id"":161919,""name"":""Y. Moukoko"",""number"":15,""pos"":""F""},{""id"":437498,""name"":""A. Doumbouya"",""number"":44,""pos"":""D""},{""id"":444561,""name"":""I. Camara"",""number"":36,""pos"":""M""},{""id"":21079,""name"":""M. Dupé"",""number"":31,""pos"":""G""}]"
1213848,95,Strasbourg,False,4-4-2,L. Rosenior,11,9,"[{""id"":118307,""name"":""Đ. Petrović"",""number"":1,""pos"":""G""},{""id"":161747,""name"":""G. Doué"",""number"":22,""pos"":""D""},{""id"":276184,""name"":""M. Sarr"",""number"":23,""pos"":""D""},{""id"":364810,""name"":""A. Sylla"",""number"":5,""pos"":""D""},{""id"":265733,""name"":""C. Wiley"",""number"":12,""pos"":""D""},{""id"":129695,""name"":""D. Bakwa"",""number"":26,""pos"":""M""},{""id"":271542,""name"":""I. Doukouré"",""number"":29,""pos"":""M""},{""id"":305834,""name"":""Andrey Santos"",""number"":8,""pos"":""M""},{""id"":335056,""name"":""Diego Moreira"",""number"":7,""pos"":""M""},{""id"":325594,""name"":""F. Lemaréchal"",""number"":6,""pos"":""F""},{""id"":226803,""name"":""S. Nanasi"",""number"":15,""pos"":""F""}]","[{""id"":282549,""name"":""J. Mwanga"",""number"":18,""pos"":""M""},{""id"":191240,""name"":""M. Senaya"",""number"":28,""pos"":""D""},{""id"":190686,""name"":""S. Mara"",""number"":14,""pos"":""F""},{""id"":369885,""name"":""J. Sebas"",""number"":40,""pos"":""F""},{""id"":2259,""name"":""E. Sobol"",""number"":77,""pos"":""D""},{""id"":2850,""name"":""K. Johnsson"",""number"":30,""pos"":""G""},{""id"":274328,""name"":""S. Sow"",""number"":4,""pos"":""D""},{""id"":358166,""name"":""A. Ouattara"",""number"":42,""pos"":""M""},{""id"":438752,""name"":""P. Diong"",""number"":17,""pos"":""M""}]"
1213855,93,Reims,True,4-3-3,L. Elsner,11,9,"[{""id"":20566,""name"":""Y. Diouf"",""number"":94,""pos"":""G""},{""id"":8451,""name"":""Aurélio Buta"",""number"":23,""pos"":""D""},{""id"":19546,""name"":""C. Kipré"",""number"":21,""pos"":""D""},{""id"":135068,""name"":""E. Agbadou"",""number"":5,""pos"":""D""},{""id"":47530,""name"":""Sergio Akieme"",""number"":18,""pos"":""D""},{""id"":3080,""name"":""M. Munetsi"",""number"":15,""pos"":""M""},{""id"":343351,""name"":""V. Atangana Edoa"",""number"":6,""pos"":""M""},{""id"":8966,""name"":""T. Teuma"",""number"":10,""pos"":""M""},{""id"":1942,""name"":""J. Ito"",""number"":7,""pos"":""F""},{""id"":334429,""name"":""O. Diakité"",""number"":22,""pos"":""F""},{""id"":33321,""name"":""K. Nakamura"",""number"":17,""pos"":""F""}]","[{""id"":386481,""name"":""M. Diakhon"",""number"":67,""pos"":""F""},{""id"":437482,""name"":""Amadou Koné"",""number"":72,""pos"":""M""},{""id"":384489,""name"":""Y. Fofana"",""number"":8,""pos"":""M""},{""id"":415089,""name"":""Gabriel Moscardo"",""number"":19,""pos"":""M""},{""id"":352990,""name"":""A. Salama"",""number"":11,""pos"":""F""},{""id"":392656,""name"":""M. Diadie"",""number"":64,""pos"":""M""},{""id"":21080,""name"":""A. Olliero"",""number"":20,""pos"":""G""},{""id"":8474,""name"":""T. De Smet"",""number"":25,""pos"":""D""},{""id"":389322,""name"":""N. Sangui"",""number"":55,""pos"":""D""}]"
1213855,116,Lens,False,4-2-3-1,W. Still,11,9,"[{""id"":21628,""name"":""B. Samba"",""number"":30,""pos"":""G""},{""id"":3007,""name"":""P. Frankowski"",""number"":29,""pos"":""D""},{""id"":25287,""name"":""K. Danso"",""number"":4,""pos"":""D""},{""id"":360114,""name"":""A. Khusanov"",""number"":25,""pos"":""D""},{""id"":6231,""name"":""F. Medina"",""number"":14,""pos"":""D""},{""id"":270509,""name"":""A. Diouf"",""number"":18,""pos"":""M""},{""id"":22261,""name"":""A. Thomasson"",""number"":28,""pos"":""M""},{""id"":129169,""name"":""A. Zaroury"",""number"":21,""pos"":""M""},{""id"":21146,""name"":""A. Fulgini"",""number"":11,""pos"":""M""},{""id"":326073,""name"":""R. Labeau Lascary"",""number"":36,""pos"":""M""},{""id"":31318,""name"":""M'Bala Nzola"",""number"":8,""pos"":""F""}]","[{""id"":277003,""name"":""N. El Aynaoui"",""number"":23,""pos"":""M""},{""id"":20761,""name"":""F. Sotoca"",""number"":7,""pos"":""F""},{""id"":2483,""name"":""D. Machado"",""number"":3,""pos"":""D""},{""id"":237232,""name"":""H. Ojediran"",""number"":15,""pos"":""M""},{""id"":237191,""name"":""J. Chávez"",""number"":13,""pos"":""D""},{""id"":22220,""name"":""H. Koffi"",""number"":16,""pos"":""G""},{""id"":174607,""name"":""David Pereira da Costa"",""number"":10,""pos"":""M""},{""id"":21635,""name"":""J. Gradit"",""number"":24,""pos"":""D""},{""id"":22166,""name"":""M. Sarr"",""number"":20,""pos"":""D""}]"
1213856,94,Rennes,True,3-4-2-1,J. Sampaoli,11,9,"[{""id"":1897,""name"":""S. Mandanda"",""number"":30,""pos"":""G""},{""id"":30423,""name"":""H. Hateboer"",""number"":33,""pos"":""D""},{""id"":18967,""name"":""L. Østigård"",""number"":55,""pos"":""D""},{""id"":237249,""name"":""M. Faye"",""number"":15,""pos"":""D""},{""id"":180731,""name"":""L. Assignon"",""number"":22,""pos"":""M""},{""id"":328074,""name"":""J. James"",""number"":17,""pos"":""M""},{""id"":37236,""name"":""A. Matusiwa"",""number"":6,""pos"":""M""},{""id"":438281,""name"":""A. Nagida"",""number"":18,""pos"":""M""},{""id"":21497,""name"":""L. Blas"",""number"":11,""pos"":""F""},{""id"":85041,""name"":""A. Gouiri"",""number"":10,""pos"":""F""},{""id"":147831,""name"":""A. Kalimuendo"",""number"":9,""pos"":""F""}]","[{""id"":162267,""name"":""A. Truffert"",""number"":3,""pos"":""D""},{""id"":263177,""name"":""A. Grønbæk"",""number"":7,""pos"":""M""},{""id"":1754,""name"":""G. Kamara"",""number"":28,""pos"":""M""},{""id"":345748,""name"":""C. Gómez"",""number"":20,""pos"":""F""},{""id"":581,""name"":""Jota"",""number"":27,""pos"":""F""},{""id"":20916,""name"":""C. Wooh"",""number"":4,""pos"":""D""},{""id"":331678,""name"":""H. Meister"",""number"":19,""pos"":""F""},{""id"":20706,""name"":""G. Gallon"",""number"":23,""pos"":""G""},{""id"":21153,""name"":""B. Santamaría"",""number"":8,""pos"":""M""}]"
1213856,1063,Saint Etienne,False,5-4-1,O. Dall’Oglio,11,9,"[{""id"":20541,""name"":""G. Larsonneur"",""number"":30,""pos"":""G""},{""id"":1407,""name"":""D. Appiah"",""number"":8,""pos"":""D""},{""id"":8445,""name"":""D. Batubinsika"",""number"":21,""pos"":""D""},{""id"":278232,""name"":""P. Ekwah"",""number"":4,""pos"":""D""},{""id"":2704,""name"":""Y. Abdelhamid"",""number"":5,""pos"":""D""},{""id"":157146,""name"":""L. Pétrot"",""number"":19,""pos"":""D""},{""id"":22003,""name"":""M. Cafaro"",""number"":18,""pos"":""M""},{""id"":274355,""name"":""B. Bouchouari"",""number"":6,""pos"":""M""},{""id"":289555,""name"":""L. Mouton"",""number"":14,""pos"":""M""},{""id"":24743,""name"":""Z. Davitashvili"",""number"":22,""pos"":""M""},{""id"":20648,""name"":""I. Sissoko"",""number"":9,""pos"":""F""}]","[{""id"":39248,""name"":""I. Wadji"",""number"":25,""pos"":""F""},{""id"":395762,""name"":""M. Amougou"",""number"":37,""pos"":""M""},{""id"":322560,""name"":""L. Stassin"",""number"":32,""pos"":""F""},{""id"":174801,""name"":""A. Moueffek"",""number"":29,""pos"":""M""},{""id"":107199,""name"":""P. Cornud"",""number"":17,""pos"":""D""},{""id"":20736,""name"":""B. Maubleu"",""number"":1,""pos"":""G""},{""id"":339601,""name"":""A. Aiki"",""number"":39,""pos"":""F""},{""id"":8624,""name"":""F. Tardieu"",""number"":10,""pos"":""M""},{""id"":20861,""name"":""L. Fomba"",""number"":26,""pos"":""M""}]"
1213859,106,Stade Brestois 29,True,4-2-3-1,E. Roy,11,9,"[{""id"":36878,""name"":""M. Bizot"",""number"":40,""pos"":""G""},{""id"":22247,""name"":""K. Lala"",""number"":7,""pos"":""D""},{""id"":20546,""name"":""B. Chardonnet"",""number"":5,""pos"":""D""},{""id"":85914,""name"":""J. Le Cardinal"",""number"":25,""pos"":""D""},{""id"":3333,""name"":""M. Haïdara"",""number"":22,""pos"":""D""},{""id"":24147,""name"":""M. Camara"",""number"":45,""pos"":""M""},{""id"":30405,""name"":""E. Fernandes"",""number"":6,""pos"":""M""},{""id"":41323,""name"":""Mama Baldé"",""number"":14,""pos"":""M""},{""id"":84082,""name"":""R. Faivre"",""number"":21,""pos"":""M""},{""id"":20780,""name"":""Mathias Pereira Lage"",""number"":26,""pos"":""M""},{""id"":22264,""name"":""L. Ajorque"",""number"":19,""pos"":""F""}]","[{""id"":20558,""name"":""H. Magnetti"",""number"":8,""pos"":""M""},{""id"":277191,""name"":""A. Sima"",""number"":17,""pos"":""F""},{""id"":326068,""name"":""K. Doumbia"",""number"":9,""pos"":""M""},{""id"":2214,""name"":""R. Del Castillo"",""number"":10,""pos"":""M""},{""id"":21248,""name"":""G. Coudert"",""number"":30,""pos"":""G""},{""id"":329209,""name"":""A. Camblan"",""number"":11,""pos"":""M""},{""id"":203483,""name"":""A. Ndiaye"",""number"":3,""pos"":""D""},{""id"":375000,""name"":""I. Salah"",""number"":34,""pos"":""F""},{""id"":422595,""name"":""L. Zogbé"",""number"":12,""pos"":""D""}]"
1213859,95,Strasbourg,False,4-2-3-1,L. Rosenior,11,9,"[{""id"":118307,""name"":""Đ. Petrović"",""number"":1,""pos"":""G""},{""id"":161747,""name"":""G. Doué"",""number"":22,""pos"":""D""},{""id"":274328,""name"":""S. Sow"",""number"":4,""pos"":""D""},{""id"":276184,""name"":""M. Sarr"",""number"":23,""pos"":""D""},{""id"":335056,""name"":""Diego Moreira"",""number"":7,""pos"":""D""},{""id"":327631,""name"":""H. Diarra"",""number"":19,""pos"":""M""},{""id"":305834,""name"":""Andrey Santos"",""number"":8,""pos"":""M""},{""id"":129695,""name"":""D. Bakwa"",""number"":26,""pos"":""M""},{""id"":325594,""name"":""F. Lemaréchal"",""number"":6,""pos"":""M""},{""id"":226803,""name"":""S. Nanasi"",""number"":15,""pos"":""M""},{""id"":190686,""name"":""S. Mara"",""number"":14,""pos"":""F""}]","[{""id"":369885,""name"":""J. Sebas"",""number"":40,""pos"":""F""},{""id"":358166,""name"":""A. Ouattara"",""number"":42,""pos"":""M""},{""id"":356520,""name"":""Ó. Perea"",""number"":20,""pos"":""F""},{""id"":2259,""name"":""E. Sobol"",""number"":77,""pos"":""D""},{""id"":2850,""name"":""K. Johnsson"",""number"":30,""pos"":""G""},{""id"":282549,""name"":""J. Mwanga"",""number"":18,""pos"":""M""},{""id"":451702,""name"":""A. Cissé"",""number"":33,""pos"":null},{""id"":191240,""name"":""M. Senaya"",""number"":28,""pos"":""D""},{""id"":438752,""name"":""P. Diong"",""number"":17,""pos"":""M""}]"
1213861,85,Paris Saint Germain,True,4-3-3,Luis Enrique,11,9,"[{""id"":1622,""name"":""G. Donnarumma"",""number"":1,""pos"":""G""},{""id"":9,""name"":""A. Hakimi"",""number"":2,""pos"":""D""},{""id"":257,""name"":""Marquinhos"",""number"":5,""pos"":""D""},{""id"":16367,""name"":""W. Pacho"",""number"":51,""pos"":""D""},{""id"":263482,""name"":""Nuno Mendes"",""number"":25,""pos"":""D""},{""id"":335051,""name"":""João Neves"",""number"":87,""pos"":""M""},{""id"":128384,""name"":""Vitinha"",""number"":17,""pos"":""M""},{""id"":328,""name"":""Fabián Ruiz"",""number"":8,""pos"":""M""},{""id"":927,""name"":""Lee Kang-In"",""number"":19,""pos"":""F""},{""id"":41585,""name"":""Gonçalo Ramos"",""number"":9,""pos"":""F""},{""id"":161904,""name"":""B. Barcola"",""number"":29,""pos"":""F""}]","[{""id"":336657,""name"":""W. Zaïre-Emery"",""number"":33,""pos"":""M""},{""id"":343027,""name"":""D. Doué"",""number"":14,""pos"":""F""},{""id"":153,""name"":""O. Dembélé"",""number"":10,""pos"":""F""},{""id"":2068,""name"":""M. Safonov"",""number"":39,""pos"":""G""},{""id"":386285,""name"":""Y. Zague"",""number"":42,""pos"":""D""},{""id"":198,""name"":""M. Škriniar"",""number"":37,""pos"":""D""},{""id"":21104,""name"":""R. Kolo Muani"",""number"":23,""pos"":""F""},{""id"":307835,""name"":""Beraldo"",""number"":35,""pos"":""D""},{""id"":746,""name"":""Marco Asensio"",""number"":11,""pos"":""F""}]"
1213861,83,Nantes,False,5-3-2,A. Kombouare,11,9,"[{""id"":15684,""name"":""P. Carlgren"",""number"":30,""pos"":""G""},{""id"":20654,""name"":""F. Centonze"",""number"":18,""pos"":""D""},{""id"":20545,""name"":""J. Castelletto"",""number"":21,""pos"":""D""},{""id"":343359,""name"":""N. Zézé"",""number"":44,""pos"":""D""},{""id"":21088,""name"":""N. Pallois"",""number"":4,""pos"":""D""},{""id"":21570,""name"":""N. Cozza"",""number"":3,""pos"":""D""},{""id"":193952,""name"":""J. Lepenant"",""number"":8,""pos"":""M""},{""id"":93671,""name"":""Pedro Chirivella"",""number"":5,""pos"":""M""},{""id"":10036,""name"":""Douglas Augusto"",""number"":6,""pos"":""M""},{""id"":161622,""name"":""M. Abline"",""number"":39,""pos"":""F""},{""id"":2781,""name"":""M. Simon"",""number"":27,""pos"":""F""}]","[{""id"":22134,""name"":""K. Amian"",""number"":98,""pos"":""D""},{""id"":20655,""name"":""J. Duverne"",""number"":2,""pos"":""D""},{""id"":443676,""name"":""H. Guirassy"",""number"":62,""pos"":""F""},{""id"":22177,""name"":""I. Ganago"",""number"":7,""pos"":""F""},{""id"":3240,""name"":""J. Gbamin"",""number"":17,""pos"":""M""},{""id"":21582,""name"":""F. Mollet"",""number"":25,""pos"":""M""},{""id"":18599,""name"":""S. Thomas"",""number"":22,""pos"":""M""},{""id"":21498,""name"":""M. Coco"",""number"":11,""pos"":""F""},{""id"":30393,""name"":""A. Lafont"",""number"":1,""pos"":""G""}]"
1213860,82,Montpellier,True,4-2-3-1,J. Gasset,11,9,"[{""id"":21566,""name"":""B. Lecomte"",""number"":40,""pos"":""G""},{""id"":179399,""name"":""E. Tchato"",""number"":29,""pos"":""D""},{""id"":320,""name"":""N. Maksimović"",""number"":52,""pos"":""D""},{""id"":999,""name"":""B. Omeragić"",""number"":27,""pos"":""D""},{""id"":22141,""name"":""I. Sylla"",""number"":3,""pos"":""D""},{""id"":21439,""name"":""J. Ferri"",""number"":12,""pos"":""M""},{""id"":128287,""name"":""J. Chotard"",""number"":13,""pos"":""M""},{""id"":15286,""name"":""Mousa Al Ta'mari"",""number"":9,""pos"":""M""},{""id"":21443,""name"":""T. Savanier"",""number"":11,""pos"":""M""},{""id"":22097,""name"":""A. Nordin"",""number"":7,""pos"":""M""},{""id"":22102,""name"":""W. Khazri"",""number"":10,""pos"":""F""}]","[{""id"":361383,""name"":""Junior Ndiaye"",""number"":41,""pos"":""F""},{""id"":20661,""name"":""M. Sagnan"",""number"":5,""pos"":""D""},{""id"":387120,""name"":""R. Nzingoula"",""number"":19,""pos"":""M""},{""id"":113581,""name"":""T. Coulibaly"",""number"":70,""pos"":""M""},{""id"":48636,""name"":""G. Barès"",""number"":15,""pos"":""M""},{""id"":3336,""name"":""F. Sacko"",""number"":77,""pos"":""D""},{""id"":21434,""name"":""T. Sainte-Luce"",""number"":17,""pos"":""D""},{""id"":21565,""name"":""D. Bertaud"",""number"":16,""pos"":""G""},{""id"":355076,""name"":""A. Gueguin"",""number"":38,""pos"":""F""}]"
1213860,79,Lille,False,4-2-3-1,B. Génésio,11,9,"[{""id"":162453,""name"":""L. Chevalier"",""number"":30,""pos"":""G""},{""id"":1567,""name"":""A. Mandi"",""number"":2,""pos"":""D""},{""id"":22136,""name"":""B. Diakité"",""number"":18,""pos"":""D""},{""id"":142691,""name"":""Alexsandro Ribeiro"",""number"":4,""pos"":""D""},{""id"":530,""name"":""M. Bakker"",""number"":20,""pos"":""D""},{""id"":2204,""name"":""B. André"",""number"":21,""pos"":""M""},{""id"":438688,""name"":""A. Bouaddi"",""number"":32,""pos"":""M""},{""id"":340077,""name"":""M. Fernandez-Pardo"",""number"":19,""pos"":null},{""id"":375598,""name"":""N. Mukau"",""number"":17,""pos"":""M""},{""id"":22093,""name"":""R. Cabella"",""number"":10,""pos"":""M""},{""id"":8489,""name"":""J. David"",""number"":9,""pos"":""F""}]","[{""id"":99576,""name"":""O. Sahraoui"",""number"":11,""pos"":""F""},{""id"":67889,""name"":""H. Haraldsson"",""number"":7,""pos"":""M""},{""id"":47969,""name"":""G. Gudmundsson"",""number"":5,""pos"":""D""},{""id"":24288,""name"":""M. Bayo"",""number"":27,""pos"":""F""},{""id"":264,""name"":""T. Meunier"",""number"":12,""pos"":""D""},{""id"":51146,""name"":""V. Mannone"",""number"":1,""pos"":""G""},{""id"":18765,""name"":""André Gomes"",""number"":26,""pos"":""M""},{""id"":679,""name"":""Ismaily"",""number"":31,""pos"":""D""},{""id"":351888,""name"":""O. Touré"",""number"":36,""pos"":""D""}]"
1213863,80,Lyon,True,4-3-3,P. Sage,11,9,"[{""id"":80296,""name"":""Lucas Perri"",""number"":23,""pos"":""G""},{""id"":68,""name"":""Clinton Mata"",""number"":22,""pos"":""D""},{""id"":1902,""name"":""D. Ćaleta-Car"",""number"":55,""pos"":""D""},{""id"":25916,""name"":""M. Niakhaté"",""number"":19,""pos"":""D""},{""id"":529,""name"":""N. Tagliafico"",""number"":3,""pos"":""D""},{""id"":30409,""name"":""J. Veretout"",""number"":7,""pos"":""M""},{""id"":902,""name"":""N. Matić"",""number"":31,""pos"":""M""},{""id"":519,""name"":""C. Tolisso"",""number"":8,""pos"":""M""},{""id"":19361,""name"":""S. Benrahma"",""number"":17,""pos"":""F""},{""id"":1467,""name"":""A. Lacazette"",""number"":10,""pos"":""F""},{""id"":361348,""name"":""M. Fofana"",""number"":11,""pos"":""F""}]","[{""id"":156477,""name"":""R. Cherki"",""number"":18,""pos"":""M""},{""id"":1456,""name"":""A. Maitland-Niles"",""number"":98,""pos"":""M""},{""id"":180496,""name"":""G. Mikautadze"",""number"":69,""pos"":""F""},{""id"":350856,""name"":""E. Nuamah"",""number"":37,""pos"":""F""},{""id"":659,""name"":""M. Caqueret"",""number"":6,""pos"":""M""},{""id"":80752,""name"":""T. Tessmann"",""number"":15,""pos"":""M""},{""id"":20762,""name"":""R. Descamps"",""number"":40,""pos"":""G""},{""id"":162265,""name"":""W. Omari"",""number"":27,""pos"":""D""},{""id"":9700,""name"":""Abner"",""number"":16,""pos"":""D""}]"
1213863,84,Nice,False,4-3-3,F. Haise,11,9,"[{""id"":2274,""name"":""M. Bułka"",""number"":1,""pos"":""G""},{""id"":193617,""name"":""T. Louchet"",""number"":20,""pos"":""D""},{""id"":407017,""name"":""M. Bombito"",""number"":64,""pos"":""D""},{""id"":196343,""name"":""Mohamed Abdelmonem"",""number"":5,""pos"":""D""},{""id"":482467,""name"":""Y. Nandjou"",""number"":42,""pos"":""D""},{""id"":4399,""name"":""H. Boudaoui"",""number"":6,""pos"":""M""},{""id"":240,""name"":""P. Rosario"",""number"":8,""pos"":""M""},{""id"":662,""name"":""T. Ndombélé"",""number"":22,""pos"":""M""},{""id"":274312,""name"":""M. Cho"",""number"":25,""pos"":""F""},{""id"":137303,""name"":""E. Guessand"",""number"":29,""pos"":""F""},{""id"":107,""name"":""S. Diop"",""number"":10,""pos"":""F""}]","[{""id"":334879,""name"":""B. Bouanani"",""number"":19,""pos"":""M""},{""id"":437498,""name"":""A. Doumbouya"",""number"":44,""pos"":""D""},{""id"":21592,""name"":""G. Laborde"",""number"":24,""pos"":""F""},{""id"":444561,""name"":""I. Camara"",""number"":36,""pos"":""M""},{""id"":275053,""name"":""R. Ilie"",""number"":18,""pos"":""M""},{""id"":339620,""name"":""L. Monteiro"",""number"":48,""pos"":""D""},{""id"":21079,""name"":""M. Dupé"",""number"":31,""pos"":""G""},{""id"":462277,""name"":""I. Salhi"",""number"":41,""pos"":""D""},{""id"":161919,""name"":""Y. Moukoko"",""number"":15,""pos"":""F""}]"
1213858,96,Toulouse,True,3-4-2-1,Carles Martínez,11,9,"[{""id"":325346,""name"":""G. Restes"",""number"":50,""pos"":""G""},{""id"":102,""name"":""D. Sidibé"",""number"":19,""pos"":""D""},{""id"":278392,""name"":""C. Cresswell"",""number"":4,""pos"":""D""},{""id"":50735,""name"":""M. McKenzie"",""number"":3,""pos"":""D""},{""id"":39115,""name"":""A. Dønnum"",""number"":15,""pos"":""M""},{""id"":50956,""name"":""C. Cásseres"",""number"":23,""pos"":""M""},{""id"":48491,""name"":""V. Sierro"",""number"":8,""pos"":""M""},{""id"":11421,""name"":""G. Suazo"",""number"":17,""pos"":""M""},{""id"":243,""name"":""Z. Aboukhlal"",""number"":7,""pos"":""F""},{""id"":84128,""name"":""Y. Gboho"",""number"":10,""pos"":""F""},{""id"":18881,""name"":""J. King"",""number"":13,""pos"":""F""}]","[{""id"":47351,""name"":""Álex Domínguez"",""number"":30,""pos"":""G""},{""id"":174724,""name"":""F. Magri"",""number"":9,""pos"":""F""},{""id"":25533,""name"":""N. Schmidt"",""number"":20,""pos"":""M""},{""id"":264383,""name"":""W. Kamanzi"",""number"":12,""pos"":""D""},{""id"":328648,""name"":""S. Babicka"",""number"":80,""pos"":""F""},{""id"":367637,""name"":""Ü. Akdağ"",""number"":6,""pos"":""D""},{""id"":36928,""name"":""D. Genreau"",""number"":5,""pos"":""M""},{""id"":1369,""name"":""M. Zajc"",""number"":21,""pos"":""M""},{""id"":334952,""name"":""R. Messali"",""number"":22,""pos"":""M""}]"
1213858,108,Auxerre,False,5-4-1,C. Pélissier,11,9,"[{""id"":20542,""name"":""D. Léon"",""number"":16,""pos"":""G""},{""id"":285,""name"":""K. Hoever"",""number"":23,""pos"":""D""},{""id"":162466,""name"":""S. Diomandé"",""number"":20,""pos"":""D""},{""id"":41300,""name"":""Jubal"",""number"":4,""pos"":""D""},{""id"":191189,""name"":""C. Akpa"",""number"":92,""pos"":""D""},{""id"":7578,""name"":""G. Mensah"",""number"":14,""pos"":""D""},{""id"":20732,""name"":""G. Perrin"",""number"":10,""pos"":""M""},{""id"":20586,""name"":""R. Raveloson"",""number"":97,""pos"":""M""},{""id"":21010,""name"":""E. Owusu"",""number"":42,""pos"":""M""},{""id"":31057,""name"":""H. Traoré"",""number"":25,""pos"":""M""},{""id"":90617,""name"":""L. Sinayoko"",""number"":17,""pos"":""F""}]","[{""id"":191392,""name"":""P. Joly"",""number"":26,""pos"":""D""},{""id"":32940,""name"":""A. Onaiwu"",""number"":45,""pos"":""F""},{""id"":51293,""name"":""T. Bair"",""number"":9,""pos"":""F""},{""id"":323625,""name"":""K. Danois"",""number"":27,""pos"":""M""},{""id"":20782,""name"":""F. Ayé"",""number"":19,""pos"":""F""},{""id"":193681,""name"":""T. De Percin"",""number"":40,""pos"":""G""},{""id"":38754,""name"":""E. Maddy"",""number"":11,""pos"":""F""},{""id"":30748,""name"":""A. Dioussé"",""number"":18,""pos"":""M""},{""id"":20206,""name"":""G. Osho"",""number"":3,""pos"":""D""}]"
1213857,111,Le Havre,True,3-4-2-1,D. Digard,11,9,"[{""id"":24011,""name"":""A. Desmas"",""number"":30,""pos"":""G""},{""id"":162067,""name"":""T. Pembélé"",""number"":32,""pos"":""D""},{""id"":162443,""name"":""É. Youté"",""number"":6,""pos"":""D""},{""id"":64255,""name"":""G. Lloris"",""number"":4,""pos"":""D""},{""id"":174915,""name"":""J. Casimir"",""number"":10,""pos"":""M""},{""id"":1212,""name"":""D. Kuzyaev"",""number"":14,""pos"":""M""},{""id"":21103,""name"":""A. Touré"",""number"":94,""pos"":""M""},{""id"":20836,""name"":""C. Opéri"",""number"":27,""pos"":""M""},{""id"":15783,""name"":""E. Sabbi"",""number"":11,""pos"":""F""},{""id"":156465,""name"":""I. Soumaré"",""number"":45,""pos"":""F""},{""id"":1370,""name"":""A. Ayew"",""number"":28,""pos"":""F""}]","[{""id"":343317,""name"":""S. Ngoura"",""number"":77,""pos"":""F""},{""id"":174937,""name"":""Y. Kechta"",""number"":8,""pos"":""M""},{""id"":289304,""name"":""A. Joujou"",""number"":21,""pos"":""F""},{""id"":128342,""name"":""R. Ndiaye"",""number"":19,""pos"":""M""},{""id"":23637,""name"":""Y. Zouaoui"",""number"":18,""pos"":""D""},{""id"":22266,""name"":""S. Grandsir"",""number"":29,""pos"":""F""},{""id"":646,""name"":""M. Gorgelin"",""number"":1,""pos"":""G""},{""id"":2336,""name"":""L. Nego"",""number"":7,""pos"":""D""},{""id"":20576,""name"":""Y. Salmier"",""number"":22,""pos"":""D""}]"
1213857,77,Angers,False,4-2-3-1,A. Dujeux,11,9,"[{""id"":64190,""name"":""Y. Fofana"",""number"":30,""pos"":""G""},{""id"":20850,""name"":""C. Arcus"",""number"":2,""pos"":""D""},{""id"":3234,""name"":""A. Bamba"",""number"":25,""pos"":""D""},{""id"":21381,""name"":""J. Lefort"",""number"":21,""pos"":""D""},{""id"":41146,""name"":""F. Hanin"",""number"":26,""pos"":""D""},{""id"":20554,""name"":""H. Belkebla"",""number"":93,""pos"":""M""},{""id"":103,""name"":""J. Aholou"",""number"":6,""pos"":""M""},{""id"":21618,""name"":""J. Allevinah"",""number"":18,""pos"":""M""},{""id"":20692,""name"":""H. Abdelli"",""number"":10,""pos"":""M""},{""id"":3177,""name"":""F. El Melali"",""number"":28,""pos"":""M""},{""id"":284072,""name"":""B. Dieng"",""number"":99,""pos"":""F""}]","[{""id"":20537,""name"":""I. Niane"",""number"":7,""pos"":""F""},{""id"":174708,""name"":""Y. Belkhdim"",""number"":14,""pos"":""M""},{""id"":163004,""name"":""E. Lepaul"",""number"":19,""pos"":""F""},{""id"":174660,""name"":""L. Raolisoa"",""number"":27,""pos"":""D""},{""id"":343609,""name"":""J. Ekomié"",""number"":3,""pos"":""D""},{""id"":174973,""name"":""M. Zinga"",""number"":16,""pos"":""G""},{""id"":174723,""name"":""Z. Ould Khaled"",""number"":12,""pos"":""D""},{""id"":21145,""name"":""P. Capelle"",""number"":15,""pos"":""M""},{""id"":20725,""name"":""J. Lopy"",""number"":8,""pos"":""M""}]"
1213862,81,Marseille,True,3-4-2-1,R. De Zerbi,11,9,"[{""id"":47296,""name"":""G. Rulli"",""number"":1,""pos"":""G""},{""id"":2973,""name"":""M. Murillo"",""number"":62,""pos"":""D""},{""id"":6,""name"":""L. Balerdi"",""number"":5,""pos"":""D""},{""id"":926,""name"":""G. Kondogbia"",""number"":19,""pos"":""D""},{""id"":10077,""name"":""Luis Henrique"",""number"":44,""pos"":""M""},{""id"":2735,""name"":""P. Højbjerg"",""number"":23,""pos"":""M""},{""id"":21102,""name"":""V. Rongier"",""number"":21,""pos"":""M""},{""id"":943,""name"":""U. Garcia"",""number"":6,""pos"":""M""},{""id"":897,""name"":""M. Greenwood"",""number"":10,""pos"":""F""},{""id"":272,""name"":""A. Rabiot"",""number"":25,""pos"":""F""},{""id"":19364,""name"":""N. Maupay"",""number"":8,""pos"":""F""}]","[{""id"":272460,""name"":""Q. Merlin"",""number"":3,""pos"":""D""},{""id"":162707,""name"":""E. Wahi"",""number"":9,""pos"":""F""},{""id"":283216,""name"":""B. Nadir"",""number"":26,""pos"":""M""},{""id"":193501,""name"":""B. Meïté"",""number"":18,""pos"":""M""},{""id"":328046,""name"":""I. Koné"",""number"":51,""pos"":""M""},{""id"":449158,""name"":""K. Abdallah"",""number"":48,""pos"":""F""},{""id"":36827,""name"":""J. de Lange"",""number"":12,""pos"":""G""},{""id"":126757,""name"":""L. Brassier"",""number"":20,""pos"":""D""},{""id"":278095,""name"":""J. Rowe"",""number"":17,""pos"":""F""}]"
1213862,91,Monaco,False,4-2-3-1,A. Hütter,11,9,"[{""id"":40384,""name"":""R. Majecki"",""number"":1,""pos"":""G""},{""id"":291649,""name"":""Vanderson"",""number"":2,""pos"":""D""},{""id"":30504,""name"":""W. Singo"",""number"":17,""pos"":""D""},{""id"":47480,""name"":""M. Salisu"",""number"":22,""pos"":""D""},{""id"":371916,""name"":""C. Mawissa"",""number"":13,""pos"":""D""},{""id"":2810,""name"":""D. Zakaria"",""number"":6,""pos"":""M""},{""id"":326176,""name"":""S. Magassa"",""number"":88,""pos"":""M""},{""id"":274300,""name"":""M. Akliouche"",""number"":11,""pos"":""M""},{""id"":343320,""name"":""E. Ben Seghir"",""number"":7,""pos"":""M""},{""id"":109,""name"":""A. Golovin"",""number"":10,""pos"":""M""},{""id"":138835,""name"":""F. Balogun"",""number"":9,""pos"":""F""}]","[{""id"":1101,""name"":""T. Minamino"",""number"":18,""pos"":""M""},{""id"":421,""name"":""B. Embolo"",""number"":36,""pos"":""F""},{""id"":333137,""name"":""K. Ouattara"",""number"":20,""pos"":""D""},{""id"":395040,""name"":""G. Ilenikhena"",""number"":21,""pos"":""F""},{""id"":162991,""name"":""E. Matazo"",""number"":8,""pos"":""M""},{""id"":7313,""name"":""P. Köhn"",""number"":16,""pos"":""G""},{""id"":261,""name"":""T. Kehrer"",""number"":5,""pos"":""D""},{""id"":231,""name"":""J. Teze"",""number"":4,""pos"":""D""},{""id"":10316,""name"":""Caio Henrique"",""number"":12,""pos"":""D""}]"
1213868,79,Lille,True,4-2-3-1,B. Génésio,11,9,"[{""id"":162453,""name"":""L. Chevalier"",""number"":30,""pos"":""G""},{""id"":1567,""name"":""A. Mandi"",""number"":2,""pos"":""D""},{""id"":22136,""name"":""B. Diakité"",""number"":18,""pos"":""D""},{""id"":142691,""name"":""Alexsandro Ribeiro"",""number"":4,""pos"":""D""},{""id"":47969,""name"":""G. Gudmundsson"",""number"":5,""pos"":""D""},{""id"":375598,""name"":""N. Mukau"",""number"":17,""pos"":""M""},{""id"":2204,""name"":""B. André"",""number"":21,""pos"":""M""},{""id"":48392,""name"":""E. Zhegrova"",""number"":23,""pos"":""M""},{""id"":67889,""name"":""H. Haraldsson"",""number"":7,""pos"":""M""},{""id"":340077,""name"":""M. Fernandez-Pardo"",""number"":19,""pos"":null},{""id"":8489,""name"":""J. David"",""number"":9,""pos"":""F""}]","[{""id"":99576,""name"":""O. Sahraoui"",""number"":11,""pos"":""F""},{""id"":438688,""name"":""A. Bouaddi"",""number"":32,""pos"":""M""},{""id"":22093,""name"":""R. Cabella"",""number"":10,""pos"":""M""},{""id"":18765,""name"":""André Gomes"",""number"":26,""pos"":""M""},{""id"":679,""name"":""Ismaily"",""number"":31,""pos"":""D""},{""id"":24288,""name"":""M. Bayo"",""number"":27,""pos"":""F""},{""id"":330288,""name"":""Rafael Fernandes"",""number"":28,""pos"":""D""},{""id"":351888,""name"":""O. Touré"",""number"":36,""pos"":""D""},{""id"":51146,""name"":""V. Mannone"",""number"":1,""pos"":""G""}]"
1213868,106,Stade Brestois 29,False,4-2-3-1,E. Roy,11,9,"[{""id"":36878,""name"":""M. Bizot"",""number"":40,""pos"":""G""},{""id"":422595,""name"":""L. Zogbé"",""number"":12,""pos"":""D""},{""id"":20546,""name"":""B. Chardonnet"",""number"":5,""pos"":""D""},{""id"":85914,""name"":""J. Le Cardinal"",""number"":25,""pos"":""D""},{""id"":3333,""name"":""M. Haïdara"",""number"":22,""pos"":""D""},{""id"":24147,""name"":""M. Camara"",""number"":45,""pos"":""M""},{""id"":20558,""name"":""H. Magnetti"",""number"":8,""pos"":""M""},{""id"":41323,""name"":""Mama Baldé"",""number"":14,""pos"":""M""},{""id"":326068,""name"":""K. Doumbia"",""number"":9,""pos"":""M""},{""id"":20780,""name"":""Mathias Pereira Lage"",""number"":26,""pos"":""M""},{""id"":22264,""name"":""L. Ajorque"",""number"":19,""pos"":""F""}]","[{""id"":2214,""name"":""R. Del Castillo"",""number"":10,""pos"":""M""},{""id"":277191,""name"":""A. Sima"",""number"":17,""pos"":""F""},{""id"":30405,""name"":""E. Fernandes"",""number"":6,""pos"":""D""},{""id"":375000,""name"":""I. Salah"",""number"":34,""pos"":""F""},{""id"":329209,""name"":""A. Camblan"",""number"":11,""pos"":""M""},{""id"":1901,""name"":""J. Amavi"",""number"":23,""pos"":""D""},{""id"":21248,""name"":""G. Coudert"",""number"":30,""pos"":""G""},{""id"":485957,""name"":""S. Diop"",""number"":33,""pos"":""F""},{""id"":203483,""name"":""A. Ndiaye"",""number"":3,""pos"":""D""}]"
1213865,108,Auxerre,True,3-4-2-1,C. Pélissier,11,9,"[{""id"":20542,""name"":""D. Léon"",""number"":16,""pos"":""G""},{""id"":20206,""name"":""G. Osho"",""number"":3,""pos"":""D""},{""id"":41300,""name"":""Jubal"",""number"":4,""pos"":""D""},{""id"":191189,""name"":""C. Akpa"",""number"":92,""pos"":""D""},{""id"":285,""name"":""K. Hoever"",""number"":23,""pos"":""M""},{""id"":21010,""name"":""E. Owusu"",""number"":42,""pos"":""M""},{""id"":323625,""name"":""K. Danois"",""number"":27,""pos"":""M""},{""id"":7578,""name"":""G. Mensah"",""number"":14,""pos"":""M""},{""id"":20732,""name"":""G. Perrin"",""number"":10,""pos"":""F""},{""id"":31057,""name"":""H. Traoré"",""number"":25,""pos"":""F""},{""id"":90617,""name"":""L. Sinayoko"",""number"":17,""pos"":""F""}]","[{""id"":32940,""name"":""A. Onaiwu"",""number"":45,""pos"":""F""},{""id"":51293,""name"":""T. Bair"",""number"":9,""pos"":""F""},{""id"":191392,""name"":""P. Joly"",""number"":26,""pos"":""D""},{""id"":20586,""name"":""R. Raveloson"",""number"":97,""pos"":""M""},{""id"":275368,""name"":""T. Negrel"",""number"":30,""pos"":""G""},{""id"":38754,""name"":""E. Maddy"",""number"":11,""pos"":""F""},{""id"":30748,""name"":""A. Dioussé"",""number"":18,""pos"":""M""},{""id"":162466,""name"":""S. Diomandé"",""number"":20,""pos"":""D""},{""id"":20782,""name"":""F. Ayé"",""number"":19,""pos"":""F""}]"
1213865,85,Paris Saint Germain,False,4-3-3,Luis Enrique,11,9,"[{""id"":1622,""name"":""G. Donnarumma"",""number"":1,""pos"":""G""},{""id"":9,""name"":""A. Hakimi"",""number"":2,""pos"":""D""},{""id"":257,""name"":""Marquinhos"",""number"":5,""pos"":""D""},{""id"":16367,""name"":""W. Pacho"",""number"":51,""pos"":""D""},{""id"":263482,""name"":""Nuno Mendes"",""number"":25,""pos"":""D""},{""id"":328,""name"":""Fabián Ruiz"",""number"":8,""pos"":""M""},{""id"":128384,""name"":""Vitinha"",""number"":17,""pos"":""M""},{""id"":336657,""name"":""W. Zaïre-Emery"",""number"":33,""pos"":""M""},{""id"":927,""name"":""Lee Kang-In"",""number"":19,""pos"":""F""},{""id"":41585,""name"":""Gonçalo Ramos"",""number"":9,""pos"":""F""},{""id"":161904,""name"":""B. Barcola"",""number"":29,""pos"":""F""}]","[{""id"":153,""name"":""O. Dembélé"",""number"":10,""pos"":""F""},{""id"":21104,""name"":""R. Kolo Muani"",""number"":23,""pos"":""F""},{""id"":343027,""name"":""D. Doué"",""number"":14,""pos"":""F""},{""id"":746,""name"":""Marco Asensio"",""number"":11,""pos"":""F""},{""id"":335051,""name"":""João Neves"",""number"":87,""pos"":""M""},{""id"":2068,""name"":""M. Safonov"",""number"":39,""pos"":""G""},{""id"":386285,""name"":""Y. Zague"",""number"":42,""pos"":""D""},{""id"":307835,""name"":""Beraldo"",""number"":35,""pos"":""D""},{""id"":198,""name"":""M. Škriniar"",""number"":37,""pos"":""D""}]"
1213872,91,Monaco,True,4-2-3-1,A. Hütter,11,9,"[{""id"":40384,""name"":""R. Majecki"",""number"":1,""pos"":""G""},{""id"":291649,""name"":""Vanderson"",""number"":2,""pos"":""D""},{""id"":30504,""name"":""W. Singo"",""number"":17,""pos"":""D""},{""id"":261,""name"":""T. Kehrer"",""number"":5,""pos"":""D""},{""id"":10316,""name"":""Caio Henrique"",""number"":12,""pos"":""D""},{""id"":162991,""name"":""E. Matazo"",""number"":8,""pos"":""M""},{""id"":374058,""name"":""L. Camara"",""number"":15,""pos"":""M""},{""id"":274300,""name"":""M. Akliouche"",""number"":11,""pos"":""M""},{""id"":1101,""name"":""T. Minamino"",""number"":18,""pos"":""M""},{""id"":109,""name"":""A. Golovin"",""number"":10,""pos"":""M""},{""id"":395040,""name"":""G. Ilenikhena"",""number"":21,""pos"":""F""}]","[{""id"":343320,""name"":""E. Ben Seghir"",""number"":7,""pos"":""M""},{""id"":421,""name"":""B. Embolo"",""number"":36,""pos"":""F""},{""id"":333137,""name"":""K. Ouattara"",""number"":20,""pos"":""D""},{""id"":231,""name"":""J. Teze"",""number"":4,""pos"":""D""},{""id"":371916,""name"":""C. Mawissa"",""number"":13,""pos"":""D""},{""id"":2810,""name"":""D. Zakaria"",""number"":6,""pos"":""M""},{""id"":47480,""name"":""M. Salisu"",""number"":22,""pos"":""D""},{""id"":7313,""name"":""P. Köhn"",""number"":16,""pos"":""G""},{""id"":440070,""name"":""J. Stawiecki"",""number"":40,""pos"":""G""}]"
1213872,96,Toulouse,False,3-4-2-1,Carles Martínez,11,9,"[{""id"":325346,""name"":""G. Restes"",""number"":50,""pos"":""G""},{""id"":102,""name"":""D. Sidibé"",""number"":19,""pos"":""D""},{""id"":278392,""name"":""C. Cresswell"",""number"":4,""pos"":""D""},{""id"":50735,""name"":""M. McKenzie"",""number"":3,""pos"":""D""},{""id"":39115,""name"":""A. Dønnum"",""number"":15,""pos"":""M""},{""id"":50956,""name"":""C. Cásseres"",""number"":23,""pos"":""M""},{""id"":48491,""name"":""V. Sierro"",""number"":8,""pos"":""M""},{""id"":11421,""name"":""G. Suazo"",""number"":17,""pos"":""M""},{""id"":243,""name"":""Z. Aboukhlal"",""number"":7,""pos"":""F""},{""id"":84128,""name"":""Y. Gboho"",""number"":10,""pos"":""F""},{""id"":18881,""name"":""J. King"",""number"":13,""pos"":""F""}]","[{""id"":25533,""name"":""N. Schmidt"",""number"":20,""pos"":""M""},{""id"":328648,""name"":""S. Babicka"",""number"":80,""pos"":""F""},{""id"":174724,""name"":""F. Magri"",""number"":9,""pos"":""F""},{""id"":1369,""name"":""M. Zajc"",""number"":21,""pos"":""M""},{""id"":264383,""name"":""W. Kamanzi"",""number"":12,""pos"":""D""},{""id"":36928,""name"":""D. Genreau"",""number"":5,""pos"":""M""},{""id"":47351,""name"":""Álex Domínguez"",""number"":30,""pos"":""G""},{""id"":334952,""name"":""R. Messali"",""number"":22,""pos"":""M""},{""id"":367637,""name"":""Ü. Akdağ"",""number"":6,""pos"":""D""}]"
1213864,84,Nice,True,4-3-1-2,F. Haise,11,9,"[{""id"":2274,""name"":""M. Bułka"",""number"":1,""pos"":""G""},{""id"":193617,""name"":""T. Louchet"",""number"":20,""pos"":""D""},{""id"":240,""name"":""P. Rosario"",""number"":8,""pos"":""D""},{""id"":407017,""name"":""M. Bombito"",""number"":64,""pos"":""D""},{""id"":482467,""name"":""Y. Nandjou"",""number"":42,""pos"":""D""},{""id"":107,""name"":""S. Diop"",""number"":10,""pos"":""M""},{""id"":4399,""name"":""H. Boudaoui"",""number"":6,""pos"":""M""},{""id"":662,""name"":""T. Ndombélé"",""number"":22,""pos"":""M""},{""id"":334879,""name"":""B. Bouanani"",""number"":19,""pos"":""M""},{""id"":21592,""name"":""G. Laborde"",""number"":24,""pos"":""F""},{""id"":137303,""name"":""E. Guessand"",""number"":29,""pos"":""F""}]","[{""id"":437498,""name"":""A. Doumbouya"",""number"":44,""pos"":""D""},{""id"":30531,""name"":""J. Boga"",""number"":7,""pos"":""F""},{""id"":444561,""name"":""I. Camara"",""number"":36,""pos"":""M""},{""id"":161919,""name"":""Y. Moukoko"",""number"":15,""pos"":""F""},{""id"":275053,""name"":""R. Ilie"",""number"":18,""pos"":""M""},{""id"":339620,""name"":""L. Monteiro"",""number"":48,""pos"":""D""},{""id"":462277,""name"":""I. Salhi"",""number"":41,""pos"":""D""},{""id"":442866,""name"":""E. Pereira da Silva"",""number"":39,""pos"":""M""},{""id"":21079,""name"":""M. Dupé"",""number"":31,""pos"":""G""}]"
1213864,111,Le Havre,False,3-5-1-1,D. Digard,11,9,"[{""id"":24011,""name"":""A. Desmas"",""number"":30,""pos"":""G""},{""id"":20576,""name"":""Y. Salmier"",""number"":22,""pos"":""D""},{""id"":162443,""name"":""É. Youté"",""number"":6,""pos"":""D""},{""id"":64255,""name"":""G. Lloris"",""number"":4,""pos"":""D""},{""id"":162067,""name"":""T. Pembélé"",""number"":32,""pos"":""M""},{""id"":21103,""name"":""A. Touré"",""number"":94,""pos"":""M""},{""id"":128342,""name"":""R. Ndiaye"",""number"":19,""pos"":""M""},{""id"":174937,""name"":""Y. Kechta"",""number"":8,""pos"":""M""},{""id"":20836,""name"":""C. Opéri"",""number"":27,""pos"":""M""},{""id"":284071,""name"":""O. Targhalline"",""number"":5,""pos"":""F""},{""id"":343317,""name"":""S. Ngoura"",""number"":77,""pos"":""F""}]","[{""id"":22266,""name"":""S. Grandsir"",""number"":29,""pos"":""F""},{""id"":1370,""name"":""A. Ayew"",""number"":28,""pos"":""F""},{""id"":386275,""name"":""I. Housni"",""number"":46,""pos"":""F""},{""id"":23637,""name"":""Y. Zouaoui"",""number"":18,""pos"":""D""},{""id"":1212,""name"":""D. Kuzyaev"",""number"":14,""pos"":""M""},{""id"":646,""name"":""M. Gorgelin"",""number"":1,""pos"":""G""},{""id"":2707,""name"":""O. El Hajjam"",""number"":17,""pos"":""D""},{""id"":24201,""name"":""A. Confais"",""number"":25,""pos"":""M""},{""id"":2336,""name"":""L. Nego"",""number"":7,""pos"":""D""}]"
1213867,77,Angers,True,4-2-3-1,A. Dujeux,11,9,"[{""id"":64190,""name"":""Y. Fofana"",""number"":30,""pos"":""G""},{""id"":20850,""name"":""C. Arcus"",""number"":2,""pos"":""D""},{""id"":3234,""name"":""A. Bamba"",""number"":25,""pos"":""D""},{""id"":21381,""name"":""J. Lefort"",""number"":21,""pos"":""D""},{""id"":41146,""name"":""F. Hanin"",""number"":26,""pos"":""D""},{""id"":103,""name"":""J. Aholou"",""number"":6,""pos"":""M""},{""id"":20554,""name"":""H. Belkebla"",""number"":93,""pos"":""M""},{""id"":21618,""name"":""J. Allevinah"",""number"":18,""pos"":""M""},{""id"":20692,""name"":""H. Abdelli"",""number"":10,""pos"":""M""},{""id"":3177,""name"":""F. El Melali"",""number"":28,""pos"":""M""},{""id"":284072,""name"":""B. Dieng"",""number"":99,""pos"":""F""}]","[{""id"":20537,""name"":""I. Niane"",""number"":7,""pos"":""F""},{""id"":163004,""name"":""E. Lepaul"",""number"":19,""pos"":""F""},{""id"":174708,""name"":""Y. Belkhdim"",""number"":14,""pos"":""M""},{""id"":174660,""name"":""L. Raolisoa"",""number"":27,""pos"":""D""},{""id"":343609,""name"":""J. Ekomié"",""number"":3,""pos"":""D""},{""id"":3175,""name"":""Z. Ferhat"",""number"":20,""pos"":""M""},{""id"":21145,""name"":""P. Capelle"",""number"":15,""pos"":""M""},{""id"":174973,""name"":""M. Zinga"",""number"":16,""pos"":""G""},{""id"":3379,""name"":""C. Hountondji"",""number"":22,""pos"":""D""}]"
1213867,80,Lyon,False,4-3-3,P. Sage,11,9,"[{""id"":80296,""name"":""Lucas Perri"",""number"":23,""pos"":""G""},{""id"":1456,""name"":""A. Maitland-Niles"",""number"":98,""pos"":""D""},{""id"":68,""name"":""Clinton Mata"",""number"":22,""pos"":""D""},{""id"":1902,""name"":""D. Ćaleta-Car"",""number"":55,""pos"":""D""},{""id"":529,""name"":""N. Tagliafico"",""number"":3,""pos"":""D""},{""id"":30409,""name"":""J. Veretout"",""number"":7,""pos"":""M""},{""id"":902,""name"":""N. Matić"",""number"":31,""pos"":""M""},{""id"":519,""name"":""C. Tolisso"",""number"":8,""pos"":""M""},{""id"":156477,""name"":""R. Cherki"",""number"":18,""pos"":""F""},{""id"":1467,""name"":""A. Lacazette"",""number"":10,""pos"":""F""},{""id"":361348,""name"":""M. Fofana"",""number"":11,""pos"":""F""}]","[{""id"":350856,""name"":""E. Nuamah"",""number"":37,""pos"":""F""},{""id"":180496,""name"":""G. Mikautadze"",""number"":69,""pos"":""F""},{""id"":9700,""name"":""Abner"",""number"":16,""pos"":""D""},{""id"":80752,""name"":""T. Tessmann"",""number"":15,""pos"":""M""},{""id"":3247,""name"":""W. Zaha"",""number"":12,""pos"":""F""},{""id"":659,""name"":""M. Caqueret"",""number"":6,""pos"":""M""},{""id"":20762,""name"":""R. Descamps"",""number"":40,""pos"":""G""},{""id"":25916,""name"":""M. Niakhaté"",""number"":19,""pos"":""D""},{""id"":162265,""name"":""W. Omari"",""number"":27,""pos"":""D""}]"
1213869,116,Lens,True,4-2-3-1,W. Still,11,9,"[{""id"":21628,""name"":""B. Samba"",""number"":30,""pos"":""G""},{""id"":3007,""name"":""P. Frankowski"",""number"":29,""pos"":""D""},{""id"":25287,""name"":""K. Danso"",""number"":4,""pos"":""D""},{""id"":360114,""name"":""A. Khusanov"",""number"":25,""pos"":""D""},{""id"":6231,""name"":""F. Medina"",""number"":14,""pos"":""D""},{""id"":22261,""name"":""A. Thomasson"",""number"":28,""pos"":""M""},{""id"":270509,""name"":""A. Diouf"",""number"":18,""pos"":""M""},{""id"":326073,""name"":""R. Labeau Lascary"",""number"":36,""pos"":""M""},{""id"":21146,""name"":""A. Fulgini"",""number"":11,""pos"":""M""},{""id"":129169,""name"":""A. Zaroury"",""number"":21,""pos"":""M""},{""id"":31318,""name"":""M'Bala Nzola"",""number"":8,""pos"":""F""}]","[{""id"":277003,""name"":""N. El Aynaoui"",""number"":23,""pos"":""M""},{""id"":20761,""name"":""F. Sotoca"",""number"":7,""pos"":""F""},{""id"":21715,""name"":""W. Saïd"",""number"":22,""pos"":""F""},{""id"":174607,""name"":""David Pereira da Costa"",""number"":10,""pos"":""M""},{""id"":237191,""name"":""J. Chávez"",""number"":13,""pos"":""D""},{""id"":22166,""name"":""M. Sarr"",""number"":20,""pos"":""D""},{""id"":237232,""name"":""H. Ojediran"",""number"":15,""pos"":""M""},{""id"":22220,""name"":""H. Koffi"",""number"":16,""pos"":""G""},{""id"":21635,""name"":""J. Gradit"",""number"":24,""pos"":""D""}]"
1213869,82,Montpellier,False,3-4-1-2,J. Gasset,11,9,"[{""id"":21566,""name"":""B. Lecomte"",""number"":40,""pos"":""G""},{""id"":999,""name"":""B. Omeragić"",""number"":27,""pos"":""D""},{""id"":320,""name"":""N. Maksimović"",""number"":52,""pos"":""D""},{""id"":20661,""name"":""M. Sagnan"",""number"":5,""pos"":""D""},{""id"":179399,""name"":""E. Tchato"",""number"":29,""pos"":""M""},{""id"":21439,""name"":""J. Ferri"",""number"":12,""pos"":""M""},{""id"":128287,""name"":""J. Chotard"",""number"":13,""pos"":""M""},{""id"":22141,""name"":""I. Sylla"",""number"":3,""pos"":""M""},{""id"":21443,""name"":""T. Savanier"",""number"":11,""pos"":""F""},{""id"":15286,""name"":""Mousa Al Ta'mari"",""number"":9,""pos"":""F""},{""id"":22097,""name"":""A. Nordin"",""number"":7,""pos"":""F""}]","[{""id"":22102,""name"":""W. Khazri"",""number"":10,""pos"":""F""},{""id"":57446,""name"":""A. Adams"",""number"":8,""pos"":""F""},{""id"":48636,""name"":""G. Barès"",""number"":15,""pos"":""M""},{""id"":361383,""name"":""Junior Ndiaye"",""number"":41,""pos"":""F""},{""id"":350388,""name"":""Y. Mouanga"",""number"":47,""pos"":""D""},{""id"":21565,""name"":""D. Bertaud"",""number"":16,""pos"":""G""},{""id"":3336,""name"":""F. Sacko"",""number"":77,""pos"":""D""},{""id"":369676,""name"":""T. Chennahi"",""number"":44,""pos"":""M""},{""id"":21434,""name"":""T. Sainte-Luce"",""number"":17,""pos"":""D""}]"
1213871,83,Nantes,True,5-3-2,A. Kombouare,11,9,"[{""id"":15684,""name"":""P. Carlgren"",""number"":30,""pos"":""G""},{""id"":22134,""name"":""K. Amian"",""number"":98,""pos"":""D""},{""id"":20545,""name"":""J. Castelletto"",""number"":21,""pos"":""D""},{""id"":343359,""name"":""N. Zézé"",""number"":44,""pos"":""D""},{""id"":21088,""name"":""N. Pallois"",""number"":4,""pos"":""D""},{""id"":21570,""name"":""N. Cozza"",""number"":3,""pos"":""D""},{""id"":193952,""name"":""J. Lepenant"",""number"":8,""pos"":""M""},{""id"":93671,""name"":""Pedro Chirivella"",""number"":5,""pos"":""M""},{""id"":10036,""name"":""Douglas Augusto"",""number"":6,""pos"":""M""},{""id"":161622,""name"":""M. Abline"",""number"":39,""pos"":""F""},{""id"":2781,""name"":""M. Simon"",""number"":27,""pos"":""F""}]","[{""id"":2668,""name"":""Mostafa Mohamed"",""number"":31,""pos"":""F""},{""id"":18599,""name"":""S. Thomas"",""number"":22,""pos"":""M""},{""id"":3240,""name"":""J. Gbamin"",""number"":17,""pos"":""M""},{""id"":20655,""name"":""J. Duverne"",""number"":2,""pos"":""D""},{""id"":20654,""name"":""F. Centonze"",""number"":18,""pos"":""D""},{""id"":443676,""name"":""H. Guirassy"",""number"":62,""pos"":""F""},{""id"":22177,""name"":""I. Ganago"",""number"":7,""pos"":""F""},{""id"":30393,""name"":""A. Lafont"",""number"":1,""pos"":""G""},{""id"":21498,""name"":""M. Coco"",""number"":11,""pos"":""F""}]"
1213871,94,Rennes,False,3-4-2-1,J. Sampaoli,11,9,"[{""id"":1897,""name"":""S. Mandanda"",""number"":30,""pos"":""G""},{""id"":30423,""name"":""H. Hateboer"",""number"":33,""pos"":""D""},{""id"":18967,""name"":""L. Østigård"",""number"":55,""pos"":""D""},{""id"":237249,""name"":""M. Faye"",""number"":15,""pos"":""D""},{""id"":180731,""name"":""L. Assignon"",""number"":22,""pos"":""M""},{""id"":328074,""name"":""J. James"",""number"":17,""pos"":""M""},{""id"":37236,""name"":""A. Matusiwa"",""number"":6,""pos"":""M""},{""id"":162267,""name"":""A. Truffert"",""number"":3,""pos"":""M""},{""id"":21497,""name"":""L. Blas"",""number"":11,""pos"":""F""},{""id"":85041,""name"":""A. Gouiri"",""number"":10,""pos"":""F""},{""id"":147831,""name"":""A. Kalimuendo"",""number"":9,""pos"":""F""}]","[{""id"":438281,""name"":""A. Nagida"",""number"":18,""pos"":""D""},{""id"":20916,""name"":""C. Wooh"",""number"":4,""pos"":""D""},{""id"":345748,""name"":""C. Gómez"",""number"":20,""pos"":""F""},{""id"":21153,""name"":""B. Santamaría"",""number"":8,""pos"":""M""},{""id"":331678,""name"":""H. Meister"",""number"":19,""pos"":""F""},{""id"":263177,""name"":""A. Grønbæk"",""number"":7,""pos"":""M""},{""id"":1754,""name"":""G. Kamara"",""number"":28,""pos"":""M""},{""id"":20706,""name"":""G. Gallon"",""number"":23,""pos"":""G""},{""id"":581,""name"":""Jota"",""number"":27,""pos"":""F""}]"
1213870,95,Strasbourg,True,4-2-3-1,L. Rosenior,11,9,"[{""id"":118307,""name"":""Đ. Petrović"",""number"":1,""pos"":""G""},{""id"":161747,""name"":""G. Doué"",""number"":22,""pos"":""D""},{""id"":276184,""name"":""M. Sarr"",""number"":23,""pos"":""D""},{""id"":271542,""name"":""I. Doukouré"",""number"":29,""pos"":""D""},{""id"":335056,""name"":""Diego Moreira"",""number"":7,""pos"":""D""},{""id"":327631,""name"":""H. Diarra"",""number"":19,""pos"":""M""},{""id"":305834,""name"":""Andrey Santos"",""number"":8,""pos"":""M""},{""id"":129695,""name"":""D. Bakwa"",""number"":26,""pos"":""M""},{""id"":203762,""name"":""E. Emegha"",""number"":10,""pos"":""M""},{""id"":226803,""name"":""S. Nanasi"",""number"":15,""pos"":""M""},{""id"":190686,""name"":""S. Mara"",""number"":14,""pos"":""F""}]","[{""id"":369885,""name"":""J. Sebas"",""number"":40,""pos"":""F""},{""id"":358166,""name"":""A. Ouattara"",""number"":42,""pos"":""M""},{""id"":2259,""name"":""E. Sobol"",""number"":77,""pos"":""D""},{""id"":274328,""name"":""S. Sow"",""number"":4,""pos"":""D""},{""id"":191240,""name"":""M. Senaya"",""number"":28,""pos"":""D""},{""id"":2850,""name"":""K. Johnsson"",""number"":30,""pos"":""G""},{""id"":438752,""name"":""P. Diong"",""number"":17,""pos"":""M""},{""id"":282549,""name"":""J. Mwanga"",""number"":18,""pos"":""M""},{""id"":356520,""name"":""Ó. Perea"",""number"":20,""pos"":""F""}]"
1213870,93,Reims,False,4-2-3-1,L. Elsner,11,9,"[{""id"":20566,""name"":""Y. Diouf"",""number"":94,""pos"":""G""},{""id"":8451,""name"":""Aurélio Buta"",""number"":23,""pos"":""D""},{""id"":135068,""name"":""E. Agbadou"",""number"":5,""pos"":""D""},{""id"":19546,""name"":""C. Kipré"",""number"":21,""pos"":""D""},{""id"":47530,""name"":""Sergio Akieme"",""number"":18,""pos"":""D""},{""id"":343351,""name"":""V. Atangana Edoa"",""number"":6,""pos"":""M""},{""id"":437482,""name"":""Amadou Koné"",""number"":72,""pos"":""M""},{""id"":1942,""name"":""J. Ito"",""number"":7,""pos"":""M""},{""id"":3080,""name"":""M. Munetsi"",""number"":15,""pos"":""M""},{""id"":33321,""name"":""K. Nakamura"",""number"":17,""pos"":""M""},{""id"":334429,""name"":""O. Diakité"",""number"":22,""pos"":""F""}]","[{""id"":415089,""name"":""Gabriel Moscardo"",""number"":19,""pos"":""M""},{""id"":352990,""name"":""A. Salama"",""number"":11,""pos"":""F""},{""id"":386481,""name"":""M. Diakhon"",""number"":67,""pos"":""F""},{""id"":392656,""name"":""M. Diadie"",""number"":64,""pos"":""M""},{""id"":21080,""name"":""A. Olliero"",""number"":20,""pos"":""G""},{""id"":389322,""name"":""N. Sangui"",""number"":55,""pos"":""D""},{""id"":8474,""name"":""T. De Smet"",""number"":25,""pos"":""D""},{""id"":384489,""name"":""Y. Fofana"",""number"":8,""pos"":""M""},{""id"":454432,""name"":""N. Sissoko"",""number"":74,""pos"":""F""}]"
1213866,1063,Saint Etienne,True,5-4-1,O. Dall’Oglio,11,9,"[{""id"":20541,""name"":""G. Larsonneur"",""number"":30,""pos"":""G""},{""id"":1407,""name"":""D. Appiah"",""number"":8,""pos"":""D""},{""id"":8445,""name"":""D. Batubinsika"",""number"":21,""pos"":""D""},{""id"":2704,""name"":""Y. Abdelhamid"",""number"":5,""pos"":""D""},{""id"":157146,""name"":""L. Pétrot"",""number"":19,""pos"":""D""},{""id"":107199,""name"":""P. Cornud"",""number"":17,""pos"":""D""},{""id"":274355,""name"":""B. Bouchouari"",""number"":6,""pos"":""M""},{""id"":278232,""name"":""P. Ekwah"",""number"":4,""pos"":""M""},{""id"":289555,""name"":""L. Mouton"",""number"":14,""pos"":""M""},{""id"":24743,""name"":""Z. Davitashvili"",""number"":22,""pos"":""M""},{""id"":322560,""name"":""L. Stassin"",""number"":32,""pos"":""F""}]","[{""id"":339601,""name"":""A. Aiki"",""number"":39,""pos"":""F""},{""id"":20648,""name"":""I. Sissoko"",""number"":9,""pos"":""F""},{""id"":395762,""name"":""M. Amougou"",""number"":37,""pos"":""M""},{""id"":8624,""name"":""F. Tardieu"",""number"":10,""pos"":""M""},{""id"":20736,""name"":""B. Maubleu"",""number"":1,""pos"":""G""},{""id"":452315,""name"":""K. Pedro"",""number"":45,""pos"":""D""},{""id"":395048,""name"":""C. Fall"",""number"":31,""pos"":""M""},{""id"":20861,""name"":""L. Fomba"",""number"":26,""pos"":""M""},{""id"":363053,""name"":""I. Miladinović"",""number"":28,""pos"":""M""}]"
1213866,81,Marseille,False,3-4-2-1,R. De Zerbi,11,9,"[{""id"":47296,""name"":""G. Rulli"",""number"":1,""pos"":""G""},{""id"":2973,""name"":""M. Murillo"",""number"":62,""pos"":""D""},{""id"":6,""name"":""L. Balerdi"",""number"":5,""pos"":""D""},{""id"":926,""name"":""G. Kondogbia"",""number"":19,""pos"":""D""},{""id"":10077,""name"":""Luis Henrique"",""number"":44,""pos"":""M""},{""id"":21102,""name"":""V. Rongier"",""number"":21,""pos"":""M""},{""id"":2735,""name"":""P. Højbjerg"",""number"":23,""pos"":""M""},{""id"":272460,""name"":""Q. Merlin"",""number"":3,""pos"":""M""},{""id"":897,""name"":""M. Greenwood"",""number"":10,""pos"":""F""},{""id"":272,""name"":""A. Rabiot"",""number"":25,""pos"":""F""},{""id"":19364,""name"":""N. Maupay"",""number"":8,""pos"":""F""}]","[{""id"":162707,""name"":""E. Wahi"",""number"":9,""pos"":""F""},{""id"":51295,""name"":""D. Cornelius"",""number"":13,""pos"":""D""},{""id"":392683,""name"":""A. Koum"",""number"":33,""pos"":""D""},{""id"":126757,""name"":""L. Brassier"",""number"":20,""pos"":""D""},{""id"":278095,""name"":""J. Rowe"",""number"":17,""pos"":""F""},{""id"":36827,""name"":""J. de Lange"",""number"":12,""pos"":""G""},{""id"":193501,""name"":""B. Meïté"",""number"":18,""pos"":""M""},{""id"":283216,""name"":""B. Nadir"",""number"":26,""pos"":""M""},{""id"":328046,""name"":""I. Koné"",""number"":51,""pos"":""M""}]"
1213877,96,Toulouse,True,3-4-2-1,Carles Martínez,11,9,"[{""id"":325346,""name"":""G. Restes"",""number"":50,""pos"":""G""},{""id"":102,""name"":""D. Sidibé"",""number"":19,""pos"":""D""},{""id"":278392,""name"":""C. Cresswell"",""number"":4,""pos"":""D""},{""id"":50735,""name"":""M. McKenzie"",""number"":3,""pos"":""D""},{""id"":39115,""name"":""A. Dønnum"",""number"":15,""pos"":""M""},{""id"":50956,""name"":""C. Cásseres"",""number"":23,""pos"":""M""},{""id"":48491,""name"":""V. Sierro"",""number"":8,""pos"":""M""},{""id"":11421,""name"":""G. Suazo"",""number"":17,""pos"":""M""},{""id"":328648,""name"":""S. Babicka"",""number"":80,""pos"":""F""},{""id"":243,""name"":""Z. Aboukhlal"",""number"":7,""pos"":""F""},{""id"":18881,""name"":""J. King"",""number"":13,""pos"":""F""}]","[{""id"":84128,""name"":""Y. Gboho"",""number"":10,""pos"":""F""},{""id"":25533,""name"":""N. Schmidt"",""number"":20,""pos"":""M""},{""id"":174724,""name"":""F. Magri"",""number"":9,""pos"":""F""},{""id"":264383,""name"":""W. Kamanzi"",""number"":12,""pos"":""D""},{""id"":36928,""name"":""D. Genreau"",""number"":5,""pos"":""M""},{""id"":1369,""name"":""M. Zajc"",""number"":21,""pos"":""M""},{""id"":334952,""name"":""R. Messali"",""number"":22,""pos"":""M""},{""id"":367637,""name"":""Ü. Akdağ"",""number"":6,""pos"":""D""},{""id"":47351,""name"":""Álex Domínguez"",""number"":30,""pos"":""G""}]"
1213877,1063,Saint Etienne,False,3-5-2,O. Dall’Oglio,11,9,"[{""id"":20541,""name"":""G. Larsonneur"",""number"":30,""pos"":""G""},{""id"":8445,""name"":""D. Batubinsika"",""number"":21,""pos"":""D""},{""id"":2704,""name"":""Y. Abdelhamid"",""number"":5,""pos"":""D""},{""id"":157146,""name"":""L. Pétrot"",""number"":19,""pos"":""D""},{""id"":1407,""name"":""D. Appiah"",""number"":8,""pos"":""M""},{""id"":274355,""name"":""B. Bouchouari"",""number"":6,""pos"":""M""},{""id"":278232,""name"":""P. Ekwah"",""number"":4,""pos"":""M""},{""id"":289555,""name"":""L. Mouton"",""number"":14,""pos"":""M""},{""id"":107199,""name"":""P. Cornud"",""number"":17,""pos"":""M""},{""id"":24743,""name"":""Z. Davitashvili"",""number"":22,""pos"":""F""},{""id"":322560,""name"":""L. Stassin"",""number"":32,""pos"":""F""}]","[{""id"":395762,""name"":""M. Amougou"",""number"":37,""pos"":""M""},{""id"":339601,""name"":""A. Aiki"",""number"":39,""pos"":""F""},{""id"":20648,""name"":""I. Sissoko"",""number"":9,""pos"":""F""},{""id"":20861,""name"":""L. Fomba"",""number"":26,""pos"":""M""},{""id"":8624,""name"":""F. Tardieu"",""number"":10,""pos"":""M""},{""id"":452315,""name"":""K. Pedro"",""number"":45,""pos"":""D""},{""id"":363053,""name"":""I. Miladinović"",""number"":28,""pos"":""M""},{""id"":395048,""name"":""C. Fall"",""number"":31,""pos"":""M""},{""id"":20736,""name"":""B. Maubleu"",""number"":1,""pos"":""G""}]"
1213880,81,Marseille,True,3-4-2-1,R. De Zerbi,11,9,"[{""id"":47296,""name"":""G. Rulli"",""number"":1,""pos"":""G""},{""id"":2973,""name"":""M. Murillo"",""number"":62,""pos"":""D""},{""id"":6,""name"":""L. Balerdi"",""number"":5,""pos"":""D""},{""id"":926,""name"":""G. Kondogbia"",""number"":19,""pos"":""D""},{""id"":10077,""name"":""Luis Henrique"",""number"":44,""pos"":""M""},{""id"":2735,""name"":""P. Højbjerg"",""number"":23,""pos"":""M""},{""id"":21102,""name"":""V. Rongier"",""number"":21,""pos"":""M""},{""id"":272460,""name"":""Q. Merlin"",""number"":3,""pos"":""M""},{""id"":897,""name"":""M. Greenwood"",""number"":10,""pos"":""F""},{""id"":272,""name"":""A. Rabiot"",""number"":25,""pos"":""F""},{""id"":19364,""name"":""N. Maupay"",""number"":8,""pos"":""F""}]","[{""id"":51295,""name"":""D. Cornelius"",""number"":13,""pos"":""D""},{""id"":30525,""name"":""Pol Lirola"",""number"":29,""pos"":""D""},{""id"":283216,""name"":""B. Nadir"",""number"":26,""pos"":""M""},{""id"":278095,""name"":""J. Rowe"",""number"":17,""pos"":""F""},{""id"":328046,""name"":""I. Koné"",""number"":51,""pos"":""M""},{""id"":126757,""name"":""L. Brassier"",""number"":20,""pos"":""D""},{""id"":412,""name"":""A. Harit"",""number"":11,""pos"":""M""},{""id"":36827,""name"":""J. de Lange"",""number"":12,""pos"":""G""},{""id"":193501,""name"":""B. Meïté"",""number"":18,""pos"":""M""}]"
1213880,79,Lille,False,4-2-3-1,B. Génésio,11,9,"[{""id"":162453,""name"":""L. Chevalier"",""number"":30,""pos"":""G""},{""id"":1567,""name"":""A. Mandi"",""number"":2,""pos"":""D""},{""id"":22136,""name"":""B. Diakité"",""number"":18,""pos"":""D""},{""id"":142691,""name"":""Alexsandro Ribeiro"",""number"":4,""pos"":""D""},{""id"":47969,""name"":""G. Gudmundsson"",""number"":5,""pos"":""D""},{""id"":2204,""name"":""B. André"",""number"":21,""pos"":""M""},{""id"":375598,""name"":""N. Mukau"",""number"":17,""pos"":""M""},{""id"":48392,""name"":""E. Zhegrova"",""number"":23,""pos"":""M""},{""id"":67889,""name"":""H. Haraldsson"",""number"":7,""pos"":""M""},{""id"":340077,""name"":""M. Fernandez-Pardo"",""number"":19,""pos"":null},{""id"":8489,""name"":""J. David"",""number"":9,""pos"":""F""}]","[{""id"":530,""name"":""M. Bakker"",""number"":20,""pos"":""D""},{""id"":264,""name"":""T. Meunier"",""number"":12,""pos"":""D""},{""id"":99576,""name"":""O. Sahraoui"",""number"":11,""pos"":""F""},{""id"":18765,""name"":""André Gomes"",""number"":26,""pos"":""M""},{""id"":22093,""name"":""R. Cabella"",""number"":10,""pos"":""M""},{""id"":51146,""name"":""V. Mannone"",""number"":1,""pos"":""G""},{""id"":24288,""name"":""M. Bayo"",""number"":27,""pos"":""F""},{""id"":438688,""name"":""A. Bouaddi"",""number"":32,""pos"":""M""},{""id"":679,""name"":""Ismaily"",""number"":31,""pos"":""D""}]"
1213876,108,Auxerre,True,3-4-2-1,C. Pélissier,11,9,"[{""id"":20542,""name"":""D. Léon"",""number"":16,""pos"":""G""},{""id"":20206,""name"":""G. Osho"",""number"":3,""pos"":""D""},{""id"":41300,""name"":""Jubal"",""number"":4,""pos"":""D""},{""id"":191189,""name"":""C. Akpa"",""number"":92,""pos"":""D""},{""id"":191392,""name"":""P. Joly"",""number"":26,""pos"":""M""},{""id"":21010,""name"":""E. Owusu"",""number"":42,""pos"":""M""},{""id"":323625,""name"":""K. Danois"",""number"":27,""pos"":""M""},{""id"":7578,""name"":""G. Mensah"",""number"":14,""pos"":""M""},{""id"":20732,""name"":""G. Perrin"",""number"":10,""pos"":""F""},{""id"":32940,""name"":""A. Onaiwu"",""number"":45,""pos"":""F""},{""id"":90617,""name"":""L. Sinayoko"",""number"":17,""pos"":""F""}]","[{""id"":51293,""name"":""T. Bair"",""number"":9,""pos"":""F""},{""id"":285,""name"":""K. Hoever"",""number"":23,""pos"":""D""},{""id"":20586,""name"":""R. Raveloson"",""number"":97,""pos"":""M""},{""id"":20782,""name"":""F. Ayé"",""number"":19,""pos"":""F""},{""id"":21143,""name"":""T. Pellenard"",""number"":5,""pos"":""D""},{""id"":275368,""name"":""T. Negrel"",""number"":30,""pos"":""G""},{""id"":162466,""name"":""S. Diomandé"",""number"":20,""pos"":""D""},{""id"":38754,""name"":""E. Maddy"",""number"":11,""pos"":""F""},{""id"":30748,""name"":""A. Dioussé"",""number"":18,""pos"":""M""}]"
1213876,116,Lens,False,4-2-3-1,W. Still,11,9,"[{""id"":21628,""name"":""B. Samba"",""number"":30,""pos"":""G""},{""id"":3007,""name"":""P. Frankowski"",""number"":29,""pos"":""D""},{""id"":25287,""name"":""K. Danso"",""number"":4,""pos"":""D""},{""id"":360114,""name"":""A. Khusanov"",""number"":25,""pos"":""D""},{""id"":6231,""name"":""F. Medina"",""number"":14,""pos"":""D""},{""id"":22261,""name"":""A. Thomasson"",""number"":28,""pos"":""M""},{""id"":277003,""name"":""N. El Aynaoui"",""number"":23,""pos"":""M""},{""id"":326073,""name"":""R. Labeau Lascary"",""number"":36,""pos"":""M""},{""id"":21146,""name"":""A. Fulgini"",""number"":11,""pos"":""M""},{""id"":129169,""name"":""A. Zaroury"",""number"":21,""pos"":""M""},{""id"":31318,""name"":""M'Bala Nzola"",""number"":8,""pos"":""F""}]","[{""id"":270509,""name"":""A. Diouf"",""number"":18,""pos"":""M""},{""id"":174607,""name"":""David Pereira da Costa"",""number"":10,""pos"":""M""},{""id"":2483,""name"":""D. Machado"",""number"":3,""pos"":""D""},{""id"":20761,""name"":""F. Sotoca"",""number"":7,""pos"":""F""},{""id"":237232,""name"":""H. Ojediran"",""number"":15,""pos"":""M""},{""id"":22220,""name"":""H. Koffi"",""number"":16,""pos"":""G""},{""id"":237191,""name"":""J. Chávez"",""number"":13,""pos"":""D""},{""id"":326976,""name"":""T. Pouilly"",""number"":34,""pos"":""M""},{""id"":22166,""name"":""M. Sarr"",""number"":20,""pos"":""D""}]"
1213875,93,Reims,True,4-2-3-1,L. Elsner,11,9,"[{""id"":20566,""name"":""Y. Diouf"",""number"":94,""pos"":""G""},{""id"":8451,""name"":""Aurélio Buta"",""number"":23,""pos"":""D""},{""id"":135068,""name"":""E. Agbadou"",""number"":5,""pos"":""D""},{""id"":19546,""name"":""C. Kipré"",""number"":21,""pos"":""D""},{""id"":47530,""name"":""Sergio Akieme"",""number"":18,""pos"":""D""},{""id"":437482,""name"":""Amadou Koné"",""number"":72,""pos"":""M""},{""id"":343351,""name"":""V. Atangana Edoa"",""number"":6,""pos"":""M""},{""id"":1942,""name"":""J. Ito"",""number"":7,""pos"":""M""},{""id"":3080,""name"":""M. Munetsi"",""number"":15,""pos"":""M""},{""id"":33321,""name"":""K. Nakamura"",""number"":17,""pos"":""M""},{""id"":334429,""name"":""O. Diakité"",""number"":22,""pos"":""F""}]","[{""id"":384489,""name"":""Y. Fofana"",""number"":8,""pos"":""M""},{""id"":352990,""name"":""A. Salama"",""number"":11,""pos"":""F""},{""id"":389322,""name"":""N. Sangui"",""number"":55,""pos"":""D""},{""id"":386481,""name"":""M. Diakhon"",""number"":67,""pos"":""F""},{""id"":21080,""name"":""A. Olliero"",""number"":20,""pos"":""G""},{""id"":8966,""name"":""T. Teuma"",""number"":10,""pos"":""M""},{""id"":415089,""name"":""Gabriel Moscardo"",""number"":19,""pos"":""M""},{""id"":454432,""name"":""N. Sissoko"",""number"":74,""pos"":""F""},{""id"":8474,""name"":""T. De Smet"",""number"":25,""pos"":""D""}]"
1213875,91,Monaco,False,3-4-2-1,A. Hütter,11,9,"[{""id"":7313,""name"":""P. Köhn"",""number"":16,""pos"":""G""},{""id"":30504,""name"":""W. Singo"",""number"":17,""pos"":""D""},{""id"":261,""name"":""T. Kehrer"",""number"":5,""pos"":""D""},{""id"":371916,""name"":""C. Mawissa"",""number"":13,""pos"":""D""},{""id"":231,""name"":""J. Teze"",""number"":4,""pos"":""M""},{""id"":326176,""name"":""S. Magassa"",""number"":88,""pos"":""M""},{""id"":109,""name"":""A. Golovin"",""number"":10,""pos"":""M""},{""id"":333137,""name"":""K. Ouattara"",""number"":20,""pos"":""M""},{""id"":1101,""name"":""T. Minamino"",""number"":18,""pos"":""F""},{""id"":343320,""name"":""E. Ben Seghir"",""number"":7,""pos"":""F""},{""id"":395040,""name"":""G. Ilenikhena"",""number"":21,""pos"":""F""}]","[{""id"":47480,""name"":""M. Salisu"",""number"":22,""pos"":""D""},{""id"":421,""name"":""B. Embolo"",""number"":36,""pos"":""F""},{""id"":274300,""name"":""M. Akliouche"",""number"":11,""pos"":""M""},{""id"":10316,""name"":""Caio Henrique"",""number"":12,""pos"":""D""},{""id"":374058,""name"":""L. Camara"",""number"":15,""pos"":""M""},{""id"":162991,""name"":""E. Matazo"",""number"":8,""pos"":""M""},{""id"":399893,""name"":""B. Kiwa"",""number"":46,""pos"":""D""},{""id"":343319,""name"":""L. Michal"",""number"":41,""pos"":""F""},{""id"":274296,""name"":""Y. Lienard"",""number"":50,""pos"":""G""}]"
1213878,82,Montpellier,True,4-2-3-1,J. Gasset,11,9,"[{""id"":21566,""name"":""B. Lecomte"",""number"":40,""pos"":""G""},{""id"":179399,""name"":""E. Tchato"",""number"":29,""pos"":""D""},{""id"":320,""name"":""N. Maksimović"",""number"":52,""pos"":""D""},{""id"":999,""name"":""B. Omeragić"",""number"":27,""pos"":""D""},{""id"":22141,""name"":""I. Sylla"",""number"":3,""pos"":""D""},{""id"":21439,""name"":""J. Ferri"",""number"":12,""pos"":""M""},{""id"":128287,""name"":""J. Chotard"",""number"":13,""pos"":""M""},{""id"":15286,""name"":""Mousa Al Ta'mari"",""number"":9,""pos"":""M""},{""id"":21443,""name"":""T. Savanier"",""number"":11,""pos"":""M""},{""id"":22097,""name"":""A. Nordin"",""number"":7,""pos"":""M""},{""id"":57446,""name"":""A. Adams"",""number"":8,""pos"":""F""}]","[{""id"":387120,""name"":""R. Nzingoula"",""number"":19,""pos"":""M""},{""id"":20661,""name"":""M. Sagnan"",""number"":5,""pos"":""D""},{""id"":22102,""name"":""W. Khazri"",""number"":10,""pos"":""F""},{""id"":21434,""name"":""T. Sainte-Luce"",""number"":17,""pos"":""D""},{""id"":361383,""name"":""Junior Ndiaye"",""number"":41,""pos"":""F""},{""id"":21565,""name"":""D. Bertaud"",""number"":16,""pos"":""G""},{""id"":350388,""name"":""Y. Mouanga"",""number"":47,""pos"":""D""},{""id"":48636,""name"":""G. Barès"",""number"":15,""pos"":""M""},{""id"":3336,""name"":""F. Sacko"",""number"":77,""pos"":""D""}]"
1213878,84,Nice,False,4-1-4-1,F. Haise,11,9,"[{""id"":2274,""name"":""M. Bułka"",""number"":1,""pos"":""G""},{""id"":193617,""name"":""T. Louchet"",""number"":20,""pos"":""D""},{""id"":240,""name"":""P. Rosario"",""number"":8,""pos"":""D""},{""id"":407017,""name"":""M. Bombito"",""number"":64,""pos"":""D""},{""id"":25008,""name"":""J. Clauss"",""number"":92,""pos"":""D""},{""id"":4399,""name"":""H. Boudaoui"",""number"":6,""pos"":""M""},{""id"":137303,""name"":""E. Guessand"",""number"":29,""pos"":""M""},{""id"":334879,""name"":""B. Bouanani"",""number"":19,""pos"":""M""},{""id"":662,""name"":""T. Ndombélé"",""number"":22,""pos"":""M""},{""id"":107,""name"":""S. Diop"",""number"":10,""pos"":""M""},{""id"":21592,""name"":""G. Laborde"",""number"":24,""pos"":""F""}]","[{""id"":162465,""name"":""M. Bard"",""number"":26,""pos"":""D""},{""id"":482467,""name"":""Y. Nandjou"",""number"":42,""pos"":""D""},{""id"":275053,""name"":""R. Ilie"",""number"":18,""pos"":""M""},{""id"":444561,""name"":""I. Camara"",""number"":36,""pos"":""M""},{""id"":21079,""name"":""M. Dupé"",""number"":31,""pos"":""G""},{""id"":161919,""name"":""Y. Moukoko"",""number"":15,""pos"":""F""},{""id"":437498,""name"":""A. Doumbouya"",""number"":44,""pos"":""D""},{""id"":503702,""name"":""B. Nguene"",""number"":49,""pos"":""F""},{""id"":339620,""name"":""L. Monteiro"",""number"":48,""pos"":""D""}]"
1213873,94,Rennes,True,3-5-1-1,J. Sampaoli,11,9,"[{""id"":1897,""name"":""S. Mandanda"",""number"":30,""pos"":""G""},{""id"":30423,""name"":""H. Hateboer"",""number"":33,""pos"":""D""},{""id"":18967,""name"":""L. Østigård"",""number"":55,""pos"":""D""},{""id"":162267,""name"":""A. Truffert"",""number"":3,""pos"":""D""},{""id"":180731,""name"":""L. Assignon"",""number"":22,""pos"":""M""},{""id"":21497,""name"":""L. Blas"",""number"":11,""pos"":""M""},{""id"":37236,""name"":""A. Matusiwa"",""number"":6,""pos"":""M""},{""id"":328074,""name"":""J. James"",""number"":17,""pos"":""M""},{""id"":438281,""name"":""A. Nagida"",""number"":18,""pos"":""M""},{""id"":85041,""name"":""A. Gouiri"",""number"":10,""pos"":""F""},{""id"":147831,""name"":""A. Kalimuendo"",""number"":9,""pos"":""F""}]","[{""id"":263177,""name"":""A. Grønbæk"",""number"":7,""pos"":""M""},{""id"":581,""name"":""Jota"",""number"":27,""pos"":""F""},{""id"":1754,""name"":""G. Kamara"",""number"":28,""pos"":""M""},{""id"":20916,""name"":""C. Wooh"",""number"":4,""pos"":""D""},{""id"":345748,""name"":""C. Gómez"",""number"":20,""pos"":""F""},{""id"":152418,""name"":""N. Ahamada"",""number"":32,""pos"":""M""},{""id"":331678,""name"":""H. Meister"",""number"":19,""pos"":""F""},{""id"":20706,""name"":""G. Gallon"",""number"":23,""pos"":""G""},{""id"":21153,""name"":""B. Santamaría"",""number"":8,""pos"":""M""}]"
1213873,77,Angers,False,4-2-3-1,A. Dujeux,11,9,"[{""id"":64190,""name"":""Y. Fofana"",""number"":30,""pos"":""G""},{""id"":20850,""name"":""C. Arcus"",""number"":2,""pos"":""D""},{""id"":3234,""name"":""A. Bamba"",""number"":25,""pos"":""D""},{""id"":21381,""name"":""J. Lefort"",""number"":21,""pos"":""D""},{""id"":41146,""name"":""F. Hanin"",""number"":26,""pos"":""D""},{""id"":103,""name"":""J. Aholou"",""number"":6,""pos"":""M""},{""id"":20554,""name"":""H. Belkebla"",""number"":93,""pos"":""M""},{""id"":174708,""name"":""Y. Belkhdim"",""number"":14,""pos"":""M""},{""id"":20692,""name"":""H. Abdelli"",""number"":10,""pos"":""M""},{""id"":174660,""name"":""L. Raolisoa"",""number"":27,""pos"":""M""},{""id"":20537,""name"":""I. Niane"",""number"":7,""pos"":""F""}]","[{""id"":343609,""name"":""J. Ekomié"",""number"":3,""pos"":""D""},{""id"":163004,""name"":""E. Lepaul"",""number"":19,""pos"":""F""},{""id"":3175,""name"":""Z. Ferhat"",""number"":20,""pos"":""M""},{""id"":284072,""name"":""B. Dieng"",""number"":99,""pos"":""F""},{""id"":174973,""name"":""M. Zinga"",""number"":16,""pos"":""G""},{""id"":425207,""name"":""M. Courcoul"",""number"":5,""pos"":""D""},{""id"":3379,""name"":""C. Hountondji"",""number"":22,""pos"":""D""},{""id"":174723,""name"":""Z. Ould Khaled"",""number"":12,""pos"":""D""},{""id"":20725,""name"":""J. Lopy"",""number"":8,""pos"":""M""}]"
1213879,106,Stade Brestois 29,True,4-3-1-2,E. Roy,11,9,"[{""id"":21248,""name"":""G. Coudert"",""number"":30,""pos"":""G""},{""id"":22247,""name"":""K. Lala"",""number"":7,""pos"":""D""},{""id"":20546,""name"":""B. Chardonnet"",""number"":5,""pos"":""D""},{""id"":203483,""name"":""A. Ndiaye"",""number"":3,""pos"":""D""},{""id"":3333,""name"":""M. Haïdara"",""number"":22,""pos"":""D""},{""id"":24147,""name"":""M. Camara"",""number"":45,""pos"":""M""},{""id"":30405,""name"":""E. Fernandes"",""number"":6,""pos"":""M""},{""id"":20558,""name"":""H. Magnetti"",""number"":8,""pos"":""M""},{""id"":326068,""name"":""K. Doumbia"",""number"":9,""pos"":""M""},{""id"":2214,""name"":""R. Del Castillo"",""number"":10,""pos"":""F""},{""id"":41323,""name"":""Mama Baldé"",""number"":14,""pos"":""F""}]","[{""id"":277191,""name"":""A. Sima"",""number"":17,""pos"":""F""},{""id"":20780,""name"":""Mathias Pereira Lage"",""number"":26,""pos"":""M""},{""id"":84082,""name"":""R. Faivre"",""number"":21,""pos"":""M""},{""id"":375000,""name"":""I. Salah"",""number"":34,""pos"":""F""},{""id"":329209,""name"":""A. Camblan"",""number"":11,""pos"":""M""},{""id"":422595,""name"":""L. Zogbé"",""number"":12,""pos"":""D""},{""id"":1901,""name"":""J. Amavi"",""number"":23,""pos"":""D""},{""id"":498791,""name"":""R. Le Guen"",""number"":33,""pos"":""D""},{""id"":348052,""name"":""N. Jauny"",""number"":50,""pos"":""G""}]"
1213879,83,Nantes,False,5-3-2,A. Kombouare,11,9,"[{""id"":15684,""name"":""P. Carlgren"",""number"":30,""pos"":""G""},{""id"":22134,""name"":""K. Amian"",""number"":98,""pos"":""D""},{""id"":20545,""name"":""J. Castelletto"",""number"":21,""pos"":""D""},{""id"":21088,""name"":""N. Pallois"",""number"":4,""pos"":""D""},{""id"":20655,""name"":""J. Duverne"",""number"":2,""pos"":""D""},{""id"":21570,""name"":""N. Cozza"",""number"":3,""pos"":""D""},{""id"":193952,""name"":""J. Lepenant"",""number"":8,""pos"":""M""},{""id"":93671,""name"":""Pedro Chirivella"",""number"":5,""pos"":""M""},{""id"":10036,""name"":""Douglas Augusto"",""number"":6,""pos"":""M""},{""id"":161622,""name"":""M. Abline"",""number"":39,""pos"":""F""},{""id"":2781,""name"":""M. Simon"",""number"":27,""pos"":""F""}]","[{""id"":2668,""name"":""Mostafa Mohamed"",""number"":31,""pos"":""F""},{""id"":22177,""name"":""I. Ganago"",""number"":7,""pos"":""F""},{""id"":18599,""name"":""S. Thomas"",""number"":22,""pos"":""M""},{""id"":21498,""name"":""M. Coco"",""number"":11,""pos"":""F""},{""id"":21582,""name"":""F. Mollet"",""number"":25,""pos"":""M""},{""id"":3240,""name"":""J. Gbamin"",""number"":17,""pos"":""M""},{""id"":30393,""name"":""A. Lafont"",""number"":1,""pos"":""G""},{""id"":343359,""name"":""N. Zézé"",""number"":44,""pos"":""D""},{""id"":20654,""name"":""F. Centonze"",""number"":18,""pos"":""D""}]"
1213874,111,Le Havre,True,3-3-3-1,D. Digard,11,9,"[{""id"":24011,""name"":""A. Desmas"",""number"":30,""pos"":""G""},{""id"":162067,""name"":""T. Pembélé"",""number"":32,""pos"":""D""},{""id"":162443,""name"":""É. Youté"",""number"":6,""pos"":""D""},{""id"":64255,""name"":""G. Lloris"",""number"":4,""pos"":""D""},{""id"":2336,""name"":""L. Nego"",""number"":7,""pos"":""M""},{""id"":21103,""name"":""A. Touré"",""number"":94,""pos"":""M""},{""id"":23637,""name"":""Y. Zouaoui"",""number"":18,""pos"":""M""},{""id"":128342,""name"":""R. Ndiaye"",""number"":19,""pos"":""F""},{""id"":284071,""name"":""O. Targhalline"",""number"":5,""pos"":""M""},{""id"":20836,""name"":""C. Opéri"",""number"":27,""pos"":""F""},{""id"":343317,""name"":""S. Ngoura"",""number"":77,""pos"":""F""}]","[{""id"":289304,""name"":""A. Joujou"",""number"":21,""pos"":""F""},{""id"":15783,""name"":""E. Sabbi"",""number"":11,""pos"":""F""},{""id"":1370,""name"":""A. Ayew"",""number"":28,""pos"":""F""},{""id"":22266,""name"":""S. Grandsir"",""number"":29,""pos"":""F""},{""id"":174937,""name"":""Y. Kechta"",""number"":8,""pos"":""M""},{""id"":20576,""name"":""Y. Salmier"",""number"":22,""pos"":""D""},{""id"":646,""name"":""M. Gorgelin"",""number"":1,""pos"":""G""},{""id"":386275,""name"":""I. Housni"",""number"":46,""pos"":""F""},{""id"":1212,""name"":""D. Kuzyaev"",""number"":14,""pos"":""M""}]"
1213874,95,Strasbourg,False,4-4-2,L. Rosenior,11,9,"[{""id"":118307,""name"":""Đ. Petrović"",""number"":1,""pos"":""G""},{""id"":161747,""name"":""G. Doué"",""number"":22,""pos"":""D""},{""id"":276184,""name"":""M. Sarr"",""number"":23,""pos"":""D""},{""id"":271542,""name"":""I. Doukouré"",""number"":29,""pos"":""D""},{""id"":335056,""name"":""Diego Moreira"",""number"":7,""pos"":""D""},{""id"":129695,""name"":""D. Bakwa"",""number"":26,""pos"":""M""},{""id"":305834,""name"":""Andrey Santos"",""number"":8,""pos"":""M""},{""id"":327631,""name"":""H. Diarra"",""number"":19,""pos"":""M""},{""id"":369885,""name"":""J. Sebas"",""number"":40,""pos"":""M""},{""id"":226803,""name"":""S. Nanasi"",""number"":15,""pos"":""F""},{""id"":203762,""name"":""E. Emegha"",""number"":10,""pos"":""F""}]","[{""id"":2259,""name"":""E. Sobol"",""number"":77,""pos"":""D""},{""id"":438752,""name"":""P. Diong"",""number"":17,""pos"":""M""},{""id"":190686,""name"":""S. Mara"",""number"":14,""pos"":""F""},{""id"":358166,""name"":""A. Ouattara"",""number"":42,""pos"":""M""},{""id"":282549,""name"":""J. Mwanga"",""number"":18,""pos"":""M""},{""id"":2850,""name"":""K. Johnsson"",""number"":30,""pos"":""G""},{""id"":191240,""name"":""M. Senaya"",""number"":28,""pos"":""D""},{""id"":325594,""name"":""F. Lemaréchal"",""number"":6,""pos"":""M""},{""id"":364810,""name"":""A. Sylla"",""number"":5,""pos"":""D""}]"
1213881,85,Paris Saint Germain,True,4-3-3,Luis Enrique,11,9,"[{""id"":1622,""name"":""G. Donnarumma"",""number"":1,""pos"":""G""},{""id"":9,""name"":""A. Hakimi"",""number"":2,""pos"":""D""},{""id"":307835,""name"":""Beraldo"",""number"":35,""pos"":""D""},{""id"":16367,""name"":""W. Pacho"",""number"":51,""pos"":""D""},{""id"":263482,""name"":""Nuno Mendes"",""number"":25,""pos"":""D""},{""id"":336657,""name"":""W. Zaïre-Emery"",""number"":33,""pos"":""M""},{""id"":335051,""name"":""João Neves"",""number"":87,""pos"":""M""},{""id"":128384,""name"":""Vitinha"",""number"":17,""pos"":""M""},{""id"":927,""name"":""Lee Kang-In"",""number"":19,""pos"":""F""},{""id"":153,""name"":""O. Dembélé"",""number"":10,""pos"":""F""},{""id"":343027,""name"":""D. Doué"",""number"":14,""pos"":""F""}]","[{""id"":257,""name"":""Marquinhos"",""number"":5,""pos"":""D""},{""id"":161904,""name"":""B. Barcola"",""number"":29,""pos"":""F""},{""id"":33,""name"":""L. Hernández"",""number"":21,""pos"":""D""},{""id"":41585,""name"":""Gonçalo Ramos"",""number"":9,""pos"":""F""},{""id"":328,""name"":""Fabián Ruiz"",""number"":8,""pos"":""M""},{""id"":746,""name"":""Marco Asensio"",""number"":11,""pos"":""F""},{""id"":386285,""name"":""Y. Zague"",""number"":42,""pos"":""D""},{""id"":409216,""name"":""S. Mayulu"",""number"":24,""pos"":""M""},{""id"":2068,""name"":""M. Safonov"",""number"":39,""pos"":""G""}]"
1213881,80,Lyon,False,4-1-4-1,P. Sage,11,9,"[{""id"":80296,""name"":""Lucas Perri"",""number"":23,""pos"":""G""},{""id"":1456,""name"":""A. Maitland-Niles"",""number"":98,""pos"":""D""},{""id"":68,""name"":""Clinton Mata"",""number"":22,""pos"":""D""},{""id"":25916,""name"":""M. Niakhaté"",""number"":19,""pos"":""D""},{""id"":529,""name"":""N. Tagliafico"",""number"":3,""pos"":""D""},{""id"":902,""name"":""N. Matić"",""number"":31,""pos"":""M""},{""id"":350856,""name"":""E. Nuamah"",""number"":37,""pos"":""M""},{""id"":30409,""name"":""J. Veretout"",""number"":7,""pos"":""M""},{""id"":519,""name"":""C. Tolisso"",""number"":8,""pos"":""M""},{""id"":156477,""name"":""R. Cherki"",""number"":18,""pos"":""M""},{""id"":180496,""name"":""G. Mikautadze"",""number"":69,""pos"":""F""}]","[{""id"":1467,""name"":""A. Lacazette"",""number"":10,""pos"":""F""},{""id"":361348,""name"":""M. Fofana"",""number"":11,""pos"":""F""},{""id"":19361,""name"":""S. Benrahma"",""number"":17,""pos"":""F""},{""id"":1902,""name"":""D. Ćaleta-Car"",""number"":55,""pos"":""D""},{""id"":20762,""name"":""R. Descamps"",""number"":40,""pos"":""G""},{""id"":80752,""name"":""T. Tessmann"",""number"":15,""pos"":""M""},{""id"":9700,""name"":""Abner"",""number"":16,""pos"":""D""},{""id"":659,""name"":""M. Caqueret"",""number"":6,""pos"":""M""},{""id"":162265,""name"":""W. Omari"",""number"":27,""pos"":""D""}]"
1213882,91,Monaco,True,4-2-3-1,A. Hütter,11,9,"[{""id"":7313,""name"":""P. Köhn"",""number"":16,""pos"":""G""},{""id"":30504,""name"":""W. Singo"",""number"":17,""pos"":""D""},{""id"":261,""name"":""T. Kehrer"",""number"":5,""pos"":""D""},{""id"":47480,""name"":""M. Salisu"",""number"":22,""pos"":""D""},{""id"":291649,""name"":""Vanderson"",""number"":2,""pos"":""D""},{""id"":326176,""name"":""S. Magassa"",""number"":88,""pos"":""M""},{""id"":374058,""name"":""L. Camara"",""number"":15,""pos"":""M""},{""id"":274300,""name"":""M. Akliouche"",""number"":11,""pos"":""M""},{""id"":343320,""name"":""E. Ben Seghir"",""number"":7,""pos"":""M""},{""id"":109,""name"":""A. Golovin"",""number"":10,""pos"":""M""},{""id"":421,""name"":""B. Embolo"",""number"":36,""pos"":""F""}]","[{""id"":1101,""name"":""T. Minamino"",""number"":18,""pos"":""M""},{""id"":162991,""name"":""E. Matazo"",""number"":8,""pos"":""M""},{""id"":395040,""name"":""G. Ilenikhena"",""number"":21,""pos"":""F""},{""id"":412711,""name"":""S. Bouabré"",""number"":42,""pos"":""M""},{""id"":10316,""name"":""Caio Henrique"",""number"":12,""pos"":""D""},{""id"":274296,""name"":""Y. Lienard"",""number"":50,""pos"":""G""},{""id"":399893,""name"":""B. Kiwa"",""number"":46,""pos"":""D""},{""id"":343319,""name"":""L. Michal"",""number"":41,""pos"":""F""},{""id"":333137,""name"":""K. Ouattara"",""number"":20,""pos"":""D""}]"
1213882,85,Paris Saint Germain,False,4-3-3,Luis Enrique,11,9,"[{""id"":1622,""name"":""G. Donnarumma"",""number"":1,""pos"":""G""},{""id"":9,""name"":""A. Hakimi"",""number"":2,""pos"":""D""},{""id"":257,""name"":""Marquinhos"",""number"":5,""pos"":""D""},{""id"":16367,""name"":""W. Pacho"",""number"":51,""pos"":""D""},{""id"":335051,""name"":""João Neves"",""number"":87,""pos"":""D""},{""id"":336657,""name"":""W. Zaïre-Emery"",""number"":33,""pos"":""M""},{""id"":128384,""name"":""Vitinha"",""number"":17,""pos"":""M""},{""id"":328,""name"":""Fabián Ruiz"",""number"":8,""pos"":""M""},{""id"":153,""name"":""O. Dembélé"",""number"":10,""pos"":""F""},{""id"":343027,""name"":""D. Doué"",""number"":14,""pos"":""F""},{""id"":161904,""name"":""B. Barcola"",""number"":29,""pos"":""F""}]","[{""id"":2068,""name"":""M. Safonov"",""number"":39,""pos"":""G""},{""id"":927,""name"":""Lee Kang-In"",""number"":19,""pos"":""M""},{""id"":33,""name"":""L. Hernández"",""number"":21,""pos"":""D""},{""id"":41585,""name"":""Gonçalo Ramos"",""number"":9,""pos"":""F""},{""id"":746,""name"":""Marco Asensio"",""number"":11,""pos"":""F""},{""id"":409216,""name"":""S. Mayulu"",""number"":24,""pos"":""M""},{""id"":307835,""name"":""Beraldo"",""number"":35,""pos"":""D""},{""id"":198,""name"":""M. Škriniar"",""number"":37,""pos"":""D""},{""id"":386285,""name"":""Y. Zague"",""number"":42,""pos"":""D""}]"
1213890,84,Nice,True,4-2-3-1,F. Haise,11,9,"[{""id"":2274,""name"":""M. Bułka"",""number"":1,""pos"":""G""},{""id"":313937,""name"":""A. Mendy"",""number"":33,""pos"":""D""},{""id"":3099,""name"":""Y. Ndayishimiye"",""number"":55,""pos"":""D""},{""id"":196343,""name"":""Mohamed Abdelmonem"",""number"":5,""pos"":""D""},{""id"":162465,""name"":""M. Bard"",""number"":26,""pos"":""D""},{""id"":4399,""name"":""H. Boudaoui"",""number"":6,""pos"":""M""},{""id"":662,""name"":""T. Ndombélé"",""number"":22,""pos"":""M""},{""id"":137303,""name"":""E. Guessand"",""number"":29,""pos"":""M""},{""id"":334879,""name"":""B. Bouanani"",""number"":19,""pos"":""M""},{""id"":107,""name"":""S. Diop"",""number"":10,""pos"":""M""},{""id"":21592,""name"":""G. Laborde"",""number"":24,""pos"":""F""}]","[{""id"":240,""name"":""P. Rosario"",""number"":8,""pos"":""M""},{""id"":274312,""name"":""M. Cho"",""number"":25,""pos"":""F""},{""id"":161919,""name"":""Y. Moukoko"",""number"":15,""pos"":""F""},{""id"":22163,""name"":""Dante"",""number"":4,""pos"":""D""},{""id"":503702,""name"":""B. Nguene"",""number"":49,""pos"":""F""},{""id"":275053,""name"":""R. Ilie"",""number"":18,""pos"":""M""},{""id"":437498,""name"":""A. Doumbouya"",""number"":44,""pos"":""D""},{""id"":21079,""name"":""M. Dupé"",""number"":31,""pos"":""G""},{""id"":444561,""name"":""I. Camara"",""number"":36,""pos"":""M""}]"
1213890,94,Rennes,False,3-4-2-1,J. Sampaoli,11,9,"[{""id"":1897,""name"":""S. Mandanda"",""number"":30,""pos"":""G""},{""id"":30423,""name"":""H. Hateboer"",""number"":33,""pos"":""D""},{""id"":18967,""name"":""L. Østigård"",""number"":55,""pos"":""D""},{""id"":237249,""name"":""M. Faye"",""number"":15,""pos"":""D""},{""id"":180731,""name"":""L. Assignon"",""number"":22,""pos"":""M""},{""id"":328074,""name"":""J. James"",""number"":17,""pos"":""M""},{""id"":37236,""name"":""A. Matusiwa"",""number"":6,""pos"":""M""},{""id"":162267,""name"":""A. Truffert"",""number"":3,""pos"":""M""},{""id"":21497,""name"":""L. Blas"",""number"":11,""pos"":""F""},{""id"":263177,""name"":""A. Grønbæk"",""number"":7,""pos"":""F""},{""id"":147831,""name"":""A. Kalimuendo"",""number"":9,""pos"":""F""}]","[{""id"":85041,""name"":""A. Gouiri"",""number"":10,""pos"":""F""},{""id"":30807,""name"":""S. Fofana"",""number"":75,""pos"":""M""},{""id"":345748,""name"":""C. Gómez"",""number"":20,""pos"":""F""},{""id"":1754,""name"":""G. Kamara"",""number"":28,""pos"":""M""},{""id"":20916,""name"":""C. Wooh"",""number"":4,""pos"":""D""},{""id"":21153,""name"":""B. Santamaría"",""number"":8,""pos"":""M""},{""id"":438281,""name"":""A. Nagida"",""number"":18,""pos"":""D""},{""id"":20706,""name"":""G. Gallon"",""number"":23,""pos"":""G""},{""id"":581,""name"":""Jota"",""number"":27,""pos"":""F""}]"
1213885,1063,Saint Etienne,True,4-3-3,E. Horneland,11,9,"[{""id"":20541,""name"":""G. Larsonneur"",""number"":30,""pos"":""G""},{""id"":1407,""name"":""D. Appiah"",""number"":8,""pos"":""D""},{""id"":8445,""name"":""D. Batubinsika"",""number"":21,""pos"":""D""},{""id"":22087,""name"":""M. Nadé"",""number"":3,""pos"":""D""},{""id"":157146,""name"":""L. Pétrot"",""number"":19,""pos"":""D""},{""id"":274355,""name"":""B. Bouchouari"",""number"":6,""pos"":""M""},{""id"":278232,""name"":""P. Ekwah"",""number"":4,""pos"":""M""},{""id"":289555,""name"":""L. Mouton"",""number"":14,""pos"":""M""},{""id"":337426,""name"":""A. Boakye"",""number"":20,""pos"":""F""},{""id"":322560,""name"":""L. Stassin"",""number"":32,""pos"":""F""},{""id"":22003,""name"":""M. Cafaro"",""number"":18,""pos"":""F""}]","[{""id"":363053,""name"":""I. Miladinović"",""number"":28,""pos"":""M""},{""id"":174801,""name"":""A. Moueffek"",""number"":29,""pos"":""M""},{""id"":489911,""name"":""D. N´Guessan"",""number"":63,""pos"":""F""},{""id"":8624,""name"":""F. Tardieu"",""number"":10,""pos"":""M""},{""id"":20861,""name"":""L. Fomba"",""number"":26,""pos"":""M""},{""id"":21438,""name"":""A. Briançon"",""number"":23,""pos"":""D""},{""id"":20736,""name"":""B. Maubleu"",""number"":1,""pos"":""G""},{""id"":107199,""name"":""P. Cornud"",""number"":17,""pos"":""D""},{""id"":452315,""name"":""K. Pedro"",""number"":45,""pos"":""D""}]"
1213885,93,Reims,False,4-3-3,L. Elsner,11,9,"[{""id"":20566,""name"":""Y. Diouf"",""number"":94,""pos"":""G""},{""id"":8451,""name"":""Aurélio Buta"",""number"":23,""pos"":""D""},{""id"":19546,""name"":""C. Kipré"",""number"":21,""pos"":""D""},{""id"":8474,""name"":""T. De Smet"",""number"":25,""pos"":""D""},{""id"":47530,""name"":""Sergio Akieme"",""number"":18,""pos"":""D""},{""id"":343351,""name"":""V. Atangana Edoa"",""number"":6,""pos"":""M""},{""id"":437482,""name"":""Amadou Koné"",""number"":72,""pos"":""M""},{""id"":3080,""name"":""M. Munetsi"",""number"":15,""pos"":""M""},{""id"":1942,""name"":""J. Ito"",""number"":7,""pos"":""F""},{""id"":334429,""name"":""O. Diakité"",""number"":22,""pos"":""F""},{""id"":33321,""name"":""K. Nakamura"",""number"":17,""pos"":""F""}]","[{""id"":352990,""name"":""A. Salama"",""number"":11,""pos"":""F""},{""id"":8966,""name"":""T. Teuma"",""number"":10,""pos"":""M""},{""id"":71545,""name"":""J. Okumu"",""number"":2,""pos"":""D""},{""id"":386481,""name"":""M. Diakhon"",""number"":67,""pos"":""F""},{""id"":389322,""name"":""N. Sangui"",""number"":55,""pos"":""D""},{""id"":437483,""name"":""M. Bamba"",""number"":63,""pos"":""M""},{""id"":494535,""name"":""H. Ibrahim"",""number"":85,""pos"":""F""},{""id"":415089,""name"":""Gabriel Moscardo"",""number"":19,""pos"":""M""},{""id"":21080,""name"":""A. Olliero"",""number"":20,""pos"":""G""}]"
1213887,79,Lille,True,4-2-3-1,B. Génésio,11,9,"[{""id"":162453,""name"":""L. Chevalier"",""number"":30,""pos"":""G""},{""id"":1567,""name"":""A. Mandi"",""number"":2,""pos"":""D""},{""id"":22136,""name"":""B. Diakité"",""number"":18,""pos"":""D""},{""id"":142691,""name"":""Alexsandro Ribeiro"",""number"":4,""pos"":""D""},{""id"":47969,""name"":""G. Gudmundsson"",""number"":5,""pos"":""D""},{""id"":2204,""name"":""B. André"",""number"":21,""pos"":""M""},{""id"":375598,""name"":""N. Mukau"",""number"":17,""pos"":""M""},{""id"":340077,""name"":""M. Fernandez-Pardo"",""number"":19,""pos"":null},{""id"":67889,""name"":""H. Haraldsson"",""number"":7,""pos"":""M""},{""id"":22093,""name"":""R. Cabella"",""number"":10,""pos"":""M""},{""id"":8489,""name"":""J. David"",""number"":9,""pos"":""F""}]","[{""id"":99576,""name"":""O. Sahraoui"",""number"":11,""pos"":""F""},{""id"":679,""name"":""Ismaily"",""number"":31,""pos"":""D""},{""id"":18765,""name"":""André Gomes"",""number"":26,""pos"":""M""},{""id"":264,""name"":""T. Meunier"",""number"":12,""pos"":""D""},{""id"":51146,""name"":""V. Mannone"",""number"":1,""pos"":""G""},{""id"":351888,""name"":""O. Touré"",""number"":36,""pos"":""D""},{""id"":896,""name"":""A. Gomes"",""number"":8,""pos"":""M""},{""id"":438688,""name"":""A. Bouaddi"",""number"":32,""pos"":""M""},{""id"":349947,""name"":""A. Malouda"",""number"":34,""pos"":""F""}]"
1213887,83,Nantes,False,4-1-4-1,A. Kombouare,11,9,"[{""id"":647,""name"":""Anthony Lopes"",""number"":16,""pos"":""G""},{""id"":22134,""name"":""K. Amian"",""number"":98,""pos"":""D""},{""id"":20545,""name"":""J. Castelletto"",""number"":21,""pos"":""D""},{""id"":343359,""name"":""N. Zézé"",""number"":44,""pos"":""D""},{""id"":21570,""name"":""N. Cozza"",""number"":3,""pos"":""D""},{""id"":93671,""name"":""Pedro Chirivella"",""number"":5,""pos"":""M""},{""id"":18599,""name"":""S. Thomas"",""number"":22,""pos"":""M""},{""id"":193952,""name"":""J. Lepenant"",""number"":8,""pos"":""M""},{""id"":10036,""name"":""Douglas Augusto"",""number"":6,""pos"":""M""},{""id"":22177,""name"":""I. Ganago"",""number"":7,""pos"":""M""},{""id"":161622,""name"":""M. Abline"",""number"":39,""pos"":""F""}]","[{""id"":2668,""name"":""Mostafa Mohamed"",""number"":31,""pos"":""F""},{""id"":21498,""name"":""M. Coco"",""number"":11,""pos"":""F""},{""id"":21088,""name"":""N. Pallois"",""number"":4,""pos"":""D""},{""id"":3240,""name"":""J. Gbamin"",""number"":17,""pos"":""M""},{""id"":20655,""name"":""J. Duverne"",""number"":2,""pos"":""D""},{""id"":443676,""name"":""H. Guirassy"",""number"":62,""pos"":""F""},{""id"":21582,""name"":""F. Mollet"",""number"":25,""pos"":""M""},{""id"":15684,""name"":""P. Carlgren"",""number"":30,""pos"":""G""},{""id"":388779,""name"":""D. Assoumani"",""number"":59,""pos"":""M""}]"
1213883,80,Lyon,True,4-3-3,P. Sage,11,9,"[{""id"":80296,""name"":""Lucas Perri"",""number"":23,""pos"":""G""},{""id"":1456,""name"":""A. Maitland-Niles"",""number"":98,""pos"":""D""},{""id"":68,""name"":""Clinton Mata"",""number"":22,""pos"":""D""},{""id"":1902,""name"":""D. Ćaleta-Car"",""number"":55,""pos"":""D""},{""id"":9700,""name"":""Abner"",""number"":16,""pos"":""D""},{""id"":30409,""name"":""J. Veretout"",""number"":7,""pos"":""M""},{""id"":902,""name"":""N. Matić"",""number"":31,""pos"":""M""},{""id"":19361,""name"":""S. Benrahma"",""number"":17,""pos"":""M""},{""id"":350856,""name"":""E. Nuamah"",""number"":37,""pos"":""F""},{""id"":1467,""name"":""A. Lacazette"",""number"":10,""pos"":""F""},{""id"":361348,""name"":""M. Fofana"",""number"":11,""pos"":""F""}]","[{""id"":25916,""name"":""M. Niakhaté"",""number"":19,""pos"":""D""},{""id"":156477,""name"":""R. Cherki"",""number"":18,""pos"":""M""},{""id"":519,""name"":""C. Tolisso"",""number"":8,""pos"":""M""},{""id"":80752,""name"":""T. Tessmann"",""number"":15,""pos"":""M""},{""id"":180496,""name"":""G. Mikautadze"",""number"":69,""pos"":""F""},{""id"":20762,""name"":""R. Descamps"",""number"":40,""pos"":""G""},{""id"":334914,""name"":""S. Kumbedi"",""number"":20,""pos"":""D""},{""id"":471106,""name"":""E. Molébé"",""number"":29,""pos"":""F""},{""id"":162265,""name"":""W. Omari"",""number"":27,""pos"":""D""}]"
1213883,82,Montpellier,False,3-4-2-1,J. Gasset,11,9,"[{""id"":21566,""name"":""B. Lecomte"",""number"":40,""pos"":""G""},{""id"":320,""name"":""N. Maksimović"",""number"":52,""pos"":""D""},{""id"":999,""name"":""B. Omeragić"",""number"":27,""pos"":""D""},{""id"":20661,""name"":""M. Sagnan"",""number"":5,""pos"":""D""},{""id"":179399,""name"":""E. Tchato"",""number"":29,""pos"":""M""},{""id"":21439,""name"":""J. Ferri"",""number"":12,""pos"":""M""},{""id"":387120,""name"":""R. Nzingoula"",""number"":19,""pos"":""M""},{""id"":22141,""name"":""I. Sylla"",""number"":3,""pos"":""M""},{""id"":15286,""name"":""Mousa Al Ta'mari"",""number"":9,""pos"":""F""},{""id"":21443,""name"":""T. Savanier"",""number"":11,""pos"":""F""},{""id"":57446,""name"":""A. Adams"",""number"":8,""pos"":""F""}]","[{""id"":326088,""name"":""K. Fayad"",""number"":22,""pos"":""M""},{""id"":22102,""name"":""W. Khazri"",""number"":10,""pos"":""F""},{""id"":342228,""name"":""S. Džodić"",""number"":45,""pos"":""M""},{""id"":395760,""name"":""Y. Issoufou"",""number"":39,""pos"":""F""},{""id"":21434,""name"":""T. Sainte-Luce"",""number"":17,""pos"":""D""},{""id"":21565,""name"":""D. Bertaud"",""number"":16,""pos"":""G""},{""id"":355076,""name"":""A. Gueguin"",""number"":38,""pos"":""F""},{""id"":350388,""name"":""Y. Mouanga"",""number"":47,""pos"":""D""},{""id"":369676,""name"":""T. Chennahi"",""number"":44,""pos"":""M""}]"
1213886,77,Angers,True,4-2-3-1,A. Dujeux,11,9,"[{""id"":64190,""name"":""Y. Fofana"",""number"":30,""pos"":""G""},{""id"":20850,""name"":""C. Arcus"",""number"":2,""pos"":""D""},{""id"":385569,""name"":""E. Biumla"",""number"":24,""pos"":""D""},{""id"":21381,""name"":""J. Lefort"",""number"":21,""pos"":""D""},{""id"":41146,""name"":""F. Hanin"",""number"":26,""pos"":""D""},{""id"":103,""name"":""J. Aholou"",""number"":6,""pos"":""M""},{""id"":20554,""name"":""H. Belkebla"",""number"":93,""pos"":""M""},{""id"":21618,""name"":""J. Allevinah"",""number"":18,""pos"":""M""},{""id"":20692,""name"":""H. Abdelli"",""number"":10,""pos"":""M""},{""id"":3177,""name"":""F. El Melali"",""number"":28,""pos"":""M""},{""id"":163004,""name"":""E. Lepaul"",""number"":19,""pos"":""F""}]","[{""id"":3175,""name"":""Z. Ferhat"",""number"":20,""pos"":""M""},{""id"":21145,""name"":""P. Capelle"",""number"":15,""pos"":""M""},{""id"":174660,""name"":""L. Raolisoa"",""number"":27,""pos"":""D""},{""id"":20537,""name"":""I. Niane"",""number"":7,""pos"":""F""},{""id"":174973,""name"":""M. Zinga"",""number"":16,""pos"":""G""},{""id"":174708,""name"":""Y. Belkhdim"",""number"":14,""pos"":""M""},{""id"":284072,""name"":""B. Dieng"",""number"":99,""pos"":""F""},{""id"":343609,""name"":""J. Ekomié"",""number"":3,""pos"":""D""},{""id"":3234,""name"":""A. Bamba"",""number"":25,""pos"":""D""}]"
1213886,106,Stade Brestois 29,False,4-3-3,E. Roy,11,9,"[{""id"":36878,""name"":""M. Bizot"",""number"":40,""pos"":""G""},{""id"":22247,""name"":""K. Lala"",""number"":7,""pos"":""D""},{""id"":20546,""name"":""B. Chardonnet"",""number"":5,""pos"":""D""},{""id"":203483,""name"":""A. Ndiaye"",""number"":3,""pos"":""D""},{""id"":3333,""name"":""M. Haïdara"",""number"":22,""pos"":""D""},{""id"":24147,""name"":""M. Camara"",""number"":45,""pos"":""M""},{""id"":30405,""name"":""E. Fernandes"",""number"":6,""pos"":""M""},{""id"":20558,""name"":""H. Magnetti"",""number"":8,""pos"":""M""},{""id"":2214,""name"":""R. Del Castillo"",""number"":10,""pos"":""F""},{""id"":22264,""name"":""L. Ajorque"",""number"":19,""pos"":""F""},{""id"":277191,""name"":""A. Sima"",""number"":17,""pos"":""F""}]","[{""id"":326068,""name"":""K. Doumbia"",""number"":9,""pos"":""M""},{""id"":41323,""name"":""Mama Baldé"",""number"":14,""pos"":""F""},{""id"":84082,""name"":""R. Faivre"",""number"":21,""pos"":""M""},{""id"":375000,""name"":""I. Salah"",""number"":34,""pos"":""F""},{""id"":20780,""name"":""Mathias Pereira Lage"",""number"":26,""pos"":""M""},{""id"":21248,""name"":""G. Coudert"",""number"":30,""pos"":""G""},{""id"":422595,""name"":""L. Zogbé"",""number"":12,""pos"":""D""},{""id"":1901,""name"":""J. Amavi"",""number"":23,""pos"":""D""},{""id"":329209,""name"":""A. Camblan"",""number"":11,""pos"":""M""}]"
1213889,95,Strasbourg,True,4-4-2,L. Rosenior,11,9,"[{""id"":118307,""name"":""Đ. Petrović"",""number"":1,""pos"":""G""},{""id"":161747,""name"":""G. Doué"",""number"":22,""pos"":""D""},{""id"":276184,""name"":""M. Sarr"",""number"":23,""pos"":""D""},{""id"":271542,""name"":""I. Doukouré"",""number"":29,""pos"":""D""},{""id"":335056,""name"":""Diego Moreira"",""number"":7,""pos"":""D""},{""id"":129695,""name"":""D. Bakwa"",""number"":26,""pos"":""M""},{""id"":327631,""name"":""H. Diarra"",""number"":19,""pos"":""M""},{""id"":305834,""name"":""Andrey Santos"",""number"":8,""pos"":""M""},{""id"":226803,""name"":""S. Nanasi"",""number"":15,""pos"":""M""},{""id"":190686,""name"":""S. Mara"",""number"":14,""pos"":""F""},{""id"":203762,""name"":""E. Emegha"",""number"":10,""pos"":""F""}]","[{""id"":325594,""name"":""F. Lemaréchal"",""number"":6,""pos"":""M""},{""id"":2259,""name"":""E. Sobol"",""number"":77,""pos"":""D""},{""id"":438752,""name"":""P. Diong"",""number"":17,""pos"":""M""},{""id"":364810,""name"":""A. Sylla"",""number"":5,""pos"":""D""},{""id"":369885,""name"":""J. Sebas"",""number"":40,""pos"":""F""},{""id"":2850,""name"":""K. Johnsson"",""number"":30,""pos"":""G""},{""id"":274328,""name"":""S. Sow"",""number"":4,""pos"":""D""},{""id"":415431,""name"":""S. El Mourabet"",""number"":39,""pos"":""M""},{""id"":191240,""name"":""M. Senaya"",""number"":28,""pos"":""D""}]"
1213889,108,Auxerre,False,3-4-3,C. Pélissier,11,9,"[{""id"":193681,""name"":""T. De Percin"",""number"":40,""pos"":""G""},{""id"":162466,""name"":""S. Diomandé"",""number"":20,""pos"":""D""},{""id"":41300,""name"":""Jubal"",""number"":4,""pos"":""D""},{""id"":191189,""name"":""C. Akpa"",""number"":92,""pos"":""D""},{""id"":285,""name"":""K. Hoever"",""number"":23,""pos"":""M""},{""id"":21010,""name"":""E. Owusu"",""number"":42,""pos"":""M""},{""id"":30748,""name"":""A. Dioussé"",""number"":18,""pos"":""M""},{""id"":7578,""name"":""G. Mensah"",""number"":14,""pos"":""M""},{""id"":20732,""name"":""G. Perrin"",""number"":10,""pos"":""F""},{""id"":90617,""name"":""L. Sinayoko"",""number"":17,""pos"":""F""},{""id"":31057,""name"":""H. Traoré"",""number"":25,""pos"":""F""}]","[{""id"":32940,""name"":""A. Onaiwu"",""number"":45,""pos"":""F""},{""id"":191392,""name"":""P. Joly"",""number"":26,""pos"":""D""},{""id"":51293,""name"":""T. Bair"",""number"":9,""pos"":""F""},{""id"":490095,""name"":""A. Zossou"",""number"":77,""pos"":""M""},{""id"":326150,""name"":""Y. Cisse"",""number"":15,""pos"":""M""},{""id"":382252,""name"":""Madiou Keïta"",""number"":31,""pos"":""D""},{""id"":20782,""name"":""F. Ayé"",""number"":19,""pos"":""F""},{""id"":275368,""name"":""T. Negrel"",""number"":30,""pos"":""G""},{""id"":129671,""name"":""S. Agouzoul"",""number"":6,""pos"":""D""}]"
1213884,116,Lens,True,4-2-3-1,W. Still,11,9,"[{""id"":22220,""name"":""H. Koffi"",""number"":16,""pos"":""G""},{""id"":3007,""name"":""P. Frankowski"",""number"":29,""pos"":""D""},{""id"":25287,""name"":""K. Danso"",""number"":4,""pos"":""D""},{""id"":22166,""name"":""M. Sarr"",""number"":20,""pos"":""D""},{""id"":2483,""name"":""D. Machado"",""number"":3,""pos"":""D""},{""id"":22261,""name"":""A. Thomasson"",""number"":28,""pos"":""M""},{""id"":270509,""name"":""A. Diouf"",""number"":18,""pos"":""M""},{""id"":20761,""name"":""F. Sotoca"",""number"":7,""pos"":""M""},{""id"":21146,""name"":""A. Fulgini"",""number"":11,""pos"":""M""},{""id"":129169,""name"":""A. Zaroury"",""number"":21,""pos"":""M""},{""id"":31318,""name"":""M'Bala Nzola"",""number"":8,""pos"":""F""}]","[{""id"":174607,""name"":""David Pereira da Costa"",""number"":10,""pos"":""M""},{""id"":237191,""name"":""J. Chávez"",""number"":13,""pos"":""D""},{""id"":237232,""name"":""H. Ojediran"",""number"":15,""pos"":""M""},{""id"":437133,""name"":""G. Capuano"",""number"":33,""pos"":""F""},{""id"":439815,""name"":""K. Diliwidi"",""number"":39,""pos"":""F""},{""id"":18785,""name"":""N. Mendy"",""number"":26,""pos"":""M""},{""id"":326976,""name"":""T. Pouilly"",""number"":34,""pos"":""M""},{""id"":21635,""name"":""J. Gradit"",""number"":24,""pos"":""D""},{""id"":21484,""name"":""D. Petrić"",""number"":1,""pos"":""G""}]"
1213884,96,Toulouse,False,3-4-2-1,Carles Martínez,11,9,"[{""id"":325346,""name"":""G. Restes"",""number"":50,""pos"":""G""},{""id"":102,""name"":""D. Sidibé"",""number"":19,""pos"":""D""},{""id"":278392,""name"":""C. Cresswell"",""number"":4,""pos"":""D""},{""id"":50735,""name"":""M. McKenzie"",""number"":3,""pos"":""D""},{""id"":39115,""name"":""A. Dønnum"",""number"":15,""pos"":""M""},{""id"":412759,""name"":""J. Canvot"",""number"":29,""pos"":""M""},{""id"":50956,""name"":""C. Cásseres"",""number"":23,""pos"":""M""},{""id"":11421,""name"":""G. Suazo"",""number"":17,""pos"":""M""},{""id"":243,""name"":""Z. Aboukhlal"",""number"":7,""pos"":""F""},{""id"":84128,""name"":""Y. Gboho"",""number"":10,""pos"":""F""},{""id"":18881,""name"":""J. King"",""number"":13,""pos"":""F""}]","[{""id"":174724,""name"":""F. Magri"",""number"":9,""pos"":""F""},{""id"":328648,""name"":""S. Babicka"",""number"":80,""pos"":""F""},{""id"":36928,""name"":""D. Genreau"",""number"":5,""pos"":""M""},{""id"":264383,""name"":""W. Kamanzi"",""number"":12,""pos"":""D""},{""id"":334952,""name"":""R. Messali"",""number"":22,""pos"":""M""},{""id"":430816,""name"":""N. Edjouma"",""number"":31,""pos"":""F""},{""id"":367637,""name"":""Ü. Akdağ"",""number"":6,""pos"":""D""},{""id"":1369,""name"":""M. Zajc"",""number"":21,""pos"":""M""},{""id"":47351,""name"":""Álex Domínguez"",""number"":30,""pos"":""G""}]"
1213888,81,Marseille,True,3-4-2-1,R. De Zerbi,11,9,"[{""id"":47296,""name"":""G. Rulli"",""number"":1,""pos"":""G""},{""id"":2973,""name"":""M. Murillo"",""number"":62,""pos"":""D""},{""id"":6,""name"":""L. Balerdi"",""number"":5,""pos"":""D""},{""id"":51295,""name"":""D. Cornelius"",""number"":13,""pos"":""D""},{""id"":10077,""name"":""Luis Henrique"",""number"":44,""pos"":""M""},{""id"":283216,""name"":""B. Nadir"",""number"":26,""pos"":""M""},{""id"":21102,""name"":""V. Rongier"",""number"":21,""pos"":""M""},{""id"":272460,""name"":""Q. Merlin"",""number"":3,""pos"":""M""},{""id"":897,""name"":""M. Greenwood"",""number"":10,""pos"":""F""},{""id"":272,""name"":""A. Rabiot"",""number"":25,""pos"":""F""},{""id"":19364,""name"":""N. Maupay"",""number"":8,""pos"":""F""}]","[{""id"":328046,""name"":""I. Koné"",""number"":51,""pos"":""M""},{""id"":162707,""name"":""E. Wahi"",""number"":9,""pos"":""F""},{""id"":943,""name"":""U. Garcia"",""number"":6,""pos"":""D""},{""id"":278095,""name"":""J. Rowe"",""number"":17,""pos"":""F""},{""id"":455245,""name"":""D. Bakola"",""number"":50,""pos"":""M""},{""id"":36827,""name"":""J. de Lange"",""number"":12,""pos"":""G""},{""id"":449158,""name"":""K. Abdallah"",""number"":48,""pos"":""F""},{""id"":126757,""name"":""L. Brassier"",""number"":20,""pos"":""D""},{""id"":322879,""name"":""R. Nyakossi"",""number"":46,""pos"":""D""}]"
1213888,111,Le Havre,False,3-5-2,D. Digard,11,9,"[{""id"":24011,""name"":""A. Desmas"",""number"":30,""pos"":""G""},{""id"":162067,""name"":""T. Pembélé"",""number"":32,""pos"":""D""},{""id"":162443,""name"":""É. Youté"",""number"":6,""pos"":""D""},{""id"":64255,""name"":""G. Lloris"",""number"":4,""pos"":""D""},{""id"":2336,""name"":""L. Nego"",""number"":7,""pos"":""M""},{""id"":1212,""name"":""D. Kuzyaev"",""number"":14,""pos"":""M""},{""id"":21103,""name"":""A. Touré"",""number"":94,""pos"":""M""},{""id"":174937,""name"":""Y. Kechta"",""number"":8,""pos"":""M""},{""id"":23637,""name"":""Y. Zouaoui"",""number"":18,""pos"":""M""},{""id"":386275,""name"":""I. Housni"",""number"":46,""pos"":""F""},{""id"":1370,""name"":""A. Ayew"",""number"":28,""pos"":""F""}]","[{""id"":289304,""name"":""A. Joujou"",""number"":21,""pos"":""F""},{""id"":128342,""name"":""R. Ndiaye"",""number"":19,""pos"":""M""},{""id"":339633,""name"":""E. Logbo"",""number"":20,""pos"":""F""},{""id"":24201,""name"":""A. Confais"",""number"":25,""pos"":""M""},{""id"":174927,""name"":""A. Sangante"",""number"":93,""pos"":""D""},{""id"":646,""name"":""M. Gorgelin"",""number"":1,""pos"":""G""},{""id"":20576,""name"":""Y. Salmier"",""number"":22,""pos"":""D""},{""id"":22266,""name"":""S. Grandsir"",""number"":29,""pos"":""F""},{""id"":395765,""name"":""I. Bouneb"",""number"":44,""pos"":""M""}]"
1213892,83,Nantes,True,4-1-4-1,A. Kombouare,11,9,"[{""id"":647,""name"":""Anthony Lopes"",""number"":16,""pos"":""G""},{""id"":22134,""name"":""K. Amian"",""number"":98,""pos"":""D""},{""id"":21088,""name"":""N. Pallois"",""number"":4,""pos"":""D""},{""id"":343359,""name"":""N. Zézé"",""number"":44,""pos"":""D""},{""id"":21570,""name"":""N. Cozza"",""number"":3,""pos"":""D""},{""id"":20545,""name"":""J. Castelletto"",""number"":21,""pos"":""M""},{""id"":18599,""name"":""S. Thomas"",""number"":22,""pos"":""M""},{""id"":193952,""name"":""J. Lepenant"",""number"":8,""pos"":""M""},{""id"":10036,""name"":""Douglas Augusto"",""number"":6,""pos"":""M""},{""id"":2781,""name"":""M. Simon"",""number"":27,""pos"":""M""},{""id"":161622,""name"":""M. Abline"",""number"":39,""pos"":""F""}]","[{""id"":3240,""name"":""J. Gbamin"",""number"":17,""pos"":""M""},{""id"":2668,""name"":""Mostafa Mohamed"",""number"":31,""pos"":""F""},{""id"":21582,""name"":""F. Mollet"",""number"":25,""pos"":""M""},{""id"":388779,""name"":""D. Assoumani"",""number"":59,""pos"":""M""},{""id"":15684,""name"":""P. Carlgren"",""number"":30,""pos"":""G""},{""id"":20655,""name"":""J. Duverne"",""number"":2,""pos"":""D""},{""id"":21498,""name"":""M. Coco"",""number"":11,""pos"":""F""},{""id"":443674,""name"":""L. Leroux"",""number"":66,""pos"":""M""},{""id"":443676,""name"":""H. Guirassy"",""number"":62,""pos"":""F""}]"
1213892,91,Monaco,False,3-4-2-1,A. Hütter,11,9,"[{""id"":7313,""name"":""P. Köhn"",""number"":16,""pos"":""G""},{""id"":30504,""name"":""W. Singo"",""number"":17,""pos"":""D""},{""id"":261,""name"":""T. Kehrer"",""number"":5,""pos"":""D""},{""id"":47480,""name"":""M. Salisu"",""number"":22,""pos"":""D""},{""id"":291649,""name"":""Vanderson"",""number"":2,""pos"":""M""},{""id"":374058,""name"":""L. Camara"",""number"":15,""pos"":""M""},{""id"":2810,""name"":""D. Zakaria"",""number"":6,""pos"":""M""},{""id"":333137,""name"":""K. Ouattara"",""number"":20,""pos"":""M""},{""id"":412711,""name"":""S. Bouabré"",""number"":42,""pos"":""F""},{""id"":343320,""name"":""E. Ben Seghir"",""number"":7,""pos"":""F""},{""id"":421,""name"":""B. Embolo"",""number"":36,""pos"":""F""}]","[{""id"":10316,""name"":""Caio Henrique"",""number"":12,""pos"":""D""},{""id"":343319,""name"":""L. Michal"",""number"":41,""pos"":""F""},{""id"":231,""name"":""J. Teze"",""number"":4,""pos"":""D""},{""id"":40384,""name"":""R. Majecki"",""number"":1,""pos"":""G""},{""id"":399893,""name"":""B. Kiwa"",""number"":46,""pos"":""D""},{""id"":374361,""name"":""E. Diop"",""number"":37,""pos"":""M""},{""id"":326176,""name"":""S. Magassa"",""number"":88,""pos"":""M""},{""id"":419035,""name"":""M. Coulibaly"",""number"":28,""pos"":""M""},{""id"":162991,""name"":""E. Matazo"",""number"":8,""pos"":""M""}]"
1213893,108,Auxerre,True,5-4-1,C. Pélissier,11,9,"[{""id"":193681,""name"":""T. De Percin"",""number"":40,""pos"":""G""},{""id"":191392,""name"":""P. Joly"",""number"":26,""pos"":""D""},{""id"":162466,""name"":""S. Diomandé"",""number"":20,""pos"":""D""},{""id"":41300,""name"":""Jubal"",""number"":4,""pos"":""D""},{""id"":191189,""name"":""C. Akpa"",""number"":92,""pos"":""D""},{""id"":7578,""name"":""G. Mensah"",""number"":14,""pos"":""D""},{""id"":20732,""name"":""G. Perrin"",""number"":10,""pos"":""M""},{""id"":21010,""name"":""E. Owusu"",""number"":42,""pos"":""M""},{""id"":30748,""name"":""A. Dioussé"",""number"":18,""pos"":""M""},{""id"":31057,""name"":""H. Traoré"",""number"":25,""pos"":""M""},{""id"":90617,""name"":""L. Sinayoko"",""number"":17,""pos"":""F""}]","[{""id"":110,""name"":""H. Massengo"",""number"":80,""pos"":""M""},{""id"":32940,""name"":""A. Onaiwu"",""number"":45,""pos"":""F""},{""id"":51293,""name"":""T. Bair"",""number"":9,""pos"":""F""},{""id"":20782,""name"":""F. Ayé"",""number"":19,""pos"":""F""},{""id"":275368,""name"":""T. Negrel"",""number"":30,""pos"":""G""},{""id"":20586,""name"":""R. Raveloson"",""number"":97,""pos"":""M""},{""id"":285,""name"":""K. Hoever"",""number"":23,""pos"":""D""},{""id"":382252,""name"":""Madiou Keïta"",""number"":31,""pos"":""D""},{""id"":129671,""name"":""S. Agouzoul"",""number"":6,""pos"":""D""}]"
1213893,79,Lille,False,4-2-3-1,B. Génésio,11,9,"[{""id"":162453,""name"":""L. Chevalier"",""number"":30,""pos"":""G""},{""id"":1567,""name"":""A. Mandi"",""number"":2,""pos"":""D""},{""id"":22136,""name"":""B. Diakité"",""number"":18,""pos"":""D""},{""id"":142691,""name"":""Alexsandro Ribeiro"",""number"":4,""pos"":""D""},{""id"":679,""name"":""Ismaily"",""number"":31,""pos"":""D""},{""id"":2204,""name"":""B. André"",""number"":21,""pos"":""M""},{""id"":18765,""name"":""André Gomes"",""number"":26,""pos"":""M""},{""id"":22093,""name"":""R. Cabella"",""number"":10,""pos"":""M""},{""id"":438688,""name"":""A. Bouaddi"",""number"":32,""pos"":""M""},{""id"":67889,""name"":""H. Haraldsson"",""number"":7,""pos"":""M""},{""id"":8489,""name"":""J. David"",""number"":9,""pos"":""F""}]","[{""id"":896,""name"":""A. Gomes"",""number"":8,""pos"":""M""},{""id"":47969,""name"":""G. Gudmundsson"",""number"":5,""pos"":""D""},{""id"":99576,""name"":""O. Sahraoui"",""number"":11,""pos"":""F""},{""id"":264,""name"":""T. Meunier"",""number"":12,""pos"":""D""},{""id"":24288,""name"":""M. Bayo"",""number"":27,""pos"":""F""},{""id"":375598,""name"":""N. Mukau"",""number"":17,""pos"":""M""},{""id"":530,""name"":""M. Bakker"",""number"":20,""pos"":""D""},{""id"":349947,""name"":""A. Malouda"",""number"":34,""pos"":""F""},{""id"":51146,""name"":""V. Mannone"",""number"":1,""pos"":""G""}]"
1213897,106,Stade Brestois 29,True,4-3-1-2,E. Roy,11,9,"[{""id"":36878,""name"":""M. Bizot"",""number"":40,""pos"":""G""},{""id"":22247,""name"":""K. Lala"",""number"":7,""pos"":""D""},{""id"":20546,""name"":""B. Chardonnet"",""number"":5,""pos"":""D""},{""id"":203483,""name"":""A. Ndiaye"",""number"":3,""pos"":""D""},{""id"":3333,""name"":""M. Haïdara"",""number"":22,""pos"":""D""},{""id"":24147,""name"":""M. Camara"",""number"":45,""pos"":""M""},{""id"":30405,""name"":""E. Fernandes"",""number"":6,""pos"":""M""},{""id"":20558,""name"":""H. Magnetti"",""number"":8,""pos"":""M""},{""id"":326068,""name"":""K. Doumbia"",""number"":9,""pos"":""M""},{""id"":22264,""name"":""L. Ajorque"",""number"":19,""pos"":""F""},{""id"":41323,""name"":""Mama Baldé"",""number"":14,""pos"":""F""}]","[{""id"":1901,""name"":""J. Amavi"",""number"":23,""pos"":""D""},{""id"":20780,""name"":""Mathias Pereira Lage"",""number"":26,""pos"":""M""},{""id"":2214,""name"":""R. Del Castillo"",""number"":10,""pos"":""M""},{""id"":277191,""name"":""A. Sima"",""number"":17,""pos"":""F""},{""id"":422595,""name"":""L. Zogbé"",""number"":12,""pos"":""D""},{""id"":84082,""name"":""R. Faivre"",""number"":21,""pos"":""M""},{""id"":375000,""name"":""I. Salah"",""number"":34,""pos"":""F""},{""id"":498791,""name"":""R. Le Guen"",""number"":33,""pos"":""D""},{""id"":21248,""name"":""G. Coudert"",""number"":30,""pos"":""G""}]"
1213897,80,Lyon,False,4-1-4-1,P. Sage,11,9,"[{""id"":80296,""name"":""Lucas Perri"",""number"":23,""pos"":""G""},{""id"":68,""name"":""Clinton Mata"",""number"":22,""pos"":""D""},{""id"":1902,""name"":""D. Ćaleta-Car"",""number"":55,""pos"":""D""},{""id"":25916,""name"":""M. Niakhaté"",""number"":19,""pos"":""D""},{""id"":529,""name"":""N. Tagliafico"",""number"":3,""pos"":""D""},{""id"":80752,""name"":""T. Tessmann"",""number"":15,""pos"":""M""},{""id"":156477,""name"":""R. Cherki"",""number"":18,""pos"":""M""},{""id"":30409,""name"":""J. Veretout"",""number"":7,""pos"":""M""},{""id"":519,""name"":""C. Tolisso"",""number"":8,""pos"":""M""},{""id"":361348,""name"":""M. Fofana"",""number"":11,""pos"":""M""},{""id"":1467,""name"":""A. Lacazette"",""number"":10,""pos"":""F""}]","[{""id"":9700,""name"":""Abner"",""number"":16,""pos"":""D""},{""id"":350856,""name"":""E. Nuamah"",""number"":37,""pos"":""F""},{""id"":1456,""name"":""A. Maitland-Niles"",""number"":98,""pos"":""M""},{""id"":180496,""name"":""G. Mikautadze"",""number"":69,""pos"":""F""},{""id"":19361,""name"":""S. Benrahma"",""number"":17,""pos"":""F""},{""id"":20762,""name"":""R. Descamps"",""number"":40,""pos"":""G""},{""id"":334914,""name"":""S. Kumbedi"",""number"":20,""pos"":""D""},{""id"":386284,""name"":""M. Diawara"",""number"":34,""pos"":""M""},{""id"":162265,""name"":""W. Omari"",""number"":27,""pos"":""D""}]"
1213894,93,Reims,True,4-2-3-1,L. Elsner,11,9,"[{""id"":20566,""name"":""Y. Diouf"",""number"":94,""pos"":""G""},{""id"":8451,""name"":""Aurélio Buta"",""number"":23,""pos"":""D""},{""id"":71545,""name"":""J. Okumu"",""number"":2,""pos"":""D""},{""id"":19546,""name"":""C. Kipré"",""number"":21,""pos"":""D""},{""id"":47530,""name"":""Sergio Akieme"",""number"":18,""pos"":""D""},{""id"":3080,""name"":""M. Munetsi"",""number"":15,""pos"":""M""},{""id"":343351,""name"":""V. Atangana Edoa"",""number"":6,""pos"":""M""},{""id"":1942,""name"":""J. Ito"",""number"":7,""pos"":""M""},{""id"":8966,""name"":""T. Teuma"",""number"":10,""pos"":""M""},{""id"":33321,""name"":""K. Nakamura"",""number"":17,""pos"":""M""},{""id"":334429,""name"":""O. Diakité"",""number"":22,""pos"":""F""}]","[{""id"":389322,""name"":""N. Sangui"",""number"":55,""pos"":""D""},{""id"":386481,""name"":""M. Diakhon"",""number"":67,""pos"":""F""},{""id"":8474,""name"":""T. De Smet"",""number"":25,""pos"":""D""},{""id"":442929,""name"":""Abdoul Koné"",""number"":92,""pos"":""D""},{""id"":437483,""name"":""M. Bamba"",""number"":63,""pos"":""M""},{""id"":394934,""name"":""I. Orazi"",""number"":73,""pos"":""F""},{""id"":21080,""name"":""A. Olliero"",""number"":20,""pos"":""G""},{""id"":352990,""name"":""A. Salama"",""number"":11,""pos"":""F""},{""id"":454432,""name"":""N. Sissoko"",""number"":74,""pos"":""F""}]"
1213894,84,Nice,False,4-2-3-1,F. Haise,11,9,"[{""id"":2274,""name"":""M. Bułka"",""number"":1,""pos"":""G""},{""id"":25008,""name"":""J. Clauss"",""number"":92,""pos"":""D""},{""id"":3099,""name"":""Y. Ndayishimiye"",""number"":55,""pos"":""D""},{""id"":22163,""name"":""Dante"",""number"":4,""pos"":""D""},{""id"":162465,""name"":""M. Bard"",""number"":26,""pos"":""D""},{""id"":4399,""name"":""H. Boudaoui"",""number"":6,""pos"":""M""},{""id"":662,""name"":""T. Ndombélé"",""number"":22,""pos"":""M""},{""id"":137303,""name"":""E. Guessand"",""number"":29,""pos"":""M""},{""id"":334879,""name"":""B. Bouanani"",""number"":19,""pos"":""M""},{""id"":107,""name"":""S. Diop"",""number"":10,""pos"":""M""},{""id"":21592,""name"":""G. Laborde"",""number"":24,""pos"":""F""}]","[{""id"":313937,""name"":""A. Mendy"",""number"":33,""pos"":""D""},{""id"":274312,""name"":""M. Cho"",""number"":25,""pos"":""F""},{""id"":49583,""name"":""A. Abdi"",""number"":2,""pos"":""D""},{""id"":193617,""name"":""T. Louchet"",""number"":20,""pos"":""M""},{""id"":161919,""name"":""Y. Moukoko"",""number"":15,""pos"":""F""},{""id"":503702,""name"":""B. Nguene"",""number"":49,""pos"":""F""},{""id"":21079,""name"":""M. Dupé"",""number"":31,""pos"":""G""},{""id"":196343,""name"":""Mohamed Abdelmonem"",""number"":5,""pos"":""D""},{""id"":444561,""name"":""I. Camara"",""number"":36,""pos"":""M""}]"
1213899,94,Rennes,True,3-4-2-1,J. Sampaoli,11,9,"[{""id"":21628,""name"":""B. Samba"",""number"":1,""pos"":""G""},{""id"":30423,""name"":""H. Hateboer"",""number"":33,""pos"":""D""},{""id"":18967,""name"":""L. Østigård"",""number"":55,""pos"":""D""},{""id"":20916,""name"":""C. Wooh"",""number"":4,""pos"":""D""},{""id"":180731,""name"":""L. Assignon"",""number"":22,""pos"":""M""},{""id"":328074,""name"":""J. James"",""number"":17,""pos"":""M""},{""id"":37236,""name"":""A. Matusiwa"",""number"":6,""pos"":""M""},{""id"":162267,""name"":""A. Truffert"",""number"":3,""pos"":""M""},{""id"":21497,""name"":""L. Blas"",""number"":11,""pos"":""F""},{""id"":85041,""name"":""A. Gouiri"",""number"":10,""pos"":""F""},{""id"":147831,""name"":""A. Kalimuendo"",""number"":9,""pos"":""F""}]","[{""id"":30807,""name"":""S. Fofana"",""number"":75,""pos"":""M""},{""id"":263177,""name"":""A. Grønbæk"",""number"":7,""pos"":""M""},{""id"":438281,""name"":""A. Nagida"",""number"":18,""pos"":""D""},{""id"":152418,""name"":""N. Ahamada"",""number"":32,""pos"":""M""},{""id"":417830,""name"":""A. Aït Boudlal"",""number"":48,""pos"":""D""},{""id"":1754,""name"":""G. Kamara"",""number"":28,""pos"":""M""},{""id"":21153,""name"":""B. Santamaría"",""number"":8,""pos"":""M""},{""id"":1897,""name"":""S. Mandanda"",""number"":30,""pos"":""G""},{""id"":237249,""name"":""M. Faye"",""number"":15,""pos"":""D""}]"
1213899,81,Marseille,False,3-4-2-1,R. De Zerbi,11,9,"[{""id"":47296,""name"":""G. Rulli"",""number"":1,""pos"":""G""},{""id"":2973,""name"":""M. Murillo"",""number"":62,""pos"":""D""},{""id"":6,""name"":""L. Balerdi"",""number"":5,""pos"":""D""},{""id"":51295,""name"":""D. Cornelius"",""number"":13,""pos"":""D""},{""id"":10077,""name"":""Luis Henrique"",""number"":44,""pos"":""M""},{""id"":2735,""name"":""P. Højbjerg"",""number"":23,""pos"":""M""},{""id"":21102,""name"":""V. Rongier"",""number"":21,""pos"":""M""},{""id"":272460,""name"":""Q. Merlin"",""number"":3,""pos"":""M""},{""id"":897,""name"":""M. Greenwood"",""number"":10,""pos"":""F""},{""id"":272,""name"":""A. Rabiot"",""number"":25,""pos"":""F""},{""id"":19364,""name"":""N. Maupay"",""number"":8,""pos"":""F""}]","[{""id"":943,""name"":""U. Garcia"",""number"":6,""pos"":""D""},{""id"":278095,""name"":""J. Rowe"",""number"":17,""pos"":""F""},{""id"":283216,""name"":""B. Nadir"",""number"":26,""pos"":""M""},{""id"":455245,""name"":""D. Bakola"",""number"":50,""pos"":""M""},{""id"":435482,""name"":""R. Vaz"",""number"":33,""pos"":""F""},{""id"":328046,""name"":""I. Koné"",""number"":51,""pos"":""M""},{""id"":193501,""name"":""B. Meïté"",""number"":18,""pos"":""M""},{""id"":36827,""name"":""J. de Lange"",""number"":12,""pos"":""G""},{""id"":126757,""name"":""L. Brassier"",""number"":20,""pos"":""D""}]"
1213895,111,Le Havre,True,4-4-1-1,D. Digard,11,9,"[{""id"":24011,""name"":""A. Desmas"",""number"":30,""pos"":""G""},{""id"":20576,""name"":""Y. Salmier"",""number"":22,""pos"":""D""},{""id"":162443,""name"":""É. Youté"",""number"":6,""pos"":""D""},{""id"":64255,""name"":""G. Lloris"",""number"":4,""pos"":""D""},{""id"":23637,""name"":""Y. Zouaoui"",""number"":18,""pos"":""D""},{""id"":2336,""name"":""L. Nego"",""number"":7,""pos"":""M""},{""id"":21103,""name"":""A. Touré"",""number"":94,""pos"":""M""},{""id"":128342,""name"":""R. Ndiaye"",""number"":19,""pos"":""M""},{""id"":289304,""name"":""A. Joujou"",""number"":21,""pos"":""M""},{""id"":15783,""name"":""E. Sabbi"",""number"":11,""pos"":""F""},{""id"":1370,""name"":""A. Ayew"",""number"":28,""pos"":""F""}]","[{""id"":284071,""name"":""O. Targhalline"",""number"":5,""pos"":""M""},{""id"":174915,""name"":""J. Casimir"",""number"":10,""pos"":""F""},{""id"":156465,""name"":""I. Soumaré"",""number"":45,""pos"":""F""},{""id"":174937,""name"":""Y. Kechta"",""number"":8,""pos"":""M""},{""id"":162067,""name"":""T. Pembélé"",""number"":32,""pos"":""D""},{""id"":174927,""name"":""A. Sangante"",""number"":93,""pos"":""D""},{""id"":646,""name"":""M. Gorgelin"",""number"":1,""pos"":""G""},{""id"":386275,""name"":""I. Housni"",""number"":46,""pos"":""F""},{""id"":24201,""name"":""A. Confais"",""number"":25,""pos"":""M""}]"
1213895,116,Lens,False,4-2-3-1,W. Still,11,9,"[{""id"":22220,""name"":""H. Koffi"",""number"":16,""pos"":""G""},{""id"":3007,""name"":""P. Frankowski"",""number"":29,""pos"":""D""},{""id"":25287,""name"":""K. Danso"",""number"":4,""pos"":""D""},{""id"":6231,""name"":""F. Medina"",""number"":14,""pos"":""D""},{""id"":2483,""name"":""D. Machado"",""number"":3,""pos"":""D""},{""id"":22261,""name"":""A. Thomasson"",""number"":28,""pos"":""M""},{""id"":270509,""name"":""A. Diouf"",""number"":18,""pos"":""M""},{""id"":20761,""name"":""F. Sotoca"",""number"":7,""pos"":""M""},{""id"":21146,""name"":""A. Fulgini"",""number"":11,""pos"":""M""},{""id"":129169,""name"":""A. Zaroury"",""number"":21,""pos"":""M""},{""id"":20817,""name"":""G. Koyalipou"",""number"":19,""pos"":""F""}]","[{""id"":237232,""name"":""H. Ojediran"",""number"":15,""pos"":""M""},{""id"":31318,""name"":""M'Bala Nzola"",""number"":8,""pos"":""F""},{""id"":21635,""name"":""J. Gradit"",""number"":24,""pos"":""D""},{""id"":22166,""name"":""M. Sarr"",""number"":20,""pos"":""D""},{""id"":326976,""name"":""T. Pouilly"",""number"":34,""pos"":""M""},{""id"":441262,""name"":""H. Boua Dié"",""number"":33,""pos"":""F""},{""id"":18785,""name"":""N. Mendy"",""number"":26,""pos"":""M""},{""id"":21484,""name"":""D. Petrić"",""number"":1,""pos"":""G""},{""id"":441256,""name"":""O. Lenne"",""number"":35,""pos"":""D""}]"
1213896,82,Montpellier,True,4-1-4-1,J. Gasset,11,9,"[{""id"":21566,""name"":""B. Lecomte"",""number"":40,""pos"":""G""},{""id"":179399,""name"":""E. Tchato"",""number"":29,""pos"":""D""},{""id"":999,""name"":""B. Omeragić"",""number"":27,""pos"":""D""},{""id"":20661,""name"":""M. Sagnan"",""number"":5,""pos"":""D""},{""id"":22141,""name"":""I. Sylla"",""number"":3,""pos"":""D""},{""id"":128287,""name"":""J. Chotard"",""number"":13,""pos"":""M""},{""id"":15286,""name"":""Mousa Al Ta'mari"",""number"":9,""pos"":""M""},{""id"":21439,""name"":""J. Ferri"",""number"":12,""pos"":""M""},{""id"":387120,""name"":""R. Nzingoula"",""number"":19,""pos"":""M""},{""id"":21443,""name"":""T. Savanier"",""number"":11,""pos"":""M""},{""id"":57446,""name"":""A. Adams"",""number"":8,""pos"":""F""}]","[{""id"":22097,""name"":""A. Nordin"",""number"":7,""pos"":""F""},{""id"":22102,""name"":""W. Khazri"",""number"":10,""pos"":""F""},{""id"":21434,""name"":""T. Sainte-Luce"",""number"":17,""pos"":""D""},{""id"":3335,""name"":""K. Kouyaté"",""number"":4,""pos"":""D""},{""id"":326088,""name"":""K. Fayad"",""number"":22,""pos"":""M""},{""id"":350388,""name"":""Y. Mouanga"",""number"":47,""pos"":""D""},{""id"":21565,""name"":""D. Bertaud"",""number"":16,""pos"":""G""},{""id"":395760,""name"":""Y. Issoufou"",""number"":39,""pos"":""F""},{""id"":369676,""name"":""T. Chennahi"",""number"":44,""pos"":""M""}]"
1213896,77,Angers,False,4-2-3-1,A. Dujeux,11,9,"[{""id"":64190,""name"":""Y. Fofana"",""number"":30,""pos"":""G""},{""id"":20850,""name"":""C. Arcus"",""number"":2,""pos"":""D""},{""id"":385569,""name"":""E. Biumla"",""number"":24,""pos"":""D""},{""id"":21381,""name"":""J. Lefort"",""number"":21,""pos"":""D""},{""id"":41146,""name"":""F. Hanin"",""number"":26,""pos"":""D""},{""id"":103,""name"":""J. Aholou"",""number"":6,""pos"":""M""},{""id"":20554,""name"":""H. Belkebla"",""number"":93,""pos"":""M""},{""id"":21618,""name"":""J. Allevinah"",""number"":18,""pos"":""M""},{""id"":20692,""name"":""H. Abdelli"",""number"":10,""pos"":""M""},{""id"":3177,""name"":""F. El Melali"",""number"":28,""pos"":""M""},{""id"":163004,""name"":""E. Lepaul"",""number"":19,""pos"":""F""}]","[{""id"":174660,""name"":""L. Raolisoa"",""number"":27,""pos"":""D""},{""id"":3175,""name"":""Z. Ferhat"",""number"":20,""pos"":""M""},{""id"":174708,""name"":""Y. Belkhdim"",""number"":14,""pos"":""M""},{""id"":20537,""name"":""I. Niane"",""number"":7,""pos"":""F""},{""id"":21145,""name"":""P. Capelle"",""number"":15,""pos"":""M""},{""id"":3234,""name"":""A. Bamba"",""number"":25,""pos"":""D""},{""id"":343609,""name"":""J. Ekomié"",""number"":3,""pos"":""D""},{""id"":174973,""name"":""M. Zinga"",""number"":16,""pos"":""G""},{""id"":284072,""name"":""B. Dieng"",""number"":99,""pos"":""F""}]"
1213891,96,Toulouse,True,3-4-2-1,Carles Martínez,11,9,"[{""id"":325346,""name"":""G. Restes"",""number"":50,""pos"":""G""},{""id"":50735,""name"":""M. McKenzie"",""number"":3,""pos"":""D""},{""id"":278392,""name"":""C. Cresswell"",""number"":4,""pos"":""D""},{""id"":367637,""name"":""Ü. Akdağ"",""number"":6,""pos"":""D""},{""id"":39115,""name"":""A. Dønnum"",""number"":15,""pos"":""M""},{""id"":412759,""name"":""J. Canvot"",""number"":29,""pos"":""M""},{""id"":50956,""name"":""C. Cásseres"",""number"":23,""pos"":""M""},{""id"":11421,""name"":""G. Suazo"",""number"":17,""pos"":""M""},{""id"":243,""name"":""Z. Aboukhlal"",""number"":7,""pos"":""F""},{""id"":84128,""name"":""Y. Gboho"",""number"":10,""pos"":""F""},{""id"":18881,""name"":""J. King"",""number"":13,""pos"":""F""}]","[{""id"":36928,""name"":""D. Genreau"",""number"":5,""pos"":""M""},{""id"":174724,""name"":""F. Magri"",""number"":9,""pos"":""F""},{""id"":328648,""name"":""S. Babicka"",""number"":80,""pos"":""F""},{""id"":1369,""name"":""M. Zajc"",""number"":21,""pos"":""M""},{""id"":430816,""name"":""N. Edjouma"",""number"":31,""pos"":""F""},{""id"":47351,""name"":""Álex Domínguez"",""number"":30,""pos"":""G""},{""id"":334952,""name"":""R. Messali"",""number"":22,""pos"":""M""},{""id"":366572,""name"":""E. Zuliani"",""number"":37,""pos"":""M""},{""id"":452697,""name"":""D. Methalie"",""number"":24,""pos"":""D""}]"
1213891,95,Strasbourg,False,4-4-1-1,L. Rosenior,11,9,"[{""id"":118307,""name"":""Đ. Petrović"",""number"":1,""pos"":""G""},{""id"":161747,""name"":""G. Doué"",""number"":22,""pos"":""D""},{""id"":276184,""name"":""M. Sarr"",""number"":23,""pos"":""D""},{""id"":271542,""name"":""I. Doukouré"",""number"":29,""pos"":""D""},{""id"":335056,""name"":""Diego Moreira"",""number"":7,""pos"":""D""},{""id"":129695,""name"":""D. Bakwa"",""number"":26,""pos"":""M""},{""id"":327631,""name"":""H. Diarra"",""number"":19,""pos"":""M""},{""id"":305834,""name"":""Andrey Santos"",""number"":8,""pos"":""M""},{""id"":226803,""name"":""S. Nanasi"",""number"":15,""pos"":""M""},{""id"":325594,""name"":""F. Lemaréchal"",""number"":6,""pos"":""F""},{""id"":203762,""name"":""E. Emegha"",""number"":10,""pos"":""F""}]","[{""id"":191240,""name"":""M. Senaya"",""number"":28,""pos"":""D""},{""id"":2259,""name"":""E. Sobol"",""number"":77,""pos"":""D""},{""id"":438752,""name"":""P. Diong"",""number"":17,""pos"":""M""},{""id"":364810,""name"":""A. Sylla"",""number"":5,""pos"":""D""},{""id"":415431,""name"":""S. El Mourabet"",""number"":39,""pos"":""M""},{""id"":369885,""name"":""J. Sebas"",""number"":40,""pos"":""F""},{""id"":274328,""name"":""S. Sow"",""number"":4,""pos"":""D""},{""id"":2850,""name"":""K. Johnsson"",""number"":30,""pos"":""G""},{""id"":282549,""name"":""J. Mwanga"",""number"":18,""pos"":""M""}]"
1213898,85,Paris Saint Germain,True,4-3-3,Luis Enrique,11,9,"[{""id"":1622,""name"":""G. Donnarumma"",""number"":1,""pos"":""G""},{""id"":9,""name"":""A. Hakimi"",""number"":2,""pos"":""D""},{""id"":307835,""name"":""Beraldo"",""number"":35,""pos"":""D""},{""id"":33,""name"":""L. Hernández"",""number"":21,""pos"":""D""},{""id"":263482,""name"":""Nuno Mendes"",""number"":25,""pos"":""D""},{""id"":927,""name"":""Lee Kang-In"",""number"":19,""pos"":""M""},{""id"":328,""name"":""Fabián Ruiz"",""number"":8,""pos"":""M""},{""id"":409216,""name"":""S. Mayulu"",""number"":24,""pos"":""M""},{""id"":153,""name"":""O. Dembélé"",""number"":10,""pos"":""F""},{""id"":41585,""name"":""Gonçalo Ramos"",""number"":9,""pos"":""F""},{""id"":161904,""name"":""B. Barcola"",""number"":29,""pos"":""F""}]","[{""id"":16367,""name"":""W. Pacho"",""number"":51,""pos"":""D""},{""id"":343027,""name"":""D. Doué"",""number"":14,""pos"":""F""},{""id"":128384,""name"":""Vitinha"",""number"":17,""pos"":""M""},{""id"":336657,""name"":""W. Zaïre-Emery"",""number"":33,""pos"":""M""},{""id"":386285,""name"":""Y. Zague"",""number"":42,""pos"":""D""},{""id"":491103,""name"":""A. Tape"",""number"":48,""pos"":""M""},{""id"":335051,""name"":""João Neves"",""number"":87,""pos"":""M""},{""id"":2068,""name"":""M. Safonov"",""number"":39,""pos"":""G""},{""id"":746,""name"":""Marco Asensio"",""number"":11,""pos"":""F""}]"
1213898,1063,Saint Etienne,False,4-3-3,E. Horneland,11,9,"[{""id"":20541,""name"":""G. Larsonneur"",""number"":30,""pos"":""G""},{""id"":1407,""name"":""D. Appiah"",""number"":8,""pos"":""D""},{""id"":8445,""name"":""D. Batubinsika"",""number"":21,""pos"":""D""},{""id"":22087,""name"":""M. Nadé"",""number"":3,""pos"":""D""},{""id"":157146,""name"":""L. Pétrot"",""number"":19,""pos"":""D""},{""id"":274355,""name"":""B. Bouchouari"",""number"":6,""pos"":""M""},{""id"":278232,""name"":""P. Ekwah"",""number"":4,""pos"":""M""},{""id"":289555,""name"":""L. Mouton"",""number"":14,""pos"":""M""},{""id"":22003,""name"":""M. Cafaro"",""number"":18,""pos"":""F""},{""id"":322560,""name"":""L. Stassin"",""number"":32,""pos"":""F""},{""id"":24743,""name"":""Z. Davitashvili"",""number"":22,""pos"":""F""}]","[{""id"":337426,""name"":""A. Boakye"",""number"":20,""pos"":""F""},{""id"":395762,""name"":""M. Amougou"",""number"":37,""pos"":""M""},{""id"":489911,""name"":""D. N´Guessan"",""number"":63,""pos"":""F""},{""id"":20736,""name"":""B. Maubleu"",""number"":1,""pos"":""G""},{""id"":21438,""name"":""A. Briançon"",""number"":23,""pos"":""D""},{""id"":20861,""name"":""L. Fomba"",""number"":26,""pos"":""M""},{""id"":107199,""name"":""P. Cornud"",""number"":17,""pos"":""D""},{""id"":2704,""name"":""Y. Abdelhamid"",""number"":5,""pos"":""D""},{""id"":363053,""name"":""I. Miladinović"",""number"":28,""pos"":""M""}]"
1213905,82,Montpellier,True,5-3-2,J. Gasset,11,9,"[{""id"":21566,""name"":""B. Lecomte"",""number"":40,""pos"":""G""},{""id"":179399,""name"":""E. Tchato"",""number"":29,""pos"":""D""},{""id"":350388,""name"":""Y. Mouanga"",""number"":47,""pos"":""D""},{""id"":999,""name"":""B. Omeragić"",""number"":27,""pos"":""D""},{""id"":20661,""name"":""M. Sagnan"",""number"":5,""pos"":""D""},{""id"":22141,""name"":""I. Sylla"",""number"":3,""pos"":""D""},{""id"":21443,""name"":""T. Savanier"",""number"":11,""pos"":""M""},{""id"":128287,""name"":""J. Chotard"",""number"":13,""pos"":""M""},{""id"":387120,""name"":""R. Nzingoula"",""number"":19,""pos"":""M""},{""id"":15286,""name"":""Mousa Al Ta'mari"",""number"":9,""pos"":""F""},{""id"":22102,""name"":""W. Khazri"",""number"":10,""pos"":""F""}]","[{""id"":326088,""name"":""K. Fayad"",""number"":22,""pos"":""M""},{""id"":22097,""name"":""A. Nordin"",""number"":7,""pos"":""F""},{""id"":21434,""name"":""T. Sainte-Luce"",""number"":17,""pos"":""D""},{""id"":342228,""name"":""S. Džodić"",""number"":45,""pos"":""M""},{""id"":399906,""name"":""O. Maamma"",""number"":14,""pos"":""F""},{""id"":395760,""name"":""Y. Issoufou"",""number"":39,""pos"":""F""},{""id"":57446,""name"":""A. Adams"",""number"":8,""pos"":""F""},{""id"":21565,""name"":""D. Bertaud"",""number"":16,""pos"":""G""},{""id"":369676,""name"":""T. Chennahi"",""number"":44,""pos"":""M""}]"
1213905,91,Monaco,False,4-2-3-1,A. Hütter,11,9,"[{""id"":40384,""name"":""R. Majecki"",""number"":1,""pos"":""G""},{""id"":231,""name"":""J. Teze"",""number"":4,""pos"":""D""},{""id"":261,""name"":""T. Kehrer"",""number"":5,""pos"":""D""},{""id"":47480,""name"":""M. Salisu"",""number"":22,""pos"":""D""},{""id"":333137,""name"":""K. Ouattara"",""number"":20,""pos"":""D""},{""id"":326176,""name"":""S. Magassa"",""number"":88,""pos"":""M""},{""id"":374058,""name"":""L. Camara"",""number"":15,""pos"":""M""},{""id"":274300,""name"":""M. Akliouche"",""number"":11,""pos"":""M""},{""id"":1101,""name"":""T. Minamino"",""number"":18,""pos"":""M""},{""id"":343320,""name"":""E. Ben Seghir"",""number"":7,""pos"":""M""},{""id"":283026,""name"":""M. Biereth"",""number"":14,""pos"":""F""}]","[{""id"":291649,""name"":""Vanderson"",""number"":2,""pos"":""D""},{""id"":343319,""name"":""L. Michal"",""number"":41,""pos"":""F""},{""id"":10316,""name"":""Caio Henrique"",""number"":12,""pos"":""D""},{""id"":421,""name"":""B. Embolo"",""number"":36,""pos"":""F""},{""id"":109,""name"":""A. Golovin"",""number"":10,""pos"":""M""},{""id"":162991,""name"":""E. Matazo"",""number"":8,""pos"":""M""},{""id"":371916,""name"":""C. Mawissa"",""number"":13,""pos"":""D""},{""id"":7313,""name"":""P. Köhn"",""number"":16,""pos"":""G""},{""id"":412711,""name"":""S. Bouabré"",""number"":42,""pos"":""M""}]"
1213902,79,Lille,True,4-2-3-1,B. Génésio,11,9,"[{""id"":162453,""name"":""L. Chevalier"",""number"":30,""pos"":""G""},{""id"":264,""name"":""T. Meunier"",""number"":12,""pos"":""D""},{""id"":22136,""name"":""B. Diakité"",""number"":18,""pos"":""D""},{""id"":142691,""name"":""Alexsandro Ribeiro"",""number"":4,""pos"":""D""},{""id"":679,""name"":""Ismaily"",""number"":31,""pos"":""D""},{""id"":2204,""name"":""B. André"",""number"":21,""pos"":""M""},{""id"":18765,""name"":""André Gomes"",""number"":26,""pos"":""M""},{""id"":530,""name"":""M. Bakker"",""number"":20,""pos"":""M""},{""id"":67889,""name"":""H. Haraldsson"",""number"":7,""pos"":""M""},{""id"":22093,""name"":""R. Cabella"",""number"":10,""pos"":""M""},{""id"":8489,""name"":""J. David"",""number"":9,""pos"":""F""}]","[{""id"":99576,""name"":""O. Sahraoui"",""number"":11,""pos"":""F""},{""id"":375598,""name"":""N. Mukau"",""number"":17,""pos"":""M""},{""id"":438688,""name"":""A. Bouaddi"",""number"":32,""pos"":""M""},{""id"":1567,""name"":""A. Mandi"",""number"":2,""pos"":""D""},{""id"":896,""name"":""A. Gomes"",""number"":8,""pos"":""M""},{""id"":349947,""name"":""A. Malouda"",""number"":34,""pos"":""F""},{""id"":47969,""name"":""G. Gudmundsson"",""number"":5,""pos"":""D""},{""id"":24288,""name"":""M. Bayo"",""number"":27,""pos"":""F""},{""id"":51146,""name"":""V. Mannone"",""number"":1,""pos"":""G""}]"
1213902,84,Nice,False,4-2-3-1,F. Haise,11,9,"[{""id"":2274,""name"":""M. Bułka"",""number"":1,""pos"":""G""},{""id"":25008,""name"":""J. Clauss"",""number"":92,""pos"":""D""},{""id"":3099,""name"":""Y. Ndayishimiye"",""number"":55,""pos"":""D""},{""id"":22163,""name"":""Dante"",""number"":4,""pos"":""D""},{""id"":49583,""name"":""A. Abdi"",""number"":2,""pos"":""D""},{""id"":4399,""name"":""H. Boudaoui"",""number"":6,""pos"":""M""},{""id"":240,""name"":""P. Rosario"",""number"":8,""pos"":""M""},{""id"":274312,""name"":""M. Cho"",""number"":25,""pos"":""M""},{""id"":107,""name"":""S. Diop"",""number"":10,""pos"":""M""},{""id"":137303,""name"":""E. Guessand"",""number"":29,""pos"":""M""},{""id"":21592,""name"":""G. Laborde"",""number"":24,""pos"":""F""}]","[{""id"":662,""name"":""T. Ndombélé"",""number"":22,""pos"":""M""},{""id"":161919,""name"":""Y. Moukoko"",""number"":15,""pos"":""F""},{""id"":334879,""name"":""B. Bouanani"",""number"":19,""pos"":""M""},{""id"":162465,""name"":""M. Bard"",""number"":26,""pos"":""D""},{""id"":503702,""name"":""B. Nguene"",""number"":49,""pos"":""F""},{""id"":193617,""name"":""T. Louchet"",""number"":20,""pos"":""M""},{""id"":196343,""name"":""Mohamed Abdelmonem"",""number"":5,""pos"":""D""},{""id"":21079,""name"":""M. Dupé"",""number"":31,""pos"":""G""},{""id"":313937,""name"":""A. Mendy"",""number"":33,""pos"":""D""}]"
1213901,116,Lens,True,5-3-2,W. Still,11,9,"[{""id"":22220,""name"":""H. Koffi"",""number"":16,""pos"":""G""},{""id"":3007,""name"":""P. Frankowski"",""number"":29,""pos"":""D""},{""id"":21635,""name"":""J. Gradit"",""number"":24,""pos"":""D""},{""id"":22166,""name"":""M. Sarr"",""number"":20,""pos"":""D""},{""id"":6231,""name"":""F. Medina"",""number"":14,""pos"":""D""},{""id"":2483,""name"":""D. Machado"",""number"":3,""pos"":""D""},{""id"":20761,""name"":""F. Sotoca"",""number"":7,""pos"":""M""},{""id"":22261,""name"":""A. Thomasson"",""number"":28,""pos"":""M""},{""id"":270509,""name"":""A. Diouf"",""number"":18,""pos"":""M""},{""id"":31318,""name"":""M'Bala Nzola"",""number"":8,""pos"":""F""},{""id"":20817,""name"":""G. Koyalipou"",""number"":19,""pos"":""F""}]","[{""id"":174607,""name"":""David Pereira da Costa"",""number"":10,""pos"":""M""},{""id"":237232,""name"":""H. Ojediran"",""number"":15,""pos"":""M""},{""id"":21715,""name"":""W. Saïd"",""number"":22,""pos"":""F""},{""id"":277003,""name"":""N. El Aynaoui"",""number"":23,""pos"":""M""},{""id"":21146,""name"":""A. Fulgini"",""number"":11,""pos"":""M""},{""id"":18785,""name"":""N. Mendy"",""number"":26,""pos"":""M""},{""id"":21568,""name"":""R. Aguilar"",""number"":2,""pos"":""D""},{""id"":437143,""name"":""A. Delplace"",""number"":50,""pos"":""G""},{""id"":129169,""name"":""A. Zaroury"",""number"":21,""pos"":""F""}]"
1213901,85,Paris Saint Germain,False,3-4-3,Luis Enrique,11,9,"[{""id"":1622,""name"":""G. Donnarumma"",""number"":1,""pos"":""G""},{""id"":307835,""name"":""Beraldo"",""number"":35,""pos"":""D""},{""id"":16367,""name"":""W. Pacho"",""number"":51,""pos"":""D""},{""id"":33,""name"":""L. Hernández"",""number"":21,""pos"":""D""},{""id"":336657,""name"":""W. Zaïre-Emery"",""number"":33,""pos"":""M""},{""id"":128384,""name"":""Vitinha"",""number"":17,""pos"":""M""},{""id"":328,""name"":""Fabián Ruiz"",""number"":8,""pos"":""M""},{""id"":263482,""name"":""Nuno Mendes"",""number"":25,""pos"":""M""},{""id"":161904,""name"":""B. Barcola"",""number"":29,""pos"":""F""},{""id"":927,""name"":""Lee Kang-In"",""number"":19,""pos"":""F""},{""id"":343027,""name"":""D. Doué"",""number"":14,""pos"":""F""}]","[{""id"":41585,""name"":""Gonçalo Ramos"",""number"":9,""pos"":""F""},{""id"":335051,""name"":""João Neves"",""number"":87,""pos"":""M""},{""id"":409216,""name"":""S. Mayulu"",""number"":24,""pos"":""M""},{""id"":386285,""name"":""Y. Zague"",""number"":42,""pos"":""D""},{""id"":162473,""name"":""Arnau Tenas"",""number"":80,""pos"":""G""},{""id"":262,""name"":""P. Kimpembe"",""number"":3,""pos"":""D""},{""id"":2068,""name"":""M. Safonov"",""number"":39,""pos"":""G""},{""id"":746,""name"":""Marco Asensio"",""number"":11,""pos"":""F""},{""id"":491103,""name"":""A. Tape"",""number"":48,""pos"":""M""}]"
1213908,94,Rennes,True,3-4-2-1,J. Sampaoli,11,9,"[{""id"":21628,""name"":""B. Samba"",""number"":1,""pos"":""G""},{""id"":30423,""name"":""H. Hateboer"",""number"":33,""pos"":""D""},{""id"":18967,""name"":""L. Østigård"",""number"":55,""pos"":""D""},{""id"":20916,""name"":""C. Wooh"",""number"":4,""pos"":""D""},{""id"":180731,""name"":""L. Assignon"",""number"":22,""pos"":""M""},{""id"":328074,""name"":""J. James"",""number"":17,""pos"":""M""},{""id"":37236,""name"":""A. Matusiwa"",""number"":6,""pos"":""M""},{""id"":162267,""name"":""A. Truffert"",""number"":3,""pos"":""M""},{""id"":21497,""name"":""L. Blas"",""number"":11,""pos"":""F""},{""id"":30807,""name"":""S. Fofana"",""number"":75,""pos"":""F""},{""id"":147831,""name"":""A. Kalimuendo"",""number"":9,""pos"":""F""}]","[{""id"":85041,""name"":""A. Gouiri"",""number"":10,""pos"":""F""},{""id"":438281,""name"":""A. Nagida"",""number"":18,""pos"":""D""},{""id"":449662,""name"":""M. Meïté"",""number"":62,""pos"":""F""},{""id"":417830,""name"":""A. Aït Boudlal"",""number"":48,""pos"":""D""},{""id"":456765,""name"":""H. Do Marcolino"",""number"":60,""pos"":""F""},{""id"":237249,""name"":""M. Faye"",""number"":15,""pos"":""D""},{""id"":1897,""name"":""S. Mandanda"",""number"":30,""pos"":""G""},{""id"":345748,""name"":""C. Gómez"",""number"":20,""pos"":""F""},{""id"":152418,""name"":""N. Ahamada"",""number"":32,""pos"":""M""}]"
1213908,106,Stade Brestois 29,False,4-2-2-2,E. Roy,11,9,"[{""id"":36878,""name"":""M. Bizot"",""number"":40,""pos"":""G""},{""id"":22247,""name"":""K. Lala"",""number"":7,""pos"":""D""},{""id"":20546,""name"":""B. Chardonnet"",""number"":5,""pos"":""D""},{""id"":203483,""name"":""A. Ndiaye"",""number"":3,""pos"":""D""},{""id"":422595,""name"":""L. Zogbé"",""number"":12,""pos"":""D""},{""id"":30405,""name"":""E. Fernandes"",""number"":6,""pos"":""M""},{""id"":20558,""name"":""H. Magnetti"",""number"":8,""pos"":""M""},{""id"":24147,""name"":""M. Camara"",""number"":45,""pos"":""M""},{""id"":326068,""name"":""K. Doumbia"",""number"":9,""pos"":""M""},{""id"":22264,""name"":""L. Ajorque"",""number"":19,""pos"":""F""},{""id"":41323,""name"":""Mama Baldé"",""number"":14,""pos"":""F""}]","[{""id"":277191,""name"":""A. Sima"",""number"":17,""pos"":""F""},{""id"":2214,""name"":""R. Del Castillo"",""number"":10,""pos"":""M""},{""id"":20780,""name"":""Mathias Pereira Lage"",""number"":26,""pos"":""M""},{""id"":498791,""name"":""R. Le Guen"",""number"":36,""pos"":""D""},{""id"":485957,""name"":""S. Diop"",""number"":35,""pos"":""F""},{""id"":21248,""name"":""G. Coudert"",""number"":30,""pos"":""G""},{""id"":410281,""name"":""P. Irie"",""number"":37,""pos"":""D""},{""id"":449659,""name"":""I. Kanté"",""number"":32,""pos"":""F""},{""id"":348052,""name"":""N. Jauny"",""number"":50,""pos"":""G""}]"
1213903,80,Lyon,True,4-3-3,P. Sage,11,9,"[{""id"":80296,""name"":""Lucas Perri"",""number"":1,""pos"":""G""},{""id"":334914,""name"":""S. Kumbedi"",""number"":20,""pos"":""D""},{""id"":68,""name"":""Clinton Mata"",""number"":22,""pos"":""D""},{""id"":25916,""name"":""M. Niakhaté"",""number"":19,""pos"":""D""},{""id"":529,""name"":""N. Tagliafico"",""number"":3,""pos"":""D""},{""id"":30409,""name"":""J. Veretout"",""number"":7,""pos"":""M""},{""id"":902,""name"":""N. Matić"",""number"":31,""pos"":""M""},{""id"":519,""name"":""C. Tolisso"",""number"":8,""pos"":""M""},{""id"":156477,""name"":""R. Cherki"",""number"":18,""pos"":""F""},{""id"":180496,""name"":""G. Mikautadze"",""number"":69,""pos"":""F""},{""id"":19361,""name"":""S. Benrahma"",""number"":17,""pos"":""F""}]","[{""id"":361348,""name"":""M. Fofana"",""number"":11,""pos"":""F""},{""id"":350856,""name"":""E. Nuamah"",""number"":37,""pos"":""F""},{""id"":1456,""name"":""A. Maitland-Niles"",""number"":98,""pos"":""M""},{""id"":20762,""name"":""R. Descamps"",""number"":40,""pos"":""G""},{""id"":6067,""name"":""T. Almada"",""number"":23,""pos"":""M""},{""id"":9700,""name"":""Abner"",""number"":16,""pos"":""D""},{""id"":1902,""name"":""D. Ćaleta-Car"",""number"":55,""pos"":""D""},{""id"":80752,""name"":""T. Tessmann"",""number"":15,""pos"":""M""},{""id"":471106,""name"":""E. Molébé"",""number"":29,""pos"":""F""}]"
1213903,96,Toulouse,False,3-4-2-1,Carles Martínez,11,9,"[{""id"":325346,""name"":""G. Restes"",""number"":50,""pos"":""G""},{""id"":412759,""name"":""J. Canvot"",""number"":29,""pos"":""D""},{""id"":278392,""name"":""C. Cresswell"",""number"":4,""pos"":""D""},{""id"":50735,""name"":""M. McKenzie"",""number"":3,""pos"":""D""},{""id"":39115,""name"":""A. Dønnum"",""number"":15,""pos"":""M""},{""id"":36928,""name"":""D. Genreau"",""number"":5,""pos"":""M""},{""id"":50956,""name"":""C. Cásseres"",""number"":23,""pos"":""M""},{""id"":11421,""name"":""G. Suazo"",""number"":17,""pos"":""M""},{""id"":243,""name"":""Z. Aboukhlal"",""number"":7,""pos"":""F""},{""id"":84128,""name"":""Y. Gboho"",""number"":10,""pos"":""F""},{""id"":18881,""name"":""J. King"",""number"":13,""pos"":""F""}]","[{""id"":328648,""name"":""S. Babicka"",""number"":80,""pos"":""F""},{""id"":174724,""name"":""F. Magri"",""number"":9,""pos"":""F""},{""id"":1369,""name"":""M. Zajc"",""number"":21,""pos"":""M""},{""id"":264383,""name"":""W. Kamanzi"",""number"":12,""pos"":""D""},{""id"":334952,""name"":""R. Messali"",""number"":22,""pos"":""M""},{""id"":461463,""name"":""M. Saka"",""number"":39,""pos"":""M""},{""id"":39104,""name"":""K. Haug"",""number"":16,""pos"":""G""},{""id"":367637,""name"":""Ü. Akdağ"",""number"":6,""pos"":""D""},{""id"":430816,""name"":""N. Edjouma"",""number"":31,""pos"":""F""}]"
1213904,1063,Saint Etienne,True,4-3-3,E. Horneland,11,9,"[{""id"":20541,""name"":""G. Larsonneur"",""number"":30,""pos"":""G""},{""id"":1407,""name"":""D. Appiah"",""number"":8,""pos"":""D""},{""id"":8445,""name"":""D. Batubinsika"",""number"":21,""pos"":""D""},{""id"":22087,""name"":""M. Nadé"",""number"":3,""pos"":""D""},{""id"":157146,""name"":""L. Pétrot"",""number"":19,""pos"":""D""},{""id"":274355,""name"":""B. Bouchouari"",""number"":6,""pos"":""M""},{""id"":20861,""name"":""L. Fomba"",""number"":26,""pos"":""M""},{""id"":289555,""name"":""L. Mouton"",""number"":14,""pos"":""M""},{""id"":489911,""name"":""D. N´Guessan"",""number"":63,""pos"":""F""},{""id"":322560,""name"":""L. Stassin"",""number"":32,""pos"":""F""},{""id"":24743,""name"":""Z. Davitashvili"",""number"":22,""pos"":""F""}]","[{""id"":337426,""name"":""A. Boakye"",""number"":20,""pos"":""F""},{""id"":8624,""name"":""F. Tardieu"",""number"":10,""pos"":""M""},{""id"":395762,""name"":""M. Amougou"",""number"":37,""pos"":""M""},{""id"":107199,""name"":""P. Cornud"",""number"":17,""pos"":""D""},{""id"":363053,""name"":""I. Miladinović"",""number"":28,""pos"":""M""},{""id"":339601,""name"":""A. Aiki"",""number"":39,""pos"":""F""},{""id"":2704,""name"":""Y. Abdelhamid"",""number"":5,""pos"":""D""},{""id"":22003,""name"":""M. Cafaro"",""number"":18,""pos"":""M""},{""id"":20736,""name"":""B. Maubleu"",""number"":1,""pos"":""G""}]"
1213904,83,Nantes,False,4-1-4-1,A. Kombouare,11,9,"[{""id"":647,""name"":""Anthony Lopes"",""number"":16,""pos"":""G""},{""id"":22134,""name"":""K. Amian"",""number"":98,""pos"":""D""},{""id"":20545,""name"":""J. Castelletto"",""number"":21,""pos"":""D""},{""id"":21088,""name"":""N. Pallois"",""number"":4,""pos"":""D""},{""id"":21570,""name"":""N. Cozza"",""number"":3,""pos"":""D""},{""id"":93671,""name"":""Pedro Chirivella"",""number"":5,""pos"":""M""},{""id"":443676,""name"":""H. Guirassy"",""number"":62,""pos"":""M""},{""id"":193952,""name"":""J. Lepenant"",""number"":8,""pos"":""M""},{""id"":10036,""name"":""Douglas Augusto"",""number"":6,""pos"":""M""},{""id"":2781,""name"":""M. Simon"",""number"":27,""pos"":""M""},{""id"":161622,""name"":""M. Abline"",""number"":39,""pos"":""F""}]","[{""id"":443674,""name"":""L. Leroux"",""number"":66,""pos"":""M""},{""id"":18599,""name"":""S. Thomas"",""number"":22,""pos"":""M""},{""id"":381665,""name"":""P. Nsingi"",""number"":58,""pos"":""F""},{""id"":3240,""name"":""J. Gbamin"",""number"":17,""pos"":""M""},{""id"":21582,""name"":""F. Mollet"",""number"":25,""pos"":""M""},{""id"":388779,""name"":""D. Assoumani"",""number"":59,""pos"":""M""},{""id"":386438,""name"":""M. Acapandié"",""number"":41,""pos"":""D""},{""id"":21498,""name"":""M. Coco"",""number"":11,""pos"":""F""},{""id"":15684,""name"":""P. Carlgren"",""number"":30,""pos"":""G""}]"
1213907,77,Angers,True,4-2-3-1,A. Dujeux,11,9,"[{""id"":64190,""name"":""Y. Fofana"",""number"":30,""pos"":""G""},{""id"":20850,""name"":""C. Arcus"",""number"":2,""pos"":""D""},{""id"":385569,""name"":""E. Biumla"",""number"":24,""pos"":""D""},{""id"":21381,""name"":""J. Lefort"",""number"":21,""pos"":""D""},{""id"":41146,""name"":""F. Hanin"",""number"":26,""pos"":""D""},{""id"":103,""name"":""J. Aholou"",""number"":6,""pos"":""M""},{""id"":20554,""name"":""H. Belkebla"",""number"":93,""pos"":""M""},{""id"":21618,""name"":""J. Allevinah"",""number"":18,""pos"":""M""},{""id"":20692,""name"":""H. Abdelli"",""number"":10,""pos"":""M""},{""id"":3177,""name"":""F. El Melali"",""number"":28,""pos"":""M""},{""id"":163004,""name"":""E. Lepaul"",""number"":19,""pos"":""F""}]","[{""id"":3234,""name"":""A. Bamba"",""number"":25,""pos"":""D""},{""id"":3175,""name"":""Z. Ferhat"",""number"":20,""pos"":""M""},{""id"":174660,""name"":""L. Raolisoa"",""number"":27,""pos"":""D""},{""id"":21145,""name"":""P. Capelle"",""number"":15,""pos"":""M""},{""id"":284072,""name"":""B. Dieng"",""number"":99,""pos"":""F""},{""id"":3379,""name"":""C. Hountondji"",""number"":22,""pos"":""D""},{""id"":174708,""name"":""Y. Belkhdim"",""number"":14,""pos"":""M""},{""id"":174973,""name"":""M. Zinga"",""number"":16,""pos"":""G""},{""id"":343609,""name"":""J. Ekomié"",""number"":3,""pos"":""D""}]"
1213907,108,Auxerre,False,5-4-1,C. Pélissier,11,9,"[{""id"":20542,""name"":""D. Léon"",""number"":16,""pos"":""G""},{""id"":285,""name"":""K. Hoever"",""number"":23,""pos"":""D""},{""id"":162466,""name"":""S. Diomandé"",""number"":20,""pos"":""D""},{""id"":20206,""name"":""G. Osho"",""number"":3,""pos"":""D""},{""id"":191189,""name"":""C. Akpa"",""number"":92,""pos"":""D""},{""id"":7578,""name"":""G. Mensah"",""number"":14,""pos"":""D""},{""id"":20732,""name"":""G. Perrin"",""number"":10,""pos"":""M""},{""id"":21010,""name"":""E. Owusu"",""number"":42,""pos"":""M""},{""id"":110,""name"":""H. Massengo"",""number"":80,""pos"":""M""},{""id"":31057,""name"":""H. Traoré"",""number"":25,""pos"":""M""},{""id"":90617,""name"":""L. Sinayoko"",""number"":17,""pos"":""F""}]","[{""id"":30748,""name"":""A. Dioussé"",""number"":18,""pos"":""M""},{""id"":20782,""name"":""F. Ayé"",""number"":19,""pos"":""F""},{""id"":32940,""name"":""A. Onaiwu"",""number"":45,""pos"":""F""},{""id"":345532,""name"":""A. N’Gatta"",""number"":24,""pos"":""D""},{""id"":490095,""name"":""A. Zossou"",""number"":77,""pos"":""M""},{""id"":129671,""name"":""S. Agouzoul"",""number"":6,""pos"":""D""},{""id"":193681,""name"":""T. De Percin"",""number"":40,""pos"":""G""},{""id"":51293,""name"":""T. Bair"",""number"":9,""pos"":""F""},{""id"":382252,""name"":""Madiou Keïta"",""number"":31,""pos"":""D""}]"
1213906,93,Reims,True,4-2-3-1,L. Elsner,11,9,"[{""id"":20566,""name"":""Y. Diouf"",""number"":94,""pos"":""G""},{""id"":8451,""name"":""Aurélio Buta"",""number"":23,""pos"":""D""},{""id"":71545,""name"":""J. Okumu"",""number"":2,""pos"":""D""},{""id"":19546,""name"":""C. Kipré"",""number"":21,""pos"":""D""},{""id"":389322,""name"":""N. Sangui"",""number"":55,""pos"":""D""},{""id"":3080,""name"":""M. Munetsi"",""number"":15,""pos"":""M""},{""id"":343351,""name"":""V. Atangana Edoa"",""number"":6,""pos"":""M""},{""id"":1942,""name"":""J. Ito"",""number"":7,""pos"":""M""},{""id"":8966,""name"":""T. Teuma"",""number"":10,""pos"":""M""},{""id"":386481,""name"":""M. Diakhon"",""number"":67,""pos"":""M""},{""id"":33321,""name"":""K. Nakamura"",""number"":17,""pos"":""F""}]","[{""id"":334429,""name"":""O. Diakité"",""number"":22,""pos"":""F""},{""id"":47530,""name"":""Sergio Akieme"",""number"":18,""pos"":""D""},{""id"":352990,""name"":""A. Salama"",""number"":11,""pos"":""F""},{""id"":392656,""name"":""M. Diadie"",""number"":64,""pos"":""M""},{""id"":437483,""name"":""M. Bamba"",""number"":63,""pos"":""M""},{""id"":21080,""name"":""A. Olliero"",""number"":20,""pos"":""G""},{""id"":454432,""name"":""N. Sissoko"",""number"":74,""pos"":""F""},{""id"":293297,""name"":""J. Patrick"",""number"":30,""pos"":""M""},{""id"":442929,""name"":""Abdoul Koné"",""number"":92,""pos"":""D""}]"
1213906,111,Le Havre,False,4-4-2,D. Digard,11,9,"[{""id"":646,""name"":""M. Gorgelin"",""number"":1,""pos"":""G""},{""id"":174927,""name"":""A. Sangante"",""number"":93,""pos"":""D""},{""id"":162443,""name"":""É. Youté"",""number"":6,""pos"":""D""},{""id"":64255,""name"":""G. Lloris"",""number"":4,""pos"":""D""},{""id"":23637,""name"":""Y. Zouaoui"",""number"":18,""pos"":""D""},{""id"":2336,""name"":""L. Nego"",""number"":7,""pos"":""M""},{""id"":284071,""name"":""O. Targhalline"",""number"":5,""pos"":""M""},{""id"":128342,""name"":""R. Ndiaye"",""number"":19,""pos"":""M""},{""id"":289304,""name"":""A. Joujou"",""number"":21,""pos"":""M""},{""id"":15783,""name"":""E. Sabbi"",""number"":11,""pos"":""F""},{""id"":1370,""name"":""A. Ayew"",""number"":28,""pos"":""F""}]","[{""id"":156465,""name"":""I. Soumaré"",""number"":45,""pos"":""F""},{""id"":1617,""name"":""Koka"",""number"":99,""pos"":""F""},{""id"":174937,""name"":""Y. Kechta"",""number"":8,""pos"":""M""},{""id"":174915,""name"":""J. Casimir"",""number"":10,""pos"":""F""},{""id"":20576,""name"":""Y. Salmier"",""number"":22,""pos"":""D""},{""id"":24201,""name"":""A. Confais"",""number"":25,""pos"":""M""},{""id"":162067,""name"":""T. Pembélé"",""number"":32,""pos"":""D""},{""id"":24011,""name"":""A. Desmas"",""number"":30,""pos"":""G""},{""id"":386275,""name"":""I. Housni"",""number"":46,""pos"":""F""}]"
1213900,81,Marseille,True,3-4-2-1,R. De Zerbi,11,9,"[{""id"":47296,""name"":""G. Rulli"",""number"":1,""pos"":""G""},{""id"":51295,""name"":""D. Cornelius"",""number"":13,""pos"":""D""},{""id"":6,""name"":""L. Balerdi"",""number"":5,""pos"":""D""},{""id"":126757,""name"":""L. Brassier"",""number"":20,""pos"":""D""},{""id"":10077,""name"":""Luis Henrique"",""number"":44,""pos"":""M""},{""id"":283216,""name"":""B. Nadir"",""number"":26,""pos"":""M""},{""id"":2735,""name"":""P. Højbjerg"",""number"":23,""pos"":""M""},{""id"":943,""name"":""U. Garcia"",""number"":6,""pos"":""M""},{""id"":897,""name"":""M. Greenwood"",""number"":10,""pos"":""F""},{""id"":272,""name"":""A. Rabiot"",""number"":25,""pos"":""F""},{""id"":19364,""name"":""N. Maupay"",""number"":8,""pos"":""F""}]","[{""id"":435482,""name"":""R. Vaz"",""number"":34,""pos"":""F""},{""id"":30525,""name"":""Pol Lirola"",""number"":29,""pos"":""D""},{""id"":272460,""name"":""Q. Merlin"",""number"":3,""pos"":""D""},{""id"":278095,""name"":""J. Rowe"",""number"":17,""pos"":""F""},{""id"":455245,""name"":""D. Bakola"",""number"":50,""pos"":""M""},{""id"":193501,""name"":""B. Meïté"",""number"":18,""pos"":""M""},{""id"":1847,""name"":""Luiz Felipe"",""number"":4,""pos"":""D""},{""id"":328046,""name"":""I. Koné"",""number"":51,""pos"":""M""},{""id"":36827,""name"":""J. de Lange"",""number"":12,""pos"":""G""}]"
1213900,95,Strasbourg,False,4-1-4-1,L. Rosenior,11,9,"[{""id"":118307,""name"":""Đ. Petrović"",""number"":1,""pos"":""G""},{""id"":161747,""name"":""G. Doué"",""number"":22,""pos"":""D""},{""id"":276184,""name"":""M. Sarr"",""number"":23,""pos"":""D""},{""id"":271542,""name"":""I. Doukouré"",""number"":29,""pos"":""D""},{""id"":358166,""name"":""A. Ouattara"",""number"":42,""pos"":""D""},{""id"":305834,""name"":""Andrey Santos"",""number"":8,""pos"":""M""},{""id"":129695,""name"":""D. Bakwa"",""number"":26,""pos"":""M""},{""id"":327631,""name"":""H. Diarra"",""number"":19,""pos"":""M""},{""id"":325594,""name"":""F. Lemaréchal"",""number"":6,""pos"":""M""},{""id"":226803,""name"":""S. Nanasi"",""number"":15,""pos"":""M""},{""id"":203762,""name"":""E. Emegha"",""number"":10,""pos"":""F""}]","[{""id"":191240,""name"":""M. Senaya"",""number"":28,""pos"":""D""},{""id"":369885,""name"":""J. Sebas"",""number"":40,""pos"":""F""},{""id"":437760,""name"":""R. Messi"",""number"":47,""pos"":""F""},{""id"":2259,""name"":""E. Sobol"",""number"":77,""pos"":""D""},{""id"":415431,""name"":""S. El Mourabet"",""number"":39,""pos"":""M""},{""id"":438752,""name"":""P. Diong"",""number"":17,""pos"":""M""},{""id"":364810,""name"":""A. Sylla"",""number"":5,""pos"":""D""},{""id"":190686,""name"":""S. Mara"",""number"":14,""pos"":""F""},{""id"":2850,""name"":""K. Johnsson"",""number"":30,""pos"":""G""}]"
1213914,108,Auxerre,True,5-4-1,C. Pélissier,11,9,"[{""id"":20542,""name"":""D. Léon"",""number"":16,""pos"":""G""},{""id"":191392,""name"":""P. Joly"",""number"":26,""pos"":""D""},{""id"":162466,""name"":""S. Diomandé"",""number"":20,""pos"":""D""},{""id"":41300,""name"":""Jubal"",""number"":4,""pos"":""D""},{""id"":191189,""name"":""C. Akpa"",""number"":92,""pos"":""D""},{""id"":7578,""name"":""G. Mensah"",""number"":14,""pos"":""D""},{""id"":20732,""name"":""G. Perrin"",""number"":10,""pos"":""M""},{""id"":21010,""name"":""E. Owusu"",""number"":42,""pos"":""M""},{""id"":110,""name"":""H. Massengo"",""number"":80,""pos"":""M""},{""id"":31057,""name"":""H. Traoré"",""number"":25,""pos"":""M""},{""id"":90617,""name"":""L. Sinayoko"",""number"":17,""pos"":""F""}]","[{""id"":51293,""name"":""T. Bair"",""number"":9,""pos"":""F""},{""id"":285,""name"":""K. Hoever"",""number"":23,""pos"":""D""},{""id"":32940,""name"":""A. Onaiwu"",""number"":45,""pos"":""F""},{""id"":20782,""name"":""F. Ayé"",""number"":19,""pos"":""F""},{""id"":368039,""name"":""N. Glossoa"",""number"":32,""pos"":""F""},{""id"":490095,""name"":""A. Zossou"",""number"":77,""pos"":""M""},{""id"":30748,""name"":""A. Dioussé"",""number"":18,""pos"":""M""},{""id"":129671,""name"":""S. Agouzoul"",""number"":6,""pos"":""D""},{""id"":193681,""name"":""T. De Percin"",""number"":40,""pos"":""G""}]"
1213914,1063,Saint Etienne,False,4-3-3,E. Horneland,11,9,"[{""id"":20541,""name"":""G. Larsonneur"",""number"":30,""pos"":""G""},{""id"":1407,""name"":""D. Appiah"",""number"":8,""pos"":""D""},{""id"":8445,""name"":""D. Batubinsika"",""number"":21,""pos"":""D""},{""id"":22087,""name"":""M. Nadé"",""number"":3,""pos"":""D""},{""id"":157146,""name"":""L. Pétrot"",""number"":19,""pos"":""D""},{""id"":395762,""name"":""M. Amougou"",""number"":37,""pos"":""M""},{""id"":278232,""name"":""P. Ekwah"",""number"":4,""pos"":""M""},{""id"":20861,""name"":""L. Fomba"",""number"":26,""pos"":""M""},{""id"":337426,""name"":""A. Boakye"",""number"":20,""pos"":""F""},{""id"":322560,""name"":""L. Stassin"",""number"":32,""pos"":""F""},{""id"":24743,""name"":""Z. Davitashvili"",""number"":22,""pos"":""F""}]","[{""id"":8624,""name"":""F. Tardieu"",""number"":10,""pos"":""M""},{""id"":22003,""name"":""M. Cafaro"",""number"":18,""pos"":""M""},{""id"":363053,""name"":""I. Miladinović"",""number"":28,""pos"":""M""},{""id"":2704,""name"":""Y. Abdelhamid"",""number"":5,""pos"":""D""},{""id"":20736,""name"":""B. Maubleu"",""number"":1,""pos"":""G""},{""id"":21438,""name"":""A. Briançon"",""number"":23,""pos"":""D""},{""id"":395048,""name"":""C. Fall"",""number"":31,""pos"":""M""},{""id"":489911,""name"":""D. N´Guessan"",""number"":63,""pos"":""F""},{""id"":107199,""name"":""P. Cornud"",""number"":17,""pos"":""D""}]"
1213911,91,Monaco,True,4-2-3-1,A. Hütter,11,9,"[{""id"":40384,""name"":""R. Majecki"",""number"":1,""pos"":""G""},{""id"":291649,""name"":""Vanderson"",""number"":2,""pos"":""D""},{""id"":261,""name"":""T. Kehrer"",""number"":5,""pos"":""D""},{""id"":47480,""name"":""M. Salisu"",""number"":22,""pos"":""D""},{""id"":371916,""name"":""C. Mawissa"",""number"":13,""pos"":""D""},{""id"":374058,""name"":""L. Camara"",""number"":15,""pos"":""M""},{""id"":2810,""name"":""D. Zakaria"",""number"":6,""pos"":""M""},{""id"":274300,""name"":""M. Akliouche"",""number"":11,""pos"":""M""},{""id"":1101,""name"":""T. Minamino"",""number"":18,""pos"":""M""},{""id"":109,""name"":""A. Golovin"",""number"":10,""pos"":""M""},{""id"":283026,""name"":""M. Biereth"",""number"":14,""pos"":""F""}]","[{""id"":326176,""name"":""S. Magassa"",""number"":88,""pos"":""M""},{""id"":81,""name"":""K. Diatta"",""number"":27,""pos"":""M""},{""id"":343319,""name"":""L. Michal"",""number"":41,""pos"":""F""},{""id"":343320,""name"":""E. Ben Seghir"",""number"":7,""pos"":""M""},{""id"":231,""name"":""J. Teze"",""number"":4,""pos"":""D""},{""id"":421,""name"":""B. Embolo"",""number"":36,""pos"":""F""},{""id"":374361,""name"":""E. Diop"",""number"":37,""pos"":""M""},{""id"":7313,""name"":""P. Köhn"",""number"":16,""pos"":""G""},{""id"":333137,""name"":""K. Ouattara"",""number"":20,""pos"":""D""}]"
1213911,94,Rennes,False,3-4-2-1,J. Sampaoli,11,9,"[{""id"":21628,""name"":""B. Samba"",""number"":1,""pos"":""G""},{""id"":30423,""name"":""H. Hateboer"",""number"":33,""pos"":""D""},{""id"":18967,""name"":""L. Østigård"",""number"":55,""pos"":""D""},{""id"":20916,""name"":""C. Wooh"",""number"":4,""pos"":""D""},{""id"":438281,""name"":""A. Nagida"",""number"":18,""pos"":""M""},{""id"":328074,""name"":""J. James"",""number"":17,""pos"":""M""},{""id"":37236,""name"":""A. Matusiwa"",""number"":6,""pos"":""M""},{""id"":162267,""name"":""A. Truffert"",""number"":3,""pos"":""M""},{""id"":21497,""name"":""L. Blas"",""number"":11,""pos"":""F""},{""id"":30807,""name"":""S. Fofana"",""number"":8,""pos"":""F""},{""id"":147831,""name"":""A. Kalimuendo"",""number"":9,""pos"":""F""}]","[{""id"":85041,""name"":""A. Gouiri"",""number"":10,""pos"":""F""},{""id"":345748,""name"":""C. Gómez"",""number"":20,""pos"":""F""},{""id"":449662,""name"":""M. Meïté"",""number"":62,""pos"":""F""},{""id"":237249,""name"":""M. Faye"",""number"":15,""pos"":""D""},{""id"":152418,""name"":""N. Ahamada"",""number"":32,""pos"":""M""},{""id"":417830,""name"":""A. Aït Boudlal"",""number"":48,""pos"":""D""},{""id"":343792,""name"":""D. Cissé"",""number"":38,""pos"":""M""},{""id"":1897,""name"":""S. Mandanda"",""number"":30,""pos"":""G""},{""id"":445604,""name"":""J. Coulibaly"",""number"":61,""pos"":""M""}]"
1213909,95,Strasbourg,True,4-2-3-1,L. Rosenior,11,9,"[{""id"":118307,""name"":""Đ. Petrović"",""number"":1,""pos"":""G""},{""id"":161747,""name"":""G. Doué"",""number"":22,""pos"":""D""},{""id"":276184,""name"":""M. Sarr"",""number"":23,""pos"":""D""},{""id"":271542,""name"":""I. Doukouré"",""number"":29,""pos"":""D""},{""id"":335056,""name"":""Diego Moreira"",""number"":7,""pos"":""D""},{""id"":327631,""name"":""H. Diarra"",""number"":19,""pos"":""M""},{""id"":305834,""name"":""Andrey Santos"",""number"":8,""pos"":""M""},{""id"":358166,""name"":""A. Ouattara"",""number"":42,""pos"":""M""},{""id"":325594,""name"":""F. Lemaréchal"",""number"":6,""pos"":""M""},{""id"":226803,""name"":""S. Nanasi"",""number"":15,""pos"":""M""},{""id"":203762,""name"":""E. Emegha"",""number"":10,""pos"":""F""}]","[{""id"":147835,""name"":""A. Omobamidele"",""number"":2,""pos"":""D""},{""id"":191240,""name"":""M. Senaya"",""number"":28,""pos"":""D""},{""id"":369885,""name"":""J. Sebas"",""number"":40,""pos"":""F""},{""id"":190686,""name"":""S. Mara"",""number"":14,""pos"":""F""},{""id"":364810,""name"":""A. Sylla"",""number"":5,""pos"":""D""},{""id"":438752,""name"":""P. Diong"",""number"":17,""pos"":""M""},{""id"":2850,""name"":""K. Johnsson"",""number"":30,""pos"":""G""},{""id"":282549,""name"":""J. Mwanga"",""number"":18,""pos"":""M""},{""id"":437760,""name"":""R. Messi"",""number"":47,""pos"":""F""}]"
1213909,79,Lille,False,3-4-2-1,B. Génésio,11,9,"[{""id"":162453,""name"":""L. Chevalier"",""number"":30,""pos"":""G""},{""id"":22136,""name"":""B. Diakité"",""number"":18,""pos"":""D""},{""id"":1567,""name"":""A. Mandi"",""number"":2,""pos"":""D""},{""id"":47969,""name"":""G. Gudmundsson"",""number"":5,""pos"":""D""},{""id"":264,""name"":""T. Meunier"",""number"":12,""pos"":""M""},{""id"":2204,""name"":""B. André"",""number"":21,""pos"":""M""},{""id"":438688,""name"":""A. Bouaddi"",""number"":32,""pos"":""M""},{""id"":530,""name"":""M. Bakker"",""number"":20,""pos"":""M""},{""id"":67889,""name"":""H. Haraldsson"",""number"":7,""pos"":""F""},{""id"":99576,""name"":""O. Sahraoui"",""number"":11,""pos"":""F""},{""id"":24288,""name"":""M. Bayo"",""number"":27,""pos"":""F""}]","[{""id"":896,""name"":""A. Gomes"",""number"":8,""pos"":""M""},{""id"":22093,""name"":""R. Cabella"",""number"":10,""pos"":""M""},{""id"":386287,""name"":""E. Mbappé"",""number"":29,""pos"":""M""},{""id"":349947,""name"":""A. Malouda"",""number"":34,""pos"":""F""},{""id"":486136,""name"":""I. Cossier"",""number"":35,""pos"":""D""},{""id"":18765,""name"":""André Gomes"",""number"":26,""pos"":""M""},{""id"":368065,""name"":""Y. Lachaab"",""number"":33,""pos"":""F""},{""id"":375598,""name"":""N. Mukau"",""number"":17,""pos"":""M""},{""id"":51146,""name"":""V. Mannone"",""number"":1,""pos"":""G""}]"
1213916,85,Paris Saint Germain,True,4-3-3,Luis Enrique,11,9,"[{""id"":1622,""name"":""G. Donnarumma"",""number"":1,""pos"":""G""},{""id"":336657,""name"":""W. Zaïre-Emery"",""number"":33,""pos"":""D""},{""id"":307835,""name"":""Beraldo"",""number"":35,""pos"":""D""},{""id"":33,""name"":""L. Hernández"",""number"":21,""pos"":""D""},{""id"":263482,""name"":""Nuno Mendes"",""number"":25,""pos"":""D""},{""id"":343027,""name"":""D. Doué"",""number"":14,""pos"":""M""},{""id"":328,""name"":""Fabián Ruiz"",""number"":8,""pos"":""M""},{""id"":927,""name"":""Lee Kang-In"",""number"":19,""pos"":""M""},{""id"":153,""name"":""O. Dembélé"",""number"":10,""pos"":""F""},{""id"":41585,""name"":""Gonçalo Ramos"",""number"":9,""pos"":""F""},{""id"":483,""name"":""K. Kvaratskhelia"",""number"":7,""pos"":""F""}]","[{""id"":161904,""name"":""B. Barcola"",""number"":29,""pos"":""F""},{""id"":128384,""name"":""Vitinha"",""number"":17,""pos"":""M""},{""id"":16367,""name"":""W. Pacho"",""number"":51,""pos"":""D""},{""id"":409216,""name"":""S. Mayulu"",""number"":24,""pos"":""M""},{""id"":746,""name"":""Marco Asensio"",""number"":11,""pos"":""F""},{""id"":262,""name"":""P. Kimpembe"",""number"":3,""pos"":""D""},{""id"":335051,""name"":""João Neves"",""number"":87,""pos"":""M""},{""id"":386285,""name"":""Y. Zague"",""number"":42,""pos"":""D""},{""id"":2068,""name"":""M. Safonov"",""number"":39,""pos"":""G""}]"
1213916,93,Reims,False,4-2-3-1,L. Elsner,11,9,"[{""id"":20566,""name"":""Y. Diouf"",""number"":94,""pos"":""G""},{""id"":8451,""name"":""Aurélio Buta"",""number"":23,""pos"":""D""},{""id"":343351,""name"":""V. Atangana Edoa"",""number"":6,""pos"":""D""},{""id"":19546,""name"":""C. Kipré"",""number"":21,""pos"":""D""},{""id"":47530,""name"":""Sergio Akieme"",""number"":18,""pos"":""D""},{""id"":3080,""name"":""M. Munetsi"",""number"":15,""pos"":""M""},{""id"":293297,""name"":""J. Patrick"",""number"":30,""pos"":""M""},{""id"":1942,""name"":""J. Ito"",""number"":7,""pos"":""M""},{""id"":8966,""name"":""T. Teuma"",""number"":10,""pos"":""M""},{""id"":33321,""name"":""K. Nakamura"",""number"":17,""pos"":""M""},{""id"":334429,""name"":""O. Diakité"",""number"":22,""pos"":""F""}]","[{""id"":352990,""name"":""A. Salama"",""number"":11,""pos"":""F""},{""id"":386481,""name"":""M. Diakhon"",""number"":67,""pos"":""F""},{""id"":389322,""name"":""N. Sangui"",""number"":55,""pos"":""D""},{""id"":420292,""name"":""H. Sekine"",""number"":3,""pos"":""D""},{""id"":394934,""name"":""I. Orazi"",""number"":73,""pos"":""F""},{""id"":437483,""name"":""M. Bamba"",""number"":63,""pos"":""M""},{""id"":21080,""name"":""A. Olliero"",""number"":20,""pos"":""G""},{""id"":505518,""name"":""E. Zabi"",""number"":86,""pos"":""M""},{""id"":442929,""name"":""Abdoul Koné"",""number"":92,""pos"":""D""}]"
1213913,111,Le Havre,True,4-2-3-1,D. Digard,11,9,"[{""id"":646,""name"":""M. Gorgelin"",""number"":1,""pos"":""G""},{""id"":2336,""name"":""L. Nego"",""number"":7,""pos"":""D""},{""id"":174927,""name"":""A. Sangante"",""number"":93,""pos"":""D""},{""id"":64255,""name"":""G. Lloris"",""number"":4,""pos"":""D""},{""id"":23637,""name"":""Y. Zouaoui"",""number"":18,""pos"":""D""},{""id"":128342,""name"":""R. Ndiaye"",""number"":19,""pos"":""M""},{""id"":284071,""name"":""O. Targhalline"",""number"":5,""pos"":""M""},{""id"":174915,""name"":""J. Casimir"",""number"":10,""pos"":""M""},{""id"":15783,""name"":""E. Sabbi"",""number"":11,""pos"":""M""},{""id"":156465,""name"":""I. Soumaré"",""number"":45,""pos"":""M""},{""id"":1370,""name"":""A. Ayew"",""number"":28,""pos"":""F""}]","[{""id"":386284,""name"":""M. Diawara"",""number"":34,""pos"":""M""},{""id"":1617,""name"":""Koka"",""number"":99,""pos"":""F""},{""id"":289304,""name"":""A. Joujou"",""number"":21,""pos"":""F""},{""id"":386275,""name"":""I. Housni"",""number"":46,""pos"":""F""},{""id"":20576,""name"":""Y. Salmier"",""number"":22,""pos"":""D""},{""id"":162067,""name"":""T. Pembélé"",""number"":32,""pos"":""D""},{""id"":174937,""name"":""Y. Kechta"",""number"":8,""pos"":""M""},{""id"":24011,""name"":""A. Desmas"",""number"":30,""pos"":""G""},{""id"":395765,""name"":""I. Bouneb"",""number"":44,""pos"":""M""}]"
1213913,106,Stade Brestois 29,False,4-2-3-1,E. Roy,11,9,"[{""id"":36878,""name"":""M. Bizot"",""number"":40,""pos"":""G""},{""id"":22247,""name"":""K. Lala"",""number"":7,""pos"":""D""},{""id"":20546,""name"":""B. Chardonnet"",""number"":5,""pos"":""D""},{""id"":162568,""name"":""S. Coulibaly"",""number"":44,""pos"":""D""},{""id"":422595,""name"":""L. Zogbé"",""number"":12,""pos"":""D""},{""id"":24147,""name"":""M. Camara"",""number"":45,""pos"":""M""},{""id"":20558,""name"":""H. Magnetti"",""number"":8,""pos"":""M""},{""id"":2214,""name"":""R. Del Castillo"",""number"":10,""pos"":""M""},{""id"":84082,""name"":""R. Faivre"",""number"":21,""pos"":""M""},{""id"":277191,""name"":""A. Sima"",""number"":17,""pos"":""M""},{""id"":22264,""name"":""L. Ajorque"",""number"":19,""pos"":""F""}]","[{""id"":41323,""name"":""Mama Baldé"",""number"":14,""pos"":""F""},{""id"":326068,""name"":""K. Doumbia"",""number"":9,""pos"":""M""},{""id"":203483,""name"":""A. Ndiaye"",""number"":3,""pos"":""D""},{""id"":30405,""name"":""E. Fernandes"",""number"":6,""pos"":""D""},{""id"":20780,""name"":""Mathias Pereira Lage"",""number"":26,""pos"":""M""},{""id"":375000,""name"":""I. Salah"",""number"":34,""pos"":""F""},{""id"":369556,""name"":""J. Bourgault"",""number"":18,""pos"":""D""},{""id"":21248,""name"":""G. Coudert"",""number"":30,""pos"":""G""},{""id"":22170,""name"":""P. Lees-Melou"",""number"":20,""pos"":""M""}]"
1213910,83,Nantes,True,4-2-3-1,A. Kombouare,11,9,"[{""id"":647,""name"":""Anthony Lopes"",""number"":16,""pos"":""G""},{""id"":22134,""name"":""K. Amian"",""number"":98,""pos"":""D""},{""id"":274328,""name"":""S. Sow"",""number"":24,""pos"":""D""},{""id"":21088,""name"":""N. Pallois"",""number"":4,""pos"":""D""},{""id"":21570,""name"":""N. Cozza"",""number"":3,""pos"":""D""},{""id"":20545,""name"":""J. Castelletto"",""number"":21,""pos"":""M""},{""id"":93671,""name"":""Pedro Chirivella"",""number"":5,""pos"":""M""},{""id"":443676,""name"":""H. Guirassy"",""number"":62,""pos"":""M""},{""id"":21582,""name"":""F. Mollet"",""number"":25,""pos"":""M""},{""id"":2781,""name"":""M. Simon"",""number"":27,""pos"":""M""},{""id"":161622,""name"":""M. Abline"",""number"":39,""pos"":""F""}]","[{""id"":2668,""name"":""Mostafa Mohamed"",""number"":31,""pos"":""F""},{""id"":21498,""name"":""M. Coco"",""number"":11,""pos"":""F""},{""id"":443674,""name"":""L. Leroux"",""number"":66,""pos"":""M""},{""id"":388779,""name"":""D. Assoumani"",""number"":59,""pos"":""M""},{""id"":3240,""name"":""J. Gbamin"",""number"":17,""pos"":""M""},{""id"":386438,""name"":""M. Acapandié"",""number"":41,""pos"":""D""},{""id"":20655,""name"":""J. Duverne"",""number"":2,""pos"":""D""},{""id"":15684,""name"":""P. Carlgren"",""number"":30,""pos"":""G""},{""id"":381665,""name"":""P. Nsingi"",""number"":58,""pos"":""F""}]"
1213910,80,Lyon,False,4-3-3,P. Sage,11,9,"[{""id"":80296,""name"":""Lucas Perri"",""number"":1,""pos"":""G""},{""id"":334914,""name"":""S. Kumbedi"",""number"":20,""pos"":""D""},{""id"":68,""name"":""Clinton Mata"",""number"":22,""pos"":""D""},{""id"":25916,""name"":""M. Niakhaté"",""number"":19,""pos"":""D""},{""id"":529,""name"":""N. Tagliafico"",""number"":3,""pos"":""D""},{""id"":30409,""name"":""J. Veretout"",""number"":7,""pos"":""M""},{""id"":902,""name"":""N. Matić"",""number"":31,""pos"":""M""},{""id"":519,""name"":""C. Tolisso"",""number"":8,""pos"":""M""},{""id"":156477,""name"":""R. Cherki"",""number"":18,""pos"":""F""},{""id"":1467,""name"":""A. Lacazette"",""number"":10,""pos"":""F""},{""id"":350856,""name"":""E. Nuamah"",""number"":37,""pos"":""F""}]","[{""id"":180496,""name"":""G. Mikautadze"",""number"":69,""pos"":""F""},{""id"":6067,""name"":""T. Almada"",""number"":23,""pos"":""M""},{""id"":1456,""name"":""A. Maitland-Niles"",""number"":98,""pos"":""M""},{""id"":162265,""name"":""W. Omari"",""number"":27,""pos"":""D""},{""id"":19361,""name"":""S. Benrahma"",""number"":17,""pos"":""F""},{""id"":1902,""name"":""D. Ćaleta-Car"",""number"":55,""pos"":""D""},{""id"":20762,""name"":""R. Descamps"",""number"":40,""pos"":""G""},{""id"":80752,""name"":""T. Tessmann"",""number"":15,""pos"":""M""},{""id"":9700,""name"":""Abner"",""number"":16,""pos"":""D""}]"
1213912,96,Toulouse,True,3-4-2-1,Carles Martínez,11,9,"[{""id"":325346,""name"":""G. Restes"",""number"":50,""pos"":""G""},{""id"":412759,""name"":""J. Canvot"",""number"":29,""pos"":""D""},{""id"":278392,""name"":""C. Cresswell"",""number"":4,""pos"":""D""},{""id"":50735,""name"":""M. McKenzie"",""number"":3,""pos"":""D""},{""id"":39115,""name"":""A. Dønnum"",""number"":15,""pos"":""M""},{""id"":36928,""name"":""D. Genreau"",""number"":5,""pos"":""M""},{""id"":50956,""name"":""C. Cásseres"",""number"":23,""pos"":""M""},{""id"":11421,""name"":""G. Suazo"",""number"":17,""pos"":""M""},{""id"":243,""name"":""Z. Aboukhlal"",""number"":7,""pos"":""F""},{""id"":84128,""name"":""Y. Gboho"",""number"":10,""pos"":""F""},{""id"":18881,""name"":""J. King"",""number"":13,""pos"":""F""}]","[{""id"":328648,""name"":""S. Babicka"",""number"":80,""pos"":""F""},{""id"":1369,""name"":""M. Zajc"",""number"":21,""pos"":""M""},{""id"":174724,""name"":""F. Magri"",""number"":9,""pos"":""F""},{""id"":334952,""name"":""R. Messali"",""number"":22,""pos"":""M""},{""id"":430816,""name"":""N. Edjouma"",""number"":31,""pos"":""F""},{""id"":367637,""name"":""Ü. Akdağ"",""number"":6,""pos"":""D""},{""id"":39104,""name"":""K. Haug"",""number"":16,""pos"":""G""},{""id"":264383,""name"":""W. Kamanzi"",""number"":12,""pos"":""D""},{""id"":461463,""name"":""M. Saka"",""number"":39,""pos"":""M""}]"
1213912,82,Montpellier,False,4-3-1-2,J. Gasset,11,9,"[{""id"":21566,""name"":""B. Lecomte"",""number"":40,""pos"":""G""},{""id"":179399,""name"":""E. Tchato"",""number"":29,""pos"":""D""},{""id"":3335,""name"":""K. Kouyaté"",""number"":4,""pos"":""D""},{""id"":20661,""name"":""M. Sagnan"",""number"":5,""pos"":""D""},{""id"":22141,""name"":""I. Sylla"",""number"":3,""pos"":""D""},{""id"":387120,""name"":""R. Nzingoula"",""number"":19,""pos"":""M""},{""id"":999,""name"":""B. Omeragić"",""number"":27,""pos"":""M""},{""id"":128287,""name"":""J. Chotard"",""number"":13,""pos"":""M""},{""id"":21443,""name"":""T. Savanier"",""number"":11,""pos"":""M""},{""id"":15286,""name"":""Mousa Al Ta'mari"",""number"":9,""pos"":""F""},{""id"":22102,""name"":""W. Khazri"",""number"":10,""pos"":""F""}]","[{""id"":21434,""name"":""T. Sainte-Luce"",""number"":17,""pos"":""D""},{""id"":399906,""name"":""O. Maamma"",""number"":14,""pos"":""F""},{""id"":326088,""name"":""K. Fayad"",""number"":22,""pos"":""M""},{""id"":20866,""name"":""B. Touré"",""number"":20,""pos"":""M""},{""id"":113581,""name"":""T. Coulibaly"",""number"":70,""pos"":""M""},{""id"":48636,""name"":""G. Barès"",""number"":15,""pos"":""M""},{""id"":350388,""name"":""Y. Mouanga"",""number"":47,""pos"":""D""},{""id"":21565,""name"":""D. Bertaud"",""number"":16,""pos"":""G""},{""id"":369676,""name"":""T. Chennahi"",""number"":44,""pos"":""M""}]"
1213915,116,Lens,True,5-3-2,W. Still,11,9,"[{""id"":2741,""name"":""M. Ryan"",""number"":30,""pos"":""G""},{""id"":3007,""name"":""P. Frankowski"",""number"":29,""pos"":""D""},{""id"":21635,""name"":""J. Gradit"",""number"":24,""pos"":""D""},{""id"":22166,""name"":""M. Sarr"",""number"":20,""pos"":""D""},{""id"":6231,""name"":""F. Medina"",""number"":14,""pos"":""D""},{""id"":21146,""name"":""A. Fulgini"",""number"":11,""pos"":""D""},{""id"":20761,""name"":""F. Sotoca"",""number"":7,""pos"":""M""},{""id"":22261,""name"":""A. Thomasson"",""number"":28,""pos"":""M""},{""id"":277003,""name"":""N. El Aynaoui"",""number"":23,""pos"":""M""},{""id"":31318,""name"":""M'Bala Nzola"",""number"":8,""pos"":""F""},{""id"":20817,""name"":""G. Koyalipou"",""number"":19,""pos"":""F""}]","[{""id"":2483,""name"":""D. Machado"",""number"":3,""pos"":""D""},{""id"":270509,""name"":""A. Diouf"",""number"":18,""pos"":""M""},{""id"":21715,""name"":""W. Saïd"",""number"":22,""pos"":""F""},{""id"":21568,""name"":""R. Aguilar"",""number"":2,""pos"":""D""},{""id"":129169,""name"":""A. Zaroury"",""number"":21,""pos"":""F""},{""id"":174607,""name"":""David Pereira da Costa"",""number"":10,""pos"":""M""},{""id"":18785,""name"":""N. Mendy"",""number"":26,""pos"":""M""},{""id"":237232,""name"":""H. Ojediran"",""number"":15,""pos"":""M""},{""id"":22220,""name"":""H. Koffi"",""number"":16,""pos"":""G""}]"
1213915,77,Angers,False,4-2-3-1,A. Dujeux,11,9,"[{""id"":64190,""name"":""Y. Fofana"",""number"":30,""pos"":""G""},{""id"":20850,""name"":""C. Arcus"",""number"":2,""pos"":""D""},{""id"":385569,""name"":""E. Biumla"",""number"":24,""pos"":""D""},{""id"":21381,""name"":""J. Lefort"",""number"":21,""pos"":""D""},{""id"":41146,""name"":""F. Hanin"",""number"":26,""pos"":""D""},{""id"":103,""name"":""J. Aholou"",""number"":6,""pos"":""M""},{""id"":20554,""name"":""H. Belkebla"",""number"":93,""pos"":""M""},{""id"":21618,""name"":""J. Allevinah"",""number"":18,""pos"":""M""},{""id"":20692,""name"":""H. Abdelli"",""number"":10,""pos"":""M""},{""id"":3177,""name"":""F. El Melali"",""number"":28,""pos"":""M""},{""id"":163004,""name"":""E. Lepaul"",""number"":19,""pos"":""F""}]","[{""id"":174660,""name"":""L. Raolisoa"",""number"":27,""pos"":""D""},{""id"":174708,""name"":""Y. Belkhdim"",""number"":14,""pos"":""M""},{""id"":343609,""name"":""J. Ekomié"",""number"":3,""pos"":""D""},{""id"":284072,""name"":""B. Dieng"",""number"":99,""pos"":""F""},{""id"":3175,""name"":""Z. Ferhat"",""number"":20,""pos"":""M""},{""id"":3379,""name"":""C. Hountondji"",""number"":22,""pos"":""D""},{""id"":3234,""name"":""A. Bamba"",""number"":25,""pos"":""D""},{""id"":21145,""name"":""P. Capelle"",""number"":15,""pos"":""M""},{""id"":174973,""name"":""M. Zinga"",""number"":16,""pos"":""G""}]"
1213917,84,Nice,True,3-4-2-1,F. Haise,11,9,"[{""id"":2274,""name"":""M. Bułka"",""number"":1,""pos"":""G""},{""id"":3099,""name"":""Y. Ndayishimiye"",""number"":55,""pos"":""D""},{""id"":22163,""name"":""Dante"",""number"":4,""pos"":""D""},{""id"":162465,""name"":""M. Bard"",""number"":26,""pos"":""D""},{""id"":25008,""name"":""J. Clauss"",""number"":92,""pos"":""M""},{""id"":4399,""name"":""H. Boudaoui"",""number"":6,""pos"":""M""},{""id"":21153,""name"":""B. Santamaría"",""number"":28,""pos"":""M""},{""id"":49583,""name"":""A. Abdi"",""number"":2,""pos"":""M""},{""id"":137303,""name"":""E. Guessand"",""number"":29,""pos"":""F""},{""id"":274312,""name"":""M. Cho"",""number"":25,""pos"":""F""},{""id"":21592,""name"":""G. Laborde"",""number"":24,""pos"":""F""}]","[{""id"":407017,""name"":""M. Bombito"",""number"":64,""pos"":""D""},{""id"":334879,""name"":""B. Bouanani"",""number"":19,""pos"":""M""},{""id"":193617,""name"":""T. Louchet"",""number"":20,""pos"":""M""},{""id"":662,""name"":""T. Ndombélé"",""number"":22,""pos"":""M""},{""id"":196343,""name"":""Mohamed Abdelmonem"",""number"":5,""pos"":""D""},{""id"":313937,""name"":""A. Mendy"",""number"":33,""pos"":""D""},{""id"":21079,""name"":""M. Dupé"",""number"":31,""pos"":""G""},{""id"":444561,""name"":""I. Camara"",""number"":36,""pos"":""M""},{""id"":161919,""name"":""Y. Moukoko"",""number"":15,""pos"":""F""}]"
1213917,81,Marseille,False,3-4-2-1,R. De Zerbi,11,9,"[{""id"":47296,""name"":""G. Rulli"",""number"":1,""pos"":""G""},{""id"":2973,""name"":""M. Murillo"",""number"":62,""pos"":""D""},{""id"":6,""name"":""L. Balerdi"",""number"":5,""pos"":""D""},{""id"":126757,""name"":""L. Brassier"",""number"":20,""pos"":""D""},{""id"":10077,""name"":""Luis Henrique"",""number"":44,""pos"":""M""},{""id"":21102,""name"":""V. Rongier"",""number"":21,""pos"":""M""},{""id"":2735,""name"":""P. Højbjerg"",""number"":23,""pos"":""M""},{""id"":272460,""name"":""Q. Merlin"",""number"":3,""pos"":""M""},{""id"":897,""name"":""M. Greenwood"",""number"":10,""pos"":""F""},{""id"":272,""name"":""A. Rabiot"",""number"":25,""pos"":""F""},{""id"":19364,""name"":""N. Maupay"",""number"":8,""pos"":""F""}]","[{""id"":278095,""name"":""J. Rowe"",""number"":17,""pos"":""F""},{""id"":435482,""name"":""R. Vaz"",""number"":34,""pos"":""F""},{""id"":30525,""name"":""Pol Lirola"",""number"":29,""pos"":""D""},{""id"":283216,""name"":""B. Nadir"",""number"":26,""pos"":""M""},{""id"":51295,""name"":""D. Cornelius"",""number"":13,""pos"":""D""},{""id"":36827,""name"":""J. de Lange"",""number"":12,""pos"":""G""},{""id"":943,""name"":""U. Garcia"",""number"":6,""pos"":""D""},{""id"":455245,""name"":""D. Bakola"",""number"":50,""pos"":""M""},{""id"":1847,""name"":""Luiz Felipe"",""number"":4,""pos"":""D""}]"
1213920,82,Montpellier,True,4-3-1-2,J. Gasset,11,9,"[{""id"":21566,""name"":""B. Lecomte"",""number"":40,""pos"":""G""},{""id"":179399,""name"":""E. Tchato"",""number"":29,""pos"":""D""},{""id"":3335,""name"":""K. Kouyaté"",""number"":4,""pos"":""D""},{""id"":20661,""name"":""M. Sagnan"",""number"":5,""pos"":""D""},{""id"":21434,""name"":""T. Sainte-Luce"",""number"":17,""pos"":""D""},{""id"":999,""name"":""B. Omeragić"",""number"":27,""pos"":""M""},{""id"":128287,""name"":""J. Chotard"",""number"":13,""pos"":""M""},{""id"":326088,""name"":""K. Fayad"",""number"":22,""pos"":""M""},{""id"":21443,""name"":""T. Savanier"",""number"":11,""pos"":""M""},{""id"":15286,""name"":""Mousa Al Ta'mari"",""number"":9,""pos"":""F""},{""id"":21591,""name"":""A. Delort"",""number"":7,""pos"":""F""}]","[{""id"":399906,""name"":""O. Maamma"",""number"":14,""pos"":""F""},{""id"":350388,""name"":""Y. Mouanga"",""number"":47,""pos"":""D""},{""id"":22102,""name"":""W. Khazri"",""number"":10,""pos"":""F""},{""id"":387120,""name"":""R. Nzingoula"",""number"":19,""pos"":""M""},{""id"":113581,""name"":""T. Coulibaly"",""number"":70,""pos"":""M""},{""id"":333118,""name"":""L. Mincarelli"",""number"":21,""pos"":""D""},{""id"":21565,""name"":""D. Bertaud"",""number"":16,""pos"":""G""},{""id"":349616,""name"":""N. Pays"",""number"":18,""pos"":""F""},{""id"":369676,""name"":""T. Chennahi"",""number"":44,""pos"":""M""}]"
1213920,116,Lens,False,5-3-2,W. Still,11,9,"[{""id"":2741,""name"":""M. Ryan"",""number"":30,""pos"":""G""},{""id"":3007,""name"":""P. Frankowski"",""number"":29,""pos"":""D""},{""id"":21635,""name"":""J. Gradit"",""number"":24,""pos"":""D""},{""id"":22166,""name"":""M. Sarr"",""number"":20,""pos"":""D""},{""id"":6231,""name"":""F. Medina"",""number"":14,""pos"":""D""},{""id"":2483,""name"":""D. Machado"",""number"":3,""pos"":""D""},{""id"":22261,""name"":""A. Thomasson"",""number"":28,""pos"":""M""},{""id"":277003,""name"":""N. El Aynaoui"",""number"":23,""pos"":""M""},{""id"":270509,""name"":""A. Diouf"",""number"":18,""pos"":""M""},{""id"":31318,""name"":""M'Bala Nzola"",""number"":8,""pos"":""F""},{""id"":20817,""name"":""G. Koyalipou"",""number"":19,""pos"":""F""}]","[{""id"":386852,""name"":""J. Agbonifo"",""number"":25,""pos"":""F""},{""id"":21146,""name"":""A. Fulgini"",""number"":11,""pos"":""M""},{""id"":21715,""name"":""W. Saïd"",""number"":22,""pos"":""F""},{""id"":449509,""name"":""J. Bah"",""number"":27,""pos"":""D""},{""id"":237232,""name"":""H. Ojediran"",""number"":15,""pos"":""M""},{""id"":129169,""name"":""A. Zaroury"",""number"":21,""pos"":""F""},{""id"":441264,""name"":""K. Antonio"",""number"":33,""pos"":""D""},{""id"":326976,""name"":""T. Pouilly"",""number"":34,""pos"":""M""},{""id"":437143,""name"":""A. Delplace"",""number"":50,""pos"":""G""}]"
1213919,106,Stade Brestois 29,True,4-2-3-1,E. Roy,11,9,"[{""id"":36878,""name"":""M. Bizot"",""number"":40,""pos"":""G""},{""id"":22247,""name"":""K. Lala"",""number"":7,""pos"":""D""},{""id"":20546,""name"":""B. Chardonnet"",""number"":5,""pos"":""D""},{""id"":203483,""name"":""A. Ndiaye"",""number"":3,""pos"":""D""},{""id"":422595,""name"":""L. Zogbé"",""number"":12,""pos"":""D""},{""id"":24147,""name"":""M. Camara"",""number"":45,""pos"":""M""},{""id"":22170,""name"":""P. Lees-Melou"",""number"":20,""pos"":""M""},{""id"":2214,""name"":""R. Del Castillo"",""number"":10,""pos"":""M""},{""id"":84082,""name"":""R. Faivre"",""number"":21,""pos"":""M""},{""id"":277191,""name"":""A. Sima"",""number"":17,""pos"":""M""},{""id"":22264,""name"":""L. Ajorque"",""number"":19,""pos"":""F""}]","[{""id"":41323,""name"":""Mama Baldé"",""number"":14,""pos"":""F""},{""id"":326068,""name"":""K. Doumbia"",""number"":9,""pos"":""M""},{""id"":20558,""name"":""H. Magnetti"",""number"":8,""pos"":""M""},{""id"":30405,""name"":""E. Fernandes"",""number"":6,""pos"":""D""},{""id"":375000,""name"":""I. Salah"",""number"":34,""pos"":""F""},{""id"":21248,""name"":""G. Coudert"",""number"":30,""pos"":""G""},{""id"":20780,""name"":""Mathias Pereira Lage"",""number"":26,""pos"":""M""},{""id"":162568,""name"":""S. Coulibaly"",""number"":44,""pos"":""D""},{""id"":85914,""name"":""J. Le Cardinal"",""number"":25,""pos"":""D""}]"
1213919,85,Paris Saint Germain,False,4-3-3,Luis Enrique,11,9,"[{""id"":1622,""name"":""G. Donnarumma"",""number"":1,""pos"":""G""},{""id"":9,""name"":""A. Hakimi"",""number"":2,""pos"":""D""},{""id"":257,""name"":""Marquinhos"",""number"":5,""pos"":""D""},{""id"":16367,""name"":""W. Pacho"",""number"":51,""pos"":""D""},{""id"":263482,""name"":""Nuno Mendes"",""number"":25,""pos"":""D""},{""id"":927,""name"":""Lee Kang-In"",""number"":19,""pos"":""M""},{""id"":128384,""name"":""Vitinha"",""number"":17,""pos"":""M""},{""id"":328,""name"":""Fabián Ruiz"",""number"":8,""pos"":""M""},{""id"":161904,""name"":""B. Barcola"",""number"":29,""pos"":""F""},{""id"":153,""name"":""O. Dembélé"",""number"":10,""pos"":""F""},{""id"":483,""name"":""K. Kvaratskhelia"",""number"":7,""pos"":""F""}]","[{""id"":343027,""name"":""D. Doué"",""number"":14,""pos"":""F""},{""id"":41585,""name"":""Gonçalo Ramos"",""number"":9,""pos"":""F""},{""id"":33,""name"":""L. Hernández"",""number"":21,""pos"":""D""},{""id"":409216,""name"":""S. Mayulu"",""number"":24,""pos"":""M""},{""id"":307835,""name"":""Beraldo"",""number"":35,""pos"":""D""},{""id"":2068,""name"":""M. Safonov"",""number"":39,""pos"":""G""},{""id"":386285,""name"":""Y. Zague"",""number"":42,""pos"":""D""},{""id"":746,""name"":""Marco Asensio"",""number"":11,""pos"":""F""},{""id"":262,""name"":""P. Kimpembe"",""number"":3,""pos"":""D""}]"
1213926,91,Monaco,True,4-2-3-1,A. Hütter,11,9,"[{""id"":40384,""name"":""R. Majecki"",""number"":1,""pos"":""G""},{""id"":291649,""name"":""Vanderson"",""number"":2,""pos"":""D""},{""id"":261,""name"":""T. Kehrer"",""number"":5,""pos"":""D""},{""id"":47480,""name"":""M. Salisu"",""number"":22,""pos"":""D""},{""id"":371916,""name"":""C. Mawissa"",""number"":13,""pos"":""D""},{""id"":374058,""name"":""L. Camara"",""number"":15,""pos"":""M""},{""id"":2810,""name"":""D. Zakaria"",""number"":6,""pos"":""M""},{""id"":274300,""name"":""M. Akliouche"",""number"":11,""pos"":""M""},{""id"":1101,""name"":""T. Minamino"",""number"":18,""pos"":""M""},{""id"":109,""name"":""A. Golovin"",""number"":10,""pos"":""M""},{""id"":283026,""name"":""M. Biereth"",""number"":14,""pos"":""F""}]","[{""id"":421,""name"":""B. Embolo"",""number"":36,""pos"":""F""},{""id"":326176,""name"":""S. Magassa"",""number"":88,""pos"":""M""},{""id"":10316,""name"":""Caio Henrique"",""number"":12,""pos"":""D""},{""id"":81,""name"":""K. Diatta"",""number"":27,""pos"":""M""},{""id"":343320,""name"":""E. Ben Seghir"",""number"":7,""pos"":""M""},{""id"":343319,""name"":""L. Michal"",""number"":41,""pos"":""F""},{""id"":7313,""name"":""P. Köhn"",""number"":16,""pos"":""G""},{""id"":333137,""name"":""K. Ouattara"",""number"":20,""pos"":""D""},{""id"":419035,""name"":""M. Coulibaly"",""number"":28,""pos"":""M""}]"
1213926,108,Auxerre,False,5-4-1,C. Pélissier,11,9,"[{""id"":20542,""name"":""D. Léon"",""number"":16,""pos"":""G""},{""id"":191392,""name"":""P. Joly"",""number"":26,""pos"":""D""},{""id"":162466,""name"":""S. Diomandé"",""number"":20,""pos"":""D""},{""id"":41300,""name"":""Jubal"",""number"":4,""pos"":""D""},{""id"":191189,""name"":""C. Akpa"",""number"":92,""pos"":""D""},{""id"":7578,""name"":""G. Mensah"",""number"":14,""pos"":""D""},{""id"":20732,""name"":""G. Perrin"",""number"":10,""pos"":""M""},{""id"":21010,""name"":""E. Owusu"",""number"":42,""pos"":""M""},{""id"":110,""name"":""H. Massengo"",""number"":80,""pos"":""M""},{""id"":31057,""name"":""H. Traoré"",""number"":25,""pos"":""M""},{""id"":90617,""name"":""L. Sinayoko"",""number"":17,""pos"":""F""}]","[{""id"":285,""name"":""K. Hoever"",""number"":23,""pos"":""D""},{""id"":30748,""name"":""A. Dioussé"",""number"":18,""pos"":""M""},{""id"":32940,""name"":""A. Onaiwu"",""number"":45,""pos"":""F""},{""id"":20782,""name"":""F. Ayé"",""number"":19,""pos"":""F""},{""id"":215827,""name"":""F. Oppegård"",""number"":12,""pos"":""D""},{""id"":129671,""name"":""S. Agouzoul"",""number"":6,""pos"":""D""},{""id"":20206,""name"":""G. Osho"",""number"":3,""pos"":""D""},{""id"":51293,""name"":""T. Bair"",""number"":9,""pos"":""F""},{""id"":193681,""name"":""T. De Percin"",""number"":40,""pos"":""G""}]"
1213921,79,Lille,True,4-2-3-1,B. Génésio,11,9,"[{""id"":162453,""name"":""L. Chevalier"",""number"":30,""pos"":""G""},{""id"":1567,""name"":""A. Mandi"",""number"":2,""pos"":""D""},{""id"":22136,""name"":""B. Diakité"",""number"":18,""pos"":""D""},{""id"":142691,""name"":""Alexsandro Ribeiro"",""number"":4,""pos"":""D""},{""id"":47969,""name"":""G. Gudmundsson"",""number"":5,""pos"":""D""},{""id"":375598,""name"":""N. Mukau"",""number"":17,""pos"":""M""},{""id"":18765,""name"":""André Gomes"",""number"":26,""pos"":""M""},{""id"":22093,""name"":""R. Cabella"",""number"":10,""pos"":""M""},{""id"":896,""name"":""A. Gomes"",""number"":8,""pos"":""M""},{""id"":67889,""name"":""H. Haraldsson"",""number"":7,""pos"":""M""},{""id"":8489,""name"":""J. David"",""number"":9,""pos"":""F""}]","[{""id"":99576,""name"":""O. Sahraoui"",""number"":11,""pos"":""F""},{""id"":264,""name"":""T. Meunier"",""number"":12,""pos"":""D""},{""id"":386287,""name"":""E. Mbappé"",""number"":29,""pos"":""M""},{""id"":530,""name"":""M. Bakker"",""number"":20,""pos"":""D""},{""id"":368065,""name"":""Y. Lachaab"",""number"":33,""pos"":""F""},{""id"":486136,""name"":""I. Cossier"",""number"":35,""pos"":""D""},{""id"":51146,""name"":""V. Mannone"",""number"":1,""pos"":""G""},{""id"":438688,""name"":""A. Bouaddi"",""number"":32,""pos"":""M""},{""id"":21483,""name"":""M. Caillard"",""number"":16,""pos"":""G""}]"
1213921,1063,Saint Etienne,False,4-3-3,E. Horneland,11,8,"[{""id"":20541,""name"":""G. Larsonneur"",""number"":30,""pos"":""G""},{""id"":1407,""name"":""D. Appiah"",""number"":8,""pos"":""D""},{""id"":8445,""name"":""D. Batubinsika"",""number"":21,""pos"":""D""},{""id"":22087,""name"":""M. Nadé"",""number"":3,""pos"":""D""},{""id"":157146,""name"":""L. Pétrot"",""number"":19,""pos"":""D""},{""id"":274355,""name"":""B. Bouchouari"",""number"":6,""pos"":""M""},{""id"":278232,""name"":""P. Ekwah"",""number"":4,""pos"":""M""},{""id"":289555,""name"":""L. Mouton"",""number"":14,""pos"":""M""},{""id"":8683,""name"":""I. Cardona"",""number"":7,""pos"":""F""},{""id"":322560,""name"":""L. Stassin"",""number"":32,""pos"":""F""},{""id"":24743,""name"":""Z. Davitashvili"",""number"":22,""pos"":""F""}]","[{""id"":337426,""name"":""A. Boakye"",""number"":20,""pos"":""F""},{""id"":2704,""name"":""Y. Abdelhamid"",""number"":5,""pos"":""D""},{""id"":24284,""name"":""Y. Maçon"",""number"":27,""pos"":""D""},{""id"":107199,""name"":""P. Cornud"",""number"":17,""pos"":""D""},{""id"":489911,""name"":""D. N´Guessan"",""number"":63,""pos"":""F""},{""id"":20736,""name"":""B. Maubleu"",""number"":1,""pos"":""G""},{""id"":20861,""name"":""L. Fomba"",""number"":26,""pos"":""M""},{""id"":363053,""name"":""I. Miladinović"",""number"":28,""pos"":""M""}]"
1213924,96,Toulouse,True,3-4-2-1,Carles Martínez,11,9,"[{""id"":325346,""name"":""G. Restes"",""number"":50,""pos"":""G""},{""id"":50735,""name"":""M. McKenzie"",""number"":3,""pos"":""D""},{""id"":367637,""name"":""Ü. Akdağ"",""number"":6,""pos"":""D""},{""id"":11421,""name"":""G. Suazo"",""number"":17,""pos"":""D""},{""id"":264383,""name"":""W. Kamanzi"",""number"":12,""pos"":""M""},{""id"":412759,""name"":""J. Canvot"",""number"":29,""pos"":""M""},{""id"":50956,""name"":""C. Cásseres"",""number"":23,""pos"":""M""},{""id"":39115,""name"":""A. Dønnum"",""number"":15,""pos"":""M""},{""id"":243,""name"":""Z. Aboukhlal"",""number"":7,""pos"":""F""},{""id"":84128,""name"":""Y. Gboho"",""number"":10,""pos"":""F""},{""id"":174724,""name"":""F. Magri"",""number"":9,""pos"":""F""}]","[{""id"":328648,""name"":""S. Babicka"",""number"":80,""pos"":""F""},{""id"":1369,""name"":""M. Zajc"",""number"":21,""pos"":""M""},{""id"":18881,""name"":""J. King"",""number"":13,""pos"":""F""},{""id"":334952,""name"":""R. Messali"",""number"":22,""pos"":""M""},{""id"":366572,""name"":""E. Zuliani"",""number"":37,""pos"":""M""},{""id"":461463,""name"":""M. Saka"",""number"":39,""pos"":""M""},{""id"":452697,""name"":""D. Methalie"",""number"":24,""pos"":""D""},{""id"":15793,""name"":""R. Nicolaisen"",""number"":2,""pos"":""D""},{""id"":39104,""name"":""K. Haug"",""number"":16,""pos"":""G""}]"
1213924,84,Nice,False,3-4-2-1,F. Haise,11,9,"[{""id"":2274,""name"":""M. Bułka"",""number"":1,""pos"":""G""},{""id"":3099,""name"":""Y. Ndayishimiye"",""number"":55,""pos"":""D""},{""id"":22163,""name"":""Dante"",""number"":4,""pos"":""D""},{""id"":162465,""name"":""M. Bard"",""number"":26,""pos"":""D""},{""id"":25008,""name"":""J. Clauss"",""number"":92,""pos"":""M""},{""id"":4399,""name"":""H. Boudaoui"",""number"":6,""pos"":""M""},{""id"":21153,""name"":""B. Santamaría"",""number"":28,""pos"":""M""},{""id"":49583,""name"":""A. Abdi"",""number"":2,""pos"":""M""},{""id"":137303,""name"":""E. Guessand"",""number"":29,""pos"":""F""},{""id"":274312,""name"":""M. Cho"",""number"":25,""pos"":""F""},{""id"":21592,""name"":""G. Laborde"",""number"":24,""pos"":""F""}]","[{""id"":407017,""name"":""M. Bombito"",""number"":64,""pos"":""D""},{""id"":107,""name"":""S. Diop"",""number"":10,""pos"":""M""},{""id"":334879,""name"":""B. Bouanani"",""number"":19,""pos"":""M""},{""id"":313937,""name"":""A. Mendy"",""number"":33,""pos"":""D""},{""id"":161919,""name"":""Y. Moukoko"",""number"":15,""pos"":""F""},{""id"":196343,""name"":""Mohamed Abdelmonem"",""number"":5,""pos"":""D""},{""id"":193617,""name"":""T. Louchet"",""number"":20,""pos"":""M""},{""id"":477124,""name"":""V. Orakpo"",""number"":45,""pos"":""F""},{""id"":21079,""name"":""M. Dupé"",""number"":31,""pos"":""G""}]"
1213923,77,Angers,True,4-2-3-1,A. Dujeux,11,9,"[{""id"":64190,""name"":""Y. Fofana"",""number"":30,""pos"":""G""},{""id"":174660,""name"":""L. Raolisoa"",""number"":27,""pos"":""D""},{""id"":385569,""name"":""E. Biumla"",""number"":24,""pos"":""D""},{""id"":21381,""name"":""J. Lefort"",""number"":21,""pos"":""D""},{""id"":41146,""name"":""F. Hanin"",""number"":26,""pos"":""D""},{""id"":103,""name"":""J. Aholou"",""number"":6,""pos"":""M""},{""id"":20554,""name"":""H. Belkebla"",""number"":93,""pos"":""M""},{""id"":21618,""name"":""J. Allevinah"",""number"":18,""pos"":""M""},{""id"":20692,""name"":""H. Abdelli"",""number"":10,""pos"":""M""},{""id"":3177,""name"":""F. El Melali"",""number"":28,""pos"":""M""},{""id"":163004,""name"":""E. Lepaul"",""number"":19,""pos"":""F""}]","[{""id"":3234,""name"":""A. Bamba"",""number"":25,""pos"":""D""},{""id"":20537,""name"":""I. Niane"",""number"":7,""pos"":""F""},{""id"":3175,""name"":""Z. Ferhat"",""number"":20,""pos"":""M""},{""id"":405074,""name"":""J. Kalumba"",""number"":17,""pos"":""F""},{""id"":174708,""name"":""Y. Belkhdim"",""number"":14,""pos"":""M""},{""id"":21145,""name"":""P. Capelle"",""number"":15,""pos"":""M""},{""id"":174973,""name"":""M. Zinga"",""number"":16,""pos"":""G""},{""id"":425207,""name"":""M. Courcoul"",""number"":5,""pos"":""D""},{""id"":20725,""name"":""J. Lopy"",""number"":8,""pos"":""M""}]"
1213923,111,Le Havre,False,4-1-4-1,D. Digard,11,9,"[{""id"":646,""name"":""M. Gorgelin"",""number"":1,""pos"":""G""},{""id"":2336,""name"":""L. Nego"",""number"":7,""pos"":""D""},{""id"":174927,""name"":""A. Sangante"",""number"":93,""pos"":""D""},{""id"":64255,""name"":""G. Lloris"",""number"":4,""pos"":""D""},{""id"":105,""name"":""F. Ballo-Touré"",""number"":97,""pos"":""D""},{""id"":162443,""name"":""É. Youté"",""number"":6,""pos"":""M""},{""id"":174915,""name"":""J. Casimir"",""number"":10,""pos"":""M""},{""id"":386284,""name"":""M. Diawara"",""number"":34,""pos"":""M""},{""id"":174937,""name"":""Y. Kechta"",""number"":8,""pos"":""M""},{""id"":289304,""name"":""A. Joujou"",""number"":21,""pos"":""M""},{""id"":1617,""name"":""Koka"",""number"":99,""pos"":""F""}]","[{""id"":23637,""name"":""Y. Zouaoui"",""number"":18,""pos"":""D""},{""id"":156465,""name"":""I. Soumaré"",""number"":45,""pos"":""F""},{""id"":1370,""name"":""A. Ayew"",""number"":28,""pos"":""F""},{""id"":128342,""name"":""R. Ndiaye"",""number"":19,""pos"":""M""},{""id"":20576,""name"":""Y. Salmier"",""number"":22,""pos"":""D""},{""id"":24201,""name"":""A. Confais"",""number"":25,""pos"":""M""},{""id"":162067,""name"":""T. Pembélé"",""number"":32,""pos"":""D""},{""id"":15783,""name"":""E. Sabbi"",""number"":11,""pos"":""F""},{""id"":24011,""name"":""A. Desmas"",""number"":30,""pos"":""G""}]"
1213922,93,Reims,True,4-2-3-1,L. Elsner,11,9,"[{""id"":20566,""name"":""Y. Diouf"",""number"":94,""pos"":""G""},{""id"":8451,""name"":""Aurélio Buta"",""number"":23,""pos"":""D""},{""id"":71545,""name"":""J. Okumu"",""number"":2,""pos"":""D""},{""id"":19546,""name"":""C. Kipré"",""number"":21,""pos"":""D""},{""id"":47530,""name"":""Sergio Akieme"",""number"":18,""pos"":""D""},{""id"":343351,""name"":""V. Atangana Edoa"",""number"":6,""pos"":""M""},{""id"":293297,""name"":""J. Patrick"",""number"":30,""pos"":""M""},{""id"":1942,""name"":""J. Ito"",""number"":7,""pos"":""M""},{""id"":3080,""name"":""M. Munetsi"",""number"":15,""pos"":""M""},{""id"":33321,""name"":""K. Nakamura"",""number"":17,""pos"":""M""},{""id"":352990,""name"":""A. Salama"",""number"":11,""pos"":""F""}]","[{""id"":389322,""name"":""N. Sangui"",""number"":55,""pos"":""D""},{""id"":386481,""name"":""M. Diakhon"",""number"":67,""pos"":""F""},{""id"":454432,""name"":""N. Sissoko"",""number"":74,""pos"":""F""},{""id"":505518,""name"":""E. Zabi"",""number"":86,""pos"":""M""},{""id"":394934,""name"":""I. Orazi"",""number"":73,""pos"":""F""},{""id"":437482,""name"":""Amadou Koné"",""number"":72,""pos"":""M""},{""id"":414188,""name"":""M. Jeng"",""number"":31,""pos"":""D""},{""id"":21080,""name"":""A. Olliero"",""number"":20,""pos"":""G""},{""id"":420292,""name"":""H. Sekine"",""number"":3,""pos"":""D""}]"
1213922,83,Nantes,False,4-3-3,A. Kombouare,11,9,"[{""id"":647,""name"":""Anthony Lopes"",""number"":16,""pos"":""G""},{""id"":21498,""name"":""M. Coco"",""number"":11,""pos"":""D""},{""id"":274328,""name"":""S. Sow"",""number"":24,""pos"":""D""},{""id"":21088,""name"":""N. Pallois"",""number"":4,""pos"":""D""},{""id"":21570,""name"":""N. Cozza"",""number"":3,""pos"":""D""},{""id"":20545,""name"":""J. Castelletto"",""number"":21,""pos"":""M""},{""id"":93671,""name"":""Pedro Chirivella"",""number"":5,""pos"":""M""},{""id"":193952,""name"":""J. Lepenant"",""number"":8,""pos"":""M""},{""id"":161622,""name"":""M. Abline"",""number"":39,""pos"":""F""},{""id"":2668,""name"":""Mostafa Mohamed"",""number"":31,""pos"":""F""},{""id"":2781,""name"":""M. Simon"",""number"":27,""pos"":""F""}]","[{""id"":388779,""name"":""D. Assoumani"",""number"":59,""pos"":""M""},{""id"":22134,""name"":""K. Amian"",""number"":98,""pos"":""D""},{""id"":3240,""name"":""J. Gbamin"",""number"":17,""pos"":""M""},{""id"":443676,""name"":""H. Guirassy"",""number"":62,""pos"":""F""},{""id"":443674,""name"":""L. Leroux"",""number"":66,""pos"":""M""},{""id"":174727,""name"":""H. Barbet"",""number"":50,""pos"":""G""},{""id"":386438,""name"":""M. Acapandié"",""number"":41,""pos"":""D""},{""id"":21582,""name"":""F. Mollet"",""number"":25,""pos"":""M""},{""id"":15684,""name"":""P. Carlgren"",""number"":30,""pos"":""G""}]"
1213925,94,Rennes,True,3-4-3,H. Beye,11,9,"[{""id"":21628,""name"":""B. Samba"",""number"":1,""pos"":""G""},{""id"":30423,""name"":""H. Hateboer"",""number"":33,""pos"":""D""},{""id"":20916,""name"":""C. Wooh"",""number"":4,""pos"":""D""},{""id"":126757,""name"":""L. Brassier"",""number"":5,""pos"":""D""},{""id"":180731,""name"":""L. Assignon"",""number"":22,""pos"":""M""},{""id"":328074,""name"":""J. James"",""number"":17,""pos"":""M""},{""id"":343792,""name"":""D. Cissé"",""number"":38,""pos"":""M""},{""id"":162267,""name"":""A. Truffert"",""number"":3,""pos"":""M""},{""id"":21497,""name"":""L. Blas"",""number"":11,""pos"":""F""},{""id"":33253,""name"":""K. Furuhashi"",""number"":7,""pos"":""F""},{""id"":147831,""name"":""A. Kalimuendo"",""number"":9,""pos"":""F""}]","[{""id"":152418,""name"":""N. Ahamada"",""number"":32,""pos"":""M""},{""id"":449662,""name"":""M. Meïté"",""number"":62,""pos"":""F""},{""id"":237249,""name"":""M. Faye"",""number"":15,""pos"":""D""},{""id"":345748,""name"":""C. Gómez"",""number"":20,""pos"":""F""},{""id"":438281,""name"":""A. Nagida"",""number"":18,""pos"":""D""},{""id"":18967,""name"":""L. Østigård"",""number"":55,""pos"":""D""},{""id"":445604,""name"":""J. Coulibaly"",""number"":61,""pos"":""M""},{""id"":417830,""name"":""A. Aït Boudlal"",""number"":48,""pos"":""D""},{""id"":1897,""name"":""S. Mandanda"",""number"":30,""pos"":""G""}]"
1213925,95,Strasbourg,False,3-4-3,L. Rosenior,11,9,"[{""id"":118307,""name"":""Đ. Petrović"",""number"":1,""pos"":""G""},{""id"":276184,""name"":""M. Sarr"",""number"":23,""pos"":""D""},{""id"":147835,""name"":""A. Omobamidele"",""number"":2,""pos"":""D""},{""id"":271542,""name"":""I. Doukouré"",""number"":29,""pos"":""D""},{""id"":161747,""name"":""G. Doué"",""number"":22,""pos"":""M""},{""id"":327631,""name"":""H. Diarra"",""number"":19,""pos"":""M""},{""id"":305834,""name"":""Andrey Santos"",""number"":8,""pos"":""M""},{""id"":335056,""name"":""Diego Moreira"",""number"":7,""pos"":""M""},{""id"":358166,""name"":""A. Ouattara"",""number"":42,""pos"":""F""},{""id"":203762,""name"":""E. Emegha"",""number"":10,""pos"":""F""},{""id"":325594,""name"":""F. Lemaréchal"",""number"":6,""pos"":""F""}]","[{""id"":190686,""name"":""S. Mara"",""number"":14,""pos"":""F""},{""id"":369885,""name"":""J. Sebas"",""number"":40,""pos"":""F""},{""id"":2259,""name"":""E. Sobol"",""number"":77,""pos"":""D""},{""id"":415431,""name"":""S. El Mourabet"",""number"":39,""pos"":""M""},{""id"":438752,""name"":""P. Diong"",""number"":17,""pos"":""M""},{""id"":191240,""name"":""M. Senaya"",""number"":28,""pos"":""D""},{""id"":2850,""name"":""K. Johnsson"",""number"":30,""pos"":""G""},{""id"":437760,""name"":""R. Messi"",""number"":47,""pos"":""F""},{""id"":364810,""name"":""A. Sylla"",""number"":5,""pos"":""D""}]"
1213918,81,Marseille,True,3-4-2-1,R. De Zerbi,11,9,"[{""id"":47296,""name"":""G. Rulli"",""number"":1,""pos"":""G""},{""id"":2973,""name"":""M. Murillo"",""number"":62,""pos"":""D""},{""id"":6,""name"":""L. Balerdi"",""number"":5,""pos"":""D""},{""id"":51295,""name"":""D. Cornelius"",""number"":13,""pos"":""D""},{""id"":10077,""name"":""Luis Henrique"",""number"":44,""pos"":""M""},{""id"":21102,""name"":""V. Rongier"",""number"":21,""pos"":""M""},{""id"":2735,""name"":""P. Højbjerg"",""number"":23,""pos"":""M""},{""id"":272460,""name"":""Q. Merlin"",""number"":3,""pos"":""M""},{""id"":283216,""name"":""B. Nadir"",""number"":26,""pos"":""F""},{""id"":272,""name"":""A. Rabiot"",""number"":25,""pos"":""F""},{""id"":897,""name"":""M. Greenwood"",""number"":10,""pos"":""F""}]","[{""id"":85041,""name"":""A. Gouiri"",""number"":9,""pos"":""F""},{""id"":30525,""name"":""Pol Lirola"",""number"":29,""pos"":""D""},{""id"":943,""name"":""U. Garcia"",""number"":6,""pos"":""D""},{""id"":19364,""name"":""N. Maupay"",""number"":8,""pos"":""F""},{""id"":455245,""name"":""D. Bakola"",""number"":50,""pos"":""M""},{""id"":278095,""name"":""J. Rowe"",""number"":17,""pos"":""F""},{""id"":36827,""name"":""J. de Lange"",""number"":12,""pos"":""G""},{""id"":1847,""name"":""Luiz Felipe"",""number"":4,""pos"":""D""},{""id"":435482,""name"":""R. Vaz"",""number"":34,""pos"":""F""}]"
1213918,80,Lyon,False,4-2-3-1,Paulo Fonseca,11,9,"[{""id"":80296,""name"":""Lucas Perri"",""number"":1,""pos"":""G""},{""id"":334914,""name"":""S. Kumbedi"",""number"":20,""pos"":""D""},{""id"":68,""name"":""Clinton Mata"",""number"":22,""pos"":""D""},{""id"":25916,""name"":""M. Niakhaté"",""number"":19,""pos"":""D""},{""id"":529,""name"":""N. Tagliafico"",""number"":3,""pos"":""D""},{""id"":902,""name"":""N. Matić"",""number"":31,""pos"":""M""},{""id"":30409,""name"":""J. Veretout"",""number"":7,""pos"":""M""},{""id"":156477,""name"":""R. Cherki"",""number"":18,""pos"":""M""},{""id"":519,""name"":""C. Tolisso"",""number"":8,""pos"":""M""},{""id"":350856,""name"":""E. Nuamah"",""number"":37,""pos"":""M""},{""id"":1467,""name"":""A. Lacazette"",""number"":10,""pos"":""F""}]","[{""id"":180496,""name"":""G. Mikautadze"",""number"":69,""pos"":""F""},{""id"":80752,""name"":""T. Tessmann"",""number"":15,""pos"":""M""},{""id"":6067,""name"":""T. Almada"",""number"":23,""pos"":""M""},{""id"":1456,""name"":""A. Maitland-Niles"",""number"":98,""pos"":""M""},{""id"":9700,""name"":""Abner"",""number"":16,""pos"":""D""},{""id"":20762,""name"":""R. Descamps"",""number"":40,""pos"":""G""},{""id"":471106,""name"":""E. Molébé"",""number"":29,""pos"":""F""},{""id"":162265,""name"":""W. Omari"",""number"":27,""pos"":""D""},{""id"":1902,""name"":""D. Ćaleta-Car"",""number"":55,""pos"":""D""}]"
1213928,83,Nantes,True,4-3-3,A. Kombouare,11,9,"[{""id"":647,""name"":""Anthony Lopes"",""number"":16,""pos"":""G""},{""id"":21498,""name"":""M. Coco"",""number"":11,""pos"":""D""},{""id"":274328,""name"":""S. Sow"",""number"":24,""pos"":""D""},{""id"":20545,""name"":""J. Castelletto"",""number"":21,""pos"":""D""},{""id"":21570,""name"":""N. Cozza"",""number"":3,""pos"":""D""},{""id"":193952,""name"":""J. Lepenant"",""number"":8,""pos"":""M""},{""id"":93671,""name"":""Pedro Chirivella"",""number"":5,""pos"":""M""},{""id"":10036,""name"":""Douglas Augusto"",""number"":6,""pos"":""M""},{""id"":161622,""name"":""M. Abline"",""number"":39,""pos"":""F""},{""id"":2668,""name"":""Mostafa Mohamed"",""number"":31,""pos"":""F""},{""id"":2781,""name"":""M. Simon"",""number"":27,""pos"":""F""}]","[{""id"":3034,""name"":""M. Elia"",""number"":17,""pos"":""F""},{""id"":22134,""name"":""K. Amian"",""number"":98,""pos"":""D""},{""id"":443676,""name"":""H. Guirassy"",""number"":62,""pos"":""F""},{""id"":21582,""name"":""F. Mollet"",""number"":25,""pos"":""M""},{""id"":388779,""name"":""D. Assoumani"",""number"":59,""pos"":""M""},{""id"":18599,""name"":""S. Thomas"",""number"":22,""pos"":""M""},{""id"":443674,""name"":""L. Leroux"",""number"":66,""pos"":""M""},{""id"":392569,""name"":""S. Doucouré"",""number"":72,""pos"":""D""},{""id"":15684,""name"":""P. Carlgren"",""number"":30,""pos"":""G""}]"
1213928,106,Stade Brestois 29,False,4-3-3,E. Roy,11,9,"[{""id"":36878,""name"":""M. Bizot"",""number"":40,""pos"":""G""},{""id"":22247,""name"":""K. Lala"",""number"":7,""pos"":""D""},{""id"":20546,""name"":""B. Chardonnet"",""number"":5,""pos"":""D""},{""id"":203483,""name"":""A. Ndiaye"",""number"":3,""pos"":""D""},{""id"":3333,""name"":""M. Haïdara"",""number"":22,""pos"":""D""},{""id"":24147,""name"":""M. Camara"",""number"":45,""pos"":""M""},{""id"":22170,""name"":""P. Lees-Melou"",""number"":20,""pos"":""M""},{""id"":20558,""name"":""H. Magnetti"",""number"":8,""pos"":""M""},{""id"":84082,""name"":""R. Faivre"",""number"":21,""pos"":""F""},{""id"":22264,""name"":""L. Ajorque"",""number"":19,""pos"":""F""},{""id"":277191,""name"":""A. Sima"",""number"":17,""pos"":""F""}]","[{""id"":20780,""name"":""Mathias Pereira Lage"",""number"":26,""pos"":""M""},{""id"":41323,""name"":""Mama Baldé"",""number"":14,""pos"":""F""},{""id"":326068,""name"":""K. Doumbia"",""number"":9,""pos"":""M""},{""id"":375000,""name"":""I. Salah"",""number"":34,""pos"":""F""},{""id"":162568,""name"":""S. Coulibaly"",""number"":44,""pos"":""D""},{""id"":30405,""name"":""E. Fernandes"",""number"":6,""pos"":""D""},{""id"":85914,""name"":""J. Le Cardinal"",""number"":25,""pos"":""D""},{""id"":369556,""name"":""J. Bourgault"",""number"":18,""pos"":""D""},{""id"":21248,""name"":""G. Coudert"",""number"":30,""pos"":""G""}]"
1213932,85,Paris Saint Germain,True,4-3-3,Luis Enrique,11,9,"[{""id"":1622,""name"":""G. Donnarumma"",""number"":1,""pos"":""G""},{""id"":335051,""name"":""João Neves"",""number"":87,""pos"":""D""},{""id"":257,""name"":""Marquinhos"",""number"":5,""pos"":""D""},{""id"":16367,""name"":""W. Pacho"",""number"":51,""pos"":""D""},{""id"":263482,""name"":""Nuno Mendes"",""number"":25,""pos"":""D""},{""id"":343027,""name"":""D. Doué"",""number"":14,""pos"":""M""},{""id"":128384,""name"":""Vitinha"",""number"":17,""pos"":""M""},{""id"":328,""name"":""Fabián Ruiz"",""number"":8,""pos"":""M""},{""id"":161904,""name"":""B. Barcola"",""number"":29,""pos"":""F""},{""id"":153,""name"":""O. Dembélé"",""number"":10,""pos"":""F""},{""id"":483,""name"":""K. Kvaratskhelia"",""number"":7,""pos"":""F""}]","[{""id"":33,""name"":""L. Hernández"",""number"":21,""pos"":""D""},{""id"":927,""name"":""Lee Kang-In"",""number"":19,""pos"":""M""},{""id"":41585,""name"":""Gonçalo Ramos"",""number"":9,""pos"":""F""},{""id"":307835,""name"":""Beraldo"",""number"":35,""pos"":""D""},{""id"":162473,""name"":""Arnau Tenas"",""number"":80,""pos"":""G""},{""id"":2068,""name"":""M. Safonov"",""number"":39,""pos"":""G""},{""id"":386285,""name"":""Y. Zague"",""number"":42,""pos"":""D""},{""id"":9,""name"":""A. Hakimi"",""number"":2,""pos"":""D""},{""id"":262,""name"":""P. Kimpembe"",""number"":3,""pos"":""D""}]"
1213932,91,Monaco,False,4-4-2,A. Hütter,11,9,"[{""id"":40384,""name"":""R. Majecki"",""number"":1,""pos"":""G""},{""id"":291649,""name"":""Vanderson"",""number"":2,""pos"":""D""},{""id"":261,""name"":""T. Kehrer"",""number"":5,""pos"":""D""},{""id"":371916,""name"":""C. Mawissa"",""number"":13,""pos"":""D""},{""id"":10316,""name"":""Caio Henrique"",""number"":12,""pos"":""D""},{""id"":274300,""name"":""M. Akliouche"",""number"":11,""pos"":""M""},{""id"":2810,""name"":""D. Zakaria"",""number"":6,""pos"":""M""},{""id"":326176,""name"":""S. Magassa"",""number"":88,""pos"":""M""},{""id"":1101,""name"":""T. Minamino"",""number"":18,""pos"":""M""},{""id"":283026,""name"":""M. Biereth"",""number"":14,""pos"":""F""},{""id"":421,""name"":""B. Embolo"",""number"":36,""pos"":""F""}]","[{""id"":42006,""name"":""Al Musrati"",""number"":8,""pos"":""M""},{""id"":343320,""name"":""E. Ben Seghir"",""number"":7,""pos"":""M""},{""id"":109,""name"":""A. Golovin"",""number"":10,""pos"":""M""},{""id"":81,""name"":""K. Diatta"",""number"":27,""pos"":""M""},{""id"":343319,""name"":""L. Michal"",""number"":41,""pos"":""F""},{""id"":419035,""name"":""M. Coulibaly"",""number"":28,""pos"":""M""},{""id"":333137,""name"":""K. Ouattara"",""number"":20,""pos"":""D""},{""id"":7313,""name"":""P. Köhn"",""number"":16,""pos"":""G""},{""id"":47480,""name"":""M. Salisu"",""number"":22,""pos"":""D""}]"
1213935,84,Nice,True,3-4-2-1,F. Haise,11,9,"[{""id"":2274,""name"":""M. Bułka"",""number"":1,""pos"":""G""},{""id"":3099,""name"":""Y. Ndayishimiye"",""number"":55,""pos"":""D""},{""id"":407017,""name"":""M. Bombito"",""number"":64,""pos"":""D""},{""id"":22163,""name"":""Dante"",""number"":4,""pos"":""D""},{""id"":25008,""name"":""J. Clauss"",""number"":92,""pos"":""M""},{""id"":4399,""name"":""H. Boudaoui"",""number"":6,""pos"":""M""},{""id"":21153,""name"":""B. Santamaría"",""number"":28,""pos"":""M""},{""id"":162465,""name"":""M. Bard"",""number"":26,""pos"":""M""},{""id"":137303,""name"":""E. Guessand"",""number"":29,""pos"":""F""},{""id"":274312,""name"":""M. Cho"",""number"":25,""pos"":""F""},{""id"":21592,""name"":""G. Laborde"",""number"":24,""pos"":""F""}]","[{""id"":107,""name"":""S. Diop"",""number"":10,""pos"":""M""},{""id"":193617,""name"":""T. Louchet"",""number"":20,""pos"":""M""},{""id"":196343,""name"":""Mohamed Abdelmonem"",""number"":5,""pos"":""D""},{""id"":30531,""name"":""J. Boga"",""number"":7,""pos"":""F""},{""id"":49583,""name"":""A. Abdi"",""number"":2,""pos"":""D""},{""id"":313937,""name"":""A. Mendy"",""number"":33,""pos"":""D""},{""id"":662,""name"":""T. Ndombélé"",""number"":22,""pos"":""M""},{""id"":21079,""name"":""M. Dupé"",""number"":31,""pos"":""G""},{""id"":334879,""name"":""B. Bouanani"",""number"":19,""pos"":""M""}]"
1213935,116,Lens,False,5-3-2,W. Still,11,9,"[{""id"":22220,""name"":""H. Koffi"",""number"":16,""pos"":""G""},{""id"":20761,""name"":""F. Sotoca"",""number"":7,""pos"":""D""},{""id"":21635,""name"":""J. Gradit"",""number"":24,""pos"":""D""},{""id"":22166,""name"":""M. Sarr"",""number"":20,""pos"":""D""},{""id"":6231,""name"":""F. Medina"",""number"":14,""pos"":""D""},{""id"":2483,""name"":""D. Machado"",""number"":3,""pos"":""D""},{""id"":22261,""name"":""A. Thomasson"",""number"":28,""pos"":""M""},{""id"":277003,""name"":""N. El Aynaoui"",""number"":23,""pos"":""M""},{""id"":270509,""name"":""A. Diouf"",""number"":18,""pos"":""M""},{""id"":31318,""name"":""M'Bala Nzola"",""number"":8,""pos"":""F""},{""id"":20817,""name"":""G. Koyalipou"",""number"":19,""pos"":""F""}]","[{""id"":129169,""name"":""A. Zaroury"",""number"":21,""pos"":""F""},{""id"":386852,""name"":""J. Agbonifo"",""number"":25,""pos"":""F""},{""id"":21715,""name"":""W. Saïd"",""number"":22,""pos"":""F""},{""id"":237232,""name"":""H. Ojediran"",""number"":15,""pos"":""M""},{""id"":326976,""name"":""T. Pouilly"",""number"":34,""pos"":""M""},{""id"":437143,""name"":""A. Delplace"",""number"":50,""pos"":""G""},{""id"":21146,""name"":""A. Fulgini"",""number"":11,""pos"":""M""},{""id"":449509,""name"":""J. Bah"",""number"":27,""pos"":""D""},{""id"":395589,""name"":""N. Čelik"",""number"":4,""pos"":""D""}]"
1213930,79,Lille,True,4-2-3-1,B. Génésio,11,9,"[{""id"":162453,""name"":""L. Chevalier"",""number"":30,""pos"":""G""},{""id"":264,""name"":""T. Meunier"",""number"":12,""pos"":""D""},{""id"":1567,""name"":""A. Mandi"",""number"":2,""pos"":""D""},{""id"":142691,""name"":""Alexsandro Ribeiro"",""number"":4,""pos"":""D""},{""id"":47969,""name"":""G. Gudmundsson"",""number"":5,""pos"":""D""},{""id"":2204,""name"":""B. André"",""number"":21,""pos"":""M""},{""id"":18765,""name"":""André Gomes"",""number"":26,""pos"":""M""},{""id"":22093,""name"":""R. Cabella"",""number"":10,""pos"":""M""},{""id"":67889,""name"":""H. Haraldsson"",""number"":7,""pos"":""M""},{""id"":99576,""name"":""O. Sahraoui"",""number"":11,""pos"":""M""},{""id"":8489,""name"":""J. David"",""number"":9,""pos"":""F""}]","[{""id"":386287,""name"":""E. Mbappé"",""number"":29,""pos"":""M""},{""id"":438688,""name"":""A. Bouaddi"",""number"":32,""pos"":""M""},{""id"":2380,""name"":""C. Akpom"",""number"":24,""pos"":""F""},{""id"":530,""name"":""M. Bakker"",""number"":20,""pos"":""D""},{""id"":375598,""name"":""N. Mukau"",""number"":17,""pos"":""M""},{""id"":22136,""name"":""B. Diakité"",""number"":18,""pos"":""D""},{""id"":679,""name"":""Ismaily"",""number"":31,""pos"":""D""},{""id"":896,""name"":""A. Gomes"",""number"":8,""pos"":""M""},{""id"":51146,""name"":""V. Mannone"",""number"":1,""pos"":""G""}]"
1213930,111,Le Havre,False,4-1-4-1,D. Digard,11,9,"[{""id"":646,""name"":""M. Gorgelin"",""number"":1,""pos"":""G""},{""id"":2336,""name"":""L. Nego"",""number"":7,""pos"":""D""},{""id"":162443,""name"":""É. Youté"",""number"":6,""pos"":""D""},{""id"":64255,""name"":""G. Lloris"",""number"":4,""pos"":""D""},{""id"":23637,""name"":""Y. Zouaoui"",""number"":18,""pos"":""D""},{""id"":282549,""name"":""J. Mwanga"",""number"":23,""pos"":""M""},{""id"":174915,""name"":""J. Casimir"",""number"":10,""pos"":""M""},{""id"":386284,""name"":""M. Diawara"",""number"":34,""pos"":""M""},{""id"":174937,""name"":""Y. Kechta"",""number"":8,""pos"":""M""},{""id"":156465,""name"":""I. Soumaré"",""number"":45,""pos"":""M""},{""id"":1617,""name"":""Koka"",""number"":99,""pos"":""F""}]","[{""id"":128342,""name"":""R. Ndiaye"",""number"":19,""pos"":""M""},{""id"":1370,""name"":""A. Ayew"",""number"":28,""pos"":""F""},{""id"":162067,""name"":""T. Pembélé"",""number"":32,""pos"":""D""},{""id"":314232,""name"":""M. Bodmer"",""number"":12,""pos"":""M""},{""id"":386275,""name"":""I. Housni"",""number"":46,""pos"":""F""},{""id"":24011,""name"":""A. Desmas"",""number"":30,""pos"":""G""},{""id"":24201,""name"":""A. Confais"",""number"":25,""pos"":""M""},{""id"":395765,""name"":""I. Bouneb"",""number"":44,""pos"":""M""},{""id"":504154,""name"":""E. Kana-Biyik"",""number"":33,""pos"":""F""}]"
1213931,1063,Saint Etienne,True,4-3-3,E. Horneland,11,9,"[{""id"":20541,""name"":""G. Larsonneur"",""number"":30,""pos"":""G""},{""id"":1407,""name"":""D. Appiah"",""number"":8,""pos"":""D""},{""id"":157146,""name"":""L. Pétrot"",""number"":19,""pos"":""D""},{""id"":22087,""name"":""M. Nadé"",""number"":3,""pos"":""D""},{""id"":107199,""name"":""P. Cornud"",""number"":17,""pos"":""D""},{""id"":274355,""name"":""B. Bouchouari"",""number"":6,""pos"":""M""},{""id"":278232,""name"":""P. Ekwah"",""number"":4,""pos"":""M""},{""id"":289555,""name"":""L. Mouton"",""number"":14,""pos"":""M""},{""id"":337426,""name"":""A. Boakye"",""number"":20,""pos"":""F""},{""id"":322560,""name"":""L. Stassin"",""number"":32,""pos"":""F""},{""id"":24743,""name"":""Z. Davitashvili"",""number"":22,""pos"":""F""}]","[{""id"":8683,""name"":""I. Cardona"",""number"":7,""pos"":""F""},{""id"":8624,""name"":""F. Tardieu"",""number"":10,""pos"":""M""},{""id"":489911,""name"":""D. N´Guessan"",""number"":63,""pos"":""F""},{""id"":20648,""name"":""I. Sissoko"",""number"":9,""pos"":""F""},{""id"":21438,""name"":""A. Briançon"",""number"":23,""pos"":""D""},{""id"":20736,""name"":""B. Maubleu"",""number"":1,""pos"":""G""},{""id"":2704,""name"":""Y. Abdelhamid"",""number"":5,""pos"":""D""},{""id"":363053,""name"":""I. Miladinović"",""number"":28,""pos"":""M""},{""id"":20861,""name"":""L. Fomba"",""number"":26,""pos"":""M""}]"
1213931,94,Rennes,False,3-4-2-1,H. Beye,11,9,"[{""id"":21628,""name"":""B. Samba"",""number"":1,""pos"":""G""},{""id"":367636,""name"":""J. Jacquet"",""number"":97,""pos"":""D""},{""id"":20916,""name"":""C. Wooh"",""number"":4,""pos"":""D""},{""id"":126757,""name"":""L. Brassier"",""number"":5,""pos"":""D""},{""id"":180731,""name"":""L. Assignon"",""number"":22,""pos"":""M""},{""id"":328074,""name"":""J. James"",""number"":17,""pos"":""M""},{""id"":343792,""name"":""D. Cissé"",""number"":38,""pos"":""M""},{""id"":162267,""name"":""A. Truffert"",""number"":3,""pos"":""M""},{""id"":15286,""name"":""Mousa Al Ta'mari"",""number"":11,""pos"":""F""},{""id"":21497,""name"":""L. Blas"",""number"":10,""pos"":""F""},{""id"":147831,""name"":""A. Kalimuendo"",""number"":9,""pos"":""F""}]","[{""id"":30807,""name"":""S. Fofana"",""number"":8,""pos"":""M""},{""id"":328046,""name"":""I. Koné"",""number"":90,""pos"":""M""},{""id"":438281,""name"":""A. Nagida"",""number"":18,""pos"":""D""},{""id"":167659,""name"":""K. Olaigbe"",""number"":19,""pos"":""F""},{""id"":1897,""name"":""S. Mandanda"",""number"":30,""pos"":""G""},{""id"":237249,""name"":""M. Faye"",""number"":15,""pos"":""D""},{""id"":345748,""name"":""C. Gómez"",""number"":20,""pos"":""F""},{""id"":449662,""name"":""M. Meïté"",""number"":62,""pos"":""F""},{""id"":33253,""name"":""K. Furuhashi"",""number"":7,""pos"":""F""}]"
1213933,80,Lyon,True,4-2-3-1,Paulo Fonseca,11,9,"[{""id"":80296,""name"":""Lucas Perri"",""number"":1,""pos"":""G""},{""id"":334914,""name"":""S. Kumbedi"",""number"":20,""pos"":""D""},{""id"":68,""name"":""Clinton Mata"",""number"":22,""pos"":""D""},{""id"":25916,""name"":""M. Niakhaté"",""number"":19,""pos"":""D""},{""id"":529,""name"":""N. Tagliafico"",""number"":3,""pos"":""D""},{""id"":902,""name"":""N. Matić"",""number"":31,""pos"":""M""},{""id"":80752,""name"":""T. Tessmann"",""number"":15,""pos"":""M""},{""id"":156477,""name"":""R. Cherki"",""number"":18,""pos"":""M""},{""id"":519,""name"":""C. Tolisso"",""number"":8,""pos"":""M""},{""id"":350856,""name"":""E. Nuamah"",""number"":37,""pos"":""M""},{""id"":180496,""name"":""G. Mikautadze"",""number"":69,""pos"":""F""}]","[{""id"":361348,""name"":""M. Fofana"",""number"":11,""pos"":""F""},{""id"":1456,""name"":""A. Maitland-Niles"",""number"":98,""pos"":""M""},{""id"":6067,""name"":""T. Almada"",""number"":23,""pos"":""M""},{""id"":9700,""name"":""Abner"",""number"":16,""pos"":""D""},{""id"":30409,""name"":""J. Veretout"",""number"":7,""pos"":""M""},{""id"":162265,""name"":""W. Omari"",""number"":27,""pos"":""D""},{""id"":1902,""name"":""D. Ćaleta-Car"",""number"":55,""pos"":""D""},{""id"":20762,""name"":""R. Descamps"",""number"":40,""pos"":""G""},{""id"":471106,""name"":""E. Molébé"",""number"":29,""pos"":""F""}]"
1213933,93,Reims,False,4-3-3,S. Diawara,11,9,"[{""id"":20566,""name"":""Y. Diouf"",""number"":94,""pos"":""G""},{""id"":8451,""name"":""Aurélio Buta"",""number"":23,""pos"":""D""},{""id"":156992,""name"":""M. Gbane"",""number"":24,""pos"":""D""},{""id"":19546,""name"":""C. Kipré"",""number"":21,""pos"":""D""},{""id"":47530,""name"":""Sergio Akieme"",""number"":18,""pos"":""D""},{""id"":293297,""name"":""J. Patrick"",""number"":30,""pos"":""M""},{""id"":343351,""name"":""V. Atangana Edoa"",""number"":6,""pos"":""M""},{""id"":389322,""name"":""N. Sangui"",""number"":55,""pos"":""M""},{""id"":1942,""name"":""J. Ito"",""number"":7,""pos"":""F""},{""id"":334429,""name"":""O. Diakité"",""number"":22,""pos"":""F""},{""id"":386481,""name"":""M. Diakhon"",""number"":67,""pos"":""F""}]","[{""id"":437482,""name"":""Amadou Koné"",""number"":72,""pos"":""M""},{""id"":505518,""name"":""E. Zabi"",""number"":86,""pos"":""M""},{""id"":454432,""name"":""N. Sissoko"",""number"":74,""pos"":""F""},{""id"":394934,""name"":""I. Orazi"",""number"":73,""pos"":""F""},{""id"":420292,""name"":""H. Sekine"",""number"":3,""pos"":""D""},{""id"":8966,""name"":""T. Teuma"",""number"":10,""pos"":""M""},{""id"":392656,""name"":""M. Diadie"",""number"":64,""pos"":""M""},{""id"":414188,""name"":""M. Jeng"",""number"":31,""pos"":""D""},{""id"":21080,""name"":""A. Olliero"",""number"":20,""pos"":""G""}]"
1213929,95,Strasbourg,True,3-4-2-1,L. Rosenior,11,9,"[{""id"":118307,""name"":""Đ. Petrović"",""number"":1,""pos"":""G""},{""id"":271542,""name"":""I. Doukouré"",""number"":29,""pos"":""D""},{""id"":147835,""name"":""A. Omobamidele"",""number"":2,""pos"":""D""},{""id"":276184,""name"":""M. Sarr"",""number"":23,""pos"":""D""},{""id"":335056,""name"":""Diego Moreira"",""number"":7,""pos"":""M""},{""id"":327631,""name"":""H. Diarra"",""number"":19,""pos"":""M""},{""id"":305834,""name"":""Andrey Santos"",""number"":8,""pos"":""M""},{""id"":319572,""name"":""V. Barco"",""number"":32,""pos"":""M""},{""id"":325594,""name"":""F. Lemaréchal"",""number"":6,""pos"":""F""},{""id"":226803,""name"":""S. Nanasi"",""number"":15,""pos"":""F""},{""id"":203762,""name"":""E. Emegha"",""number"":10,""pos"":""F""}]","[{""id"":161747,""name"":""G. Doué"",""number"":22,""pos"":""D""},{""id"":2259,""name"":""E. Sobol"",""number"":77,""pos"":""D""},{""id"":358166,""name"":""A. Ouattara"",""number"":42,""pos"":""M""},{""id"":190686,""name"":""S. Mara"",""number"":14,""pos"":""F""},{""id"":364810,""name"":""A. Sylla"",""number"":5,""pos"":""D""},{""id"":437760,""name"":""R. Messi"",""number"":47,""pos"":""F""},{""id"":2850,""name"":""K. Johnsson"",""number"":30,""pos"":""G""},{""id"":334035,""name"":""S. Amo-Ameyaw"",""number"":27,""pos"":""F""},{""id"":438752,""name"":""P. Diong"",""number"":17,""pos"":""M""}]"
1213929,82,Montpellier,False,3-4-1-2,J. Gasset,11,9,"[{""id"":21566,""name"":""B. Lecomte"",""number"":40,""pos"":""G""},{""id"":193501,""name"":""B. Meïté"",""number"":2,""pos"":""D""},{""id"":999,""name"":""B. Omeragić"",""number"":27,""pos"":""D""},{""id"":20661,""name"":""M. Sagnan"",""number"":5,""pos"":""D""},{""id"":179399,""name"":""E. Tchato"",""number"":29,""pos"":""M""},{""id"":326088,""name"":""K. Fayad"",""number"":22,""pos"":""M""},{""id"":128287,""name"":""J. Chotard"",""number"":13,""pos"":""M""},{""id"":21434,""name"":""T. Sainte-Luce"",""number"":17,""pos"":""M""},{""id"":21443,""name"":""T. Savanier"",""number"":11,""pos"":""F""},{""id"":113581,""name"":""T. Coulibaly"",""number"":70,""pos"":""F""},{""id"":21591,""name"":""A. Delort"",""number"":9,""pos"":""F""}]","[{""id"":350388,""name"":""Y. Mouanga"",""number"":47,""pos"":""D""},{""id"":399906,""name"":""O. Maamma"",""number"":14,""pos"":""F""},{""id"":349616,""name"":""N. Pays"",""number"":18,""pos"":""F""},{""id"":22102,""name"":""W. Khazri"",""number"":10,""pos"":""F""},{""id"":21439,""name"":""J. Ferri"",""number"":12,""pos"":""M""},{""id"":369676,""name"":""T. Chennahi"",""number"":44,""pos"":""M""},{""id"":21565,""name"":""D. Bertaud"",""number"":16,""pos"":""G""},{""id"":333118,""name"":""L. Mincarelli"",""number"":21,""pos"":""D""},{""id"":3336,""name"":""F. Sacko"",""number"":77,""pos"":""D""}]"
1213927,108,Auxerre,True,3-4-2-1,C. Pélissier,11,9,"[{""id"":20542,""name"":""D. Léon"",""number"":16,""pos"":""G""},{""id"":162466,""name"":""S. Diomandé"",""number"":20,""pos"":""D""},{""id"":41300,""name"":""Jubal"",""number"":4,""pos"":""D""},{""id"":20206,""name"":""G. Osho"",""number"":3,""pos"":""D""},{""id"":285,""name"":""K. Hoever"",""number"":23,""pos"":""M""},{""id"":21010,""name"":""E. Owusu"",""number"":42,""pos"":""M""},{""id"":110,""name"":""H. Massengo"",""number"":80,""pos"":""M""},{""id"":7578,""name"":""G. Mensah"",""number"":14,""pos"":""M""},{""id"":20732,""name"":""G. Perrin"",""number"":10,""pos"":""F""},{""id"":31057,""name"":""H. Traoré"",""number"":25,""pos"":""F""},{""id"":20782,""name"":""F. Ayé"",""number"":19,""pos"":""F""}]","[{""id"":90617,""name"":""L. Sinayoko"",""number"":17,""pos"":""F""},{""id"":191392,""name"":""P. Joly"",""number"":26,""pos"":""D""},{""id"":323625,""name"":""K. Danois"",""number"":27,""pos"":""M""},{""id"":51293,""name"":""T. Bair"",""number"":9,""pos"":""F""},{""id"":30748,""name"":""A. Dioussé"",""number"":18,""pos"":""M""},{""id"":193681,""name"":""T. De Percin"",""number"":40,""pos"":""G""},{""id"":191189,""name"":""C. Akpa"",""number"":92,""pos"":""D""},{""id"":32940,""name"":""A. Onaiwu"",""number"":45,""pos"":""F""},{""id"":215827,""name"":""F. Oppegård"",""number"":12,""pos"":""D""}]"
1213927,96,Toulouse,False,3-4-2-1,Carles Martínez,11,9,"[{""id"":39104,""name"":""K. Haug"",""number"":16,""pos"":""G""},{""id"":50735,""name"":""M. McKenzie"",""number"":3,""pos"":""D""},{""id"":278392,""name"":""C. Cresswell"",""number"":4,""pos"":""D""},{""id"":11421,""name"":""G. Suazo"",""number"":17,""pos"":""D""},{""id"":334952,""name"":""R. Messali"",""number"":22,""pos"":""M""},{""id"":412759,""name"":""J. Canvot"",""number"":29,""pos"":""M""},{""id"":50956,""name"":""C. Cásseres"",""number"":23,""pos"":""M""},{""id"":39115,""name"":""A. Dønnum"",""number"":15,""pos"":""M""},{""id"":328648,""name"":""S. Babicka"",""number"":80,""pos"":""F""},{""id"":243,""name"":""Z. Aboukhlal"",""number"":7,""pos"":""F""},{""id"":18881,""name"":""J. King"",""number"":13,""pos"":""F""}]","[{""id"":174724,""name"":""F. Magri"",""number"":9,""pos"":""F""},{""id"":48491,""name"":""V. Sierro"",""number"":8,""pos"":""M""},{""id"":430816,""name"":""N. Edjouma"",""number"":31,""pos"":""F""},{""id"":264383,""name"":""W. Kamanzi"",""number"":12,""pos"":""D""},{""id"":367637,""name"":""Ü. Akdağ"",""number"":6,""pos"":""D""},{""id"":345546,""name"":""J. Lacombe"",""number"":40,""pos"":""G""},{""id"":1369,""name"":""M. Zajc"",""number"":21,""pos"":""M""},{""id"":461463,""name"":""M. Saka"",""number"":39,""pos"":""M""},{""id"":366572,""name"":""E. Zuliani"",""number"":37,""pos"":""M""}]"
1213934,77,Angers,True,4-2-3-1,A. Dujeux,11,9,"[{""id"":64190,""name"":""Y. Fofana"",""number"":30,""pos"":""G""},{""id"":174660,""name"":""L. Raolisoa"",""number"":27,""pos"":""D""},{""id"":385569,""name"":""E. Biumla"",""number"":24,""pos"":""D""},{""id"":21381,""name"":""J. Lefort"",""number"":21,""pos"":""D""},{""id"":41146,""name"":""F. Hanin"",""number"":26,""pos"":""D""},{""id"":103,""name"":""J. Aholou"",""number"":6,""pos"":""M""},{""id"":20554,""name"":""H. Belkebla"",""number"":93,""pos"":""M""},{""id"":21618,""name"":""J. Allevinah"",""number"":18,""pos"":""M""},{""id"":20692,""name"":""H. Abdelli"",""number"":10,""pos"":""M""},{""id"":3177,""name"":""F. El Melali"",""number"":28,""pos"":""M""},{""id"":163004,""name"":""E. Lepaul"",""number"":19,""pos"":""F""}]","[{""id"":3175,""name"":""Z. Ferhat"",""number"":20,""pos"":""M""},{""id"":174708,""name"":""Y. Belkhdim"",""number"":14,""pos"":""M""},{""id"":21145,""name"":""P. Capelle"",""number"":15,""pos"":""M""},{""id"":20537,""name"":""I. Niane"",""number"":7,""pos"":""F""},{""id"":343609,""name"":""J. Ekomié"",""number"":3,""pos"":""D""},{""id"":174973,""name"":""M. Zinga"",""number"":16,""pos"":""G""},{""id"":425207,""name"":""M. Courcoul"",""number"":5,""pos"":""D""},{""id"":405074,""name"":""J. Kalumba"",""number"":17,""pos"":""F""},{""id"":3234,""name"":""A. Bamba"",""number"":25,""pos"":""D""}]"
1213934,81,Marseille,False,3-4-1-2,R. De Zerbi,11,9,"[{""id"":47296,""name"":""G. Rulli"",""number"":1,""pos"":""G""},{""id"":2973,""name"":""M. Murillo"",""number"":62,""pos"":""D""},{""id"":6,""name"":""L. Balerdi"",""number"":5,""pos"":""D""},{""id"":51295,""name"":""D. Cornelius"",""number"":13,""pos"":""D""},{""id"":10077,""name"":""Luis Henrique"",""number"":44,""pos"":""M""},{""id"":3173,""name"":""I. Bennacer"",""number"":22,""pos"":""M""},{""id"":2735,""name"":""P. Højbjerg"",""number"":23,""pos"":""M""},{""id"":272460,""name"":""Q. Merlin"",""number"":3,""pos"":""M""},{""id"":272,""name"":""A. Rabiot"",""number"":25,""pos"":""F""},{""id"":897,""name"":""M. Greenwood"",""number"":10,""pos"":""F""},{""id"":85041,""name"":""A. Gouiri"",""number"":9,""pos"":""F""}]","[{""id"":19364,""name"":""N. Maupay"",""number"":8,""pos"":""F""},{""id"":926,""name"":""G. Kondogbia"",""number"":19,""pos"":""M""},{""id"":283216,""name"":""B. Nadir"",""number"":26,""pos"":""M""},{""id"":7318,""name"":""A. Dedić"",""number"":77,""pos"":""D""},{""id"":1847,""name"":""Luiz Felipe"",""number"":4,""pos"":""D""},{""id"":943,""name"":""U. Garcia"",""number"":6,""pos"":""D""},{""id"":278095,""name"":""J. Rowe"",""number"":17,""pos"":""F""},{""id"":36827,""name"":""J. de Lange"",""number"":12,""pos"":""G""},{""id"":30525,""name"":""Pol Lirola"",""number"":29,""pos"":""D""}]"
1213940,106,Stade Brestois 29,True,4-2-3-1,E. Roy,11,9,"[{""id"":36878,""name"":""M. Bizot"",""number"":40,""pos"":""G""},{""id"":22247,""name"":""K. Lala"",""number"":7,""pos"":""D""},{""id"":85914,""name"":""J. Le Cardinal"",""number"":25,""pos"":""D""},{""id"":203483,""name"":""A. Ndiaye"",""number"":3,""pos"":""D""},{""id"":369556,""name"":""J. Bourgault"",""number"":18,""pos"":""D""},{""id"":30405,""name"":""E. Fernandes"",""number"":6,""pos"":""M""},{""id"":20558,""name"":""H. Magnetti"",""number"":8,""pos"":""M""},{""id"":24147,""name"":""M. Camara"",""number"":45,""pos"":""M""},{""id"":326068,""name"":""K. Doumbia"",""number"":9,""pos"":""M""},{""id"":375000,""name"":""I. Salah"",""number"":34,""pos"":""M""},{""id"":22264,""name"":""L. Ajorque"",""number"":19,""pos"":""F""}]","[{""id"":41323,""name"":""Mama Baldé"",""number"":14,""pos"":""F""},{""id"":22170,""name"":""P. Lees-Melou"",""number"":20,""pos"":""M""},{""id"":277191,""name"":""A. Sima"",""number"":17,""pos"":""F""},{""id"":84082,""name"":""R. Faivre"",""number"":21,""pos"":""M""},{""id"":422595,""name"":""L. Zogbé"",""number"":12,""pos"":""D""},{""id"":21248,""name"":""G. Coudert"",""number"":30,""pos"":""G""},{""id"":20780,""name"":""Mathias Pereira Lage"",""number"":26,""pos"":""M""},{""id"":20546,""name"":""B. Chardonnet"",""number"":5,""pos"":""D""},{""id"":162568,""name"":""S. Coulibaly"",""number"":44,""pos"":""D""}]"
1213940,108,Auxerre,False,4-2-3-1,C. Pélissier,11,9,"[{""id"":20542,""name"":""D. Léon"",""number"":16,""pos"":""G""},{""id"":285,""name"":""K. Hoever"",""number"":23,""pos"":""D""},{""id"":41300,""name"":""Jubal"",""number"":4,""pos"":""D""},{""id"":191189,""name"":""C. Akpa"",""number"":92,""pos"":""D""},{""id"":7578,""name"":""G. Mensah"",""number"":14,""pos"":""D""},{""id"":21010,""name"":""E. Owusu"",""number"":42,""pos"":""M""},{""id"":110,""name"":""H. Massengo"",""number"":80,""pos"":""M""},{""id"":20732,""name"":""G. Perrin"",""number"":10,""pos"":""M""},{""id"":31057,""name"":""H. Traoré"",""number"":25,""pos"":""M""},{""id"":90617,""name"":""L. Sinayoko"",""number"":17,""pos"":""M""},{""id"":51293,""name"":""T. Bair"",""number"":9,""pos"":""F""}]","[{""id"":32940,""name"":""A. Onaiwu"",""number"":45,""pos"":""F""},{""id"":323625,""name"":""K. Danois"",""number"":27,""pos"":""M""},{""id"":345532,""name"":""A. N’Gatta"",""number"":24,""pos"":""D""},{""id"":20782,""name"":""F. Ayé"",""number"":19,""pos"":""F""},{""id"":30748,""name"":""A. Dioussé"",""number"":18,""pos"":""M""},{""id"":215827,""name"":""F. Oppegård"",""number"":12,""pos"":""D""},{""id"":193681,""name"":""T. De Percin"",""number"":40,""pos"":""G""},{""id"":38754,""name"":""E. Maddy"",""number"":11,""pos"":""F""},{""id"":20206,""name"":""G. Osho"",""number"":3,""pos"":""D""}]"
1213937,81,Marseille,True,3-4-1-2,R. De Zerbi,11,9,"[{""id"":47296,""name"":""G. Rulli"",""number"":1,""pos"":""G""},{""id"":2973,""name"":""M. Murillo"",""number"":62,""pos"":""D""},{""id"":6,""name"":""L. Balerdi"",""number"":5,""pos"":""D""},{""id"":51295,""name"":""D. Cornelius"",""number"":13,""pos"":""D""},{""id"":10077,""name"":""Luis Henrique"",""number"":44,""pos"":""M""},{""id"":3173,""name"":""I. Bennacer"",""number"":22,""pos"":""M""},{""id"":2735,""name"":""P. Højbjerg"",""number"":23,""pos"":""M""},{""id"":272460,""name"":""Q. Merlin"",""number"":3,""pos"":""M""},{""id"":272,""name"":""A. Rabiot"",""number"":25,""pos"":""F""},{""id"":897,""name"":""M. Greenwood"",""number"":10,""pos"":""F""},{""id"":85041,""name"":""A. Gouiri"",""number"":9,""pos"":""F""}]","[{""id"":7318,""name"":""A. Dedić"",""number"":77,""pos"":""D""},{""id"":21102,""name"":""V. Rongier"",""number"":21,""pos"":""M""},{""id"":283216,""name"":""B. Nadir"",""number"":26,""pos"":""M""},{""id"":926,""name"":""G. Kondogbia"",""number"":19,""pos"":""M""},{""id"":278095,""name"":""J. Rowe"",""number"":17,""pos"":""F""},{""id"":943,""name"":""U. Garcia"",""number"":6,""pos"":""D""},{""id"":30525,""name"":""Pol Lirola"",""number"":29,""pos"":""D""},{""id"":36827,""name"":""J. de Lange"",""number"":12,""pos"":""G""},{""id"":19364,""name"":""N. Maupay"",""number"":8,""pos"":""F""}]"
1213937,1063,Saint Etienne,False,4-3-3,E. Horneland,11,9,"[{""id"":20541,""name"":""G. Larsonneur"",""number"":30,""pos"":""G""},{""id"":157146,""name"":""L. Pétrot"",""number"":19,""pos"":""D""},{""id"":8445,""name"":""D. Batubinsika"",""number"":21,""pos"":""D""},{""id"":22087,""name"":""M. Nadé"",""number"":3,""pos"":""D""},{""id"":107199,""name"":""P. Cornud"",""number"":17,""pos"":""D""},{""id"":274355,""name"":""B. Bouchouari"",""number"":6,""pos"":""M""},{""id"":278232,""name"":""P. Ekwah"",""number"":4,""pos"":""M""},{""id"":8624,""name"":""F. Tardieu"",""number"":10,""pos"":""M""},{""id"":337426,""name"":""A. Boakye"",""number"":20,""pos"":""F""},{""id"":322560,""name"":""L. Stassin"",""number"":32,""pos"":""F""},{""id"":24743,""name"":""Z. Davitashvili"",""number"":22,""pos"":""F""}]","[{""id"":8683,""name"":""I. Cardona"",""number"":7,""pos"":""F""},{""id"":289555,""name"":""L. Mouton"",""number"":14,""pos"":""M""},{""id"":20861,""name"":""L. Fomba"",""number"":26,""pos"":""M""},{""id"":2704,""name"":""Y. Abdelhamid"",""number"":5,""pos"":""D""},{""id"":90599,""name"":""M. Bernauer"",""number"":13,""pos"":""D""},{""id"":20736,""name"":""B. Maubleu"",""number"":1,""pos"":""G""},{""id"":363053,""name"":""I. Miladinović"",""number"":28,""pos"":""M""},{""id"":20648,""name"":""I. Sissoko"",""number"":9,""pos"":""F""},{""id"":21438,""name"":""A. Briançon"",""number"":23,""pos"":""D""}]"
1213944,91,Monaco,True,4-2-3-1,A. Hütter,11,9,"[{""id"":40384,""name"":""R. Majecki"",""number"":1,""pos"":""G""},{""id"":291649,""name"":""Vanderson"",""number"":2,""pos"":""D""},{""id"":261,""name"":""T. Kehrer"",""number"":5,""pos"":""D""},{""id"":371916,""name"":""C. Mawissa"",""number"":13,""pos"":""D""},{""id"":10316,""name"":""Caio Henrique"",""number"":12,""pos"":""D""},{""id"":374058,""name"":""L. Camara"",""number"":15,""pos"":""M""},{""id"":2810,""name"":""D. Zakaria"",""number"":6,""pos"":""M""},{""id"":274300,""name"":""M. Akliouche"",""number"":11,""pos"":""M""},{""id"":1101,""name"":""T. Minamino"",""number"":18,""pos"":""M""},{""id"":343320,""name"":""E. Ben Seghir"",""number"":7,""pos"":""M""},{""id"":283026,""name"":""M. Biereth"",""number"":14,""pos"":""F""}]","[{""id"":395040,""name"":""G. Ilenikhena"",""number"":21,""pos"":""F""},{""id"":42006,""name"":""Al Musrati"",""number"":8,""pos"":""M""},{""id"":81,""name"":""K. Diatta"",""number"":27,""pos"":""M""},{""id"":343319,""name"":""L. Michal"",""number"":41,""pos"":""F""},{""id"":419035,""name"":""M. Coulibaly"",""number"":28,""pos"":""M""},{""id"":47480,""name"":""M. Salisu"",""number"":22,""pos"":""D""},{""id"":333137,""name"":""K. Ouattara"",""number"":20,""pos"":""D""},{""id"":7313,""name"":""P. Köhn"",""number"":16,""pos"":""G""},{""id"":421,""name"":""B. Embolo"",""number"":36,""pos"":""F""}]"
1213944,83,Nantes,False,5-3-2,A. Kombouare,11,9,"[{""id"":647,""name"":""Anthony Lopes"",""number"":16,""pos"":""G""},{""id"":22134,""name"":""K. Amian"",""number"":98,""pos"":""D""},{""id"":274328,""name"":""S. Sow"",""number"":24,""pos"":""D""},{""id"":20545,""name"":""J. Castelletto"",""number"":21,""pos"":""D""},{""id"":21088,""name"":""N. Pallois"",""number"":4,""pos"":""D""},{""id"":21570,""name"":""N. Cozza"",""number"":3,""pos"":""D""},{""id"":193952,""name"":""J. Lepenant"",""number"":8,""pos"":""M""},{""id"":93671,""name"":""Pedro Chirivella"",""number"":5,""pos"":""M""},{""id"":10036,""name"":""Douglas Augusto"",""number"":6,""pos"":""M""},{""id"":161622,""name"":""M. Abline"",""number"":39,""pos"":""F""},{""id"":2781,""name"":""M. Simon"",""number"":27,""pos"":""F""}]","[{""id"":21498,""name"":""M. Coco"",""number"":11,""pos"":""F""},{""id"":2668,""name"":""Mostafa Mohamed"",""number"":31,""pos"":""F""},{""id"":3034,""name"":""M. Elia"",""number"":17,""pos"":""F""},{""id"":443676,""name"":""H. Guirassy"",""number"":62,""pos"":""F""},{""id"":443674,""name"":""L. Leroux"",""number"":66,""pos"":""M""},{""id"":21582,""name"":""F. Mollet"",""number"":25,""pos"":""M""},{""id"":18599,""name"":""S. Thomas"",""number"":22,""pos"":""M""},{""id"":174727,""name"":""H. Barbet"",""number"":50,""pos"":""G""},{""id"":15684,""name"":""P. Carlgren"",""number"":30,""pos"":""G""}]"
1213936,96,Toulouse,True,5-4-1,Carles Martínez,11,9,"[{""id"":325346,""name"":""G. Restes"",""number"":50,""pos"":""G""},{""id"":39115,""name"":""A. Dønnum"",""number"":15,""pos"":""D""},{""id"":412759,""name"":""J. Canvot"",""number"":29,""pos"":""D""},{""id"":278392,""name"":""C. Cresswell"",""number"":4,""pos"":""D""},{""id"":367637,""name"":""Ü. Akdağ"",""number"":6,""pos"":""D""},{""id"":11421,""name"":""G. Suazo"",""number"":17,""pos"":""D""},{""id"":328648,""name"":""S. Babicka"",""number"":80,""pos"":""M""},{""id"":50956,""name"":""C. Cásseres"",""number"":23,""pos"":""M""},{""id"":48491,""name"":""V. Sierro"",""number"":8,""pos"":""M""},{""id"":243,""name"":""Z. Aboukhlal"",""number"":7,""pos"":""M""},{""id"":174724,""name"":""F. Magri"",""number"":9,""pos"":""F""}]","[{""id"":39104,""name"":""K. Haug"",""number"":16,""pos"":""G""},{""id"":50735,""name"":""M. McKenzie"",""number"":3,""pos"":""D""},{""id"":334952,""name"":""R. Messali"",""number"":22,""pos"":""M""},{""id"":430816,""name"":""N. Edjouma"",""number"":31,""pos"":""F""},{""id"":102,""name"":""D. Sidibé"",""number"":19,""pos"":""D""},{""id"":461463,""name"":""M. Saka"",""number"":39,""pos"":""M""},{""id"":1369,""name"":""M. Zajc"",""number"":21,""pos"":""M""},{""id"":264383,""name"":""W. Kamanzi"",""number"":12,""pos"":""D""},{""id"":366572,""name"":""E. Zuliani"",""number"":37,""pos"":""M""}]"
1213936,85,Paris Saint Germain,False,4-3-3,Luis Enrique,11,9,"[{""id"":2068,""name"":""M. Safonov"",""number"":39,""pos"":""G""},{""id"":9,""name"":""A. Hakimi"",""number"":2,""pos"":""D""},{""id"":307835,""name"":""Beraldo"",""number"":35,""pos"":""D""},{""id"":16367,""name"":""W. Pacho"",""number"":51,""pos"":""D""},{""id"":33,""name"":""L. Hernández"",""number"":21,""pos"":""D""},{""id"":343027,""name"":""D. Doué"",""number"":14,""pos"":""M""},{""id"":328,""name"":""Fabián Ruiz"",""number"":8,""pos"":""M""},{""id"":409216,""name"":""S. Mayulu"",""number"":24,""pos"":""M""},{""id"":927,""name"":""Lee Kang-In"",""number"":19,""pos"":""F""},{""id"":483,""name"":""K. Kvaratskhelia"",""number"":7,""pos"":""F""},{""id"":161904,""name"":""B. Barcola"",""number"":29,""pos"":""F""}]","[{""id"":153,""name"":""O. Dembélé"",""number"":10,""pos"":""F""},{""id"":257,""name"":""Marquinhos"",""number"":5,""pos"":""D""},{""id"":128384,""name"":""Vitinha"",""number"":17,""pos"":""M""},{""id"":41585,""name"":""Gonçalo Ramos"",""number"":9,""pos"":""F""},{""id"":335051,""name"":""João Neves"",""number"":87,""pos"":""M""},{""id"":162473,""name"":""Arnau Tenas"",""number"":80,""pos"":""G""},{""id"":262,""name"":""P. Kimpembe"",""number"":3,""pos"":""D""},{""id"":263482,""name"":""Nuno Mendes"",""number"":25,""pos"":""D""},{""id"":349189,""name"":""Louis Mouquet"",""number"":70,""pos"":""G""}]"
1213938,82,Montpellier,True,4-3-1-2,J. Gasset,11,9,"[{""id"":21566,""name"":""B. Lecomte"",""number"":40,""pos"":""G""},{""id"":179399,""name"":""E. Tchato"",""number"":29,""pos"":""D""},{""id"":350388,""name"":""Y. Mouanga"",""number"":47,""pos"":""D""},{""id"":193501,""name"":""B. Meïté"",""number"":2,""pos"":""D""},{""id"":21434,""name"":""T. Sainte-Luce"",""number"":17,""pos"":""D""},{""id"":21439,""name"":""J. Ferri"",""number"":12,""pos"":""M""},{""id"":128287,""name"":""J. Chotard"",""number"":13,""pos"":""M""},{""id"":387120,""name"":""R. Nzingoula"",""number"":19,""pos"":""M""},{""id"":21443,""name"":""T. Savanier"",""number"":11,""pos"":""M""},{""id"":113581,""name"":""T. Coulibaly"",""number"":70,""pos"":""F""},{""id"":21591,""name"":""A. Delort"",""number"":9,""pos"":""F""}]","[{""id"":326088,""name"":""K. Fayad"",""number"":22,""pos"":""M""},{""id"":3335,""name"":""K. Kouyaté"",""number"":4,""pos"":""D""},{""id"":349616,""name"":""N. Pays"",""number"":18,""pos"":""F""},{""id"":22102,""name"":""W. Khazri"",""number"":10,""pos"":""F""},{""id"":361383,""name"":""Junior Ndiaye"",""number"":41,""pos"":""F""},{""id"":333118,""name"":""L. Mincarelli"",""number"":21,""pos"":""D""},{""id"":3336,""name"":""F. Sacko"",""number"":77,""pos"":""D""},{""id"":21565,""name"":""D. Bertaud"",""number"":16,""pos"":""G""},{""id"":369676,""name"":""T. Chennahi"",""number"":44,""pos"":""M""}]"
1213938,80,Lyon,False,4-2-3-1,Paulo Fonseca,11,9,"[{""id"":80296,""name"":""Lucas Perri"",""number"":1,""pos"":""G""},{""id"":334914,""name"":""S. Kumbedi"",""number"":20,""pos"":""D""},{""id"":68,""name"":""Clinton Mata"",""number"":22,""pos"":""D""},{""id"":25916,""name"":""M. Niakhaté"",""number"":19,""pos"":""D""},{""id"":529,""name"":""N. Tagliafico"",""number"":3,""pos"":""D""},{""id"":902,""name"":""N. Matić"",""number"":31,""pos"":""M""},{""id"":80752,""name"":""T. Tessmann"",""number"":15,""pos"":""M""},{""id"":156477,""name"":""R. Cherki"",""number"":18,""pos"":""M""},{""id"":519,""name"":""C. Tolisso"",""number"":8,""pos"":""M""},{""id"":350856,""name"":""E. Nuamah"",""number"":37,""pos"":""M""},{""id"":180496,""name"":""G. Mikautadze"",""number"":69,""pos"":""F""}]","[{""id"":9700,""name"":""Abner"",""number"":16,""pos"":""D""},{""id"":1467,""name"":""A. Lacazette"",""number"":10,""pos"":""F""},{""id"":6067,""name"":""T. Almada"",""number"":23,""pos"":""M""},{""id"":30409,""name"":""J. Veretout"",""number"":7,""pos"":""M""},{""id"":361348,""name"":""M. Fofana"",""number"":11,""pos"":""F""},{""id"":471106,""name"":""E. Molébé"",""number"":29,""pos"":""F""},{""id"":1902,""name"":""D. Ćaleta-Car"",""number"":55,""pos"":""D""},{""id"":20762,""name"":""R. Descamps"",""number"":40,""pos"":""G""},{""id"":1456,""name"":""A. Maitland-Niles"",""number"":98,""pos"":""M""}]"
1213942,93,Reims,True,4-3-3,S. Diawara,11,9,"[{""id"":20566,""name"":""Y. Diouf"",""number"":94,""pos"":""G""},{""id"":8451,""name"":""Aurélio Buta"",""number"":23,""pos"":""D""},{""id"":71545,""name"":""J. Okumu"",""number"":2,""pos"":""D""},{""id"":19546,""name"":""C. Kipré"",""number"":21,""pos"":""D""},{""id"":47530,""name"":""Sergio Akieme"",""number"":18,""pos"":""D""},{""id"":343351,""name"":""V. Atangana Edoa"",""number"":6,""pos"":""M""},{""id"":156992,""name"":""M. Gbane"",""number"":24,""pos"":""M""},{""id"":389322,""name"":""N. Sangui"",""number"":55,""pos"":""M""},{""id"":1942,""name"":""J. Ito"",""number"":7,""pos"":""F""},{""id"":33321,""name"":""K. Nakamura"",""number"":17,""pos"":""F""},{""id"":386481,""name"":""M. Diakhon"",""number"":67,""pos"":""F""}]","[{""id"":334429,""name"":""O. Diakité"",""number"":22,""pos"":""F""},{""id"":420292,""name"":""H. Sekine"",""number"":3,""pos"":""D""},{""id"":437482,""name"":""Amadou Koné"",""number"":72,""pos"":""M""},{""id"":8966,""name"":""T. Teuma"",""number"":10,""pos"":""M""},{""id"":21080,""name"":""A. Olliero"",""number"":20,""pos"":""G""},{""id"":293297,""name"":""J. Patrick"",""number"":30,""pos"":""M""},{""id"":414188,""name"":""M. Jeng"",""number"":31,""pos"":""D""},{""id"":454432,""name"":""N. Sissoko"",""number"":74,""pos"":""F""},{""id"":21136,""name"":""L. Butelle"",""number"":16,""pos"":""G""}]"
1213942,77,Angers,False,4-2-3-1,A. Dujeux,11,9,"[{""id"":64190,""name"":""Y. Fofana"",""number"":30,""pos"":""G""},{""id"":174660,""name"":""L. Raolisoa"",""number"":27,""pos"":""D""},{""id"":3234,""name"":""A. Bamba"",""number"":25,""pos"":""D""},{""id"":21381,""name"":""J. Lefort"",""number"":21,""pos"":""D""},{""id"":41146,""name"":""F. Hanin"",""number"":26,""pos"":""D""},{""id"":103,""name"":""J. Aholou"",""number"":6,""pos"":""M""},{""id"":20554,""name"":""H. Belkebla"",""number"":93,""pos"":""M""},{""id"":3175,""name"":""Z. Ferhat"",""number"":20,""pos"":""M""},{""id"":174708,""name"":""Y. Belkhdim"",""number"":14,""pos"":""M""},{""id"":21618,""name"":""J. Allevinah"",""number"":18,""pos"":""M""},{""id"":163004,""name"":""E. Lepaul"",""number"":19,""pos"":""F""}]","[{""id"":3177,""name"":""F. El Melali"",""number"":28,""pos"":""F""},{""id"":20537,""name"":""I. Niane"",""number"":7,""pos"":""F""},{""id"":21145,""name"":""P. Capelle"",""number"":15,""pos"":""M""},{""id"":421875,""name"":""S. Cherif"",""number"":11,""pos"":""F""},{""id"":174973,""name"":""M. Zinga"",""number"":16,""pos"":""G""},{""id"":405074,""name"":""J. Kalumba"",""number"":17,""pos"":""F""},{""id"":425207,""name"":""M. Courcoul"",""number"":5,""pos"":""D""},{""id"":271540,""name"":""O. Camara"",""number"":29,""pos"":""D""},{""id"":343609,""name"":""J. Ekomié"",""number"":3,""pos"":""D""}]"
1213943,111,Le Havre,True,4-1-4-1,D. Digard,11,9,"[{""id"":646,""name"":""M. Gorgelin"",""number"":1,""pos"":""G""},{""id"":2336,""name"":""L. Nego"",""number"":7,""pos"":""D""},{""id"":162443,""name"":""É. Youté"",""number"":6,""pos"":""D""},{""id"":174927,""name"":""A. Sangante"",""number"":93,""pos"":""D""},{""id"":23637,""name"":""Y. Zouaoui"",""number"":18,""pos"":""D""},{""id"":282549,""name"":""J. Mwanga"",""number"":23,""pos"":""M""},{""id"":289304,""name"":""A. Joujou"",""number"":21,""pos"":""M""},{""id"":386284,""name"":""M. Diawara"",""number"":34,""pos"":""M""},{""id"":174937,""name"":""Y. Kechta"",""number"":8,""pos"":""M""},{""id"":156465,""name"":""I. Soumaré"",""number"":45,""pos"":""M""},{""id"":1617,""name"":""Koka"",""number"":99,""pos"":""F""}]","[{""id"":128342,""name"":""R. Ndiaye"",""number"":19,""pos"":""M""},{""id"":1370,""name"":""A. Ayew"",""number"":28,""pos"":""F""},{""id"":386275,""name"":""I. Housni"",""number"":46,""pos"":""F""},{""id"":162067,""name"":""T. Pembélé"",""number"":32,""pos"":""D""},{""id"":355048,""name"":""Hernani Mendes Vaz"",""number"":33,""pos"":""F""},{""id"":2707,""name"":""O. El Hajjam"",""number"":17,""pos"":""D""},{""id"":143830,""name"":""Y. Kitala"",""number"":9,""pos"":""F""},{""id"":24011,""name"":""A. Desmas"",""number"":30,""pos"":""G""},{""id"":24201,""name"":""A. Confais"",""number"":25,""pos"":""M""}]"
1213943,84,Nice,False,3-4-2-1,F. Haise,11,9,"[{""id"":2274,""name"":""M. Bułka"",""number"":1,""pos"":""G""},{""id"":407017,""name"":""M. Bombito"",""number"":64,""pos"":""D""},{""id"":22163,""name"":""Dante"",""number"":4,""pos"":""D""},{""id"":162465,""name"":""M. Bard"",""number"":26,""pos"":""D""},{""id"":25008,""name"":""J. Clauss"",""number"":92,""pos"":""M""},{""id"":193617,""name"":""T. Louchet"",""number"":20,""pos"":""M""},{""id"":21153,""name"":""B. Santamaría"",""number"":28,""pos"":""M""},{""id"":49583,""name"":""A. Abdi"",""number"":2,""pos"":""M""},{""id"":137303,""name"":""E. Guessand"",""number"":29,""pos"":""F""},{""id"":274312,""name"":""M. Cho"",""number"":25,""pos"":""F""},{""id"":21592,""name"":""G. Laborde"",""number"":24,""pos"":""F""}]","[{""id"":107,""name"":""S. Diop"",""number"":10,""pos"":""M""},{""id"":662,""name"":""T. Ndombélé"",""number"":22,""pos"":""M""},{""id"":30531,""name"":""J. Boga"",""number"":7,""pos"":""F""},{""id"":240,""name"":""P. Rosario"",""number"":8,""pos"":""M""},{""id"":161919,""name"":""Y. Moukoko"",""number"":15,""pos"":""F""},{""id"":21079,""name"":""M. Dupé"",""number"":31,""pos"":""G""},{""id"":196343,""name"":""Mohamed Abdelmonem"",""number"":5,""pos"":""D""},{""id"":334879,""name"":""B. Bouanani"",""number"":19,""pos"":""M""},{""id"":313937,""name"":""A. Mendy"",""number"":33,""pos"":""D""}]"
1213939,116,Lens,True,4-2-3-1,W. Still,11,9,"[{""id"":22220,""name"":""H. Koffi"",""number"":16,""pos"":""G""},{""id"":21568,""name"":""R. Aguilar"",""number"":2,""pos"":""D""},{""id"":21635,""name"":""J. Gradit"",""number"":24,""pos"":""D""},{""id"":22166,""name"":""M. Sarr"",""number"":20,""pos"":""D""},{""id"":2483,""name"":""D. Machado"",""number"":3,""pos"":""D""},{""id"":277003,""name"":""N. El Aynaoui"",""number"":23,""pos"":""M""},{""id"":270509,""name"":""A. Diouf"",""number"":18,""pos"":""M""},{""id"":20761,""name"":""F. Sotoca"",""number"":7,""pos"":""M""},{""id"":22261,""name"":""A. Thomasson"",""number"":28,""pos"":""M""},{""id"":21146,""name"":""A. Fulgini"",""number"":11,""pos"":""M""},{""id"":31318,""name"":""M'Bala Nzola"",""number"":8,""pos"":""F""}]","[{""id"":386852,""name"":""J. Agbonifo"",""number"":25,""pos"":""F""},{""id"":449509,""name"":""J. Bah"",""number"":27,""pos"":""D""},{""id"":129169,""name"":""A. Zaroury"",""number"":21,""pos"":""F""},{""id"":21715,""name"":""W. Saïd"",""number"":22,""pos"":""F""},{""id"":437143,""name"":""A. Delplace"",""number"":50,""pos"":""G""},{""id"":20817,""name"":""G. Koyalipou"",""number"":19,""pos"":""F""},{""id"":237232,""name"":""H. Ojediran"",""number"":15,""pos"":""M""},{""id"":18785,""name"":""N. Mendy"",""number"":26,""pos"":""M""},{""id"":326976,""name"":""T. Pouilly"",""number"":34,""pos"":""M""}]"
1213939,95,Strasbourg,False,3-4-2-1,L. Rosenior,11,9,"[{""id"":118307,""name"":""Đ. Petrović"",""number"":1,""pos"":""G""},{""id"":161747,""name"":""G. Doué"",""number"":22,""pos"":""D""},{""id"":147835,""name"":""A. Omobamidele"",""number"":2,""pos"":""D""},{""id"":276184,""name"":""M. Sarr"",""number"":23,""pos"":""D""},{""id"":335056,""name"":""Diego Moreira"",""number"":7,""pos"":""M""},{""id"":327631,""name"":""H. Diarra"",""number"":19,""pos"":""M""},{""id"":305834,""name"":""Andrey Santos"",""number"":8,""pos"":""M""},{""id"":319572,""name"":""V. Barco"",""number"":32,""pos"":""M""},{""id"":325594,""name"":""F. Lemaréchal"",""number"":6,""pos"":""F""},{""id"":226803,""name"":""S. Nanasi"",""number"":15,""pos"":""F""},{""id"":203762,""name"":""E. Emegha"",""number"":10,""pos"":""F""}]","[{""id"":364810,""name"":""A. Sylla"",""number"":5,""pos"":""D""},{""id"":129695,""name"":""D. Bakwa"",""number"":26,""pos"":""F""},{""id"":358166,""name"":""A. Ouattara"",""number"":42,""pos"":""M""},{""id"":2259,""name"":""E. Sobol"",""number"":77,""pos"":""D""},{""id"":190686,""name"":""S. Mara"",""number"":14,""pos"":""F""},{""id"":438752,""name"":""P. Diong"",""number"":17,""pos"":""M""},{""id"":334035,""name"":""S. Amo-Ameyaw"",""number"":27,""pos"":""F""},{""id"":2850,""name"":""K. Johnsson"",""number"":30,""pos"":""G""},{""id"":415431,""name"":""S. El Mourabet"",""number"":39,""pos"":""M""}]"
1213941,94,Rennes,True,3-4-2-1,H. Beye,11,9,"[{""id"":21628,""name"":""B. Samba"",""number"":1,""pos"":""G""},{""id"":367636,""name"":""J. Jacquet"",""number"":97,""pos"":""D""},{""id"":20916,""name"":""C. Wooh"",""number"":4,""pos"":""D""},{""id"":126757,""name"":""L. Brassier"",""number"":5,""pos"":""D""},{""id"":180731,""name"":""L. Assignon"",""number"":22,""pos"":""M""},{""id"":328046,""name"":""I. Koné"",""number"":90,""pos"":""M""},{""id"":343792,""name"":""D. Cissé"",""number"":38,""pos"":""M""},{""id"":162267,""name"":""A. Truffert"",""number"":3,""pos"":""M""},{""id"":15286,""name"":""Mousa Al Ta'mari"",""number"":11,""pos"":""F""},{""id"":21497,""name"":""L. Blas"",""number"":10,""pos"":""F""},{""id"":147831,""name"":""A. Kalimuendo"",""number"":9,""pos"":""F""}]","[{""id"":30807,""name"":""S. Fofana"",""number"":8,""pos"":""M""},{""id"":33253,""name"":""K. Furuhashi"",""number"":7,""pos"":""F""},{""id"":152418,""name"":""N. Ahamada"",""number"":32,""pos"":""M""},{""id"":30423,""name"":""H. Hateboer"",""number"":33,""pos"":""M""},{""id"":167659,""name"":""K. Olaigbe"",""number"":19,""pos"":""F""},{""id"":449662,""name"":""M. Meïté"",""number"":62,""pos"":""F""},{""id"":438281,""name"":""A. Nagida"",""number"":18,""pos"":""D""},{""id"":1897,""name"":""S. Mandanda"",""number"":30,""pos"":""G""},{""id"":237249,""name"":""M. Faye"",""number"":15,""pos"":""D""}]"
1213941,79,Lille,False,4-2-3-1,B. Génésio,11,9,"[{""id"":162453,""name"":""L. Chevalier"",""number"":30,""pos"":""G""},{""id"":264,""name"":""T. Meunier"",""number"":12,""pos"":""D""},{""id"":22136,""name"":""B. Diakité"",""number"":18,""pos"":""D""},{""id"":142691,""name"":""Alexsandro Ribeiro"",""number"":4,""pos"":""D""},{""id"":679,""name"":""Ismaily"",""number"":31,""pos"":""D""},{""id"":2204,""name"":""B. André"",""number"":21,""pos"":""M""},{""id"":438688,""name"":""A. Bouaddi"",""number"":32,""pos"":""M""},{""id"":67889,""name"":""H. Haraldsson"",""number"":7,""pos"":""M""},{""id"":375598,""name"":""N. Mukau"",""number"":17,""pos"":""M""},{""id"":530,""name"":""M. Bakker"",""number"":20,""pos"":""M""},{""id"":2380,""name"":""C. Akpom"",""number"":24,""pos"":""F""}]","[{""id"":99576,""name"":""O. Sahraoui"",""number"":11,""pos"":""F""},{""id"":409,""name"":""N. Bentaleb"",""number"":6,""pos"":""M""},{""id"":47969,""name"":""G. Gudmundsson"",""number"":5,""pos"":""D""},{""id"":18765,""name"":""André Gomes"",""number"":26,""pos"":""M""},{""id"":368065,""name"":""Y. Lachaab"",""number"":47,""pos"":""F""},{""id"":21483,""name"":""M. Caillard"",""number"":16,""pos"":""G""},{""id"":487381,""name"":""S. Diaoune"",""number"":33,""pos"":""F""},{""id"":1567,""name"":""A. Mandi"",""number"":2,""pos"":""D""},{""id"":51146,""name"":""V. Mannone"",""number"":1,""pos"":""G""}]"
1213945,94,Rennes,True,3-5-2,H. Beye,11,9,"[{""id"":1897,""name"":""S. Mandanda"",""number"":30,""pos"":""G""},{""id"":30423,""name"":""H. Hateboer"",""number"":33,""pos"":""D""},{""id"":367636,""name"":""J. Jacquet"",""number"":97,""pos"":""D""},{""id"":126757,""name"":""L. Brassier"",""number"":5,""pos"":""D""},{""id"":180731,""name"":""L. Assignon"",""number"":22,""pos"":""M""},{""id"":328074,""name"":""J. James"",""number"":17,""pos"":""M""},{""id"":343792,""name"":""D. Cissé"",""number"":38,""pos"":""M""},{""id"":30807,""name"":""S. Fofana"",""number"":8,""pos"":""M""},{""id"":162267,""name"":""A. Truffert"",""number"":3,""pos"":""M""},{""id"":15286,""name"":""Mousa Al Ta'mari"",""number"":11,""pos"":""F""},{""id"":147831,""name"":""A. Kalimuendo"",""number"":9,""pos"":""F""}]","[{""id"":167659,""name"":""K. Olaigbe"",""number"":19,""pos"":""F""},{""id"":328046,""name"":""I. Koné"",""number"":90,""pos"":""M""},{""id"":345748,""name"":""C. Gómez"",""number"":20,""pos"":""F""},{""id"":33253,""name"":""K. Furuhashi"",""number"":7,""pos"":""F""},{""id"":152418,""name"":""N. Ahamada"",""number"":32,""pos"":""M""},{""id"":438281,""name"":""A. Nagida"",""number"":18,""pos"":""D""},{""id"":352999,""name"":""A. Sishuba"",""number"":28,""pos"":""M""},{""id"":37236,""name"":""A. Matusiwa"",""number"":6,""pos"":""M""},{""id"":20706,""name"":""G. Gallon"",""number"":23,""pos"":""G""}]"
1213945,93,Reims,False,4-2-3-1,S. Diawara,11,9,"[{""id"":20566,""name"":""Y. Diouf"",""number"":94,""pos"":""G""},{""id"":420292,""name"":""H. Sekine"",""number"":3,""pos"":""D""},{""id"":71545,""name"":""J. Okumu"",""number"":2,""pos"":""D""},{""id"":19546,""name"":""C. Kipré"",""number"":21,""pos"":""D""},{""id"":389322,""name"":""N. Sangui"",""number"":55,""pos"":""D""},{""id"":437482,""name"":""Amadou Koné"",""number"":72,""pos"":""M""},{""id"":156992,""name"":""M. Gbane"",""number"":24,""pos"":""M""},{""id"":1942,""name"":""J. Ito"",""number"":7,""pos"":""M""},{""id"":8966,""name"":""T. Teuma"",""number"":10,""pos"":""M""},{""id"":33321,""name"":""K. Nakamura"",""number"":17,""pos"":""M""},{""id"":334429,""name"":""O. Diakité"",""number"":22,""pos"":""F""}]","[{""id"":343351,""name"":""V. Atangana Edoa"",""number"":6,""pos"":""M""},{""id"":293297,""name"":""J. Patrick"",""number"":30,""pos"":""M""},{""id"":386481,""name"":""M. Diakhon"",""number"":67,""pos"":""F""},{""id"":8451,""name"":""Aurélio Buta"",""number"":23,""pos"":""D""},{""id"":494535,""name"":""H. Ibrahim"",""number"":85,""pos"":""F""},{""id"":21080,""name"":""A. Olliero"",""number"":20,""pos"":""G""},{""id"":454432,""name"":""N. Sissoko"",""number"":74,""pos"":""F""},{""id"":21136,""name"":""L. Butelle"",""number"":16,""pos"":""G""},{""id"":414188,""name"":""M. Jeng"",""number"":31,""pos"":""D""}]"
1213947,79,Lille,True,4-4-2,B. Génésio,11,9,"[{""id"":162453,""name"":""L. Chevalier"",""number"":30,""pos"":""G""},{""id"":264,""name"":""T. Meunier"",""number"":12,""pos"":""D""},{""id"":22136,""name"":""B. Diakité"",""number"":18,""pos"":""D""},{""id"":142691,""name"":""Alexsandro Ribeiro"",""number"":4,""pos"":""D""},{""id"":47969,""name"":""G. Gudmundsson"",""number"":5,""pos"":""D""},{""id"":375598,""name"":""N. Mukau"",""number"":17,""pos"":""M""},{""id"":438688,""name"":""A. Bouaddi"",""number"":32,""pos"":""M""},{""id"":2204,""name"":""B. André"",""number"":21,""pos"":""M""},{""id"":67889,""name"":""H. Haraldsson"",""number"":7,""pos"":""M""},{""id"":8489,""name"":""J. David"",""number"":9,""pos"":""F""},{""id"":2380,""name"":""C. Akpom"",""number"":24,""pos"":""F""}]","[{""id"":409,""name"":""N. Bentaleb"",""number"":6,""pos"":""M""},{""id"":340077,""name"":""M. Fernandez-Pardo"",""number"":19,""pos"":null},{""id"":486136,""name"":""I. Cossier"",""number"":35,""pos"":""D""},{""id"":368065,""name"":""Y. Lachaab"",""number"":47,""pos"":""F""},{""id"":1567,""name"":""A. Mandi"",""number"":2,""pos"":""D""},{""id"":18765,""name"":""André Gomes"",""number"":26,""pos"":""M""},{""id"":896,""name"":""A. Gomes"",""number"":8,""pos"":""M""},{""id"":51146,""name"":""V. Mannone"",""number"":1,""pos"":""G""},{""id"":386287,""name"":""E. Mbappé"",""number"":29,""pos"":""M""}]"
1213947,91,Monaco,False,4-2-3-1,A. Hütter,11,9,"[{""id"":40384,""name"":""R. Majecki"",""number"":1,""pos"":""G""},{""id"":291649,""name"":""Vanderson"",""number"":2,""pos"":""D""},{""id"":30504,""name"":""W. Singo"",""number"":17,""pos"":""D""},{""id"":371916,""name"":""C. Mawissa"",""number"":13,""pos"":""D""},{""id"":81,""name"":""K. Diatta"",""number"":27,""pos"":""D""},{""id"":374058,""name"":""L. Camara"",""number"":15,""pos"":""M""},{""id"":2810,""name"":""D. Zakaria"",""number"":6,""pos"":""M""},{""id"":274300,""name"":""M. Akliouche"",""number"":11,""pos"":""M""},{""id"":1101,""name"":""T. Minamino"",""number"":18,""pos"":""M""},{""id"":343320,""name"":""E. Ben Seghir"",""number"":7,""pos"":""M""},{""id"":283026,""name"":""M. Biereth"",""number"":14,""pos"":""F""}]","[{""id"":10316,""name"":""Caio Henrique"",""number"":12,""pos"":""D""},{""id"":421,""name"":""B. Embolo"",""number"":36,""pos"":""F""},{""id"":395040,""name"":""G. Ilenikhena"",""number"":21,""pos"":""F""},{""id"":42006,""name"":""Al Musrati"",""number"":8,""pos"":""M""},{""id"":343319,""name"":""L. Michal"",""number"":41,""pos"":""F""},{""id"":7313,""name"":""P. Köhn"",""number"":16,""pos"":""G""},{""id"":333137,""name"":""K. Ouattara"",""number"":20,""pos"":""D""},{""id"":47480,""name"":""M. Salisu"",""number"":22,""pos"":""D""},{""id"":261,""name"":""T. Kehrer"",""number"":5,""pos"":""D""}]"
1213950,1063,Saint Etienne,True,4-3-3,E. Horneland,11,9,"[{""id"":20541,""name"":""G. Larsonneur"",""number"":30,""pos"":""G""},{""id"":24284,""name"":""Y. Maçon"",""number"":27,""pos"":""D""},{""id"":8445,""name"":""D. Batubinsika"",""number"":21,""pos"":""D""},{""id"":22087,""name"":""M. Nadé"",""number"":3,""pos"":""D""},{""id"":157146,""name"":""L. Pétrot"",""number"":19,""pos"":""D""},{""id"":274355,""name"":""B. Bouchouari"",""number"":6,""pos"":""M""},{""id"":278232,""name"":""P. Ekwah"",""number"":4,""pos"":""M""},{""id"":8624,""name"":""F. Tardieu"",""number"":10,""pos"":""M""},{""id"":8683,""name"":""I. Cardona"",""number"":7,""pos"":""F""},{""id"":322560,""name"":""L. Stassin"",""number"":32,""pos"":""F""},{""id"":489911,""name"":""D. N´Guessan"",""number"":63,""pos"":""F""}]","[{""id"":24743,""name"":""Z. Davitashvili"",""number"":22,""pos"":""F""},{""id"":90599,""name"":""M. Bernauer"",""number"":13,""pos"":""D""},{""id"":289555,""name"":""L. Mouton"",""number"":14,""pos"":""M""},{""id"":337426,""name"":""A. Boakye"",""number"":20,""pos"":""F""},{""id"":20648,""name"":""I. Sissoko"",""number"":9,""pos"":""F""},{""id"":174801,""name"":""A. Moueffek"",""number"":29,""pos"":""M""},{""id"":20861,""name"":""L. Fomba"",""number"":26,""pos"":""M""},{""id"":2704,""name"":""Y. Abdelhamid"",""number"":5,""pos"":""D""},{""id"":20736,""name"":""B. Maubleu"",""number"":1,""pos"":""G""}]"
1213950,77,Angers,False,4-2-3-1,A. Dujeux,11,9,"[{""id"":64190,""name"":""Y. Fofana"",""number"":30,""pos"":""G""},{""id"":174660,""name"":""L. Raolisoa"",""number"":27,""pos"":""D""},{""id"":3234,""name"":""A. Bamba"",""number"":25,""pos"":""D""},{""id"":21381,""name"":""J. Lefort"",""number"":21,""pos"":""D""},{""id"":41146,""name"":""F. Hanin"",""number"":26,""pos"":""D""},{""id"":21145,""name"":""P. Capelle"",""number"":15,""pos"":""M""},{""id"":20554,""name"":""H. Belkebla"",""number"":93,""pos"":""M""},{""id"":3175,""name"":""Z. Ferhat"",""number"":20,""pos"":""M""},{""id"":20692,""name"":""H. Abdelli"",""number"":10,""pos"":""M""},{""id"":21618,""name"":""J. Allevinah"",""number"":18,""pos"":""M""},{""id"":20537,""name"":""I. Niane"",""number"":7,""pos"":""F""}]","[{""id"":3177,""name"":""F. El Melali"",""number"":28,""pos"":""F""},{""id"":421875,""name"":""S. Cherif"",""number"":11,""pos"":""F""},{""id"":425207,""name"":""M. Courcoul"",""number"":5,""pos"":""D""},{""id"":284072,""name"":""B. Dieng"",""number"":99,""pos"":""F""},{""id"":174708,""name"":""Y. Belkhdim"",""number"":14,""pos"":""M""},{""id"":343609,""name"":""J. Ekomié"",""number"":3,""pos"":""D""},{""id"":271540,""name"":""O. Camara"",""number"":29,""pos"":""D""},{""id"":174973,""name"":""M. Zinga"",""number"":16,""pos"":""G""},{""id"":405074,""name"":""J. Kalumba"",""number"":17,""pos"":""F""}]"
1213951,108,Auxerre,True,5-4-1,C. Pélissier,11,9,"[{""id"":20542,""name"":""D. Léon"",""number"":16,""pos"":""G""},{""id"":285,""name"":""K. Hoever"",""number"":23,""pos"":""D""},{""id"":20206,""name"":""G. Osho"",""number"":3,""pos"":""D""},{""id"":41300,""name"":""Jubal"",""number"":4,""pos"":""D""},{""id"":191189,""name"":""C. Akpa"",""number"":92,""pos"":""D""},{""id"":7578,""name"":""G. Mensah"",""number"":14,""pos"":""D""},{""id"":20732,""name"":""G. Perrin"",""number"":10,""pos"":""M""},{""id"":21010,""name"":""E. Owusu"",""number"":42,""pos"":""M""},{""id"":323625,""name"":""K. Danois"",""number"":27,""pos"":""M""},{""id"":31057,""name"":""H. Traoré"",""number"":25,""pos"":""M""},{""id"":51293,""name"":""T. Bair"",""number"":9,""pos"":""F""}]","[{""id"":90617,""name"":""L. Sinayoko"",""number"":17,""pos"":""F""},{""id"":215827,""name"":""F. Oppegård"",""number"":12,""pos"":""D""},{""id"":191392,""name"":""P. Joly"",""number"":26,""pos"":""D""},{""id"":110,""name"":""H. Massengo"",""number"":80,""pos"":""M""},{""id"":32940,""name"":""A. Onaiwu"",""number"":45,""pos"":""F""},{""id"":20782,""name"":""F. Ayé"",""number"":19,""pos"":""F""},{""id"":368039,""name"":""N. Glossoa"",""number"":32,""pos"":""F""},{""id"":30748,""name"":""A. Dioussé"",""number"":18,""pos"":""M""},{""id"":193681,""name"":""T. De Percin"",""number"":40,""pos"":""G""}]"
1213951,81,Marseille,False,3-4-2-1,R. De Zerbi,11,9,"[{""id"":47296,""name"":""G. Rulli"",""number"":1,""pos"":""G""},{""id"":2973,""name"":""M. Murillo"",""number"":62,""pos"":""D""},{""id"":51295,""name"":""D. Cornelius"",""number"":13,""pos"":""D""},{""id"":926,""name"":""G. Kondogbia"",""number"":19,""pos"":""D""},{""id"":10077,""name"":""Luis Henrique"",""number"":44,""pos"":""M""},{""id"":3173,""name"":""I. Bennacer"",""number"":22,""pos"":""M""},{""id"":2735,""name"":""P. Højbjerg"",""number"":23,""pos"":""M""},{""id"":272460,""name"":""Q. Merlin"",""number"":3,""pos"":""M""},{""id"":897,""name"":""M. Greenwood"",""number"":10,""pos"":""F""},{""id"":272,""name"":""A. Rabiot"",""number"":25,""pos"":""F""},{""id"":85041,""name"":""A. Gouiri"",""number"":9,""pos"":""F""}]","[{""id"":7318,""name"":""A. Dedić"",""number"":77,""pos"":""D""},{""id"":19364,""name"":""N. Maupay"",""number"":8,""pos"":""F""},{""id"":943,""name"":""U. Garcia"",""number"":6,""pos"":""D""},{""id"":30525,""name"":""Pol Lirola"",""number"":29,""pos"":""D""},{""id"":278095,""name"":""J. Rowe"",""number"":17,""pos"":""F""},{""id"":412,""name"":""A. Harit"",""number"":11,""pos"":""M""},{""id"":283216,""name"":""B. Nadir"",""number"":26,""pos"":""M""},{""id"":21102,""name"":""V. Rongier"",""number"":21,""pos"":""M""},{""id"":36827,""name"":""J. de Lange"",""number"":12,""pos"":""G""}]"
1213949,83,Nantes,True,4-3-3,A. Kombouare,11,9,"[{""id"":647,""name"":""Anthony Lopes"",""number"":16,""pos"":""G""},{""id"":22134,""name"":""K. Amian"",""number"":98,""pos"":""D""},{""id"":274328,""name"":""S. Sow"",""number"":24,""pos"":""D""},{""id"":20545,""name"":""J. Castelletto"",""number"":21,""pos"":""D""},{""id"":21088,""name"":""N. Pallois"",""number"":4,""pos"":""D""},{""id"":193952,""name"":""J. Lepenant"",""number"":8,""pos"":""M""},{""id"":10036,""name"":""Douglas Augusto"",""number"":6,""pos"":""M""},{""id"":443674,""name"":""L. Leroux"",""number"":66,""pos"":""M""},{""id"":161622,""name"":""M. Abline"",""number"":39,""pos"":""F""},{""id"":2668,""name"":""Mostafa Mohamed"",""number"":31,""pos"":""F""},{""id"":2781,""name"":""M. Simon"",""number"":27,""pos"":""F""}]","[{""id"":3034,""name"":""M. Elia"",""number"":17,""pos"":""F""},{""id"":18599,""name"":""S. Thomas"",""number"":22,""pos"":""M""},{""id"":924,""name"":""F. Coquelin"",""number"":13,""pos"":""M""},{""id"":21498,""name"":""M. Coco"",""number"":11,""pos"":""F""},{""id"":386438,""name"":""M. Acapandié"",""number"":41,""pos"":""D""},{""id"":21582,""name"":""F. Mollet"",""number"":25,""pos"":""M""},{""id"":443676,""name"":""H. Guirassy"",""number"":62,""pos"":""F""},{""id"":388779,""name"":""D. Assoumani"",""number"":59,""pos"":""M""},{""id"":15684,""name"":""P. Carlgren"",""number"":30,""pos"":""G""}]"
1213949,116,Lens,False,4-2-3-1,W. Still,11,9,"[{""id"":2741,""name"":""M. Ryan"",""number"":30,""pos"":""G""},{""id"":21568,""name"":""R. Aguilar"",""number"":2,""pos"":""D""},{""id"":21635,""name"":""J. Gradit"",""number"":24,""pos"":""D""},{""id"":22166,""name"":""M. Sarr"",""number"":20,""pos"":""D""},{""id"":6231,""name"":""F. Medina"",""number"":14,""pos"":""D""},{""id"":277003,""name"":""N. El Aynaoui"",""number"":23,""pos"":""M""},{""id"":270509,""name"":""A. Diouf"",""number"":18,""pos"":""M""},{""id"":20817,""name"":""G. Koyalipou"",""number"":19,""pos"":""M""},{""id"":22261,""name"":""A. Thomasson"",""number"":28,""pos"":""M""},{""id"":129169,""name"":""A. Zaroury"",""number"":21,""pos"":""M""},{""id"":21715,""name"":""W. Saïd"",""number"":22,""pos"":""F""}]","[{""id"":386852,""name"":""J. Agbonifo"",""number"":25,""pos"":""F""},{""id"":31318,""name"":""M'Bala Nzola"",""number"":8,""pos"":""F""},{""id"":20761,""name"":""F. Sotoca"",""number"":7,""pos"":""F""},{""id"":326976,""name"":""T. Pouilly"",""number"":34,""pos"":""M""},{""id"":21146,""name"":""A. Fulgini"",""number"":11,""pos"":""M""},{""id"":22220,""name"":""H. Koffi"",""number"":16,""pos"":""G""},{""id"":449509,""name"":""J. Bah"",""number"":27,""pos"":""D""},{""id"":395589,""name"":""N. Čelik"",""number"":4,""pos"":""D""},{""id"":18785,""name"":""N. Mendy"",""number"":26,""pos"":""M""}]"
1213952,84,Nice,True,3-4-2-1,F. Haise,11,9,"[{""id"":2274,""name"":""M. Bułka"",""number"":1,""pos"":""G""},{""id"":407017,""name"":""M. Bombito"",""number"":64,""pos"":""D""},{""id"":3099,""name"":""Y. Ndayishimiye"",""number"":55,""pos"":""D""},{""id"":22163,""name"":""Dante"",""number"":4,""pos"":""D""},{""id"":25008,""name"":""J. Clauss"",""number"":92,""pos"":""M""},{""id"":4399,""name"":""H. Boudaoui"",""number"":6,""pos"":""M""},{""id"":21153,""name"":""B. Santamaría"",""number"":28,""pos"":""M""},{""id"":49583,""name"":""A. Abdi"",""number"":2,""pos"":""M""},{""id"":137303,""name"":""E. Guessand"",""number"":29,""pos"":""F""},{""id"":274312,""name"":""M. Cho"",""number"":25,""pos"":""F""},{""id"":21592,""name"":""G. Laborde"",""number"":24,""pos"":""F""}]","[{""id"":240,""name"":""P. Rosario"",""number"":8,""pos"":""M""},{""id"":193617,""name"":""T. Louchet"",""number"":20,""pos"":""M""},{""id"":30531,""name"":""J. Boga"",""number"":7,""pos"":""F""},{""id"":107,""name"":""S. Diop"",""number"":10,""pos"":""M""},{""id"":662,""name"":""T. Ndombélé"",""number"":22,""pos"":""M""},{""id"":21079,""name"":""M. Dupé"",""number"":31,""pos"":""G""},{""id"":196343,""name"":""Mohamed Abdelmonem"",""number"":5,""pos"":""D""},{""id"":313937,""name"":""A. Mendy"",""number"":33,""pos"":""D""},{""id"":161919,""name"":""Y. Moukoko"",""number"":15,""pos"":""F""}]"
1213952,82,Montpellier,False,5-3-2,J. Gasset,11,9,"[{""id"":21566,""name"":""B. Lecomte"",""number"":40,""pos"":""G""},{""id"":179399,""name"":""E. Tchato"",""number"":29,""pos"":""D""},{""id"":193501,""name"":""B. Meïté"",""number"":2,""pos"":""D""},{""id"":3335,""name"":""K. Kouyaté"",""number"":4,""pos"":""D""},{""id"":350388,""name"":""Y. Mouanga"",""number"":47,""pos"":""D""},{""id"":21434,""name"":""T. Sainte-Luce"",""number"":17,""pos"":""D""},{""id"":387120,""name"":""R. Nzingoula"",""number"":19,""pos"":""M""},{""id"":326088,""name"":""K. Fayad"",""number"":22,""pos"":""M""},{""id"":21443,""name"":""T. Savanier"",""number"":11,""pos"":""M""},{""id"":113581,""name"":""T. Coulibaly"",""number"":70,""pos"":""F""},{""id"":21591,""name"":""A. Delort"",""number"":9,""pos"":""F""}]","[{""id"":21439,""name"":""J. Ferri"",""number"":12,""pos"":""M""},{""id"":349616,""name"":""N. Pays"",""number"":18,""pos"":""F""},{""id"":22102,""name"":""W. Khazri"",""number"":10,""pos"":""F""},{""id"":3336,""name"":""F. Sacko"",""number"":77,""pos"":""D""},{""id"":361383,""name"":""Junior Ndiaye"",""number"":41,""pos"":""F""},{""id"":369676,""name"":""T. Chennahi"",""number"":44,""pos"":""M""},{""id"":21565,""name"":""D. Bertaud"",""number"":16,""pos"":""G""},{""id"":490138,""name"":""A. Camara"",""number"":48,""pos"":""M""},{""id"":333118,""name"":""L. Mincarelli"",""number"":21,""pos"":""D""}]"
1213948,95,Strasbourg,True,3-4-2-1,L. Rosenior,11,9,"[{""id"":118307,""name"":""Đ. Petrović"",""number"":1,""pos"":""G""},{""id"":161747,""name"":""G. Doué"",""number"":22,""pos"":""D""},{""id"":276184,""name"":""M. Sarr"",""number"":23,""pos"":""D""},{""id"":364810,""name"":""A. Sylla"",""number"":5,""pos"":""D""},{""id"":129695,""name"":""D. Bakwa"",""number"":26,""pos"":""M""},{""id"":327631,""name"":""H. Diarra"",""number"":19,""pos"":""M""},{""id"":271542,""name"":""I. Doukouré"",""number"":29,""pos"":""M""},{""id"":319572,""name"":""V. Barco"",""number"":32,""pos"":""M""},{""id"":325594,""name"":""F. Lemaréchal"",""number"":6,""pos"":""F""},{""id"":335056,""name"":""Diego Moreira"",""number"":7,""pos"":""F""},{""id"":203762,""name"":""E. Emegha"",""number"":10,""pos"":""F""}]","[{""id"":226803,""name"":""S. Nanasi"",""number"":15,""pos"":""M""},{""id"":190686,""name"":""S. Mara"",""number"":14,""pos"":""F""},{""id"":358166,""name"":""A. Ouattara"",""number"":42,""pos"":""M""},{""id"":2850,""name"":""K. Johnsson"",""number"":30,""pos"":""G""},{""id"":356520,""name"":""Ó. Perea"",""number"":20,""pos"":""F""},{""id"":334035,""name"":""S. Amo-Ameyaw"",""number"":27,""pos"":""F""},{""id"":2259,""name"":""E. Sobol"",""number"":77,""pos"":""D""},{""id"":438752,""name"":""P. Diong"",""number"":17,""pos"":""M""},{""id"":415431,""name"":""S. El Mourabet"",""number"":39,""pos"":""M""}]"
1213948,106,Stade Brestois 29,False,4-2-3-1,E. Roy,11,9,"[{""id"":36878,""name"":""M. Bizot"",""number"":40,""pos"":""G""},{""id"":22247,""name"":""K. Lala"",""number"":7,""pos"":""D""},{""id"":20546,""name"":""B. Chardonnet"",""number"":5,""pos"":""D""},{""id"":162568,""name"":""S. Coulibaly"",""number"":44,""pos"":""D""},{""id"":3333,""name"":""M. Haïdara"",""number"":22,""pos"":""D""},{""id"":24147,""name"":""M. Camara"",""number"":45,""pos"":""M""},{""id"":22170,""name"":""P. Lees-Melou"",""number"":20,""pos"":""M""},{""id"":20780,""name"":""Mathias Pereira Lage"",""number"":26,""pos"":""M""},{""id"":326068,""name"":""K. Doumbia"",""number"":9,""pos"":""M""},{""id"":20558,""name"":""H. Magnetti"",""number"":8,""pos"":""M""},{""id"":41323,""name"":""Mama Baldé"",""number"":14,""pos"":""F""}]","[{""id"":203483,""name"":""A. Ndiaye"",""number"":3,""pos"":""D""},{""id"":277191,""name"":""A. Sima"",""number"":17,""pos"":""F""},{""id"":84082,""name"":""R. Faivre"",""number"":21,""pos"":""M""},{""id"":485957,""name"":""S. Diop"",""number"":35,""pos"":""F""},{""id"":30405,""name"":""E. Fernandes"",""number"":6,""pos"":""D""},{""id"":422595,""name"":""L. Zogbé"",""number"":12,""pos"":""D""},{""id"":21248,""name"":""G. Coudert"",""number"":30,""pos"":""G""},{""id"":85914,""name"":""J. Le Cardinal"",""number"":25,""pos"":""D""},{""id"":22258,""name"":""J. Martin"",""number"":28,""pos"":""M""}]"
1213946,111,Le Havre,True,4-1-4-1,D. Digard,11,9,"[{""id"":646,""name"":""M. Gorgelin"",""number"":1,""pos"":""G""},{""id"":2336,""name"":""L. Nego"",""number"":7,""pos"":""D""},{""id"":162443,""name"":""É. Youté"",""number"":6,""pos"":""D""},{""id"":64255,""name"":""G. Lloris"",""number"":4,""pos"":""D""},{""id"":105,""name"":""F. Ballo-Touré"",""number"":97,""pos"":""D""},{""id"":282549,""name"":""J. Mwanga"",""number"":23,""pos"":""M""},{""id"":174915,""name"":""J. Casimir"",""number"":10,""pos"":""M""},{""id"":174937,""name"":""Y. Kechta"",""number"":8,""pos"":""M""},{""id"":156465,""name"":""I. Soumaré"",""number"":45,""pos"":""M""},{""id"":289304,""name"":""A. Joujou"",""number"":21,""pos"":""M""},{""id"":1617,""name"":""Koka"",""number"":99,""pos"":""F""}]","[{""id"":386284,""name"":""M. Diawara"",""number"":34,""pos"":""M""},{""id"":1370,""name"":""A. Ayew"",""number"":28,""pos"":""F""},{""id"":21103,""name"":""A. Touré"",""number"":94,""pos"":""M""},{""id"":23637,""name"":""Y. Zouaoui"",""number"":18,""pos"":""D""},{""id"":386275,""name"":""I. Housni"",""number"":46,""pos"":""F""},{""id"":128342,""name"":""R. Ndiaye"",""number"":19,""pos"":""M""},{""id"":24201,""name"":""A. Confais"",""number"":25,""pos"":""M""},{""id"":162067,""name"":""T. Pembélé"",""number"":32,""pos"":""D""},{""id"":24011,""name"":""A. Desmas"",""number"":30,""pos"":""G""}]"
1213946,96,Toulouse,False,3-4-2-1,Carles Martínez,11,9,"[{""id"":39104,""name"":""K. Haug"",""number"":16,""pos"":""G""},{""id"":102,""name"":""D. Sidibé"",""number"":19,""pos"":""D""},{""id"":278392,""name"":""C. Cresswell"",""number"":4,""pos"":""D""},{""id"":50735,""name"":""M. McKenzie"",""number"":3,""pos"":""D""},{""id"":39115,""name"":""A. Dønnum"",""number"":15,""pos"":""M""},{""id"":50956,""name"":""C. Cásseres"",""number"":23,""pos"":""M""},{""id"":48491,""name"":""V. Sierro"",""number"":8,""pos"":""M""},{""id"":11421,""name"":""G. Suazo"",""number"":17,""pos"":""M""},{""id"":328648,""name"":""S. Babicka"",""number"":80,""pos"":""F""},{""id"":243,""name"":""Z. Aboukhlal"",""number"":7,""pos"":""F""},{""id"":174724,""name"":""F. Magri"",""number"":9,""pos"":""F""}]","[{""id"":412759,""name"":""J. Canvot"",""number"":29,""pos"":""D""},{""id"":334952,""name"":""R. Messali"",""number"":22,""pos"":""M""},{""id"":430816,""name"":""N. Edjouma"",""number"":31,""pos"":""F""},{""id"":264383,""name"":""W. Kamanzi"",""number"":12,""pos"":""D""},{""id"":1369,""name"":""M. Zajc"",""number"":21,""pos"":""M""},{""id"":461463,""name"":""M. Saka"",""number"":39,""pos"":""M""},{""id"":367637,""name"":""Ü. Akdağ"",""number"":6,""pos"":""D""},{""id"":412760,""name"":""M. Niflore"",""number"":60,""pos"":""G""},{""id"":366572,""name"":""E. Zuliani"",""number"":37,""pos"":""M""}]"
1213953,80,Lyon,True,4-3-3,Paulo Fonseca,11,9,"[{""id"":80296,""name"":""Lucas Perri"",""number"":1,""pos"":""G""},{""id"":334914,""name"":""S. Kumbedi"",""number"":20,""pos"":""D""},{""id"":68,""name"":""Clinton Mata"",""number"":22,""pos"":""D""},{""id"":25916,""name"":""M. Niakhaté"",""number"":19,""pos"":""D""},{""id"":529,""name"":""N. Tagliafico"",""number"":3,""pos"":""D""},{""id"":902,""name"":""N. Matić"",""number"":31,""pos"":""M""},{""id"":80752,""name"":""T. Tessmann"",""number"":15,""pos"":""M""},{""id"":519,""name"":""C. Tolisso"",""number"":8,""pos"":""M""},{""id"":350856,""name"":""E. Nuamah"",""number"":37,""pos"":""F""},{""id"":156477,""name"":""R. Cherki"",""number"":18,""pos"":""F""},{""id"":361348,""name"":""M. Fofana"",""number"":11,""pos"":""F""}]","[{""id"":1467,""name"":""A. Lacazette"",""number"":10,""pos"":""F""},{""id"":6067,""name"":""T. Almada"",""number"":23,""pos"":""M""},{""id"":1456,""name"":""A. Maitland-Niles"",""number"":98,""pos"":""M""},{""id"":180496,""name"":""G. Mikautadze"",""number"":69,""pos"":""F""},{""id"":1568,""name"":""P. Akouokou"",""number"":4,""pos"":""M""},{""id"":1902,""name"":""D. Ćaleta-Car"",""number"":55,""pos"":""D""},{""id"":30409,""name"":""J. Veretout"",""number"":7,""pos"":""M""},{""id"":20762,""name"":""R. Descamps"",""number"":40,""pos"":""G""},{""id"":162265,""name"":""W. Omari"",""number"":27,""pos"":""D""}]"
1213953,85,Paris Saint Germain,False,4-3-3,Luis Enrique,11,9,"[{""id"":1622,""name"":""G. Donnarumma"",""number"":1,""pos"":""G""},{""id"":9,""name"":""A. Hakimi"",""number"":2,""pos"":""D""},{""id"":257,""name"":""Marquinhos"",""number"":5,""pos"":""D""},{""id"":307835,""name"":""Beraldo"",""number"":35,""pos"":""D""},{""id"":263482,""name"":""Nuno Mendes"",""number"":25,""pos"":""D""},{""id"":343027,""name"":""D. Doué"",""number"":14,""pos"":""M""},{""id"":128384,""name"":""Vitinha"",""number"":17,""pos"":""M""},{""id"":335051,""name"":""João Neves"",""number"":87,""pos"":""M""},{""id"":483,""name"":""K. Kvaratskhelia"",""number"":7,""pos"":""F""},{""id"":153,""name"":""O. Dembélé"",""number"":10,""pos"":""F""},{""id"":161904,""name"":""B. Barcola"",""number"":29,""pos"":""F""}]","[{""id"":328,""name"":""Fabián Ruiz"",""number"":8,""pos"":""M""},{""id"":33,""name"":""L. Hernández"",""number"":21,""pos"":""D""},{""id"":927,""name"":""Lee Kang-In"",""number"":19,""pos"":""M""},{""id"":41585,""name"":""Gonçalo Ramos"",""number"":9,""pos"":""F""},{""id"":262,""name"":""P. Kimpembe"",""number"":3,""pos"":""D""},{""id"":409216,""name"":""S. Mayulu"",""number"":24,""pos"":""M""},{""id"":16367,""name"":""W. Pacho"",""number"":51,""pos"":""D""},{""id"":162473,""name"":""Arnau Tenas"",""number"":80,""pos"":""G""},{""id"":2068,""name"":""M. Safonov"",""number"":39,""pos"":""G""}]"
1213961,91,Monaco,True,4-2-3-1,A. Hütter,11,9,"[{""id"":40384,""name"":""R. Majecki"",""number"":1,""pos"":""G""},{""id"":291649,""name"":""Vanderson"",""number"":2,""pos"":""D""},{""id"":261,""name"":""T. Kehrer"",""number"":5,""pos"":""D""},{""id"":371916,""name"":""C. Mawissa"",""number"":13,""pos"":""D""},{""id"":10316,""name"":""Caio Henrique"",""number"":12,""pos"":""D""},{""id"":42006,""name"":""Al Musrati"",""number"":8,""pos"":""M""},{""id"":2810,""name"":""D. Zakaria"",""number"":6,""pos"":""M""},{""id"":274300,""name"":""M. Akliouche"",""number"":11,""pos"":""M""},{""id"":421,""name"":""B. Embolo"",""number"":36,""pos"":""M""},{""id"":1101,""name"":""T. Minamino"",""number"":18,""pos"":""M""},{""id"":283026,""name"":""M. Biereth"",""number"":14,""pos"":""F""}]","[{""id"":81,""name"":""K. Diatta"",""number"":27,""pos"":""M""},{""id"":395040,""name"":""G. Ilenikhena"",""number"":21,""pos"":""F""},{""id"":343320,""name"":""E. Ben Seghir"",""number"":7,""pos"":""M""},{""id"":343319,""name"":""L. Michal"",""number"":41,""pos"":""F""},{""id"":374058,""name"":""L. Camara"",""number"":15,""pos"":""M""},{""id"":47480,""name"":""M. Salisu"",""number"":22,""pos"":""D""},{""id"":30504,""name"":""W. Singo"",""number"":17,""pos"":""D""},{""id"":333137,""name"":""K. Ouattara"",""number"":20,""pos"":""D""},{""id"":7313,""name"":""P. Köhn"",""number"":16,""pos"":""G""}]"
1213961,93,Reims,False,5-3-2,S. Diawara,11,9,"[{""id"":20566,""name"":""Y. Diouf"",""number"":94,""pos"":""G""},{""id"":420292,""name"":""H. Sekine"",""number"":3,""pos"":""D""},{""id"":71545,""name"":""J. Okumu"",""number"":2,""pos"":""D""},{""id"":156992,""name"":""M. Gbane"",""number"":24,""pos"":""D""},{""id"":414188,""name"":""M. Jeng"",""number"":31,""pos"":""D""},{""id"":47530,""name"":""Sergio Akieme"",""number"":18,""pos"":""D""},{""id"":293297,""name"":""J. Patrick"",""number"":30,""pos"":""M""},{""id"":343351,""name"":""V. Atangana Edoa"",""number"":6,""pos"":""M""},{""id"":8966,""name"":""T. Teuma"",""number"":10,""pos"":""M""},{""id"":1942,""name"":""J. Ito"",""number"":7,""pos"":""F""},{""id"":33321,""name"":""K. Nakamura"",""number"":17,""pos"":""F""}]","[{""id"":334429,""name"":""O. Diakité"",""number"":22,""pos"":""F""},{""id"":386481,""name"":""M. Diakhon"",""number"":67,""pos"":""F""},{""id"":392656,""name"":""M. Diadie"",""number"":64,""pos"":""M""},{""id"":21080,""name"":""A. Olliero"",""number"":20,""pos"":""G""},{""id"":442929,""name"":""Abdoul Koné"",""number"":92,""pos"":""D""},{""id"":494535,""name"":""H. Ibrahim"",""number"":85,""pos"":""F""},{""id"":8451,""name"":""Aurélio Buta"",""number"":23,""pos"":""D""},{""id"":505518,""name"":""E. Zabi"",""number"":86,""pos"":""M""},{""id"":437482,""name"":""Amadou Koné"",""number"":72,""pos"":""M""}]"
1213958,1063,Saint Etienne,True,4-2-3-1,E. Horneland,11,9,"[{""id"":20541,""name"":""G. Larsonneur"",""number"":30,""pos"":""G""},{""id"":24284,""name"":""Y. Maçon"",""number"":27,""pos"":""D""},{""id"":8445,""name"":""D. Batubinsika"",""number"":21,""pos"":""D""},{""id"":22087,""name"":""M. Nadé"",""number"":3,""pos"":""D""},{""id"":157146,""name"":""L. Pétrot"",""number"":19,""pos"":""D""},{""id"":8624,""name"":""F. Tardieu"",""number"":10,""pos"":""M""},{""id"":174801,""name"":""A. Moueffek"",""number"":29,""pos"":""M""},{""id"":8683,""name"":""I. Cardona"",""number"":7,""pos"":""M""},{""id"":274355,""name"":""B. Bouchouari"",""number"":6,""pos"":""M""},{""id"":24743,""name"":""Z. Davitashvili"",""number"":22,""pos"":""M""},{""id"":322560,""name"":""L. Stassin"",""number"":32,""pos"":""F""}]","[{""id"":289555,""name"":""L. Mouton"",""number"":14,""pos"":""M""},{""id"":1407,""name"":""D. Appiah"",""number"":8,""pos"":""D""},{""id"":337426,""name"":""A. Boakye"",""number"":20,""pos"":""F""},{""id"":90599,""name"":""M. Bernauer"",""number"":13,""pos"":""D""},{""id"":107199,""name"":""P. Cornud"",""number"":17,""pos"":""D""},{""id"":20736,""name"":""B. Maubleu"",""number"":1,""pos"":""G""},{""id"":2704,""name"":""Y. Abdelhamid"",""number"":5,""pos"":""D""},{""id"":20861,""name"":""L. Fomba"",""number"":26,""pos"":""M""},{""id"":489911,""name"":""D. N´Guessan"",""number"":63,""pos"":""F""}]"
1213958,84,Nice,False,3-4-2-1,F. Haise,11,9,"[{""id"":2274,""name"":""M. Bułka"",""number"":1,""pos"":""G""},{""id"":407017,""name"":""M. Bombito"",""number"":64,""pos"":""D""},{""id"":3099,""name"":""Y. Ndayishimiye"",""number"":55,""pos"":""D""},{""id"":22163,""name"":""Dante"",""number"":4,""pos"":""D""},{""id"":25008,""name"":""J. Clauss"",""number"":92,""pos"":""M""},{""id"":240,""name"":""P. Rosario"",""number"":8,""pos"":""M""},{""id"":21153,""name"":""B. Santamaría"",""number"":28,""pos"":""M""},{""id"":162465,""name"":""M. Bard"",""number"":26,""pos"":""M""},{""id"":137303,""name"":""E. Guessand"",""number"":29,""pos"":""F""},{""id"":274312,""name"":""M. Cho"",""number"":25,""pos"":""F""},{""id"":21592,""name"":""G. Laborde"",""number"":24,""pos"":""F""}]","[{""id"":4399,""name"":""H. Boudaoui"",""number"":6,""pos"":""M""},{""id"":107,""name"":""S. Diop"",""number"":10,""pos"":""M""},{""id"":193617,""name"":""T. Louchet"",""number"":20,""pos"":""M""},{""id"":30531,""name"":""J. Boga"",""number"":7,""pos"":""F""},{""id"":49583,""name"":""A. Abdi"",""number"":2,""pos"":""D""},{""id"":196343,""name"":""Mohamed Abdelmonem"",""number"":5,""pos"":""D""},{""id"":313937,""name"":""A. Mendy"",""number"":33,""pos"":""D""},{""id"":334879,""name"":""B. Bouanani"",""number"":19,""pos"":""M""},{""id"":21079,""name"":""M. Dupé"",""number"":31,""pos"":""G""}]"
1213959,116,Lens,True,5-3-2,W. Still,11,9,"[{""id"":2741,""name"":""M. Ryan"",""number"":30,""pos"":""G""},{""id"":21568,""name"":""R. Aguilar"",""number"":2,""pos"":""D""},{""id"":21635,""name"":""J. Gradit"",""number"":24,""pos"":""D""},{""id"":22166,""name"":""M. Sarr"",""number"":20,""pos"":""D""},{""id"":6231,""name"":""F. Medina"",""number"":14,""pos"":""D""},{""id"":2483,""name"":""D. Machado"",""number"":3,""pos"":""D""},{""id"":22261,""name"":""A. Thomasson"",""number"":28,""pos"":""M""},{""id"":277003,""name"":""N. El Aynaoui"",""number"":23,""pos"":""M""},{""id"":129169,""name"":""A. Zaroury"",""number"":21,""pos"":""M""},{""id"":21715,""name"":""W. Saïd"",""number"":22,""pos"":""F""},{""id"":20761,""name"":""F. Sotoca"",""number"":7,""pos"":""F""}]","[{""id"":21146,""name"":""A. Fulgini"",""number"":11,""pos"":""M""},{""id"":270509,""name"":""A. Diouf"",""number"":18,""pos"":""M""},{""id"":20817,""name"":""G. Koyalipou"",""number"":19,""pos"":""F""},{""id"":326976,""name"":""T. Pouilly"",""number"":34,""pos"":""M""},{""id"":443579,""name"":""R. Fofana"",""number"":38,""pos"":""F""},{""id"":237232,""name"":""H. Ojediran"",""number"":15,""pos"":""M""},{""id"":449509,""name"":""J. Bah"",""number"":27,""pos"":""D""},{""id"":22220,""name"":""H. Koffi"",""number"":16,""pos"":""G""},{""id"":18785,""name"":""N. Mendy"",""number"":26,""pos"":""M""}]"
1213959,111,Le Havre,False,4-4-2,D. Digard,11,9,"[{""id"":646,""name"":""M. Gorgelin"",""number"":1,""pos"":""G""},{""id"":2336,""name"":""L. Nego"",""number"":7,""pos"":""D""},{""id"":162443,""name"":""É. Youté"",""number"":6,""pos"":""D""},{""id"":64255,""name"":""G. Lloris"",""number"":4,""pos"":""D""},{""id"":105,""name"":""F. Ballo-Touré"",""number"":97,""pos"":""D""},{""id"":174915,""name"":""J. Casimir"",""number"":10,""pos"":""M""},{""id"":386284,""name"":""M. Diawara"",""number"":34,""pos"":""M""},{""id"":21103,""name"":""A. Touré"",""number"":94,""pos"":""M""},{""id"":156465,""name"":""I. Soumaré"",""number"":45,""pos"":""M""},{""id"":1617,""name"":""Koka"",""number"":99,""pos"":""F""},{""id"":1370,""name"":""A. Ayew"",""number"":28,""pos"":""F""}]","[{""id"":289304,""name"":""A. Joujou"",""number"":21,""pos"":""F""},{""id"":128342,""name"":""R. Ndiaye"",""number"":19,""pos"":""M""},{""id"":162067,""name"":""T. Pembélé"",""number"":32,""pos"":""D""},{""id"":24011,""name"":""A. Desmas"",""number"":30,""pos"":""G""},{""id"":24201,""name"":""A. Confais"",""number"":25,""pos"":""M""},{""id"":23637,""name"":""Y. Zouaoui"",""number"":18,""pos"":""D""},{""id"":395765,""name"":""I. Bouneb"",""number"":44,""pos"":""M""},{""id"":386275,""name"":""I. Housni"",""number"":46,""pos"":""F""},{""id"":314232,""name"":""M. Bodmer"",""number"":12,""pos"":""M""}]"
1213954,85,Paris Saint Germain,True,4-3-3,Luis Enrique,11,9,"[{""id"":1622,""name"":""G. Donnarumma"",""number"":1,""pos"":""G""},{""id"":9,""name"":""A. Hakimi"",""number"":2,""pos"":""D""},{""id"":257,""name"":""Marquinhos"",""number"":5,""pos"":""D""},{""id"":307835,""name"":""Beraldo"",""number"":35,""pos"":""D""},{""id"":263482,""name"":""Nuno Mendes"",""number"":25,""pos"":""D""},{""id"":343027,""name"":""D. Doué"",""number"":14,""pos"":""M""},{""id"":328,""name"":""Fabián Ruiz"",""number"":8,""pos"":""M""},{""id"":335051,""name"":""João Neves"",""number"":87,""pos"":""M""},{""id"":153,""name"":""O. Dembélé"",""number"":10,""pos"":""F""},{""id"":41585,""name"":""Gonçalo Ramos"",""number"":9,""pos"":""F""},{""id"":161904,""name"":""B. Barcola"",""number"":29,""pos"":""F""}]","[{""id"":16367,""name"":""W. Pacho"",""number"":51,""pos"":""D""},{""id"":336657,""name"":""W. Zaïre-Emery"",""number"":33,""pos"":""M""},{""id"":128384,""name"":""Vitinha"",""number"":17,""pos"":""M""},{""id"":483,""name"":""K. Kvaratskhelia"",""number"":7,""pos"":""F""},{""id"":927,""name"":""Lee Kang-In"",""number"":19,""pos"":""M""},{""id"":2068,""name"":""M. Safonov"",""number"":39,""pos"":""G""},{""id"":262,""name"":""P. Kimpembe"",""number"":3,""pos"":""D""},{""id"":33,""name"":""L. Hernández"",""number"":21,""pos"":""D""},{""id"":409216,""name"":""S. Mayulu"",""number"":24,""pos"":""M""}]"
1213954,79,Lille,False,4-2-3-1,B. Génésio,11,9,"[{""id"":162453,""name"":""L. Chevalier"",""number"":30,""pos"":""G""},{""id"":264,""name"":""T. Meunier"",""number"":12,""pos"":""D""},{""id"":22136,""name"":""B. Diakité"",""number"":18,""pos"":""D""},{""id"":142691,""name"":""Alexsandro Ribeiro"",""number"":4,""pos"":""D""},{""id"":47969,""name"":""G. Gudmundsson"",""number"":5,""pos"":""D""},{""id"":409,""name"":""N. Bentaleb"",""number"":6,""pos"":""M""},{""id"":2204,""name"":""B. André"",""number"":21,""pos"":""M""},{""id"":375598,""name"":""N. Mukau"",""number"":17,""pos"":""M""},{""id"":896,""name"":""A. Gomes"",""number"":8,""pos"":""M""},{""id"":530,""name"":""M. Bakker"",""number"":20,""pos"":""M""},{""id"":2380,""name"":""C. Akpom"",""number"":24,""pos"":""F""}]","[{""id"":67889,""name"":""H. Haraldsson"",""number"":7,""pos"":""M""},{""id"":386287,""name"":""E. Mbappé"",""number"":29,""pos"":""M""},{""id"":438688,""name"":""A. Bouaddi"",""number"":32,""pos"":""M""},{""id"":8489,""name"":""J. David"",""number"":9,""pos"":""F""},{""id"":679,""name"":""Ismaily"",""number"":31,""pos"":""D""},{""id"":18765,""name"":""André Gomes"",""number"":26,""pos"":""M""},{""id"":51146,""name"":""V. Mannone"",""number"":1,""pos"":""G""},{""id"":22093,""name"":""R. Cabella"",""number"":10,""pos"":""M""},{""id"":1567,""name"":""A. Mandi"",""number"":2,""pos"":""D""}]"
1213956,80,Lyon,True,4-2-3-1,Paulo Fonseca,11,9,"[{""id"":80296,""name"":""Lucas Perri"",""number"":1,""pos"":""G""},{""id"":334914,""name"":""S. Kumbedi"",""number"":20,""pos"":""D""},{""id"":68,""name"":""Clinton Mata"",""number"":22,""pos"":""D""},{""id"":25916,""name"":""M. Niakhaté"",""number"":19,""pos"":""D""},{""id"":1456,""name"":""A. Maitland-Niles"",""number"":98,""pos"":""D""},{""id"":80752,""name"":""T. Tessmann"",""number"":15,""pos"":""M""},{""id"":519,""name"":""C. Tolisso"",""number"":8,""pos"":""M""},{""id"":156477,""name"":""R. Cherki"",""number"":18,""pos"":""M""},{""id"":6067,""name"":""T. Almada"",""number"":23,""pos"":""M""},{""id"":180496,""name"":""G. Mikautadze"",""number"":69,""pos"":""M""},{""id"":1467,""name"":""A. Lacazette"",""number"":10,""pos"":""F""}]","[{""id"":902,""name"":""N. Matić"",""number"":31,""pos"":""M""},{""id"":361348,""name"":""M. Fofana"",""number"":11,""pos"":""F""},{""id"":350856,""name"":""E. Nuamah"",""number"":37,""pos"":""F""},{""id"":1568,""name"":""P. Akouokou"",""number"":4,""pos"":""M""},{""id"":162265,""name"":""W. Omari"",""number"":27,""pos"":""D""},{""id"":30409,""name"":""J. Veretout"",""number"":7,""pos"":""M""},{""id"":353482,""name"":""T. Barišić"",""number"":33,""pos"":""D""},{""id"":20762,""name"":""R. Descamps"",""number"":40,""pos"":""G""},{""id"":1902,""name"":""D. Ćaleta-Car"",""number"":55,""pos"":""D""}]"
1213956,106,Stade Brestois 29,False,4-4-1-1,E. Roy,11,8,"[{""id"":36878,""name"":""M. Bizot"",""number"":40,""pos"":""G""},{""id"":22247,""name"":""K. Lala"",""number"":7,""pos"":""D""},{""id"":20546,""name"":""B. Chardonnet"",""number"":5,""pos"":""D""},{""id"":85914,""name"":""J. Le Cardinal"",""number"":25,""pos"":""D""},{""id"":3333,""name"":""M. Haïdara"",""number"":22,""pos"":""D""},{""id"":20780,""name"":""Mathias Pereira Lage"",""number"":26,""pos"":""M""},{""id"":22170,""name"":""P. Lees-Melou"",""number"":20,""pos"":""M""},{""id"":20558,""name"":""H. Magnetti"",""number"":8,""pos"":""M""},{""id"":277191,""name"":""A. Sima"",""number"":17,""pos"":""M""},{""id"":24147,""name"":""M. Camara"",""number"":45,""pos"":""F""},{""id"":22264,""name"":""L. Ajorque"",""number"":19,""pos"":""F""}]","[{""id"":22258,""name"":""J. Martin"",""number"":28,""pos"":""M""},{""id"":326068,""name"":""K. Doumbia"",""number"":9,""pos"":""M""},{""id"":485957,""name"":""S. Diop"",""number"":35,""pos"":""F""},{""id"":21248,""name"":""G. Coudert"",""number"":30,""pos"":""G""},{""id"":449659,""name"":""I. Kanté"",""number"":32,""pos"":""F""},{""id"":422595,""name"":""L. Zogbé"",""number"":12,""pos"":""D""},{""id"":203483,""name"":""A. Ndiaye"",""number"":3,""pos"":""D""},{""id"":1901,""name"":""J. Amavi"",""number"":23,""pos"":""D""}]"
1213962,77,Angers,True,4-2-3-1,A. Dujeux,11,9,"[{""id"":64190,""name"":""Y. Fofana"",""number"":30,""pos"":""G""},{""id"":174660,""name"":""L. Raolisoa"",""number"":27,""pos"":""D""},{""id"":3234,""name"":""A. Bamba"",""number"":25,""pos"":""D""},{""id"":21381,""name"":""J. Lefort"",""number"":21,""pos"":""D""},{""id"":41146,""name"":""F. Hanin"",""number"":26,""pos"":""D""},{""id"":103,""name"":""J. Aholou"",""number"":6,""pos"":""M""},{""id"":20692,""name"":""H. Abdelli"",""number"":10,""pos"":""M""},{""id"":3175,""name"":""Z. Ferhat"",""number"":20,""pos"":""M""},{""id"":174708,""name"":""Y. Belkhdim"",""number"":14,""pos"":""M""},{""id"":3177,""name"":""F. El Melali"",""number"":28,""pos"":""M""},{""id"":284072,""name"":""B. Dieng"",""number"":99,""pos"":""F""}]","[{""id"":20537,""name"":""I. Niane"",""number"":7,""pos"":""F""},{""id"":20850,""name"":""C. Arcus"",""number"":2,""pos"":""D""},{""id"":405074,""name"":""J. Kalumba"",""number"":17,""pos"":""F""},{""id"":21145,""name"":""P. Capelle"",""number"":15,""pos"":""M""},{""id"":425207,""name"":""M. Courcoul"",""number"":5,""pos"":""D""},{""id"":455243,""name"":""A. Moussaoui"",""number"":33,""pos"":""F""},{""id"":174973,""name"":""M. Zinga"",""number"":16,""pos"":""G""},{""id"":343609,""name"":""J. Ekomié"",""number"":3,""pos"":""D""},{""id"":385569,""name"":""E. Biumla"",""number"":24,""pos"":""M""}]"
1213962,96,Toulouse,False,3-4-2-1,Carles Martínez,11,9,"[{""id"":39104,""name"":""K. Haug"",""number"":16,""pos"":""G""},{""id"":102,""name"":""D. Sidibé"",""number"":19,""pos"":""D""},{""id"":278392,""name"":""C. Cresswell"",""number"":4,""pos"":""D""},{""id"":50735,""name"":""M. McKenzie"",""number"":3,""pos"":""D""},{""id"":334952,""name"":""R. Messali"",""number"":22,""pos"":""M""},{""id"":50956,""name"":""C. Cásseres"",""number"":23,""pos"":""M""},{""id"":48491,""name"":""V. Sierro"",""number"":8,""pos"":""M""},{""id"":11421,""name"":""G. Suazo"",""number"":17,""pos"":""M""},{""id"":39115,""name"":""A. Dønnum"",""number"":15,""pos"":""F""},{""id"":328648,""name"":""S. Babicka"",""number"":80,""pos"":""F""},{""id"":174724,""name"":""F. Magri"",""number"":9,""pos"":""F""}]","[{""id"":84128,""name"":""Y. Gboho"",""number"":10,""pos"":""F""},{""id"":264383,""name"":""W. Kamanzi"",""number"":12,""pos"":""D""},{""id"":430816,""name"":""N. Edjouma"",""number"":31,""pos"":""F""},{""id"":412759,""name"":""J. Canvot"",""number"":29,""pos"":""D""},{""id"":1369,""name"":""M. Zajc"",""number"":21,""pos"":""M""},{""id"":367637,""name"":""Ü. Akdağ"",""number"":6,""pos"":""D""},{""id"":412760,""name"":""M. Niflore"",""number"":60,""pos"":""G""},{""id"":461463,""name"":""M. Saka"",""number"":39,""pos"":""M""},{""id"":366572,""name"":""E. Zuliani"",""number"":37,""pos"":""M""}]"
1213957,82,Montpellier,True,5-3-2,J. Gasset,11,9,"[{""id"":21566,""name"":""B. Lecomte"",""number"":40,""pos"":""G""},{""id"":179399,""name"":""E. Tchato"",""number"":29,""pos"":""D""},{""id"":193501,""name"":""B. Meïté"",""number"":2,""pos"":""D""},{""id"":3335,""name"":""K. Kouyaté"",""number"":4,""pos"":""D""},{""id"":20661,""name"":""M. Sagnan"",""number"":5,""pos"":""D""},{""id"":21434,""name"":""T. Sainte-Luce"",""number"":17,""pos"":""D""},{""id"":21439,""name"":""J. Ferri"",""number"":12,""pos"":""M""},{""id"":128287,""name"":""J. Chotard"",""number"":13,""pos"":""M""},{""id"":21443,""name"":""T. Savanier"",""number"":11,""pos"":""M""},{""id"":21591,""name"":""A. Delort"",""number"":9,""pos"":""F""},{""id"":22102,""name"":""W. Khazri"",""number"":10,""pos"":""F""}]","[{""id"":326088,""name"":""K. Fayad"",""number"":22,""pos"":""M""},{""id"":387120,""name"":""R. Nzingoula"",""number"":19,""pos"":""M""},{""id"":349616,""name"":""N. Pays"",""number"":18,""pos"":""F""},{""id"":361383,""name"":""Junior Ndiaye"",""number"":41,""pos"":""F""},{""id"":368812,""name"":""S. Cara"",""number"":46,""pos"":""F""},{""id"":21565,""name"":""D. Bertaud"",""number"":16,""pos"":""G""},{""id"":369676,""name"":""T. Chennahi"",""number"":44,""pos"":""M""},{""id"":350388,""name"":""Y. Mouanga"",""number"":47,""pos"":""D""},{""id"":3336,""name"":""F. Sacko"",""number"":77,""pos"":""D""}]"
1213957,94,Rennes,False,3-5-2,H. Beye,11,9,"[{""id"":21628,""name"":""B. Samba"",""number"":1,""pos"":""G""},{""id"":367636,""name"":""J. Jacquet"",""number"":97,""pos"":""D""},{""id"":129681,""name"":""A. Rouault"",""number"":24,""pos"":""D""},{""id"":126757,""name"":""L. Brassier"",""number"":5,""pos"":""D""},{""id"":180731,""name"":""L. Assignon"",""number"":22,""pos"":""M""},{""id"":328074,""name"":""J. James"",""number"":17,""pos"":""M""},{""id"":343792,""name"":""D. Cissé"",""number"":38,""pos"":""M""},{""id"":30807,""name"":""S. Fofana"",""number"":8,""pos"":""M""},{""id"":162267,""name"":""A. Truffert"",""number"":3,""pos"":""M""},{""id"":21497,""name"":""L. Blas"",""number"":10,""pos"":""F""},{""id"":147831,""name"":""A. Kalimuendo"",""number"":9,""pos"":""F""}]","[{""id"":15286,""name"":""Mousa Al Ta'mari"",""number"":11,""pos"":""F""},{""id"":30423,""name"":""H. Hateboer"",""number"":33,""pos"":""M""},{""id"":37236,""name"":""A. Matusiwa"",""number"":6,""pos"":""M""},{""id"":328046,""name"":""I. Koné"",""number"":90,""pos"":""M""},{""id"":352999,""name"":""A. Sishuba"",""number"":28,""pos"":""M""},{""id"":438281,""name"":""A. Nagida"",""number"":18,""pos"":""D""},{""id"":1897,""name"":""S. Mandanda"",""number"":30,""pos"":""G""},{""id"":167659,""name"":""K. Olaigbe"",""number"":19,""pos"":""F""},{""id"":33253,""name"":""K. Furuhashi"",""number"":7,""pos"":""F""}]"
1213960,108,Auxerre,True,3-4-2-1,C. Pélissier,11,9,"[{""id"":20542,""name"":""D. Léon"",""number"":16,""pos"":""G""},{""id"":20206,""name"":""G. Osho"",""number"":3,""pos"":""D""},{""id"":41300,""name"":""Jubal"",""number"":4,""pos"":""D""},{""id"":191189,""name"":""C. Akpa"",""number"":92,""pos"":""D""},{""id"":285,""name"":""K. Hoever"",""number"":23,""pos"":""M""},{""id"":323625,""name"":""K. Danois"",""number"":27,""pos"":""M""},{""id"":21010,""name"":""E. Owusu"",""number"":42,""pos"":""M""},{""id"":7578,""name"":""G. Mensah"",""number"":14,""pos"":""M""},{""id"":20732,""name"":""G. Perrin"",""number"":10,""pos"":""F""},{""id"":31057,""name"":""H. Traoré"",""number"":25,""pos"":""F""},{""id"":51293,""name"":""T. Bair"",""number"":9,""pos"":""F""}]","[{""id"":215827,""name"":""F. Oppegård"",""number"":12,""pos"":""D""},{""id"":110,""name"":""H. Massengo"",""number"":80,""pos"":""M""},{""id"":90617,""name"":""L. Sinayoko"",""number"":17,""pos"":""F""},{""id"":191392,""name"":""P. Joly"",""number"":26,""pos"":""D""},{""id"":32940,""name"":""A. Onaiwu"",""number"":45,""pos"":""F""},{""id"":193681,""name"":""T. De Percin"",""number"":40,""pos"":""G""},{""id"":30748,""name"":""A. Dioussé"",""number"":18,""pos"":""M""},{""id"":162466,""name"":""S. Diomandé"",""number"":20,""pos"":""D""},{""id"":20782,""name"":""F. Ayé"",""number"":19,""pos"":""F""}]"
1213960,95,Strasbourg,False,3-4-2-1,L. Rosenior,11,9,"[{""id"":118307,""name"":""Đ. Petrović"",""number"":1,""pos"":""G""},{""id"":161747,""name"":""G. Doué"",""number"":22,""pos"":""D""},{""id"":276184,""name"":""M. Sarr"",""number"":23,""pos"":""D""},{""id"":271542,""name"":""I. Doukouré"",""number"":29,""pos"":""D""},{""id"":129695,""name"":""D. Bakwa"",""number"":26,""pos"":""M""},{""id"":327631,""name"":""H. Diarra"",""number"":19,""pos"":""M""},{""id"":305834,""name"":""Andrey Santos"",""number"":8,""pos"":""M""},{""id"":319572,""name"":""V. Barco"",""number"":32,""pos"":""M""},{""id"":226803,""name"":""S. Nanasi"",""number"":15,""pos"":""F""},{""id"":325594,""name"":""F. Lemaréchal"",""number"":6,""pos"":""F""},{""id"":203762,""name"":""E. Emegha"",""number"":10,""pos"":""F""}]","[{""id"":358166,""name"":""A. Ouattara"",""number"":42,""pos"":""M""},{""id"":335056,""name"":""Diego Moreira"",""number"":7,""pos"":""F""},{""id"":364810,""name"":""A. Sylla"",""number"":5,""pos"":""D""},{""id"":2259,""name"":""E. Sobol"",""number"":77,""pos"":""D""},{""id"":190686,""name"":""S. Mara"",""number"":14,""pos"":""F""},{""id"":415431,""name"":""S. El Mourabet"",""number"":39,""pos"":""M""},{""id"":356520,""name"":""Ó. Perea"",""number"":20,""pos"":""F""},{""id"":2850,""name"":""K. Johnsson"",""number"":30,""pos"":""G""},{""id"":334035,""name"":""S. Amo-Ameyaw"",""number"":27,""pos"":""F""}]"
1213955,81,Marseille,True,3-4-2-1,R. De Zerbi,11,9,"[{""id"":47296,""name"":""G. Rulli"",""number"":1,""pos"":""G""},{""id"":2973,""name"":""M. Murillo"",""number"":62,""pos"":""D""},{""id"":6,""name"":""L. Balerdi"",""number"":5,""pos"":""D""},{""id"":926,""name"":""G. Kondogbia"",""number"":19,""pos"":""D""},{""id"":10077,""name"":""Luis Henrique"",""number"":44,""pos"":""M""},{""id"":3173,""name"":""I. Bennacer"",""number"":22,""pos"":""M""},{""id"":2735,""name"":""P. Højbjerg"",""number"":23,""pos"":""M""},{""id"":272460,""name"":""Q. Merlin"",""number"":3,""pos"":""M""},{""id"":897,""name"":""M. Greenwood"",""number"":10,""pos"":""F""},{""id"":272,""name"":""A. Rabiot"",""number"":25,""pos"":""F""},{""id"":85041,""name"":""A. Gouiri"",""number"":9,""pos"":""F""}]","[{""id"":30525,""name"":""Pol Lirola"",""number"":29,""pos"":""D""},{""id"":21102,""name"":""V. Rongier"",""number"":21,""pos"":""M""},{""id"":7318,""name"":""A. Dedić"",""number"":77,""pos"":""D""},{""id"":1847,""name"":""Luiz Felipe"",""number"":4,""pos"":""D""},{""id"":283216,""name"":""B. Nadir"",""number"":26,""pos"":""M""},{""id"":278095,""name"":""J. Rowe"",""number"":17,""pos"":""F""},{""id"":412,""name"":""A. Harit"",""number"":11,""pos"":""M""},{""id"":19364,""name"":""N. Maupay"",""number"":8,""pos"":""F""},{""id"":36827,""name"":""J. de Lange"",""number"":12,""pos"":""G""}]"
1213955,83,Nantes,False,5-4-1,A. Kombouare,11,9,"[{""id"":647,""name"":""Anthony Lopes"",""number"":16,""pos"":""G""},{""id"":21498,""name"":""M. Coco"",""number"":11,""pos"":""D""},{""id"":274328,""name"":""S. Sow"",""number"":24,""pos"":""D""},{""id"":20545,""name"":""J. Castelletto"",""number"":21,""pos"":""D""},{""id"":21088,""name"":""N. Pallois"",""number"":4,""pos"":""D""},{""id"":443674,""name"":""L. Leroux"",""number"":66,""pos"":""D""},{""id"":193952,""name"":""J. Lepenant"",""number"":8,""pos"":""M""},{""id"":93671,""name"":""Pedro Chirivella"",""number"":5,""pos"":""M""},{""id"":924,""name"":""F. Coquelin"",""number"":13,""pos"":""M""},{""id"":2781,""name"":""M. Simon"",""number"":27,""pos"":""M""},{""id"":161622,""name"":""M. Abline"",""number"":39,""pos"":""F""}]","[{""id"":22134,""name"":""K. Amian"",""number"":98,""pos"":""D""},{""id"":2668,""name"":""Mostafa Mohamed"",""number"":31,""pos"":""F""},{""id"":3034,""name"":""M. Elia"",""number"":17,""pos"":""F""},{""id"":18599,""name"":""S. Thomas"",""number"":22,""pos"":""M""},{""id"":443676,""name"":""H. Guirassy"",""number"":62,""pos"":""F""},{""id"":10036,""name"":""Douglas Augusto"",""number"":6,""pos"":""M""},{""id"":388779,""name"":""D. Assoumani"",""number"":59,""pos"":""M""},{""id"":21582,""name"":""F. Mollet"",""number"":25,""pos"":""M""},{""id"":15684,""name"":""P. Carlgren"",""number"":30,""pos"":""G""}]"
1213966,96,Toulouse,True,3-4-2-1,Carles Martínez,11,9,"[{""id"":39104,""name"":""K. Haug"",""number"":16,""pos"":""G""},{""id"":102,""name"":""D. Sidibé"",""number"":19,""pos"":""D""},{""id"":278392,""name"":""C. Cresswell"",""number"":4,""pos"":""D""},{""id"":50735,""name"":""M. McKenzie"",""number"":3,""pos"":""D""},{""id"":334952,""name"":""R. Messali"",""number"":22,""pos"":""M""},{""id"":412759,""name"":""J. Canvot"",""number"":29,""pos"":""M""},{""id"":48491,""name"":""V. Sierro"",""number"":8,""pos"":""M""},{""id"":11421,""name"":""G. Suazo"",""number"":17,""pos"":""M""},{""id"":39115,""name"":""A. Dønnum"",""number"":15,""pos"":""F""},{""id"":328648,""name"":""S. Babicka"",""number"":80,""pos"":""F""},{""id"":174724,""name"":""F. Magri"",""number"":9,""pos"":""F""}]","[{""id"":84128,""name"":""Y. Gboho"",""number"":10,""pos"":""F""},{""id"":1369,""name"":""M. Zajc"",""number"":21,""pos"":""M""},{""id"":430816,""name"":""N. Edjouma"",""number"":31,""pos"":""F""},{""id"":264383,""name"":""W. Kamanzi"",""number"":12,""pos"":""D""},{""id"":461463,""name"":""M. Saka"",""number"":39,""pos"":""M""},{""id"":452697,""name"":""D. Methalie"",""number"":24,""pos"":""D""},{""id"":367637,""name"":""Ü. Akdağ"",""number"":6,""pos"":""D""},{""id"":412760,""name"":""M. Niflore"",""number"":60,""pos"":""G""},{""id"":366572,""name"":""E. Zuliani"",""number"":37,""pos"":""M""}]"
1213966,91,Monaco,False,4-2-3-1,A. Hütter,11,9,"[{""id"":40384,""name"":""R. Majecki"",""number"":1,""pos"":""G""},{""id"":291649,""name"":""Vanderson"",""number"":2,""pos"":""D""},{""id"":261,""name"":""T. Kehrer"",""number"":5,""pos"":""D""},{""id"":371916,""name"":""C. Mawissa"",""number"":13,""pos"":""D""},{""id"":10316,""name"":""Caio Henrique"",""number"":12,""pos"":""D""},{""id"":374058,""name"":""L. Camara"",""number"":15,""pos"":""M""},{""id"":42006,""name"":""Al Musrati"",""number"":8,""pos"":""M""},{""id"":274300,""name"":""M. Akliouche"",""number"":11,""pos"":""M""},{""id"":421,""name"":""B. Embolo"",""number"":36,""pos"":""M""},{""id"":1101,""name"":""T. Minamino"",""number"":18,""pos"":""M""},{""id"":283026,""name"":""M. Biereth"",""number"":14,""pos"":""F""}]","[{""id"":395040,""name"":""G. Ilenikhena"",""number"":21,""pos"":""F""},{""id"":343320,""name"":""E. Ben Seghir"",""number"":7,""pos"":""M""},{""id"":30504,""name"":""W. Singo"",""number"":17,""pos"":""D""},{""id"":343319,""name"":""L. Michal"",""number"":41,""pos"":""F""},{""id"":419035,""name"":""M. Coulibaly"",""number"":28,""pos"":""M""},{""id"":47480,""name"":""M. Salisu"",""number"":22,""pos"":""D""},{""id"":333137,""name"":""K. Ouattara"",""number"":20,""pos"":""D""},{""id"":7313,""name"":""P. Köhn"",""number"":16,""pos"":""G""},{""id"":81,""name"":""K. Diatta"",""number"":27,""pos"":""M""}]"
1213970,94,Rennes,True,3-4-2-1,H. Beye,11,9,"[{""id"":21628,""name"":""B. Samba"",""number"":1,""pos"":""G""},{""id"":367636,""name"":""J. Jacquet"",""number"":97,""pos"":""D""},{""id"":129681,""name"":""A. Rouault"",""number"":24,""pos"":""D""},{""id"":126757,""name"":""L. Brassier"",""number"":5,""pos"":""D""},{""id"":180731,""name"":""L. Assignon"",""number"":22,""pos"":""M""},{""id"":328074,""name"":""J. James"",""number"":17,""pos"":""M""},{""id"":328046,""name"":""I. Koné"",""number"":90,""pos"":""M""},{""id"":162267,""name"":""A. Truffert"",""number"":3,""pos"":""M""},{""id"":21497,""name"":""L. Blas"",""number"":10,""pos"":""F""},{""id"":147831,""name"":""A. Kalimuendo"",""number"":9,""pos"":""F""},{""id"":449662,""name"":""M. Meïté"",""number"":62,""pos"":""F""}]","[{""id"":37236,""name"":""A. Matusiwa"",""number"":6,""pos"":""M""},{""id"":30807,""name"":""S. Fofana"",""number"":8,""pos"":""M""},{""id"":33253,""name"":""K. Furuhashi"",""number"":7,""pos"":""F""},{""id"":15286,""name"":""Mousa Al Ta'mari"",""number"":11,""pos"":""F""},{""id"":20916,""name"":""C. Wooh"",""number"":4,""pos"":""D""},{""id"":30423,""name"":""H. Hateboer"",""number"":33,""pos"":""M""},{""id"":352999,""name"":""A. Sishuba"",""number"":28,""pos"":""M""},{""id"":438281,""name"":""A. Nagida"",""number"":18,""pos"":""D""},{""id"":1897,""name"":""S. Mandanda"",""number"":30,""pos"":""G""}]"
1213970,85,Paris Saint Germain,False,4-3-3,Luis Enrique,11,9,"[{""id"":2068,""name"":""M. Safonov"",""number"":39,""pos"":""G""},{""id"":336657,""name"":""W. Zaïre-Emery"",""number"":33,""pos"":""D""},{""id"":307835,""name"":""Beraldo"",""number"":35,""pos"":""D""},{""id"":16367,""name"":""W. Pacho"",""number"":51,""pos"":""D""},{""id"":33,""name"":""L. Hernández"",""number"":21,""pos"":""D""},{""id"":343027,""name"":""D. Doué"",""number"":14,""pos"":""M""},{""id"":335051,""name"":""João Neves"",""number"":87,""pos"":""M""},{""id"":409216,""name"":""S. Mayulu"",""number"":24,""pos"":""M""},{""id"":927,""name"":""Lee Kang-In"",""number"":19,""pos"":""F""},{""id"":41585,""name"":""Gonçalo Ramos"",""number"":9,""pos"":""F""},{""id"":161904,""name"":""B. Barcola"",""number"":29,""pos"":""F""}]","[{""id"":153,""name"":""O. Dembélé"",""number"":10,""pos"":""F""},{""id"":263482,""name"":""Nuno Mendes"",""number"":25,""pos"":""D""},{""id"":128384,""name"":""Vitinha"",""number"":17,""pos"":""M""},{""id"":483,""name"":""K. Kvaratskhelia"",""number"":7,""pos"":""F""},{""id"":9,""name"":""A. Hakimi"",""number"":2,""pos"":""D""},{""id"":1622,""name"":""G. Donnarumma"",""number"":1,""pos"":""G""},{""id"":262,""name"":""P. Kimpembe"",""number"":3,""pos"":""D""},{""id"":328,""name"":""Fabián Ruiz"",""number"":8,""pos"":""M""},{""id"":446249,""name"":""I. Mbaye"",""number"":49,""pos"":""F""}]"
1213969,79,Lille,True,4-3-3,B. Génésio,11,9,"[{""id"":162453,""name"":""L. Chevalier"",""number"":30,""pos"":""G""},{""id"":264,""name"":""T. Meunier"",""number"":12,""pos"":""D""},{""id"":22136,""name"":""B. Diakité"",""number"":18,""pos"":""D""},{""id"":142691,""name"":""Alexsandro Ribeiro"",""number"":4,""pos"":""D""},{""id"":530,""name"":""M. Bakker"",""number"":20,""pos"":""D""},{""id"":18765,""name"":""André Gomes"",""number"":26,""pos"":""M""},{""id"":2204,""name"":""B. André"",""number"":21,""pos"":""M""},{""id"":438688,""name"":""A. Bouaddi"",""number"":32,""pos"":""M""},{""id"":22093,""name"":""R. Cabella"",""number"":10,""pos"":""F""},{""id"":8489,""name"":""J. David"",""number"":9,""pos"":""F""},{""id"":67889,""name"":""H. Haraldsson"",""number"":7,""pos"":""F""}]","[{""id"":679,""name"":""Ismaily"",""number"":31,""pos"":""D""},{""id"":1567,""name"":""A. Mandi"",""number"":2,""pos"":""D""},{""id"":2380,""name"":""C. Akpom"",""number"":24,""pos"":""F""},{""id"":340077,""name"":""M. Fernandez-Pardo"",""number"":19,""pos"":null},{""id"":409,""name"":""N. Bentaleb"",""number"":6,""pos"":""M""},{""id"":51146,""name"":""V. Mannone"",""number"":1,""pos"":""G""},{""id"":47969,""name"":""G. Gudmundsson"",""number"":5,""pos"":""D""},{""id"":375598,""name"":""N. Mukau"",""number"":17,""pos"":""M""},{""id"":896,""name"":""A. Gomes"",""number"":8,""pos"":""M""}]"
1213969,82,Montpellier,False,5-4-1,J. Gasset,11,9,"[{""id"":21566,""name"":""B. Lecomte"",""number"":40,""pos"":""G""},{""id"":3336,""name"":""F. Sacko"",""number"":77,""pos"":""D""},{""id"":350388,""name"":""Y. Mouanga"",""number"":47,""pos"":""D""},{""id"":3335,""name"":""K. Kouyaté"",""number"":4,""pos"":""D""},{""id"":20661,""name"":""M. Sagnan"",""number"":5,""pos"":""D""},{""id"":21434,""name"":""T. Sainte-Luce"",""number"":17,""pos"":""D""},{""id"":113581,""name"":""T. Coulibaly"",""number"":70,""pos"":""M""},{""id"":387120,""name"":""R. Nzingoula"",""number"":19,""pos"":""M""},{""id"":128287,""name"":""J. Chotard"",""number"":13,""pos"":""M""},{""id"":21443,""name"":""T. Savanier"",""number"":11,""pos"":""M""},{""id"":21591,""name"":""A. Delort"",""number"":9,""pos"":""F""}]","[{""id"":399906,""name"":""O. Maamma"",""number"":14,""pos"":""F""},{""id"":22102,""name"":""W. Khazri"",""number"":10,""pos"":""F""},{""id"":349616,""name"":""N. Pays"",""number"":18,""pos"":""F""},{""id"":451955,""name"":""W. Ndollo Bille"",""number"":49,""pos"":""D""},{""id"":361383,""name"":""Junior Ndiaye"",""number"":41,""pos"":""F""},{""id"":193501,""name"":""B. Meïté"",""number"":2,""pos"":""D""},{""id"":21565,""name"":""D. Bertaud"",""number"":16,""pos"":""G""},{""id"":369676,""name"":""T. Chennahi"",""number"":44,""pos"":""M""},{""id"":21439,""name"":""J. Ferri"",""number"":12,""pos"":""M""}]"
1213971,81,Marseille,True,3-4-2-1,R. De Zerbi,11,9,"[{""id"":47296,""name"":""G. Rulli"",""number"":1,""pos"":""G""},{""id"":21102,""name"":""V. Rongier"",""number"":21,""pos"":""D""},{""id"":6,""name"":""L. Balerdi"",""number"":5,""pos"":""D""},{""id"":926,""name"":""G. Kondogbia"",""number"":19,""pos"":""D""},{""id"":7318,""name"":""A. Dedić"",""number"":77,""pos"":""M""},{""id"":3173,""name"":""I. Bennacer"",""number"":22,""pos"":""M""},{""id"":2735,""name"":""P. Højbjerg"",""number"":23,""pos"":""M""},{""id"":272460,""name"":""Q. Merlin"",""number"":3,""pos"":""M""},{""id"":283216,""name"":""B. Nadir"",""number"":26,""pos"":""F""},{""id"":272,""name"":""A. Rabiot"",""number"":25,""pos"":""F""},{""id"":85041,""name"":""A. Gouiri"",""number"":9,""pos"":""F""}]","[{""id"":897,""name"":""M. Greenwood"",""number"":10,""pos"":""F""},{""id"":10077,""name"":""Luis Henrique"",""number"":44,""pos"":""F""},{""id"":278095,""name"":""J. Rowe"",""number"":17,""pos"":""F""},{""id"":19364,""name"":""N. Maupay"",""number"":8,""pos"":""F""},{""id"":36827,""name"":""J. de Lange"",""number"":12,""pos"":""G""},{""id"":455245,""name"":""D. Bakola"",""number"":50,""pos"":""M""},{""id"":943,""name"":""U. Garcia"",""number"":6,""pos"":""D""},{""id"":30525,""name"":""Pol Lirola"",""number"":29,""pos"":""D""},{""id"":1847,""name"":""Luiz Felipe"",""number"":4,""pos"":""D""}]"
1213971,116,Lens,False,5-4-1,W. Still,11,9,"[{""id"":2741,""name"":""M. Ryan"",""number"":30,""pos"":""G""},{""id"":21568,""name"":""R. Aguilar"",""number"":2,""pos"":""D""},{""id"":21635,""name"":""J. Gradit"",""number"":24,""pos"":""D""},{""id"":449509,""name"":""J. Bah"",""number"":27,""pos"":""D""},{""id"":22166,""name"":""M. Sarr"",""number"":20,""pos"":""D""},{""id"":2483,""name"":""D. Machado"",""number"":3,""pos"":""D""},{""id"":20761,""name"":""F. Sotoca"",""number"":7,""pos"":""M""},{""id"":18785,""name"":""N. Mendy"",""number"":26,""pos"":""M""},{""id"":277003,""name"":""N. El Aynaoui"",""number"":23,""pos"":""M""},{""id"":270509,""name"":""A. Diouf"",""number"":18,""pos"":""M""},{""id"":21715,""name"":""W. Saïd"",""number"":22,""pos"":""F""}]","[{""id"":129169,""name"":""A. Zaroury"",""number"":21,""pos"":""F""},{""id"":443579,""name"":""R. Fofana"",""number"":38,""pos"":""F""},{""id"":237232,""name"":""H. Ojediran"",""number"":15,""pos"":""M""},{""id"":395589,""name"":""N. Čelik"",""number"":4,""pos"":""D""},{""id"":326976,""name"":""T. Pouilly"",""number"":34,""pos"":""M""},{""id"":437143,""name"":""A. Delplace"",""number"":50,""pos"":""G""},{""id"":20817,""name"":""G. Koyalipou"",""number"":19,""pos"":""F""},{""id"":386852,""name"":""J. Agbonifo"",""number"":25,""pos"":""F""},{""id"":437139,""name"":""S. Sagnan"",""number"":33,""pos"":""D""}]"
1213968,106,Stade Brestois 29,True,4-4-1-1,E. Roy,11,9,"[{""id"":36878,""name"":""M. Bizot"",""number"":40,""pos"":""G""},{""id"":22247,""name"":""K. Lala"",""number"":7,""pos"":""D""},{""id"":20546,""name"":""B. Chardonnet"",""number"":5,""pos"":""D""},{""id"":85914,""name"":""J. Le Cardinal"",""number"":25,""pos"":""D""},{""id"":3333,""name"":""M. Haïdara"",""number"":22,""pos"":""D""},{""id"":20780,""name"":""Mathias Pereira Lage"",""number"":26,""pos"":""M""},{""id"":22170,""name"":""P. Lees-Melou"",""number"":20,""pos"":""M""},{""id"":20558,""name"":""H. Magnetti"",""number"":8,""pos"":""M""},{""id"":277191,""name"":""A. Sima"",""number"":17,""pos"":""M""},{""id"":24147,""name"":""M. Camara"",""number"":45,""pos"":""F""},{""id"":22264,""name"":""L. Ajorque"",""number"":19,""pos"":""F""}]","[{""id"":84082,""name"":""R. Faivre"",""number"":21,""pos"":""M""},{""id"":203483,""name"":""A. Ndiaye"",""number"":3,""pos"":""D""},{""id"":30405,""name"":""E. Fernandes"",""number"":6,""pos"":""D""},{""id"":1901,""name"":""J. Amavi"",""number"":23,""pos"":""D""},{""id"":485957,""name"":""S. Diop"",""number"":35,""pos"":""F""},{""id"":326068,""name"":""K. Doumbia"",""number"":9,""pos"":""M""},{""id"":22258,""name"":""J. Martin"",""number"":28,""pos"":""M""},{""id"":21248,""name"":""G. Coudert"",""number"":30,""pos"":""G""},{""id"":422595,""name"":""L. Zogbé"",""number"":12,""pos"":""D""}]"
1213968,77,Angers,False,4-2-3-1,A. Dujeux,11,9,"[{""id"":64190,""name"":""Y. Fofana"",""number"":30,""pos"":""G""},{""id"":20850,""name"":""C. Arcus"",""number"":2,""pos"":""D""},{""id"":385569,""name"":""E. Biumla"",""number"":24,""pos"":""D""},{""id"":21381,""name"":""J. Lefort"",""number"":21,""pos"":""D""},{""id"":41146,""name"":""F. Hanin"",""number"":26,""pos"":""D""},{""id"":103,""name"":""J. Aholou"",""number"":6,""pos"":""M""},{""id"":20554,""name"":""H. Belkebla"",""number"":93,""pos"":""M""},{""id"":174660,""name"":""L. Raolisoa"",""number"":27,""pos"":""M""},{""id"":20692,""name"":""H. Abdelli"",""number"":10,""pos"":""M""},{""id"":21618,""name"":""J. Allevinah"",""number"":18,""pos"":""M""},{""id"":163004,""name"":""E. Lepaul"",""number"":19,""pos"":""F""}]","[{""id"":20537,""name"":""I. Niane"",""number"":7,""pos"":""F""},{""id"":3177,""name"":""F. El Melali"",""number"":28,""pos"":""F""},{""id"":425207,""name"":""M. Courcoul"",""number"":5,""pos"":""D""},{""id"":343609,""name"":""J. Ekomié"",""number"":3,""pos"":""D""},{""id"":3175,""name"":""Z. Ferhat"",""number"":20,""pos"":""M""},{""id"":21145,""name"":""P. Capelle"",""number"":15,""pos"":""M""},{""id"":3234,""name"":""A. Bamba"",""number"":25,""pos"":""D""},{""id"":174973,""name"":""M. Zinga"",""number"":16,""pos"":""G""},{""id"":174708,""name"":""Y. Belkhdim"",""number"":14,""pos"":""M""}]"
1213965,83,Nantes,True,5-3-2,A. Kombouare,11,9,"[{""id"":647,""name"":""Anthony Lopes"",""number"":16,""pos"":""G""},{""id"":18599,""name"":""S. Thomas"",""number"":22,""pos"":""D""},{""id"":22134,""name"":""K. Amian"",""number"":98,""pos"":""D""},{""id"":20545,""name"":""J. Castelletto"",""number"":21,""pos"":""D""},{""id"":21088,""name"":""N. Pallois"",""number"":4,""pos"":""D""},{""id"":21498,""name"":""M. Coco"",""number"":11,""pos"":""D""},{""id"":193952,""name"":""J. Lepenant"",""number"":8,""pos"":""M""},{""id"":10036,""name"":""Douglas Augusto"",""number"":6,""pos"":""M""},{""id"":443674,""name"":""L. Leroux"",""number"":66,""pos"":""M""},{""id"":161622,""name"":""M. Abline"",""number"":39,""pos"":""F""},{""id"":2668,""name"":""Mostafa Mohamed"",""number"":31,""pos"":""F""}]","[{""id"":93671,""name"":""Pedro Chirivella"",""number"":5,""pos"":""M""},{""id"":21570,""name"":""N. Cozza"",""number"":3,""pos"":""D""},{""id"":2781,""name"":""M. Simon"",""number"":27,""pos"":""F""},{""id"":443676,""name"":""H. Guirassy"",""number"":62,""pos"":""F""},{""id"":3034,""name"":""M. Elia"",""number"":17,""pos"":""F""},{""id"":15684,""name"":""P. Carlgren"",""number"":30,""pos"":""G""},{""id"":392569,""name"":""S. Doucouré"",""number"":72,""pos"":""D""},{""id"":21582,""name"":""F. Mollet"",""number"":25,""pos"":""M""},{""id"":388779,""name"":""D. Assoumani"",""number"":59,""pos"":""M""}]"
1213965,95,Strasbourg,False,3-4-2-1,L. Rosenior,11,9,"[{""id"":118307,""name"":""Đ. Petrović"",""number"":1,""pos"":""G""},{""id"":161747,""name"":""G. Doué"",""number"":22,""pos"":""D""},{""id"":276184,""name"":""M. Sarr"",""number"":23,""pos"":""D""},{""id"":271542,""name"":""I. Doukouré"",""number"":29,""pos"":""D""},{""id"":129695,""name"":""D. Bakwa"",""number"":26,""pos"":""M""},{""id"":305834,""name"":""Andrey Santos"",""number"":8,""pos"":""M""},{""id"":319572,""name"":""V. Barco"",""number"":32,""pos"":""M""},{""id"":335056,""name"":""Diego Moreira"",""number"":7,""pos"":""M""},{""id"":325594,""name"":""F. Lemaréchal"",""number"":6,""pos"":""F""},{""id"":226803,""name"":""S. Nanasi"",""number"":15,""pos"":""F""},{""id"":203762,""name"":""E. Emegha"",""number"":10,""pos"":""F""}]","[{""id"":2259,""name"":""E. Sobol"",""number"":77,""pos"":""D""},{""id"":438752,""name"":""P. Diong"",""number"":17,""pos"":""M""},{""id"":190686,""name"":""S. Mara"",""number"":14,""pos"":""F""},{""id"":356520,""name"":""Ó. Perea"",""number"":20,""pos"":""F""},{""id"":451702,""name"":""A. Cissé"",""number"":33,""pos"":null},{""id"":334035,""name"":""S. Amo-Ameyaw"",""number"":27,""pos"":""F""},{""id"":512835,""name"":""S. Lung"",""number"":34,""pos"":""D""},{""id"":2850,""name"":""K. Johnsson"",""number"":30,""pos"":""G""},{""id"":415431,""name"":""S. El Mourabet"",""number"":39,""pos"":""M""}]"
1213964,93,Reims,True,4-2-3-1,S. Diawara,11,9,"[{""id"":20566,""name"":""Y. Diouf"",""number"":94,""pos"":""G""},{""id"":420292,""name"":""H. Sekine"",""number"":3,""pos"":""D""},{""id"":71545,""name"":""J. Okumu"",""number"":2,""pos"":""D""},{""id"":156992,""name"":""M. Gbane"",""number"":24,""pos"":""D""},{""id"":47530,""name"":""Sergio Akieme"",""number"":18,""pos"":""D""},{""id"":343351,""name"":""V. Atangana Edoa"",""number"":6,""pos"":""M""},{""id"":293297,""name"":""J. Patrick"",""number"":30,""pos"":""M""},{""id"":1942,""name"":""J. Ito"",""number"":7,""pos"":""M""},{""id"":8966,""name"":""T. Teuma"",""number"":10,""pos"":""M""},{""id"":33321,""name"":""K. Nakamura"",""number"":17,""pos"":""M""},{""id"":334429,""name"":""O. Diakité"",""number"":22,""pos"":""F""}]","[{""id"":386481,""name"":""M. Diakhon"",""number"":67,""pos"":""F""},{""id"":494535,""name"":""H. Ibrahim"",""number"":85,""pos"":""F""},{""id"":437482,""name"":""Amadou Koné"",""number"":72,""pos"":""M""},{""id"":389322,""name"":""N. Sangui"",""number"":55,""pos"":""D""},{""id"":418190,""name"":""A. Tia"",""number"":87,""pos"":""M""},{""id"":8451,""name"":""Aurélio Buta"",""number"":23,""pos"":""D""},{""id"":19546,""name"":""C. Kipré"",""number"":21,""pos"":""D""},{""id"":414188,""name"":""M. Jeng"",""number"":31,""pos"":""D""},{""id"":21136,""name"":""L. Butelle"",""number"":16,""pos"":""G""}]"
1213964,108,Auxerre,False,5-4-1,C. Pélissier,11,9,"[{""id"":20542,""name"":""D. Léon"",""number"":16,""pos"":""G""},{""id"":285,""name"":""K. Hoever"",""number"":23,""pos"":""D""},{""id"":20206,""name"":""G. Osho"",""number"":3,""pos"":""D""},{""id"":41300,""name"":""Jubal"",""number"":4,""pos"":""D""},{""id"":191189,""name"":""C. Akpa"",""number"":92,""pos"":""D""},{""id"":7578,""name"":""G. Mensah"",""number"":14,""pos"":""D""},{""id"":20732,""name"":""G. Perrin"",""number"":10,""pos"":""M""},{""id"":323625,""name"":""K. Danois"",""number"":27,""pos"":""M""},{""id"":21010,""name"":""E. Owusu"",""number"":42,""pos"":""M""},{""id"":31057,""name"":""H. Traoré"",""number"":25,""pos"":""M""},{""id"":51293,""name"":""T. Bair"",""number"":9,""pos"":""F""}]","[{""id"":32940,""name"":""A. Onaiwu"",""number"":45,""pos"":""F""},{""id"":90617,""name"":""L. Sinayoko"",""number"":17,""pos"":""F""},{""id"":191392,""name"":""P. Joly"",""number"":26,""pos"":""D""},{""id"":110,""name"":""H. Massengo"",""number"":80,""pos"":""M""},{""id"":215827,""name"":""F. Oppegård"",""number"":12,""pos"":""D""},{""id"":20782,""name"":""F. Ayé"",""number"":19,""pos"":""F""},{""id"":193681,""name"":""T. De Percin"",""number"":40,""pos"":""G""},{""id"":30748,""name"":""A. Dioussé"",""number"":18,""pos"":""M""},{""id"":162466,""name"":""S. Diomandé"",""number"":20,""pos"":""D""}]"
1213963,111,Le Havre,True,4-2-3-1,D. Digard,11,9,"[{""id"":646,""name"":""M. Gorgelin"",""number"":1,""pos"":""G""},{""id"":2336,""name"":""L. Nego"",""number"":7,""pos"":""D""},{""id"":162443,""name"":""É. Youté"",""number"":6,""pos"":""D""},{""id"":64255,""name"":""G. Lloris"",""number"":4,""pos"":""D""},{""id"":105,""name"":""F. Ballo-Touré"",""number"":97,""pos"":""D""},{""id"":21103,""name"":""A. Touré"",""number"":94,""pos"":""M""},{""id"":386284,""name"":""M. Diawara"",""number"":34,""pos"":""M""},{""id"":174915,""name"":""J. Casimir"",""number"":10,""pos"":""M""},{""id"":174937,""name"":""Y. Kechta"",""number"":8,""pos"":""M""},{""id"":156465,""name"":""I. Soumaré"",""number"":45,""pos"":""M""},{""id"":1617,""name"":""Koka"",""number"":99,""pos"":""F""}]","[{""id"":23637,""name"":""Y. Zouaoui"",""number"":18,""pos"":""D""},{""id"":1370,""name"":""A. Ayew"",""number"":28,""pos"":""F""},{""id"":289304,""name"":""A. Joujou"",""number"":21,""pos"":""F""},{""id"":162067,""name"":""T. Pembélé"",""number"":32,""pos"":""D""},{""id"":128342,""name"":""R. Ndiaye"",""number"":19,""pos"":""M""},{""id"":386275,""name"":""I. Housni"",""number"":46,""pos"":""F""},{""id"":1212,""name"":""D. Kuzyaev"",""number"":14,""pos"":""M""},{""id"":24011,""name"":""A. Desmas"",""number"":30,""pos"":""G""},{""id"":24201,""name"":""A. Confais"",""number"":25,""pos"":""M""}]"
1213963,1063,Saint Etienne,False,4-2-3-1,E. Horneland,11,9,"[{""id"":20541,""name"":""G. Larsonneur"",""number"":30,""pos"":""G""},{""id"":24284,""name"":""Y. Maçon"",""number"":27,""pos"":""D""},{""id"":90599,""name"":""M. Bernauer"",""number"":13,""pos"":""D""},{""id"":22087,""name"":""M. Nadé"",""number"":3,""pos"":""D""},{""id"":157146,""name"":""L. Pétrot"",""number"":19,""pos"":""D""},{""id"":174801,""name"":""A. Moueffek"",""number"":29,""pos"":""M""},{""id"":278232,""name"":""P. Ekwah"",""number"":4,""pos"":""M""},{""id"":8683,""name"":""I. Cardona"",""number"":7,""pos"":""M""},{""id"":274355,""name"":""B. Bouchouari"",""number"":6,""pos"":""M""},{""id"":24743,""name"":""Z. Davitashvili"",""number"":22,""pos"":""M""},{""id"":322560,""name"":""L. Stassin"",""number"":32,""pos"":""F""}]","[{""id"":8624,""name"":""F. Tardieu"",""number"":10,""pos"":""M""},{""id"":20861,""name"":""L. Fomba"",""number"":26,""pos"":""M""},{""id"":20648,""name"":""I. Sissoko"",""number"":9,""pos"":""F""},{""id"":1407,""name"":""D. Appiah"",""number"":8,""pos"":""D""},{""id"":337426,""name"":""A. Boakye"",""number"":20,""pos"":""F""},{""id"":107199,""name"":""P. Cornud"",""number"":17,""pos"":""D""},{""id"":20736,""name"":""B. Maubleu"",""number"":1,""pos"":""G""},{""id"":2704,""name"":""Y. Abdelhamid"",""number"":5,""pos"":""D""},{""id"":289555,""name"":""L. Mouton"",""number"":14,""pos"":""M""}]"
1213967,84,Nice,True,3-4-2-1,F. Haise,11,9,"[{""id"":2274,""name"":""M. Bułka"",""number"":1,""pos"":""G""},{""id"":407017,""name"":""M. Bombito"",""number"":64,""pos"":""D""},{""id"":3099,""name"":""Y. Ndayishimiye"",""number"":55,""pos"":""D""},{""id"":22163,""name"":""Dante"",""number"":4,""pos"":""D""},{""id"":25008,""name"":""J. Clauss"",""number"":92,""pos"":""M""},{""id"":4399,""name"":""H. Boudaoui"",""number"":6,""pos"":""M""},{""id"":21153,""name"":""B. Santamaría"",""number"":28,""pos"":""M""},{""id"":162465,""name"":""M. Bard"",""number"":26,""pos"":""M""},{""id"":137303,""name"":""E. Guessand"",""number"":29,""pos"":""F""},{""id"":274312,""name"":""M. Cho"",""number"":25,""pos"":""F""},{""id"":21592,""name"":""G. Laborde"",""number"":24,""pos"":""F""}]","[{""id"":107,""name"":""S. Diop"",""number"":10,""pos"":""M""},{""id"":30531,""name"":""J. Boga"",""number"":7,""pos"":""F""},{""id"":240,""name"":""P. Rosario"",""number"":8,""pos"":""M""},{""id"":49583,""name"":""A. Abdi"",""number"":2,""pos"":""D""},{""id"":334879,""name"":""B. Bouanani"",""number"":19,""pos"":""M""},{""id"":193617,""name"":""T. Louchet"",""number"":20,""pos"":""M""},{""id"":21079,""name"":""M. Dupé"",""number"":31,""pos"":""G""},{""id"":161919,""name"":""Y. Moukoko"",""number"":15,""pos"":""F""},{""id"":196343,""name"":""Mohamed Abdelmonem"",""number"":5,""pos"":""D""}]"
1213967,80,Lyon,False,4-2-3-1,Paulo Fonseca,11,9,"[{""id"":80296,""name"":""Lucas Perri"",""number"":1,""pos"":""G""},{""id"":334914,""name"":""S. Kumbedi"",""number"":20,""pos"":""D""},{""id"":68,""name"":""Clinton Mata"",""number"":22,""pos"":""D""},{""id"":25916,""name"":""M. Niakhaté"",""number"":19,""pos"":""D""},{""id"":529,""name"":""N. Tagliafico"",""number"":3,""pos"":""D""},{""id"":902,""name"":""N. Matić"",""number"":31,""pos"":""M""},{""id"":80752,""name"":""T. Tessmann"",""number"":15,""pos"":""M""},{""id"":6067,""name"":""T. Almada"",""number"":23,""pos"":""M""},{""id"":519,""name"":""C. Tolisso"",""number"":8,""pos"":""M""},{""id"":361348,""name"":""M. Fofana"",""number"":11,""pos"":""M""},{""id"":1467,""name"":""A. Lacazette"",""number"":10,""pos"":""F""}]","[{""id"":1456,""name"":""A. Maitland-Niles"",""number"":98,""pos"":""M""},{""id"":350856,""name"":""E. Nuamah"",""number"":37,""pos"":""F""},{""id"":180496,""name"":""G. Mikautadze"",""number"":69,""pos"":""F""},{""id"":156477,""name"":""R. Cherki"",""number"":18,""pos"":""M""},{""id"":30409,""name"":""J. Veretout"",""number"":7,""pos"":""M""},{""id"":1902,""name"":""D. Ćaleta-Car"",""number"":55,""pos"":""D""},{""id"":1568,""name"":""P. Akouokou"",""number"":4,""pos"":""M""},{""id"":9700,""name"":""Abner"",""number"":16,""pos"":""D""},{""id"":20762,""name"":""R. Descamps"",""number"":40,""pos"":""G""}]"
1213973,84,Nice,True,3-4-3,F. Haise,11,9,"[{""id"":2274,""name"":""M. Bułka"",""number"":1,""pos"":""G""},{""id"":407017,""name"":""M. Bombito"",""number"":64,""pos"":""D""},{""id"":3099,""name"":""Y. Ndayishimiye"",""number"":55,""pos"":""D""},{""id"":22163,""name"":""Dante"",""number"":4,""pos"":""D""},{""id"":193617,""name"":""T. Louchet"",""number"":20,""pos"":""M""},{""id"":4399,""name"":""H. Boudaoui"",""number"":6,""pos"":""M""},{""id"":21153,""name"":""B. Santamaría"",""number"":28,""pos"":""M""},{""id"":162465,""name"":""M. Bard"",""number"":26,""pos"":""M""},{""id"":137303,""name"":""E. Guessand"",""number"":29,""pos"":""F""},{""id"":21592,""name"":""G. Laborde"",""number"":24,""pos"":""F""},{""id"":107,""name"":""S. Diop"",""number"":10,""pos"":""F""}]","[{""id"":240,""name"":""P. Rosario"",""number"":8,""pos"":""M""},{""id"":274312,""name"":""M. Cho"",""number"":25,""pos"":""F""},{""id"":30531,""name"":""J. Boga"",""number"":7,""pos"":""F""},{""id"":313937,""name"":""A. Mendy"",""number"":33,""pos"":""D""},{""id"":49583,""name"":""A. Abdi"",""number"":2,""pos"":""D""},{""id"":161919,""name"":""Y. Moukoko"",""number"":15,""pos"":""F""},{""id"":21079,""name"":""M. Dupé"",""number"":31,""pos"":""G""},{""id"":334879,""name"":""B. Bouanani"",""number"":19,""pos"":""M""},{""id"":196343,""name"":""Mohamed Abdelmonem"",""number"":5,""pos"":""D""}]"
1213973,108,Auxerre,False,5-4-1,C. Pélissier,11,9,"[{""id"":20542,""name"":""D. Léon"",""number"":16,""pos"":""G""},{""id"":285,""name"":""K. Hoever"",""number"":23,""pos"":""D""},{""id"":162466,""name"":""S. Diomandé"",""number"":20,""pos"":""D""},{""id"":41300,""name"":""Jubal"",""number"":4,""pos"":""D""},{""id"":20206,""name"":""G. Osho"",""number"":3,""pos"":""D""},{""id"":7578,""name"":""G. Mensah"",""number"":14,""pos"":""D""},{""id"":20732,""name"":""G. Perrin"",""number"":10,""pos"":""M""},{""id"":21010,""name"":""E. Owusu"",""number"":42,""pos"":""M""},{""id"":323625,""name"":""K. Danois"",""number"":27,""pos"":""M""},{""id"":31057,""name"":""H. Traoré"",""number"":25,""pos"":""M""},{""id"":51293,""name"":""T. Bair"",""number"":9,""pos"":""F""}]","[{""id"":215827,""name"":""F. Oppegård"",""number"":12,""pos"":""D""},{""id"":20782,""name"":""F. Ayé"",""number"":19,""pos"":""F""},{""id"":90617,""name"":""L. Sinayoko"",""number"":17,""pos"":""F""},{""id"":110,""name"":""H. Massengo"",""number"":80,""pos"":""M""},{""id"":32940,""name"":""A. Onaiwu"",""number"":45,""pos"":""F""},{""id"":191392,""name"":""P. Joly"",""number"":26,""pos"":""D""},{""id"":30748,""name"":""A. Dioussé"",""number"":18,""pos"":""M""},{""id"":193681,""name"":""T. De Percin"",""number"":40,""pos"":""G""},{""id"":486052,""name"":""M. Muzungu"",""number"":35,""pos"":""D""}]"
1213979,83,Nantes,True,4-3-3,A. Kombouare,11,9,"[{""id"":647,""name"":""Anthony Lopes"",""number"":16,""pos"":""G""},{""id"":21498,""name"":""M. Coco"",""number"":11,""pos"":""D""},{""id"":274328,""name"":""S. Sow"",""number"":24,""pos"":""D""},{""id"":20545,""name"":""J. Castelletto"",""number"":21,""pos"":""D""},{""id"":21570,""name"":""N. Cozza"",""number"":3,""pos"":""D""},{""id"":10036,""name"":""Douglas Augusto"",""number"":6,""pos"":""M""},{""id"":93671,""name"":""Pedro Chirivella"",""number"":5,""pos"":""M""},{""id"":443674,""name"":""L. Leroux"",""number"":66,""pos"":""M""},{""id"":18599,""name"":""S. Thomas"",""number"":22,""pos"":""F""},{""id"":161622,""name"":""M. Abline"",""number"":39,""pos"":""F""},{""id"":2781,""name"":""M. Simon"",""number"":27,""pos"":""F""}]","[{""id"":2668,""name"":""Mostafa Mohamed"",""number"":31,""pos"":""F""},{""id"":924,""name"":""F. Coquelin"",""number"":13,""pos"":""M""},{""id"":21088,""name"":""N. Pallois"",""number"":4,""pos"":""D""},{""id"":392569,""name"":""S. Doucouré"",""number"":72,""pos"":""D""},{""id"":193952,""name"":""J. Lepenant"",""number"":8,""pos"":""M""},{""id"":443676,""name"":""H. Guirassy"",""number"":62,""pos"":""F""},{""id"":15684,""name"":""P. Carlgren"",""number"":30,""pos"":""G""},{""id"":3034,""name"":""M. Elia"",""number"":17,""pos"":""F""},{""id"":21582,""name"":""F. Mollet"",""number"":25,""pos"":""M""}]"
1213979,79,Lille,False,4-2-3-1,B. Génésio,11,9,"[{""id"":162453,""name"":""L. Chevalier"",""number"":30,""pos"":""G""},{""id"":1567,""name"":""A. Mandi"",""number"":2,""pos"":""D""},{""id"":22136,""name"":""B. Diakité"",""number"":18,""pos"":""D""},{""id"":142691,""name"":""Alexsandro Ribeiro"",""number"":4,""pos"":""D""},{""id"":47969,""name"":""G. Gudmundsson"",""number"":5,""pos"":""D""},{""id"":2204,""name"":""B. André"",""number"":21,""pos"":""M""},{""id"":18765,""name"":""André Gomes"",""number"":26,""pos"":""M""},{""id"":530,""name"":""M. Bakker"",""number"":20,""pos"":""M""},{""id"":67889,""name"":""H. Haraldsson"",""number"":7,""pos"":""M""},{""id"":99576,""name"":""O. Sahraoui"",""number"":11,""pos"":""M""},{""id"":8489,""name"":""J. David"",""number"":9,""pos"":""F""}]","[{""id"":2380,""name"":""C. Akpom"",""number"":24,""pos"":""F""},{""id"":340077,""name"":""M. Fernandez-Pardo"",""number"":19,""pos"":null},{""id"":679,""name"":""Ismaily"",""number"":31,""pos"":""D""},{""id"":22093,""name"":""R. Cabella"",""number"":10,""pos"":""M""},{""id"":438688,""name"":""A. Bouaddi"",""number"":32,""pos"":""M""},{""id"":51146,""name"":""V. Mannone"",""number"":1,""pos"":""G""},{""id"":409,""name"":""N. Bentaleb"",""number"":6,""pos"":""M""},{""id"":375598,""name"":""N. Mukau"",""number"":17,""pos"":""M""},{""id"":896,""name"":""A. Gomes"",""number"":8,""pos"":""M""}]"
1213980,77,Angers,True,4-2-3-1,A. Dujeux,11,9,"[{""id"":64190,""name"":""Y. Fofana"",""number"":30,""pos"":""G""},{""id"":20850,""name"":""C. Arcus"",""number"":2,""pos"":""D""},{""id"":3234,""name"":""A. Bamba"",""number"":25,""pos"":""D""},{""id"":21381,""name"":""J. Lefort"",""number"":21,""pos"":""D""},{""id"":41146,""name"":""F. Hanin"",""number"":26,""pos"":""D""},{""id"":20554,""name"":""H. Belkebla"",""number"":93,""pos"":""M""},{""id"":174708,""name"":""Y. Belkhdim"",""number"":14,""pos"":""M""},{""id"":3175,""name"":""Z. Ferhat"",""number"":20,""pos"":""M""},{""id"":20692,""name"":""H. Abdelli"",""number"":10,""pos"":""M""},{""id"":21618,""name"":""J. Allevinah"",""number"":18,""pos"":""M""},{""id"":163004,""name"":""E. Lepaul"",""number"":19,""pos"":""F""}]","[{""id"":3177,""name"":""F. El Melali"",""number"":28,""pos"":""F""},{""id"":284072,""name"":""B. Dieng"",""number"":99,""pos"":""F""},{""id"":21145,""name"":""P. Capelle"",""number"":15,""pos"":""M""},{""id"":425207,""name"":""M. Courcoul"",""number"":5,""pos"":""D""},{""id"":20537,""name"":""I. Niane"",""number"":7,""pos"":""F""},{""id"":343609,""name"":""J. Ekomié"",""number"":3,""pos"":""D""},{""id"":174723,""name"":""Z. Ould Khaled"",""number"":12,""pos"":""D""},{""id"":405074,""name"":""J. Kalumba"",""number"":17,""pos"":""F""},{""id"":174973,""name"":""M. Zinga"",""number"":16,""pos"":""G""}]"
1213980,91,Monaco,False,4-2-3-1,A. Hütter,11,9,"[{""id"":7313,""name"":""P. Köhn"",""number"":16,""pos"":""G""},{""id"":291649,""name"":""Vanderson"",""number"":2,""pos"":""D""},{""id"":30504,""name"":""W. Singo"",""number"":17,""pos"":""D""},{""id"":261,""name"":""T. Kehrer"",""number"":5,""pos"":""D""},{""id"":10316,""name"":""Caio Henrique"",""number"":12,""pos"":""D""},{""id"":2810,""name"":""D. Zakaria"",""number"":6,""pos"":""M""},{""id"":42006,""name"":""Al Musrati"",""number"":8,""pos"":""M""},{""id"":274300,""name"":""M. Akliouche"",""number"":11,""pos"":""M""},{""id"":1101,""name"":""T. Minamino"",""number"":18,""pos"":""M""},{""id"":343320,""name"":""E. Ben Seghir"",""number"":7,""pos"":""M""},{""id"":283026,""name"":""M. Biereth"",""number"":14,""pos"":""F""}]","[{""id"":374058,""name"":""L. Camara"",""number"":15,""pos"":""M""},{""id"":421,""name"":""B. Embolo"",""number"":36,""pos"":""F""},{""id"":81,""name"":""K. Diatta"",""number"":27,""pos"":""M""},{""id"":371916,""name"":""C. Mawissa"",""number"":13,""pos"":""D""},{""id"":47480,""name"":""M. Salisu"",""number"":22,""pos"":""D""},{""id"":395040,""name"":""G. Ilenikhena"",""number"":21,""pos"":""F""},{""id"":343319,""name"":""L. Michal"",""number"":41,""pos"":""F""},{""id"":419035,""name"":""M. Coulibaly"",""number"":28,""pos"":""M""},{""id"":40384,""name"":""R. Majecki"",""number"":1,""pos"":""G""}]"
1213977,116,Lens,True,3-4-3,W. Still,11,9,"[{""id"":2741,""name"":""M. Ryan"",""number"":30,""pos"":""G""},{""id"":21635,""name"":""J. Gradit"",""number"":24,""pos"":""D""},{""id"":449509,""name"":""J. Bah"",""number"":27,""pos"":""D""},{""id"":6231,""name"":""F. Medina"",""number"":14,""pos"":""D""},{""id"":21568,""name"":""R. Aguilar"",""number"":2,""pos"":""M""},{""id"":18785,""name"":""N. Mendy"",""number"":26,""pos"":""M""},{""id"":277003,""name"":""N. El Aynaoui"",""number"":23,""pos"":""M""},{""id"":2483,""name"":""D. Machado"",""number"":3,""pos"":""M""},{""id"":20761,""name"":""F. Sotoca"",""number"":7,""pos"":""F""},{""id"":21715,""name"":""W. Saïd"",""number"":22,""pos"":""F""},{""id"":386852,""name"":""J. Agbonifo"",""number"":25,""pos"":""F""}]","[{""id"":31318,""name"":""M'Bala Nzola"",""number"":8,""pos"":""F""},{""id"":22261,""name"":""A. Thomasson"",""number"":28,""pos"":""M""},{""id"":270509,""name"":""A. Diouf"",""number"":18,""pos"":""M""},{""id"":22166,""name"":""M. Sarr"",""number"":20,""pos"":""D""},{""id"":20817,""name"":""G. Koyalipou"",""number"":19,""pos"":""F""},{""id"":129169,""name"":""A. Zaroury"",""number"":21,""pos"":""F""},{""id"":443579,""name"":""R. Fofana"",""number"":38,""pos"":""F""},{""id"":22220,""name"":""H. Koffi"",""number"":16,""pos"":""G""},{""id"":326976,""name"":""T. Pouilly"",""number"":34,""pos"":""M""}]"
1213977,94,Rennes,False,3-5-2,H. Beye,11,9,"[{""id"":21628,""name"":""B. Samba"",""number"":1,""pos"":""G""},{""id"":367636,""name"":""J. Jacquet"",""number"":97,""pos"":""D""},{""id"":129681,""name"":""A. Rouault"",""number"":24,""pos"":""D""},{""id"":237249,""name"":""M. Faye"",""number"":15,""pos"":""D""},{""id"":180731,""name"":""L. Assignon"",""number"":22,""pos"":""M""},{""id"":328074,""name"":""J. James"",""number"":17,""pos"":""M""},{""id"":343792,""name"":""D. Cissé"",""number"":38,""pos"":""M""},{""id"":37236,""name"":""A. Matusiwa"",""number"":6,""pos"":""M""},{""id"":162267,""name"":""A. Truffert"",""number"":3,""pos"":""M""},{""id"":449662,""name"":""M. Meïté"",""number"":62,""pos"":""F""},{""id"":147831,""name"":""A. Kalimuendo"",""number"":9,""pos"":""F""}]","[{""id"":328046,""name"":""I. Koné"",""number"":90,""pos"":""M""},{""id"":33253,""name"":""K. Furuhashi"",""number"":7,""pos"":""F""},{""id"":167659,""name"":""K. Olaigbe"",""number"":19,""pos"":""F""},{""id"":20916,""name"":""C. Wooh"",""number"":4,""pos"":""D""},{""id"":30423,""name"":""H. Hateboer"",""number"":33,""pos"":""M""},{""id"":152418,""name"":""N. Ahamada"",""number"":32,""pos"":""M""},{""id"":438281,""name"":""A. Nagida"",""number"":18,""pos"":""D""},{""id"":1897,""name"":""S. Mandanda"",""number"":30,""pos"":""G""},{""id"":352999,""name"":""A. Sishuba"",""number"":28,""pos"":""M""}]"
1213976,80,Lyon,True,4-2-3-1,Paulo Fonseca,11,9,"[{""id"":80296,""name"":""Lucas Perri"",""number"":1,""pos"":""G""},{""id"":1456,""name"":""A. Maitland-Niles"",""number"":98,""pos"":""D""},{""id"":68,""name"":""Clinton Mata"",""number"":22,""pos"":""D""},{""id"":25916,""name"":""M. Niakhaté"",""number"":19,""pos"":""D""},{""id"":529,""name"":""N. Tagliafico"",""number"":3,""pos"":""D""},{""id"":902,""name"":""N. Matić"",""number"":31,""pos"":""M""},{""id"":519,""name"":""C. Tolisso"",""number"":8,""pos"":""M""},{""id"":350856,""name"":""E. Nuamah"",""number"":37,""pos"":""M""},{""id"":156477,""name"":""R. Cherki"",""number"":18,""pos"":""M""},{""id"":6067,""name"":""T. Almada"",""number"":23,""pos"":""M""},{""id"":1467,""name"":""A. Lacazette"",""number"":10,""pos"":""F""}]","[{""id"":80752,""name"":""T. Tessmann"",""number"":15,""pos"":""M""},{""id"":361348,""name"":""M. Fofana"",""number"":11,""pos"":""F""},{""id"":180496,""name"":""G. Mikautadze"",""number"":69,""pos"":""F""},{""id"":30409,""name"":""J. Veretout"",""number"":7,""pos"":""M""},{""id"":20762,""name"":""R. Descamps"",""number"":40,""pos"":""G""},{""id"":9700,""name"":""Abner"",""number"":16,""pos"":""D""},{""id"":1568,""name"":""P. Akouokou"",""number"":4,""pos"":""M""},{""id"":334914,""name"":""S. Kumbedi"",""number"":20,""pos"":""D""},{""id"":1902,""name"":""D. Ćaleta-Car"",""number"":55,""pos"":""D""}]"
1213976,111,Le Havre,False,4-2-3-1,D. Digard,11,9,"[{""id"":646,""name"":""M. Gorgelin"",""number"":1,""pos"":""G""},{""id"":2336,""name"":""L. Nego"",""number"":7,""pos"":""D""},{""id"":162443,""name"":""É. Youté"",""number"":6,""pos"":""D""},{""id"":64255,""name"":""G. Lloris"",""number"":4,""pos"":""D""},{""id"":162067,""name"":""T. Pembélé"",""number"":32,""pos"":""D""},{""id"":21103,""name"":""A. Touré"",""number"":94,""pos"":""M""},{""id"":282549,""name"":""J. Mwanga"",""number"":23,""pos"":""M""},{""id"":174915,""name"":""J. Casimir"",""number"":10,""pos"":""M""},{""id"":174937,""name"":""Y. Kechta"",""number"":8,""pos"":""M""},{""id"":156465,""name"":""I. Soumaré"",""number"":45,""pos"":""M""},{""id"":1370,""name"":""A. Ayew"",""number"":28,""pos"":""F""}]","[{""id"":1617,""name"":""Koka"",""number"":99,""pos"":""F""},{""id"":128342,""name"":""R. Ndiaye"",""number"":19,""pos"":""M""},{""id"":289304,""name"":""A. Joujou"",""number"":21,""pos"":""F""},{""id"":386275,""name"":""I. Housni"",""number"":46,""pos"":""F""},{""id"":513415,""name"":""S. Zagadou"",""number"":35,""pos"":""D""},{""id"":24201,""name"":""A. Confais"",""number"":25,""pos"":""M""},{""id"":355048,""name"":""Hernani Mendes Vaz"",""number"":33,""pos"":""F""},{""id"":24011,""name"":""A. Desmas"",""number"":30,""pos"":""G""},{""id"":1212,""name"":""D. Kuzyaev"",""number"":14,""pos"":""M""}]"
1213974,82,Montpellier,True,4-2-3-1,J. Gasset,11,9,"[{""id"":21566,""name"":""B. Lecomte"",""number"":40,""pos"":""G""},{""id"":3336,""name"":""F. Sacko"",""number"":77,""pos"":""D""},{""id"":3335,""name"":""K. Kouyaté"",""number"":4,""pos"":""D""},{""id"":20661,""name"":""M. Sagnan"",""number"":5,""pos"":""D""},{""id"":21434,""name"":""T. Sainte-Luce"",""number"":17,""pos"":""D""},{""id"":387120,""name"":""R. Nzingoula"",""number"":19,""pos"":""M""},{""id"":128287,""name"":""J. Chotard"",""number"":13,""pos"":""M""},{""id"":399906,""name"":""O. Maamma"",""number"":14,""pos"":""M""},{""id"":21443,""name"":""T. Savanier"",""number"":11,""pos"":""M""},{""id"":113581,""name"":""T. Coulibaly"",""number"":70,""pos"":""M""},{""id"":21591,""name"":""A. Delort"",""number"":9,""pos"":""F""}]","[{""id"":22141,""name"":""I. Sylla"",""number"":3,""pos"":""D""},{""id"":22102,""name"":""W. Khazri"",""number"":10,""pos"":""F""},{""id"":361383,""name"":""Junior Ndiaye"",""number"":41,""pos"":""F""},{""id"":21565,""name"":""D. Bertaud"",""number"":16,""pos"":""G""},{""id"":326088,""name"":""K. Fayad"",""number"":22,""pos"":""M""},{""id"":349616,""name"":""N. Pays"",""number"":18,""pos"":""F""},{""id"":193501,""name"":""B. Meïté"",""number"":2,""pos"":""D""},{""id"":369676,""name"":""T. Chennahi"",""number"":44,""pos"":""M""},{""id"":451955,""name"":""W. Ndollo Bille"",""number"":49,""pos"":""D""}]"
1213974,1063,Saint Etienne,False,4-3-3,E. Horneland,11,9,"[{""id"":20541,""name"":""G. Larsonneur"",""number"":30,""pos"":""G""},{""id"":24284,""name"":""Y. Maçon"",""number"":27,""pos"":""D""},{""id"":90599,""name"":""M. Bernauer"",""number"":13,""pos"":""D""},{""id"":22087,""name"":""M. Nadé"",""number"":3,""pos"":""D""},{""id"":157146,""name"":""L. Pétrot"",""number"":19,""pos"":""D""},{""id"":274355,""name"":""B. Bouchouari"",""number"":6,""pos"":""M""},{""id"":278232,""name"":""P. Ekwah"",""number"":4,""pos"":""M""},{""id"":8624,""name"":""F. Tardieu"",""number"":10,""pos"":""M""},{""id"":8683,""name"":""I. Cardona"",""number"":7,""pos"":""F""},{""id"":322560,""name"":""L. Stassin"",""number"":32,""pos"":""F""},{""id"":24743,""name"":""Z. Davitashvili"",""number"":22,""pos"":""F""}]","[{""id"":2704,""name"":""Y. Abdelhamid"",""number"":5,""pos"":""D""},{""id"":174801,""name"":""A. Moueffek"",""number"":29,""pos"":""M""},{""id"":337426,""name"":""A. Boakye"",""number"":20,""pos"":""F""},{""id"":20736,""name"":""B. Maubleu"",""number"":1,""pos"":""G""},{""id"":39248,""name"":""I. Wadji"",""number"":25,""pos"":""F""},{""id"":1407,""name"":""D. Appiah"",""number"":8,""pos"":""D""},{""id"":289555,""name"":""L. Mouton"",""number"":14,""pos"":""M""},{""id"":20648,""name"":""I. Sissoko"",""number"":9,""pos"":""F""},{""id"":107199,""name"":""P. Cornud"",""number"":17,""pos"":""D""}]"
1213978,95,Strasbourg,True,3-4-2-1,L. Rosenior,11,9,"[{""id"":118307,""name"":""Đ. Petrović"",""number"":1,""pos"":""G""},{""id"":161747,""name"":""G. Doué"",""number"":22,""pos"":""D""},{""id"":276184,""name"":""M. Sarr"",""number"":23,""pos"":""D""},{""id"":271542,""name"":""I. Doukouré"",""number"":29,""pos"":""D""},{""id"":334035,""name"":""S. Amo-Ameyaw"",""number"":27,""pos"":""M""},{""id"":305834,""name"":""Andrey Santos"",""number"":8,""pos"":""M""},{""id"":319572,""name"":""V. Barco"",""number"":32,""pos"":""M""},{""id"":335056,""name"":""Diego Moreira"",""number"":7,""pos"":""M""},{""id"":325594,""name"":""F. Lemaréchal"",""number"":6,""pos"":""F""},{""id"":226803,""name"":""S. Nanasi"",""number"":15,""pos"":""F""},{""id"":203762,""name"":""E. Emegha"",""number"":10,""pos"":""F""}]","[{""id"":2259,""name"":""E. Sobol"",""number"":77,""pos"":""D""},{""id"":20521,""name"":""T. Delaine"",""number"":3,""pos"":""D""},{""id"":438752,""name"":""P. Diong"",""number"":17,""pos"":""M""},{""id"":190686,""name"":""S. Mara"",""number"":14,""pos"":""F""},{""id"":488976,""name"":""G. Kodia"",""number"":34,""pos"":""F""},{""id"":356520,""name"":""Ó. Perea"",""number"":20,""pos"":""F""},{""id"":2850,""name"":""K. Johnsson"",""number"":30,""pos"":""G""},{""id"":451702,""name"":""A. Cissé"",""number"":33,""pos"":null},{""id"":415431,""name"":""S. El Mourabet"",""number"":39,""pos"":""M""}]"
1213978,96,Toulouse,False,3-4-2-1,Carles Martínez,11,9,"[{""id"":39104,""name"":""K. Haug"",""number"":16,""pos"":""G""},{""id"":102,""name"":""D. Sidibé"",""number"":19,""pos"":""D""},{""id"":278392,""name"":""C. Cresswell"",""number"":4,""pos"":""D""},{""id"":50735,""name"":""M. McKenzie"",""number"":3,""pos"":""D""},{""id"":39115,""name"":""A. Dønnum"",""number"":15,""pos"":""M""},{""id"":50956,""name"":""C. Cásseres"",""number"":23,""pos"":""M""},{""id"":48491,""name"":""V. Sierro"",""number"":8,""pos"":""M""},{""id"":11421,""name"":""G. Suazo"",""number"":17,""pos"":""M""},{""id"":328648,""name"":""S. Babicka"",""number"":80,""pos"":""F""},{""id"":84128,""name"":""Y. Gboho"",""number"":10,""pos"":""F""},{""id"":174724,""name"":""F. Magri"",""number"":9,""pos"":""F""}]","[{""id"":334952,""name"":""R. Messali"",""number"":22,""pos"":""M""},{""id"":430816,""name"":""N. Edjouma"",""number"":31,""pos"":""F""},{""id"":18881,""name"":""J. King"",""number"":13,""pos"":""F""},{""id"":1369,""name"":""M. Zajc"",""number"":21,""pos"":""M""},{""id"":367637,""name"":""Ü. Akdağ"",""number"":6,""pos"":""D""},{""id"":264383,""name"":""W. Kamanzi"",""number"":12,""pos"":""D""},{""id"":412760,""name"":""M. Niflore"",""number"":60,""pos"":""G""},{""id"":412759,""name"":""J. Canvot"",""number"":29,""pos"":""D""},{""id"":366572,""name"":""E. Zuliani"",""number"":37,""pos"":""M""}]"
1213975,106,Stade Brestois 29,True,4-3-3,E. Roy,11,9,"[{""id"":36878,""name"":""M. Bizot"",""number"":40,""pos"":""G""},{""id"":22247,""name"":""K. Lala"",""number"":7,""pos"":""D""},{""id"":85914,""name"":""J. Le Cardinal"",""number"":25,""pos"":""D""},{""id"":203483,""name"":""A. Ndiaye"",""number"":3,""pos"":""D""},{""id"":3333,""name"":""M. Haïdara"",""number"":22,""pos"":""D""},{""id"":24147,""name"":""M. Camara"",""number"":45,""pos"":""M""},{""id"":22170,""name"":""P. Lees-Melou"",""number"":20,""pos"":""M""},{""id"":20558,""name"":""H. Magnetti"",""number"":8,""pos"":""M""},{""id"":84082,""name"":""R. Faivre"",""number"":21,""pos"":""F""},{""id"":22264,""name"":""L. Ajorque"",""number"":19,""pos"":""F""},{""id"":20780,""name"":""Mathias Pereira Lage"",""number"":26,""pos"":""F""}]","[{""id"":326068,""name"":""K. Doumbia"",""number"":9,""pos"":""M""},{""id"":449153,""name"":""H. Makalou"",""number"":33,""pos"":""M""},{""id"":30405,""name"":""E. Fernandes"",""number"":6,""pos"":""D""},{""id"":485957,""name"":""S. Diop"",""number"":35,""pos"":""F""},{""id"":21248,""name"":""G. Coudert"",""number"":30,""pos"":""G""},{""id"":1901,""name"":""J. Amavi"",""number"":23,""pos"":""D""},{""id"":369556,""name"":""J. Bourgault"",""number"":18,""pos"":""D""},{""id"":22258,""name"":""J. Martin"",""number"":28,""pos"":""M""},{""id"":422595,""name"":""L. Zogbé"",""number"":12,""pos"":""D""}]"
1213975,93,Reims,False,4-5-1,S. Diawara,11,9,"[{""id"":20566,""name"":""Y. Diouf"",""number"":94,""pos"":""G""},{""id"":420292,""name"":""H. Sekine"",""number"":3,""pos"":""D""},{""id"":71545,""name"":""J. Okumu"",""number"":2,""pos"":""D""},{""id"":19546,""name"":""C. Kipré"",""number"":21,""pos"":""D""},{""id"":47530,""name"":""Sergio Akieme"",""number"":18,""pos"":""D""},{""id"":386481,""name"":""M. Diakhon"",""number"":67,""pos"":""M""},{""id"":343351,""name"":""V. Atangana Edoa"",""number"":6,""pos"":""M""},{""id"":156992,""name"":""M. Gbane"",""number"":24,""pos"":""M""},{""id"":437482,""name"":""Amadou Koné"",""number"":72,""pos"":""M""},{""id"":33321,""name"":""K. Nakamura"",""number"":17,""pos"":""M""},{""id"":494535,""name"":""H. Ibrahim"",""number"":85,""pos"":""F""}]","[{""id"":1942,""name"":""J. Ito"",""number"":7,""pos"":""F""},{""id"":293297,""name"":""J. Patrick"",""number"":30,""pos"":""M""},{""id"":334429,""name"":""O. Diakité"",""number"":22,""pos"":""F""},{""id"":21136,""name"":""L. Butelle"",""number"":16,""pos"":""G""},{""id"":389322,""name"":""N. Sangui"",""number"":55,""pos"":""D""},{""id"":414188,""name"":""M. Jeng"",""number"":31,""pos"":""D""},{""id"":8451,""name"":""Aurélio Buta"",""number"":23,""pos"":""D""},{""id"":418190,""name"":""A. Tia"",""number"":87,""pos"":""M""},{""id"":394934,""name"":""I. Orazi"",""number"":73,""pos"":""F""}]"
1213972,85,Paris Saint Germain,True,4-3-3,Luis Enrique,11,9,"[{""id"":1622,""name"":""G. Donnarumma"",""number"":1,""pos"":""G""},{""id"":9,""name"":""A. Hakimi"",""number"":2,""pos"":""D""},{""id"":307835,""name"":""Beraldo"",""number"":35,""pos"":""D""},{""id"":16367,""name"":""W. Pacho"",""number"":51,""pos"":""D""},{""id"":263482,""name"":""Nuno Mendes"",""number"":25,""pos"":""D""},{""id"":336657,""name"":""W. Zaïre-Emery"",""number"":33,""pos"":""M""},{""id"":128384,""name"":""Vitinha"",""number"":17,""pos"":""M""},{""id"":328,""name"":""Fabián Ruiz"",""number"":8,""pos"":""M""},{""id"":343027,""name"":""D. Doué"",""number"":14,""pos"":""F""},{""id"":153,""name"":""O. Dembélé"",""number"":10,""pos"":""F""},{""id"":483,""name"":""K. Kvaratskhelia"",""number"":7,""pos"":""F""}]","[{""id"":161904,""name"":""B. Barcola"",""number"":29,""pos"":""F""},{""id"":335051,""name"":""João Neves"",""number"":87,""pos"":""M""},{""id"":33,""name"":""L. Hernández"",""number"":21,""pos"":""D""},{""id"":927,""name"":""Lee Kang-In"",""number"":19,""pos"":""M""},{""id"":2068,""name"":""M. Safonov"",""number"":39,""pos"":""G""},{""id"":409216,""name"":""S. Mayulu"",""number"":24,""pos"":""M""},{""id"":446249,""name"":""I. Mbaye"",""number"":49,""pos"":""F""},{""id"":257,""name"":""Marquinhos"",""number"":5,""pos"":""D""},{""id"":262,""name"":""P. Kimpembe"",""number"":3,""pos"":""D""}]"
1213972,81,Marseille,False,3-4-2-1,R. De Zerbi,11,9,"[{""id"":47296,""name"":""G. Rulli"",""number"":1,""pos"":""G""},{""id"":1847,""name"":""Luiz Felipe"",""number"":4,""pos"":""D""},{""id"":6,""name"":""L. Balerdi"",""number"":5,""pos"":""D""},{""id"":51295,""name"":""D. Cornelius"",""number"":13,""pos"":""D""},{""id"":10077,""name"":""Luis Henrique"",""number"":44,""pos"":""M""},{""id"":21102,""name"":""V. Rongier"",""number"":21,""pos"":""M""},{""id"":926,""name"":""G. Kondogbia"",""number"":19,""pos"":""M""},{""id"":7318,""name"":""A. Dedić"",""number"":77,""pos"":""M""},{""id"":283216,""name"":""B. Nadir"",""number"":26,""pos"":""F""},{""id"":272,""name"":""A. Rabiot"",""number"":25,""pos"":""F""},{""id"":85041,""name"":""A. Gouiri"",""number"":9,""pos"":""F""}]","[{""id"":897,""name"":""M. Greenwood"",""number"":10,""pos"":""F""},{""id"":30525,""name"":""Pol Lirola"",""number"":29,""pos"":""D""},{""id"":272460,""name"":""Q. Merlin"",""number"":3,""pos"":""D""},{""id"":19364,""name"":""N. Maupay"",""number"":8,""pos"":""F""},{""id"":455245,""name"":""D. Bakola"",""number"":50,""pos"":""M""},{""id"":3173,""name"":""I. Bennacer"",""number"":22,""pos"":""M""},{""id"":943,""name"":""U. Garcia"",""number"":6,""pos"":""D""},{""id"":278095,""name"":""J. Rowe"",""number"":17,""pos"":""F""},{""id"":36827,""name"":""J. de Lange"",""number"":12,""pos"":""G""}]"
1213984,95,Strasbourg,True,4-2-3-1,L. Rosenior,11,9,"[{""id"":118307,""name"":""Đ. Petrović"",""number"":1,""pos"":""G""},{""id"":161747,""name"":""G. Doué"",""number"":22,""pos"":""D""},{""id"":276184,""name"":""M. Sarr"",""number"":23,""pos"":""D""},{""id"":271542,""name"":""I. Doukouré"",""number"":29,""pos"":""D""},{""id"":335056,""name"":""Diego Moreira"",""number"":7,""pos"":""D""},{""id"":305834,""name"":""Andrey Santos"",""number"":8,""pos"":""M""},{""id"":319572,""name"":""V. Barco"",""number"":32,""pos"":""M""},{""id"":129695,""name"":""D. Bakwa"",""number"":26,""pos"":""M""},{""id"":325594,""name"":""F. Lemaréchal"",""number"":6,""pos"":""M""},{""id"":226803,""name"":""S. Nanasi"",""number"":15,""pos"":""M""},{""id"":203762,""name"":""E. Emegha"",""number"":10,""pos"":""F""}]","[{""id"":334035,""name"":""S. Amo-Ameyaw"",""number"":27,""pos"":""F""},{""id"":364810,""name"":""A. Sylla"",""number"":5,""pos"":""D""},{""id"":190686,""name"":""S. Mara"",""number"":14,""pos"":""F""},{""id"":20521,""name"":""T. Delaine"",""number"":3,""pos"":""D""},{""id"":2850,""name"":""K. Johnsson"",""number"":30,""pos"":""G""},{""id"":2259,""name"":""E. Sobol"",""number"":77,""pos"":""D""},{""id"":438752,""name"":""P. Diong"",""number"":17,""pos"":""M""},{""id"":356520,""name"":""Ó. Perea"",""number"":20,""pos"":""F""},{""id"":415431,""name"":""S. El Mourabet"",""number"":39,""pos"":""M""}]"
1213984,80,Lyon,False,4-2-3-1,Paulo Fonseca,11,9,"[{""id"":80296,""name"":""Lucas Perri"",""number"":1,""pos"":""G""},{""id"":1456,""name"":""A. Maitland-Niles"",""number"":98,""pos"":""D""},{""id"":68,""name"":""Clinton Mata"",""number"":22,""pos"":""D""},{""id"":25916,""name"":""M. Niakhaté"",""number"":19,""pos"":""D""},{""id"":9700,""name"":""Abner"",""number"":16,""pos"":""D""},{""id"":80752,""name"":""T. Tessmann"",""number"":15,""pos"":""M""},{""id"":30409,""name"":""J. Veretout"",""number"":7,""pos"":""M""},{""id"":350856,""name"":""E. Nuamah"",""number"":37,""pos"":""M""},{""id"":519,""name"":""C. Tolisso"",""number"":8,""pos"":""M""},{""id"":180496,""name"":""G. Mikautadze"",""number"":69,""pos"":""M""},{""id"":156477,""name"":""R. Cherki"",""number"":18,""pos"":""F""}]","[{""id"":6067,""name"":""T. Almada"",""number"":23,""pos"":""M""},{""id"":1467,""name"":""A. Lacazette"",""number"":10,""pos"":""F""},{""id"":529,""name"":""N. Tagliafico"",""number"":3,""pos"":""D""},{""id"":902,""name"":""N. Matić"",""number"":31,""pos"":""M""},{""id"":20762,""name"":""R. Descamps"",""number"":40,""pos"":""G""},{""id"":1902,""name"":""D. Ćaleta-Car"",""number"":55,""pos"":""D""},{""id"":471106,""name"":""E. Molébé"",""number"":29,""pos"":""F""},{""id"":162265,""name"":""W. Omari"",""number"":27,""pos"":""D""},{""id"":1568,""name"":""P. Akouokou"",""number"":4,""pos"":""M""}]"
1213987,93,Reims,True,5-4-1,S. Diawara,11,9,"[{""id"":20566,""name"":""Y. Diouf"",""number"":94,""pos"":""G""},{""id"":8451,""name"":""Aurélio Buta"",""number"":23,""pos"":""D""},{""id"":19546,""name"":""C. Kipré"",""number"":21,""pos"":""D""},{""id"":71545,""name"":""J. Okumu"",""number"":2,""pos"":""D""},{""id"":156992,""name"":""M. Gbane"",""number"":24,""pos"":""D""},{""id"":47530,""name"":""Sergio Akieme"",""number"":18,""pos"":""D""},{""id"":1942,""name"":""J. Ito"",""number"":7,""pos"":""M""},{""id"":343351,""name"":""V. Atangana Edoa"",""number"":6,""pos"":""M""},{""id"":437482,""name"":""Amadou Koné"",""number"":72,""pos"":""M""},{""id"":386481,""name"":""M. Diakhon"",""number"":67,""pos"":""M""},{""id"":33321,""name"":""K. Nakamura"",""number"":17,""pos"":""F""}]","[{""id"":494535,""name"":""H. Ibrahim"",""number"":85,""pos"":""F""},{""id"":293297,""name"":""J. Patrick"",""number"":30,""pos"":""M""},{""id"":420292,""name"":""H. Sekine"",""number"":3,""pos"":""D""},{""id"":442929,""name"":""Abdoul Koné"",""number"":92,""pos"":""D""},{""id"":418190,""name"":""A. Tia"",""number"":87,""pos"":""M""},{""id"":454432,""name"":""N. Sissoko"",""number"":74,""pos"":""F""},{""id"":414188,""name"":""M. Jeng"",""number"":31,""pos"":""D""},{""id"":21080,""name"":""A. Olliero"",""number"":20,""pos"":""G""},{""id"":8966,""name"":""T. Teuma"",""number"":10,""pos"":""M""}]"
1213987,81,Marseille,False,3-4-2-1,R. De Zerbi,11,9,"[{""id"":47296,""name"":""G. Rulli"",""number"":1,""pos"":""G""},{""id"":30525,""name"":""Pol Lirola"",""number"":29,""pos"":""D""},{""id"":6,""name"":""L. Balerdi"",""number"":5,""pos"":""D""},{""id"":51295,""name"":""D. Cornelius"",""number"":13,""pos"":""D""},{""id"":10077,""name"":""Luis Henrique"",""number"":44,""pos"":""M""},{""id"":926,""name"":""G. Kondogbia"",""number"":19,""pos"":""M""},{""id"":21102,""name"":""V. Rongier"",""number"":21,""pos"":""M""},{""id"":272460,""name"":""Q. Merlin"",""number"":3,""pos"":""M""},{""id"":897,""name"":""M. Greenwood"",""number"":10,""pos"":""F""},{""id"":272,""name"":""A. Rabiot"",""number"":25,""pos"":""F""},{""id"":85041,""name"":""A. Gouiri"",""number"":9,""pos"":""F""}]","[{""id"":19364,""name"":""N. Maupay"",""number"":8,""pos"":""F""},{""id"":3173,""name"":""I. Bennacer"",""number"":22,""pos"":""M""},{""id"":7318,""name"":""A. Dedić"",""number"":77,""pos"":""D""},{""id"":943,""name"":""U. Garcia"",""number"":6,""pos"":""D""},{""id"":278095,""name"":""J. Rowe"",""number"":17,""pos"":""F""},{""id"":2973,""name"":""M. Murillo"",""number"":62,""pos"":""D""},{""id"":36827,""name"":""J. de Lange"",""number"":12,""pos"":""G""},{""id"":455245,""name"":""D. Bakola"",""number"":50,""pos"":""M""},{""id"":283216,""name"":""B. Nadir"",""number"":26,""pos"":""M""}]"
1213986,1063,Saint Etienne,True,4-3-3,E. Horneland,11,9,"[{""id"":20541,""name"":""G. Larsonneur"",""number"":30,""pos"":""G""},{""id"":24284,""name"":""Y. Maçon"",""number"":27,""pos"":""D""},{""id"":8445,""name"":""D. Batubinsika"",""number"":21,""pos"":""D""},{""id"":22087,""name"":""M. Nadé"",""number"":3,""pos"":""D""},{""id"":157146,""name"":""L. Pétrot"",""number"":19,""pos"":""D""},{""id"":274355,""name"":""B. Bouchouari"",""number"":6,""pos"":""M""},{""id"":278232,""name"":""P. Ekwah"",""number"":4,""pos"":""M""},{""id"":8624,""name"":""F. Tardieu"",""number"":10,""pos"":""M""},{""id"":8683,""name"":""I. Cardona"",""number"":7,""pos"":""F""},{""id"":322560,""name"":""L. Stassin"",""number"":32,""pos"":""F""},{""id"":24743,""name"":""Z. Davitashvili"",""number"":22,""pos"":""F""}]","[{""id"":289555,""name"":""L. Mouton"",""number"":14,""pos"":""M""},{""id"":179856,""name"":""B. Old"",""number"":11,""pos"":""M""},{""id"":174801,""name"":""A. Moueffek"",""number"":29,""pos"":""M""},{""id"":39248,""name"":""I. Wadji"",""number"":25,""pos"":""F""},{""id"":1407,""name"":""D. Appiah"",""number"":8,""pos"":""D""},{""id"":20736,""name"":""B. Maubleu"",""number"":1,""pos"":""G""},{""id"":20861,""name"":""L. Fomba"",""number"":26,""pos"":""M""},{""id"":2704,""name"":""Y. Abdelhamid"",""number"":5,""pos"":""D""},{""id"":107199,""name"":""P. Cornud"",""number"":17,""pos"":""D""}]"
1213986,85,Paris Saint Germain,False,4-3-3,Luis Enrique,11,8,"[{""id"":2068,""name"":""M. Safonov"",""number"":39,""pos"":""G""},{""id"":335051,""name"":""João Neves"",""number"":87,""pos"":""D""},{""id"":307835,""name"":""Beraldo"",""number"":35,""pos"":""D""},{""id"":16367,""name"":""W. Pacho"",""number"":51,""pos"":""D""},{""id"":33,""name"":""L. Hernández"",""number"":21,""pos"":""D""},{""id"":343027,""name"":""D. Doué"",""number"":14,""pos"":""M""},{""id"":336657,""name"":""W. Zaïre-Emery"",""number"":33,""pos"":""M""},{""id"":328,""name"":""Fabián Ruiz"",""number"":8,""pos"":""M""},{""id"":483,""name"":""K. Kvaratskhelia"",""number"":7,""pos"":""F""},{""id"":41585,""name"":""Gonçalo Ramos"",""number"":9,""pos"":""F""},{""id"":161904,""name"":""B. Barcola"",""number"":29,""pos"":""F""}]","[{""id"":128384,""name"":""Vitinha"",""number"":17,""pos"":""M""},{""id"":263482,""name"":""Nuno Mendes"",""number"":25,""pos"":""D""},{""id"":153,""name"":""O. Dembélé"",""number"":10,""pos"":""F""},{""id"":446249,""name"":""I. Mbaye"",""number"":49,""pos"":""F""},{""id"":262,""name"":""P. Kimpembe"",""number"":3,""pos"":""D""},{""id"":257,""name"":""Marquinhos"",""number"":5,""pos"":""D""},{""id"":349189,""name"":""Louis Mouquet"",""number"":70,""pos"":""G""},{""id"":1622,""name"":""G. Donnarumma"",""number"":1,""pos"":""G""}]"
1213989,91,Monaco,True,4-4-2,A. Hütter,11,9,"[{""id"":7313,""name"":""P. Köhn"",""number"":16,""pos"":""G""},{""id"":30504,""name"":""W. Singo"",""number"":17,""pos"":""D""},{""id"":261,""name"":""T. Kehrer"",""number"":5,""pos"":""D""},{""id"":371916,""name"":""C. Mawissa"",""number"":13,""pos"":""D""},{""id"":10316,""name"":""Caio Henrique"",""number"":12,""pos"":""D""},{""id"":274300,""name"":""M. Akliouche"",""number"":11,""pos"":""M""},{""id"":2810,""name"":""D. Zakaria"",""number"":6,""pos"":""M""},{""id"":374058,""name"":""L. Camara"",""number"":15,""pos"":""M""},{""id"":1101,""name"":""T. Minamino"",""number"":18,""pos"":""M""},{""id"":283026,""name"":""M. Biereth"",""number"":14,""pos"":""F""},{""id"":421,""name"":""B. Embolo"",""number"":36,""pos"":""F""}]","[{""id"":138835,""name"":""F. Balogun"",""number"":9,""pos"":""F""},{""id"":81,""name"":""K. Diatta"",""number"":27,""pos"":""M""},{""id"":109,""name"":""A. Golovin"",""number"":10,""pos"":""M""},{""id"":42006,""name"":""Al Musrati"",""number"":8,""pos"":""M""},{""id"":395040,""name"":""G. Ilenikhena"",""number"":21,""pos"":""F""},{""id"":40384,""name"":""R. Majecki"",""number"":1,""pos"":""G""},{""id"":47480,""name"":""M. Salisu"",""number"":22,""pos"":""D""},{""id"":343320,""name"":""E. Ben Seghir"",""number"":7,""pos"":""M""},{""id"":291649,""name"":""Vanderson"",""number"":2,""pos"":""D""}]"
1213989,84,Nice,False,3-4-3,F. Haise,11,9,"[{""id"":2274,""name"":""M. Bułka"",""number"":1,""pos"":""G""},{""id"":407017,""name"":""M. Bombito"",""number"":64,""pos"":""D""},{""id"":3099,""name"":""Y. Ndayishimiye"",""number"":55,""pos"":""D""},{""id"":22163,""name"":""Dante"",""number"":4,""pos"":""D""},{""id"":25008,""name"":""J. Clauss"",""number"":92,""pos"":""M""},{""id"":240,""name"":""P. Rosario"",""number"":8,""pos"":""M""},{""id"":21153,""name"":""B. Santamaría"",""number"":28,""pos"":""M""},{""id"":49583,""name"":""A. Abdi"",""number"":2,""pos"":""M""},{""id"":137303,""name"":""E. Guessand"",""number"":29,""pos"":""F""},{""id"":274312,""name"":""M. Cho"",""number"":25,""pos"":""F""},{""id"":30531,""name"":""J. Boga"",""number"":7,""pos"":""F""}]","[{""id"":21592,""name"":""G. Laborde"",""number"":24,""pos"":""F""},{""id"":4399,""name"":""H. Boudaoui"",""number"":6,""pos"":""M""},{""id"":107,""name"":""S. Diop"",""number"":10,""pos"":""M""},{""id"":193617,""name"":""T. Louchet"",""number"":20,""pos"":""M""},{""id"":69971,""name"":""T. Moffi"",""number"":9,""pos"":""F""},{""id"":196343,""name"":""Mohamed Abdelmonem"",""number"":5,""pos"":""D""},{""id"":21079,""name"":""M. Dupé"",""number"":31,""pos"":""G""},{""id"":313937,""name"":""A. Mendy"",""number"":33,""pos"":""D""},{""id"":1914,""name"":""M. Sanson"",""number"":11,""pos"":""M""}]"
1213985,96,Toulouse,True,3-4-2-1,Carles Martínez,11,9,"[{""id"":325346,""name"":""G. Restes"",""number"":50,""pos"":""G""},{""id"":102,""name"":""D. Sidibé"",""number"":19,""pos"":""D""},{""id"":278392,""name"":""C. Cresswell"",""number"":4,""pos"":""D""},{""id"":50735,""name"":""M. McKenzie"",""number"":3,""pos"":""D""},{""id"":334952,""name"":""R. Messali"",""number"":22,""pos"":""M""},{""id"":50956,""name"":""C. Cásseres"",""number"":23,""pos"":""M""},{""id"":48491,""name"":""V. Sierro"",""number"":8,""pos"":""M""},{""id"":11421,""name"":""G. Suazo"",""number"":17,""pos"":""M""},{""id"":39115,""name"":""A. Dønnum"",""number"":15,""pos"":""F""},{""id"":84128,""name"":""Y. Gboho"",""number"":10,""pos"":""F""},{""id"":18881,""name"":""J. King"",""number"":13,""pos"":""F""}]","[{""id"":328648,""name"":""S. Babicka"",""number"":80,""pos"":""F""},{""id"":430816,""name"":""N. Edjouma"",""number"":31,""pos"":""F""},{""id"":1369,""name"":""M. Zajc"",""number"":21,""pos"":""M""},{""id"":264383,""name"":""W. Kamanzi"",""number"":12,""pos"":""D""},{""id"":412759,""name"":""J. Canvot"",""number"":29,""pos"":""D""},{""id"":461463,""name"":""M. Saka"",""number"":39,""pos"":""M""},{""id"":367637,""name"":""Ü. Akdağ"",""number"":6,""pos"":""D""},{""id"":39104,""name"":""K. Haug"",""number"":16,""pos"":""G""},{""id"":366572,""name"":""E. Zuliani"",""number"":37,""pos"":""M""}]"
1213985,106,Stade Brestois 29,False,4-3-3,E. Roy,11,7,"[{""id"":36878,""name"":""M. Bizot"",""number"":40,""pos"":""G""},{""id"":22247,""name"":""K. Lala"",""number"":7,""pos"":""D""},{""id"":85914,""name"":""J. Le Cardinal"",""number"":25,""pos"":""D""},{""id"":203483,""name"":""A. Ndiaye"",""number"":3,""pos"":""D""},{""id"":369556,""name"":""J. Bourgault"",""number"":18,""pos"":""D""},{""id"":24147,""name"":""M. Camara"",""number"":45,""pos"":""M""},{""id"":22170,""name"":""P. Lees-Melou"",""number"":20,""pos"":""M""},{""id"":326068,""name"":""K. Doumbia"",""number"":9,""pos"":""M""},{""id"":41323,""name"":""Mama Baldé"",""number"":14,""pos"":""F""},{""id"":22264,""name"":""L. Ajorque"",""number"":19,""pos"":""F""},{""id"":20780,""name"":""Mathias Pereira Lage"",""number"":26,""pos"":""F""}]","[{""id"":422595,""name"":""L. Zogbé"",""number"":12,""pos"":""D""},{""id"":2214,""name"":""R. Del Castillo"",""number"":10,""pos"":""M""},{""id"":30405,""name"":""E. Fernandes"",""number"":6,""pos"":""D""},{""id"":449153,""name"":""H. Makalou"",""number"":33,""pos"":""M""},{""id"":84082,""name"":""R. Faivre"",""number"":21,""pos"":""M""},{""id"":277191,""name"":""A. Sima"",""number"":17,""pos"":""F""},{""id"":21248,""name"":""G. Coudert"",""number"":30,""pos"":""G""}]"
1213981,77,Angers,True,4-3-3,A. Dujeux,11,9,"[{""id"":64190,""name"":""Y. Fofana"",""number"":30,""pos"":""G""},{""id"":20850,""name"":""C. Arcus"",""number"":2,""pos"":""D""},{""id"":3234,""name"":""A. Bamba"",""number"":25,""pos"":""D""},{""id"":21381,""name"":""J. Lefort"",""number"":21,""pos"":""D""},{""id"":41146,""name"":""F. Hanin"",""number"":26,""pos"":""D""},{""id"":174708,""name"":""Y. Belkhdim"",""number"":14,""pos"":""M""},{""id"":20554,""name"":""H. Belkebla"",""number"":93,""pos"":""M""},{""id"":103,""name"":""J. Aholou"",""number"":6,""pos"":""M""},{""id"":21618,""name"":""J. Allevinah"",""number"":18,""pos"":""F""},{""id"":163004,""name"":""E. Lepaul"",""number"":19,""pos"":""F""},{""id"":3177,""name"":""F. El Melali"",""number"":28,""pos"":""F""}]","[{""id"":21145,""name"":""P. Capelle"",""number"":15,""pos"":""M""},{""id"":284072,""name"":""B. Dieng"",""number"":99,""pos"":""F""},{""id"":174723,""name"":""Z. Ould Khaled"",""number"":12,""pos"":""D""},{""id"":174660,""name"":""L. Raolisoa"",""number"":27,""pos"":""D""},{""id"":3175,""name"":""Z. Ferhat"",""number"":20,""pos"":""M""},{""id"":425207,""name"":""M. Courcoul"",""number"":5,""pos"":""D""},{""id"":20537,""name"":""I. Niane"",""number"":7,""pos"":""F""},{""id"":343609,""name"":""J. Ekomié"",""number"":3,""pos"":""D""},{""id"":174973,""name"":""M. Zinga"",""number"":16,""pos"":""G""}]"
1213981,94,Rennes,False,3-4-2-1,H. Beye,11,9,"[{""id"":21628,""name"":""B. Samba"",""number"":1,""pos"":""G""},{""id"":30423,""name"":""H. Hateboer"",""number"":33,""pos"":""D""},{""id"":129681,""name"":""A. Rouault"",""number"":24,""pos"":""D""},{""id"":126757,""name"":""L. Brassier"",""number"":5,""pos"":""D""},{""id"":180731,""name"":""L. Assignon"",""number"":22,""pos"":""M""},{""id"":343792,""name"":""D. Cissé"",""number"":38,""pos"":""M""},{""id"":30807,""name"":""S. Fofana"",""number"":8,""pos"":""M""},{""id"":162267,""name"":""A. Truffert"",""number"":3,""pos"":""M""},{""id"":147831,""name"":""A. Kalimuendo"",""number"":9,""pos"":""F""},{""id"":167659,""name"":""K. Olaigbe"",""number"":19,""pos"":""F""},{""id"":449662,""name"":""M. Meïté"",""number"":62,""pos"":""F""}]","[{""id"":328046,""name"":""I. Koné"",""number"":90,""pos"":""M""},{""id"":37236,""name"":""A. Matusiwa"",""number"":6,""pos"":""M""},{""id"":20916,""name"":""C. Wooh"",""number"":4,""pos"":""D""},{""id"":328074,""name"":""J. James"",""number"":17,""pos"":""M""},{""id"":33253,""name"":""K. Furuhashi"",""number"":7,""pos"":""F""},{""id"":1897,""name"":""S. Mandanda"",""number"":30,""pos"":""G""},{""id"":237249,""name"":""M. Faye"",""number"":15,""pos"":""D""},{""id"":352999,""name"":""A. Sishuba"",""number"":28,""pos"":""M""},{""id"":438281,""name"":""A. Nagida"",""number"":18,""pos"":""D""}]"
1213982,108,Auxerre,True,3-4-2-1,C. Pélissier,11,9,"[{""id"":20542,""name"":""D. Léon"",""number"":16,""pos"":""G""},{""id"":20206,""name"":""G. Osho"",""number"":3,""pos"":""D""},{""id"":41300,""name"":""Jubal"",""number"":4,""pos"":""D""},{""id"":191189,""name"":""C. Akpa"",""number"":92,""pos"":""D""},{""id"":285,""name"":""K. Hoever"",""number"":23,""pos"":""M""},{""id"":21010,""name"":""E. Owusu"",""number"":42,""pos"":""M""},{""id"":323625,""name"":""K. Danois"",""number"":27,""pos"":""M""},{""id"":215827,""name"":""F. Oppegård"",""number"":12,""pos"":""M""},{""id"":20732,""name"":""G. Perrin"",""number"":10,""pos"":""F""},{""id"":31057,""name"":""H. Traoré"",""number"":25,""pos"":""F""},{""id"":51293,""name"":""T. Bair"",""number"":9,""pos"":""F""}]","[{""id"":90617,""name"":""L. Sinayoko"",""number"":17,""pos"":""F""},{""id"":110,""name"":""H. Massengo"",""number"":80,""pos"":""M""},{""id"":7578,""name"":""G. Mensah"",""number"":14,""pos"":""D""},{""id"":20782,""name"":""F. Ayé"",""number"":19,""pos"":""F""},{""id"":191392,""name"":""P. Joly"",""number"":26,""pos"":""D""},{""id"":162466,""name"":""S. Diomandé"",""number"":20,""pos"":""D""},{""id"":30748,""name"":""A. Dioussé"",""number"":18,""pos"":""M""},{""id"":193681,""name"":""T. De Percin"",""number"":40,""pos"":""G""},{""id"":32940,""name"":""A. Onaiwu"",""number"":45,""pos"":""F""}]"
1213982,82,Montpellier,False,4-2-3-1,J. Gasset,11,9,"[{""id"":21566,""name"":""B. Lecomte"",""number"":40,""pos"":""G""},{""id"":3336,""name"":""F. Sacko"",""number"":77,""pos"":""D""},{""id"":193501,""name"":""B. Meïté"",""number"":2,""pos"":""D""},{""id"":20661,""name"":""M. Sagnan"",""number"":5,""pos"":""D""},{""id"":22141,""name"":""I. Sylla"",""number"":3,""pos"":""D""},{""id"":21439,""name"":""J. Ferri"",""number"":12,""pos"":""M""},{""id"":128287,""name"":""J. Chotard"",""number"":13,""pos"":""M""},{""id"":113581,""name"":""T. Coulibaly"",""number"":70,""pos"":""M""},{""id"":21443,""name"":""T. Savanier"",""number"":11,""pos"":""M""},{""id"":399906,""name"":""O. Maamma"",""number"":14,""pos"":""M""},{""id"":349616,""name"":""N. Pays"",""number"":18,""pos"":""F""}]","[{""id"":21591,""name"":""A. Delort"",""number"":9,""pos"":""F""},{""id"":326088,""name"":""K. Fayad"",""number"":22,""pos"":""M""},{""id"":387120,""name"":""R. Nzingoula"",""number"":19,""pos"":""M""},{""id"":350388,""name"":""Y. Mouanga"",""number"":47,""pos"":""D""},{""id"":22102,""name"":""W. Khazri"",""number"":10,""pos"":""F""},{""id"":361383,""name"":""Junior Ndiaye"",""number"":41,""pos"":""F""},{""id"":333118,""name"":""L. Mincarelli"",""number"":21,""pos"":""D""},{""id"":451955,""name"":""W. Ndollo Bille"",""number"":49,""pos"":""D""},{""id"":21565,""name"":""D. Bertaud"",""number"":16,""pos"":""G""}]"
1213983,111,Le Havre,True,4-2-3-1,D. Digard,11,9,"[{""id"":24011,""name"":""A. Desmas"",""number"":30,""pos"":""G""},{""id"":2336,""name"":""L. Nego"",""number"":7,""pos"":""D""},{""id"":174927,""name"":""A. Sangante"",""number"":93,""pos"":""D""},{""id"":64255,""name"":""G. Lloris"",""number"":4,""pos"":""D""},{""id"":162067,""name"":""T. Pembélé"",""number"":32,""pos"":""D""},{""id"":21103,""name"":""A. Touré"",""number"":94,""pos"":""M""},{""id"":282549,""name"":""J. Mwanga"",""number"":23,""pos"":""M""},{""id"":174915,""name"":""J. Casimir"",""number"":10,""pos"":""M""},{""id"":174937,""name"":""Y. Kechta"",""number"":8,""pos"":""M""},{""id"":156465,""name"":""I. Soumaré"",""number"":45,""pos"":""M""},{""id"":1370,""name"":""A. Ayew"",""number"":28,""pos"":""F""}]","[{""id"":162443,""name"":""É. Youté"",""number"":6,""pos"":""D""},{""id"":386284,""name"":""M. Diawara"",""number"":34,""pos"":""M""},{""id"":1617,""name"":""Koka"",""number"":99,""pos"":""F""},{""id"":289304,""name"":""A. Joujou"",""number"":21,""pos"":""F""},{""id"":128342,""name"":""R. Ndiaye"",""number"":19,""pos"":""M""},{""id"":515772,""name"":""A. Teixeira"",""number"":40,""pos"":""G""},{""id"":1212,""name"":""D. Kuzyaev"",""number"":14,""pos"":""M""},{""id"":513415,""name"":""S. Zagadou"",""number"":33,""pos"":""D""},{""id"":386275,""name"":""I. Housni"",""number"":46,""pos"":""F""}]"
1213983,83,Nantes,False,4-3-3,A. Kombouare,11,9,"[{""id"":647,""name"":""Anthony Lopes"",""number"":16,""pos"":""G""},{""id"":22134,""name"":""K. Amian"",""number"":98,""pos"":""D""},{""id"":274328,""name"":""S. Sow"",""number"":24,""pos"":""D""},{""id"":21088,""name"":""N. Pallois"",""number"":4,""pos"":""D""},{""id"":21570,""name"":""N. Cozza"",""number"":3,""pos"":""D""},{""id"":193952,""name"":""J. Lepenant"",""number"":8,""pos"":""M""},{""id"":93671,""name"":""Pedro Chirivella"",""number"":5,""pos"":""M""},{""id"":10036,""name"":""Douglas Augusto"",""number"":6,""pos"":""M""},{""id"":161622,""name"":""M. Abline"",""number"":39,""pos"":""F""},{""id"":2668,""name"":""Mostafa Mohamed"",""number"":31,""pos"":""F""},{""id"":2781,""name"":""M. Simon"",""number"":27,""pos"":""F""}]","[{""id"":18599,""name"":""S. Thomas"",""number"":22,""pos"":""M""},{""id"":443674,""name"":""L. Leroux"",""number"":66,""pos"":""M""},{""id"":3034,""name"":""M. Elia"",""number"":17,""pos"":""F""},{""id"":386438,""name"":""M. Acapandié"",""number"":41,""pos"":""D""},{""id"":15684,""name"":""P. Carlgren"",""number"":30,""pos"":""G""},{""id"":21582,""name"":""F. Mollet"",""number"":25,""pos"":""M""},{""id"":392569,""name"":""S. Doucouré"",""number"":72,""pos"":""D""},{""id"":443676,""name"":""H. Guirassy"",""number"":62,""pos"":""F""},{""id"":413061,""name"":""E. Mongo"",""number"":46,""pos"":""D""}]"
1213988,79,Lille,True,4-3-3,B. Génésio,11,9,"[{""id"":162453,""name"":""L. Chevalier"",""number"":30,""pos"":""G""},{""id"":264,""name"":""T. Meunier"",""number"":12,""pos"":""D""},{""id"":22136,""name"":""B. Diakité"",""number"":18,""pos"":""D""},{""id"":1567,""name"":""A. Mandi"",""number"":2,""pos"":""D""},{""id"":679,""name"":""Ismaily"",""number"":31,""pos"":""D""},{""id"":375598,""name"":""N. Mukau"",""number"":17,""pos"":""M""},{""id"":2204,""name"":""B. André"",""number"":21,""pos"":""M""},{""id"":18765,""name"":""André Gomes"",""number"":26,""pos"":""M""},{""id"":530,""name"":""M. Bakker"",""number"":20,""pos"":""F""},{""id"":8489,""name"":""J. David"",""number"":9,""pos"":""F""},{""id"":340077,""name"":""M. Fernandez-Pardo"",""number"":19,""pos"":null}]","[{""id"":99576,""name"":""O. Sahraoui"",""number"":11,""pos"":""F""},{""id"":438688,""name"":""A. Bouaddi"",""number"":32,""pos"":""M""},{""id"":47969,""name"":""G. Gudmundsson"",""number"":5,""pos"":""D""},{""id"":409,""name"":""N. Bentaleb"",""number"":6,""pos"":""M""},{""id"":2380,""name"":""C. Akpom"",""number"":24,""pos"":""F""},{""id"":22093,""name"":""R. Cabella"",""number"":10,""pos"":""M""},{""id"":51146,""name"":""V. Mannone"",""number"":1,""pos"":""G""},{""id"":896,""name"":""A. Gomes"",""number"":8,""pos"":""M""},{""id"":67889,""name"":""H. Haraldsson"",""number"":7,""pos"":""M""}]"
1213988,116,Lens,False,3-4-3,W. Still,11,9,"[{""id"":2741,""name"":""M. Ryan"",""number"":30,""pos"":""G""},{""id"":441264,""name"":""K. Antonio"",""number"":32,""pos"":""D""},{""id"":22166,""name"":""M. Sarr"",""number"":20,""pos"":""D""},{""id"":6231,""name"":""F. Medina"",""number"":14,""pos"":""D""},{""id"":21568,""name"":""R. Aguilar"",""number"":2,""pos"":""M""},{""id"":18785,""name"":""N. Mendy"",""number"":26,""pos"":""M""},{""id"":277003,""name"":""N. El Aynaoui"",""number"":23,""pos"":""M""},{""id"":2483,""name"":""D. Machado"",""number"":3,""pos"":""M""},{""id"":20761,""name"":""F. Sotoca"",""number"":7,""pos"":""F""},{""id"":31318,""name"":""M'Bala Nzola"",""number"":8,""pos"":""F""},{""id"":21715,""name"":""W. Saïd"",""number"":22,""pos"":""F""}]","[{""id"":270509,""name"":""A. Diouf"",""number"":18,""pos"":""M""},{""id"":22261,""name"":""A. Thomasson"",""number"":28,""pos"":""M""},{""id"":20817,""name"":""G. Koyalipou"",""number"":19,""pos"":""F""},{""id"":386852,""name"":""J. Agbonifo"",""number"":25,""pos"":""F""},{""id"":129169,""name"":""A. Zaroury"",""number"":21,""pos"":""F""},{""id"":237232,""name"":""H. Ojediran"",""number"":15,""pos"":""M""},{""id"":21146,""name"":""A. Fulgini"",""number"":11,""pos"":""M""},{""id"":395589,""name"":""N. Čelik"",""number"":4,""pos"":""D""},{""id"":22220,""name"":""H. Koffi"",""number"":16,""pos"":""G""}]"
1213991,84,Nice,True,3-4-2-1,F. Haise,11,9,"[{""id"":2274,""name"":""M. Bułka"",""number"":1,""pos"":""G""},{""id"":407017,""name"":""M. Bombito"",""number"":64,""pos"":""D""},{""id"":3099,""name"":""Y. Ndayishimiye"",""number"":55,""pos"":""D""},{""id"":196343,""name"":""Mohamed Abdelmonem"",""number"":5,""pos"":""D""},{""id"":25008,""name"":""J. Clauss"",""number"":92,""pos"":""M""},{""id"":4399,""name"":""H. Boudaoui"",""number"":6,""pos"":""M""},{""id"":240,""name"":""P. Rosario"",""number"":8,""pos"":""M""},{""id"":49583,""name"":""A. Abdi"",""number"":2,""pos"":""M""},{""id"":274312,""name"":""M. Cho"",""number"":25,""pos"":""F""},{""id"":30531,""name"":""J. Boga"",""number"":7,""pos"":""F""},{""id"":21592,""name"":""G. Laborde"",""number"":24,""pos"":""F""}]","[{""id"":137303,""name"":""E. Guessand"",""number"":29,""pos"":""F""},{""id"":1914,""name"":""M. Sanson"",""number"":11,""pos"":""M""},{""id"":334879,""name"":""B. Bouanani"",""number"":19,""pos"":""M""},{""id"":69971,""name"":""T. Moffi"",""number"":9,""pos"":""F""},{""id"":193617,""name"":""T. Louchet"",""number"":20,""pos"":""M""},{""id"":313937,""name"":""A. Mendy"",""number"":33,""pos"":""D""},{""id"":21079,""name"":""M. Dupé"",""number"":31,""pos"":""G""},{""id"":21153,""name"":""B. Santamaría"",""number"":28,""pos"":""M""},{""id"":161919,""name"":""Y. Moukoko"",""number"":15,""pos"":""F""}]"
1213991,83,Nantes,False,3-4-3,A. Kombouare,11,9,"[{""id"":647,""name"":""Anthony Lopes"",""number"":16,""pos"":""G""},{""id"":274328,""name"":""S. Sow"",""number"":24,""pos"":""D""},{""id"":21088,""name"":""N. Pallois"",""number"":4,""pos"":""D""},{""id"":22134,""name"":""K. Amian"",""number"":98,""pos"":""D""},{""id"":18599,""name"":""S. Thomas"",""number"":22,""pos"":""M""},{""id"":10036,""name"":""Douglas Augusto"",""number"":6,""pos"":""M""},{""id"":443674,""name"":""L. Leroux"",""number"":66,""pos"":""M""},{""id"":21570,""name"":""N. Cozza"",""number"":3,""pos"":""M""},{""id"":3034,""name"":""M. Elia"",""number"":17,""pos"":""F""},{""id"":161622,""name"":""M. Abline"",""number"":39,""pos"":""F""},{""id"":2781,""name"":""M. Simon"",""number"":27,""pos"":""F""}]","[{""id"":2668,""name"":""Mostafa Mohamed"",""number"":31,""pos"":""F""},{""id"":21498,""name"":""M. Coco"",""number"":11,""pos"":""F""},{""id"":392569,""name"":""S. Doucouré"",""number"":72,""pos"":""D""},{""id"":193952,""name"":""J. Lepenant"",""number"":8,""pos"":""M""},{""id"":388779,""name"":""D. Assoumani"",""number"":59,""pos"":""M""},{""id"":21582,""name"":""F. Mollet"",""number"":25,""pos"":""M""},{""id"":443676,""name"":""H. Guirassy"",""number"":62,""pos"":""F""},{""id"":3084,""name"":""T. Kadewere"",""number"":10,""pos"":""F""},{""id"":15684,""name"":""P. Carlgren"",""number"":30,""pos"":""G""}]"
1213996,85,Paris Saint Germain,True,4-3-3,Luis Enrique,11,9,"[{""id"":1622,""name"":""G. Donnarumma"",""number"":1,""pos"":""G""},{""id"":9,""name"":""A. Hakimi"",""number"":2,""pos"":""D""},{""id"":257,""name"":""Marquinhos"",""number"":5,""pos"":""D""},{""id"":16367,""name"":""W. Pacho"",""number"":51,""pos"":""D""},{""id"":33,""name"":""L. Hernández"",""number"":21,""pos"":""D""},{""id"":336657,""name"":""W. Zaïre-Emery"",""number"":33,""pos"":""M""},{""id"":128384,""name"":""Vitinha"",""number"":17,""pos"":""M""},{""id"":328,""name"":""Fabián Ruiz"",""number"":8,""pos"":""M""},{""id"":343027,""name"":""D. Doué"",""number"":14,""pos"":""F""},{""id"":41585,""name"":""Gonçalo Ramos"",""number"":9,""pos"":""F""},{""id"":483,""name"":""K. Kvaratskhelia"",""number"":7,""pos"":""F""}]","[{""id"":153,""name"":""O. Dembélé"",""number"":10,""pos"":""F""},{""id"":161904,""name"":""B. Barcola"",""number"":29,""pos"":""F""},{""id"":263482,""name"":""Nuno Mendes"",""number"":25,""pos"":""D""},{""id"":335051,""name"":""João Neves"",""number"":87,""pos"":""M""},{""id"":409216,""name"":""S. Mayulu"",""number"":24,""pos"":""M""},{""id"":2068,""name"":""M. Safonov"",""number"":39,""pos"":""G""},{""id"":446249,""name"":""I. Mbaye"",""number"":49,""pos"":""F""},{""id"":262,""name"":""P. Kimpembe"",""number"":3,""pos"":""D""},{""id"":307835,""name"":""Beraldo"",""number"":35,""pos"":""D""}]"
1213996,77,Angers,False,5-3-2,A. Dujeux,11,9,"[{""id"":64190,""name"":""Y. Fofana"",""number"":30,""pos"":""G""},{""id"":174660,""name"":""L. Raolisoa"",""number"":27,""pos"":""D""},{""id"":3234,""name"":""A. Bamba"",""number"":25,""pos"":""D""},{""id"":21381,""name"":""J. Lefort"",""number"":21,""pos"":""D""},{""id"":41146,""name"":""F. Hanin"",""number"":26,""pos"":""D""},{""id"":343609,""name"":""J. Ekomié"",""number"":3,""pos"":""D""},{""id"":174708,""name"":""Y. Belkhdim"",""number"":14,""pos"":""M""},{""id"":20692,""name"":""H. Abdelli"",""number"":10,""pos"":""M""},{""id"":103,""name"":""J. Aholou"",""number"":6,""pos"":""M""},{""id"":163004,""name"":""E. Lepaul"",""number"":19,""pos"":""F""},{""id"":3177,""name"":""F. El Melali"",""number"":28,""pos"":""F""}]","[{""id"":21618,""name"":""J. Allevinah"",""number"":18,""pos"":""F""},{""id"":174723,""name"":""Z. Ould Khaled"",""number"":12,""pos"":""D""},{""id"":284072,""name"":""B. Dieng"",""number"":99,""pos"":""F""},{""id"":3175,""name"":""Z. Ferhat"",""number"":20,""pos"":""M""},{""id"":20537,""name"":""I. Niane"",""number"":7,""pos"":""F""},{""id"":20850,""name"":""C. Arcus"",""number"":2,""pos"":""D""},{""id"":174973,""name"":""M. Zinga"",""number"":16,""pos"":""G""},{""id"":271540,""name"":""O. Camara"",""number"":29,""pos"":""D""},{""id"":425207,""name"":""M. Courcoul"",""number"":5,""pos"":""D""}]"
1213992,106,Stade Brestois 29,True,4-3-3,E. Roy,11,9,"[{""id"":36878,""name"":""M. Bizot"",""number"":40,""pos"":""G""},{""id"":22247,""name"":""K. Lala"",""number"":7,""pos"":""D""},{""id"":20546,""name"":""B. Chardonnet"",""number"":5,""pos"":""D""},{""id"":203483,""name"":""A. Ndiaye"",""number"":3,""pos"":""D""},{""id"":3333,""name"":""M. Haïdara"",""number"":22,""pos"":""D""},{""id"":24147,""name"":""M. Camara"",""number"":45,""pos"":""M""},{""id"":22170,""name"":""P. Lees-Melou"",""number"":20,""pos"":""M""},{""id"":20558,""name"":""H. Magnetti"",""number"":8,""pos"":""M""},{""id"":20780,""name"":""Mathias Pereira Lage"",""number"":26,""pos"":""F""},{""id"":22264,""name"":""L. Ajorque"",""number"":19,""pos"":""F""},{""id"":277191,""name"":""A. Sima"",""number"":17,""pos"":""F""}]","[{""id"":326068,""name"":""K. Doumbia"",""number"":9,""pos"":""M""},{""id"":41323,""name"":""Mama Baldé"",""number"":14,""pos"":""F""},{""id"":2214,""name"":""R. Del Castillo"",""number"":10,""pos"":""M""},{""id"":30405,""name"":""E. Fernandes"",""number"":6,""pos"":""D""},{""id"":21248,""name"":""G. Coudert"",""number"":30,""pos"":""G""},{""id"":449153,""name"":""H. Makalou"",""number"":33,""pos"":""M""},{""id"":422595,""name"":""L. Zogbé"",""number"":12,""pos"":""D""},{""id"":1901,""name"":""J. Amavi"",""number"":23,""pos"":""D""},{""id"":85914,""name"":""J. Le Cardinal"",""number"":25,""pos"":""D""}]"
1213992,91,Monaco,False,4-4-2,A. Hütter,11,9,"[{""id"":7313,""name"":""P. Köhn"",""number"":16,""pos"":""G""},{""id"":30504,""name"":""W. Singo"",""number"":17,""pos"":""D""},{""id"":261,""name"":""T. Kehrer"",""number"":5,""pos"":""D""},{""id"":371916,""name"":""C. Mawissa"",""number"":13,""pos"":""D""},{""id"":10316,""name"":""Caio Henrique"",""number"":12,""pos"":""D""},{""id"":274300,""name"":""M. Akliouche"",""number"":11,""pos"":""M""},{""id"":2810,""name"":""D. Zakaria"",""number"":6,""pos"":""M""},{""id"":374058,""name"":""L. Camara"",""number"":15,""pos"":""M""},{""id"":1101,""name"":""T. Minamino"",""number"":18,""pos"":""M""},{""id"":283026,""name"":""M. Biereth"",""number"":14,""pos"":""F""},{""id"":421,""name"":""B. Embolo"",""number"":36,""pos"":""F""}]","[{""id"":291649,""name"":""Vanderson"",""number"":2,""pos"":""D""},{""id"":343320,""name"":""E. Ben Seghir"",""number"":7,""pos"":""M""},{""id"":42006,""name"":""Al Musrati"",""number"":8,""pos"":""M""},{""id"":109,""name"":""A. Golovin"",""number"":10,""pos"":""M""},{""id"":138835,""name"":""F. Balogun"",""number"":9,""pos"":""F""},{""id"":81,""name"":""K. Diatta"",""number"":27,""pos"":""M""},{""id"":47480,""name"":""M. Salisu"",""number"":22,""pos"":""D""},{""id"":395040,""name"":""G. Ilenikhena"",""number"":21,""pos"":""F""},{""id"":40384,""name"":""R. Majecki"",""number"":1,""pos"":""G""}]"
1213994,80,Lyon,True,4-2-3-1,Paulo Fonseca,11,9,"[{""id"":80296,""name"":""Lucas Perri"",""number"":1,""pos"":""G""},{""id"":1456,""name"":""A. Maitland-Niles"",""number"":98,""pos"":""D""},{""id"":68,""name"":""Clinton Mata"",""number"":22,""pos"":""D""},{""id"":25916,""name"":""M. Niakhaté"",""number"":19,""pos"":""D""},{""id"":529,""name"":""N. Tagliafico"",""number"":3,""pos"":""D""},{""id"":80752,""name"":""T. Tessmann"",""number"":15,""pos"":""M""},{""id"":902,""name"":""N. Matić"",""number"":31,""pos"":""M""},{""id"":350856,""name"":""E. Nuamah"",""number"":37,""pos"":""M""},{""id"":6067,""name"":""T. Almada"",""number"":23,""pos"":""M""},{""id"":519,""name"":""C. Tolisso"",""number"":8,""pos"":""M""},{""id"":1467,""name"":""A. Lacazette"",""number"":10,""pos"":""F""}]","[{""id"":156477,""name"":""R. Cherki"",""number"":18,""pos"":""M""},{""id"":30409,""name"":""J. Veretout"",""number"":7,""pos"":""M""},{""id"":180496,""name"":""G. Mikautadze"",""number"":69,""pos"":""F""},{""id"":1568,""name"":""P. Akouokou"",""number"":4,""pos"":""M""},{""id"":162265,""name"":""W. Omari"",""number"":27,""pos"":""D""},{""id"":471106,""name"":""E. Molébé"",""number"":29,""pos"":""F""},{""id"":9700,""name"":""Abner"",""number"":16,""pos"":""D""},{""id"":334914,""name"":""S. Kumbedi"",""number"":20,""pos"":""D""},{""id"":20762,""name"":""R. Descamps"",""number"":40,""pos"":""G""}]"
1213994,79,Lille,False,4-2-3-1,B. Génésio,11,9,"[{""id"":162453,""name"":""L. Chevalier"",""number"":30,""pos"":""G""},{""id"":264,""name"":""T. Meunier"",""number"":12,""pos"":""D""},{""id"":22136,""name"":""B. Diakité"",""number"":18,""pos"":""D""},{""id"":142691,""name"":""Alexsandro Ribeiro"",""number"":4,""pos"":""D""},{""id"":47969,""name"":""G. Gudmundsson"",""number"":5,""pos"":""D""},{""id"":2204,""name"":""B. André"",""number"":21,""pos"":""M""},{""id"":18765,""name"":""André Gomes"",""number"":26,""pos"":""M""},{""id"":530,""name"":""M. Bakker"",""number"":20,""pos"":""M""},{""id"":375598,""name"":""N. Mukau"",""number"":17,""pos"":""M""},{""id"":67889,""name"":""H. Haraldsson"",""number"":7,""pos"":""M""},{""id"":8489,""name"":""J. David"",""number"":9,""pos"":""F""}]","[{""id"":340077,""name"":""M. Fernandez-Pardo"",""number"":19,""pos"":null},{""id"":2380,""name"":""C. Akpom"",""number"":24,""pos"":""F""},{""id"":99576,""name"":""O. Sahraoui"",""number"":11,""pos"":""F""},{""id"":679,""name"":""Ismaily"",""number"":31,""pos"":""D""},{""id"":409,""name"":""N. Bentaleb"",""number"":6,""pos"":""M""},{""id"":22093,""name"":""R. Cabella"",""number"":10,""pos"":""M""},{""id"":1567,""name"":""A. Mandi"",""number"":2,""pos"":""D""},{""id"":51146,""name"":""V. Mannone"",""number"":1,""pos"":""G""},{""id"":438688,""name"":""A. Bouaddi"",""number"":32,""pos"":""M""}]"
1213995,116,Lens,True,3-4-1-2,W. Still,11,8,"[{""id"":2741,""name"":""M. Ryan"",""number"":30,""pos"":""G""},{""id"":22166,""name"":""M. Sarr"",""number"":20,""pos"":""D""},{""id"":449509,""name"":""J. Bah"",""number"":27,""pos"":""D""},{""id"":6231,""name"":""F. Medina"",""number"":14,""pos"":""D""},{""id"":21568,""name"":""R. Aguilar"",""number"":2,""pos"":""M""},{""id"":22261,""name"":""A. Thomasson"",""number"":28,""pos"":""M""},{""id"":277003,""name"":""N. El Aynaoui"",""number"":23,""pos"":""M""},{""id"":2483,""name"":""D. Machado"",""number"":3,""pos"":""M""},{""id"":270509,""name"":""A. Diouf"",""number"":18,""pos"":""F""},{""id"":20761,""name"":""F. Sotoca"",""number"":7,""pos"":""F""},{""id"":21715,""name"":""W. Saïd"",""number"":22,""pos"":""F""}]","[{""id"":20817,""name"":""G. Koyalipou"",""number"":19,""pos"":""F""},{""id"":129169,""name"":""A. Zaroury"",""number"":21,""pos"":""F""},{""id"":441264,""name"":""K. Antonio"",""number"":32,""pos"":""D""},{""id"":237232,""name"":""H. Ojediran"",""number"":15,""pos"":""M""},{""id"":21146,""name"":""A. Fulgini"",""number"":11,""pos"":""M""},{""id"":22220,""name"":""H. Koffi"",""number"":16,""pos"":""G""},{""id"":395589,""name"":""N. Čelik"",""number"":4,""pos"":""D""},{""id"":18785,""name"":""N. Mendy"",""number"":26,""pos"":""M""}]"
1213995,1063,Saint Etienne,False,4-3-3,E. Horneland,11,9,"[{""id"":20541,""name"":""G. Larsonneur"",""number"":30,""pos"":""G""},{""id"":24284,""name"":""Y. Maçon"",""number"":27,""pos"":""D""},{""id"":90599,""name"":""M. Bernauer"",""number"":13,""pos"":""D""},{""id"":22087,""name"":""M. Nadé"",""number"":3,""pos"":""D""},{""id"":157146,""name"":""L. Pétrot"",""number"":19,""pos"":""D""},{""id"":274355,""name"":""B. Bouchouari"",""number"":6,""pos"":""M""},{""id"":278232,""name"":""P. Ekwah"",""number"":4,""pos"":""M""},{""id"":8624,""name"":""F. Tardieu"",""number"":10,""pos"":""M""},{""id"":8683,""name"":""I. Cardona"",""number"":7,""pos"":""F""},{""id"":322560,""name"":""L. Stassin"",""number"":32,""pos"":""F""},{""id"":24743,""name"":""Z. Davitashvili"",""number"":22,""pos"":""F""}]","[{""id"":174801,""name"":""A. Moueffek"",""number"":29,""pos"":""M""},{""id"":179856,""name"":""B. Old"",""number"":11,""pos"":""M""},{""id"":39248,""name"":""I. Wadji"",""number"":25,""pos"":""F""},{""id"":2704,""name"":""Y. Abdelhamid"",""number"":5,""pos"":""D""},{""id"":1407,""name"":""D. Appiah"",""number"":8,""pos"":""D""},{""id"":8445,""name"":""D. Batubinsika"",""number"":21,""pos"":""D""},{""id"":20736,""name"":""B. Maubleu"",""number"":1,""pos"":""G""},{""id"":489911,""name"":""D. N'Guessan"",""number"":63,""pos"":""F""},{""id"":289555,""name"":""L. Mouton"",""number"":14,""pos"":""M""}]"
1213993,82,Montpellier,True,4-2-3-1,J. Gasset,11,9,"[{""id"":21566,""name"":""B. Lecomte"",""number"":40,""pos"":""G""},{""id"":3336,""name"":""F. Sacko"",""number"":77,""pos"":""D""},{""id"":193501,""name"":""B. Meïté"",""number"":2,""pos"":""D""},{""id"":20661,""name"":""M. Sagnan"",""number"":5,""pos"":""D""},{""id"":22141,""name"":""I. Sylla"",""number"":3,""pos"":""D""},{""id"":21439,""name"":""J. Ferri"",""number"":12,""pos"":""M""},{""id"":128287,""name"":""J. Chotard"",""number"":13,""pos"":""M""},{""id"":113581,""name"":""T. Coulibaly"",""number"":70,""pos"":""M""},{""id"":349616,""name"":""N. Pays"",""number"":18,""pos"":""M""},{""id"":21443,""name"":""T. Savanier"",""number"":11,""pos"":""M""},{""id"":21591,""name"":""A. Delort"",""number"":9,""pos"":""F""}]","[{""id"":451955,""name"":""W. Ndollo Bille"",""number"":49,""pos"":""D""},{""id"":399906,""name"":""O. Maamma"",""number"":14,""pos"":""F""},{""id"":326088,""name"":""K. Fayad"",""number"":22,""pos"":""M""},{""id"":22102,""name"":""W. Khazri"",""number"":10,""pos"":""F""},{""id"":368812,""name"":""S. Cara"",""number"":46,""pos"":""F""},{""id"":21434,""name"":""T. Sainte-Luce"",""number"":17,""pos"":""D""},{""id"":21565,""name"":""D. Bertaud"",""number"":16,""pos"":""G""},{""id"":3335,""name"":""K. Kouyaté"",""number"":4,""pos"":""D""},{""id"":387120,""name"":""R. Nzingoula"",""number"":19,""pos"":""M""}]"
1213993,111,Le Havre,False,4-2-3-1,D. Digard,11,9,"[{""id"":646,""name"":""M. Gorgelin"",""number"":1,""pos"":""G""},{""id"":2336,""name"":""L. Nego"",""number"":7,""pos"":""D""},{""id"":174927,""name"":""A. Sangante"",""number"":93,""pos"":""D""},{""id"":64255,""name"":""G. Lloris"",""number"":4,""pos"":""D""},{""id"":162067,""name"":""T. Pembélé"",""number"":32,""pos"":""D""},{""id"":21103,""name"":""A. Touré"",""number"":94,""pos"":""M""},{""id"":282549,""name"":""J. Mwanga"",""number"":23,""pos"":""M""},{""id"":174915,""name"":""J. Casimir"",""number"":10,""pos"":""M""},{""id"":174937,""name"":""Y. Kechta"",""number"":8,""pos"":""M""},{""id"":289304,""name"":""A. Joujou"",""number"":21,""pos"":""M""},{""id"":1617,""name"":""Koka"",""number"":99,""pos"":""F""}]","[{""id"":156465,""name"":""I. Soumaré"",""number"":45,""pos"":""F""},{""id"":386284,""name"":""M. Diawara"",""number"":34,""pos"":""M""},{""id"":1370,""name"":""A. Ayew"",""number"":28,""pos"":""F""},{""id"":162443,""name"":""É. Youté"",""number"":6,""pos"":""D""},{""id"":128342,""name"":""R. Ndiaye"",""number"":19,""pos"":""M""},{""id"":23637,""name"":""Y. Zouaoui"",""number"":18,""pos"":""D""},{""id"":386275,""name"":""I. Housni"",""number"":46,""pos"":""F""},{""id"":24011,""name"":""A. Desmas"",""number"":30,""pos"":""G""},{""id"":105,""name"":""F. Ballo-Touré"",""number"":97,""pos"":""D""}]"
1213997,93,Reims,True,5-4-1,S. Diawara,11,9,"[{""id"":20566,""name"":""Y. Diouf"",""number"":94,""pos"":""G""},{""id"":420292,""name"":""H. Sekine"",""number"":3,""pos"":""D""},{""id"":156992,""name"":""M. Gbane"",""number"":24,""pos"":""D""},{""id"":71545,""name"":""J. Okumu"",""number"":2,""pos"":""D""},{""id"":19546,""name"":""C. Kipré"",""number"":21,""pos"":""D""},{""id"":47530,""name"":""Sergio Akieme"",""number"":18,""pos"":""D""},{""id"":1942,""name"":""J. Ito"",""number"":7,""pos"":""M""},{""id"":343351,""name"":""V. Atangana Edoa"",""number"":6,""pos"":""M""},{""id"":437482,""name"":""Amadou Koné"",""number"":72,""pos"":""M""},{""id"":33321,""name"":""K. Nakamura"",""number"":17,""pos"":""M""},{""id"":494535,""name"":""H. Ibrahim"",""number"":85,""pos"":""F""}]","[{""id"":386481,""name"":""M. Diakhon"",""number"":67,""pos"":""F""},{""id"":293297,""name"":""J. Patrick"",""number"":30,""pos"":""M""},{""id"":8451,""name"":""Aurélio Buta"",""number"":23,""pos"":""D""},{""id"":2219,""name"":""J. Siebatcheu"",""number"":12,""pos"":""F""},{""id"":21080,""name"":""A. Olliero"",""number"":20,""pos"":""G""},{""id"":414188,""name"":""M. Jeng"",""number"":31,""pos"":""D""},{""id"":389322,""name"":""N. Sangui"",""number"":55,""pos"":""D""},{""id"":8966,""name"":""T. Teuma"",""number"":10,""pos"":""M""},{""id"":418190,""name"":""A. Tia"",""number"":87,""pos"":""M""}]"
1213997,95,Strasbourg,False,3-4-3,L. Rosenior,11,9,"[{""id"":118307,""name"":""Đ. Petrović"",""number"":1,""pos"":""G""},{""id"":271542,""name"":""I. Doukouré"",""number"":29,""pos"":""D""},{""id"":276184,""name"":""M. Sarr"",""number"":23,""pos"":""D""},{""id"":364810,""name"":""A. Sylla"",""number"":5,""pos"":""D""},{""id"":129695,""name"":""D. Bakwa"",""number"":26,""pos"":""M""},{""id"":305834,""name"":""Andrey Santos"",""number"":8,""pos"":""M""},{""id"":319572,""name"":""V. Barco"",""number"":32,""pos"":""M""},{""id"":335056,""name"":""Diego Moreira"",""number"":7,""pos"":""M""},{""id"":325594,""name"":""F. Lemaréchal"",""number"":6,""pos"":""F""},{""id"":203762,""name"":""E. Emegha"",""number"":10,""pos"":""F""},{""id"":226803,""name"":""S. Nanasi"",""number"":15,""pos"":""F""}]","[{""id"":327631,""name"":""H. Diarra"",""number"":19,""pos"":""M""},{""id"":334035,""name"":""S. Amo-Ameyaw"",""number"":27,""pos"":""F""},{""id"":147835,""name"":""A. Omobamidele"",""number"":2,""pos"":""D""},{""id"":2850,""name"":""K. Johnsson"",""number"":30,""pos"":""G""},{""id"":190686,""name"":""S. Mara"",""number"":14,""pos"":""F""},{""id"":415431,""name"":""S. El Mourabet"",""number"":39,""pos"":""M""},{""id"":2259,""name"":""E. Sobol"",""number"":77,""pos"":""D""},{""id"":451702,""name"":""A. Cissé"",""number"":33,""pos"":null},{""id"":358166,""name"":""A. Ouattara"",""number"":42,""pos"":""M""}]"
1213998,94,Rennes,True,3-4-2-1,H. Beye,11,9,"[{""id"":21628,""name"":""B. Samba"",""number"":1,""pos"":""G""},{""id"":30423,""name"":""H. Hateboer"",""number"":33,""pos"":""D""},{""id"":129681,""name"":""A. Rouault"",""number"":24,""pos"":""D""},{""id"":126757,""name"":""L. Brassier"",""number"":5,""pos"":""D""},{""id"":180731,""name"":""L. Assignon"",""number"":22,""pos"":""M""},{""id"":343792,""name"":""D. Cissé"",""number"":38,""pos"":""M""},{""id"":30807,""name"":""S. Fofana"",""number"":8,""pos"":""M""},{""id"":162267,""name"":""A. Truffert"",""number"":3,""pos"":""M""},{""id"":147831,""name"":""A. Kalimuendo"",""number"":9,""pos"":""F""},{""id"":167659,""name"":""K. Olaigbe"",""number"":19,""pos"":""F""},{""id"":449662,""name"":""M. Meïté"",""number"":62,""pos"":""F""}]","[{""id"":37236,""name"":""A. Matusiwa"",""number"":6,""pos"":""M""},{""id"":328046,""name"":""I. Koné"",""number"":90,""pos"":""M""},{""id"":15286,""name"":""Mousa Al Ta'mari"",""number"":11,""pos"":""F""},{""id"":328074,""name"":""J. James"",""number"":17,""pos"":""M""},{""id"":438281,""name"":""A. Nagida"",""number"":18,""pos"":""D""},{""id"":1897,""name"":""S. Mandanda"",""number"":30,""pos"":""G""},{""id"":20916,""name"":""C. Wooh"",""number"":4,""pos"":""D""},{""id"":367636,""name"":""J. Jacquet"",""number"":97,""pos"":""D""},{""id"":33253,""name"":""K. Furuhashi"",""number"":7,""pos"":""F""}]"
1213998,108,Auxerre,False,5-4-1,C. Pélissier,11,9,"[{""id"":20542,""name"":""D. Léon"",""number"":16,""pos"":""G""},{""id"":285,""name"":""K. Hoever"",""number"":23,""pos"":""D""},{""id"":162466,""name"":""S. Diomandé"",""number"":20,""pos"":""D""},{""id"":41300,""name"":""Jubal"",""number"":4,""pos"":""D""},{""id"":191189,""name"":""C. Akpa"",""number"":92,""pos"":""D""},{""id"":7578,""name"":""G. Mensah"",""number"":14,""pos"":""D""},{""id"":20732,""name"":""G. Perrin"",""number"":10,""pos"":""M""},{""id"":110,""name"":""H. Massengo"",""number"":80,""pos"":""M""},{""id"":30748,""name"":""A. Dioussé"",""number"":18,""pos"":""M""},{""id"":32940,""name"":""A. Onaiwu"",""number"":45,""pos"":""M""},{""id"":90617,""name"":""L. Sinayoko"",""number"":17,""pos"":""F""}]","[{""id"":191392,""name"":""P. Joly"",""number"":26,""pos"":""D""},{""id"":215827,""name"":""F. Oppegård"",""number"":12,""pos"":""D""},{""id"":20782,""name"":""F. Ayé"",""number"":19,""pos"":""F""},{""id"":496896,""name"":""R. Matondo"",""number"":34,""pos"":""M""},{""id"":51293,""name"":""T. Bair"",""number"":9,""pos"":""F""},{""id"":193681,""name"":""T. De Percin"",""number"":40,""pos"":""G""},{""id"":38754,""name"":""E. Maddy"",""number"":11,""pos"":""F""},{""id"":326150,""name"":""Y. Cisse"",""number"":15,""pos"":""M""},{""id"":20206,""name"":""G. Osho"",""number"":3,""pos"":""D""}]"
1213990,81,Marseille,True,3-4-2-1,R. De Zerbi,11,9,"[{""id"":47296,""name"":""G. Rulli"",""number"":1,""pos"":""G""},{""id"":2973,""name"":""M. Murillo"",""number"":62,""pos"":""D""},{""id"":51295,""name"":""D. Cornelius"",""number"":13,""pos"":""D""},{""id"":926,""name"":""G. Kondogbia"",""number"":19,""pos"":""D""},{""id"":10077,""name"":""Luis Henrique"",""number"":44,""pos"":""M""},{""id"":3173,""name"":""I. Bennacer"",""number"":22,""pos"":""M""},{""id"":21102,""name"":""V. Rongier"",""number"":21,""pos"":""M""},{""id"":272460,""name"":""Q. Merlin"",""number"":3,""pos"":""M""},{""id"":897,""name"":""M. Greenwood"",""number"":10,""pos"":""F""},{""id"":272,""name"":""A. Rabiot"",""number"":25,""pos"":""F""},{""id"":19364,""name"":""N. Maupay"",""number"":8,""pos"":""F""}]","[{""id"":278095,""name"":""J. Rowe"",""number"":17,""pos"":""F""},{""id"":30525,""name"":""Pol Lirola"",""number"":29,""pos"":""D""},{""id"":943,""name"":""U. Garcia"",""number"":6,""pos"":""D""},{""id"":7318,""name"":""A. Dedić"",""number"":77,""pos"":""D""},{""id"":283216,""name"":""B. Nadir"",""number"":26,""pos"":""M""},{""id"":2735,""name"":""P. Højbjerg"",""number"":23,""pos"":""M""},{""id"":36827,""name"":""J. de Lange"",""number"":12,""pos"":""G""},{""id"":412,""name"":""A. Harit"",""number"":11,""pos"":""M""},{""id"":102447,""name"":""F. Moumbagna"",""number"":14,""pos"":""F""}]"
1213990,96,Toulouse,False,3-4-2-1,Carles Martínez,11,9,"[{""id"":325346,""name"":""G. Restes"",""number"":50,""pos"":""G""},{""id"":102,""name"":""D. Sidibé"",""number"":19,""pos"":""D""},{""id"":278392,""name"":""C. Cresswell"",""number"":4,""pos"":""D""},{""id"":50735,""name"":""M. McKenzie"",""number"":3,""pos"":""D""},{""id"":39115,""name"":""A. Dønnum"",""number"":15,""pos"":""M""},{""id"":50956,""name"":""C. Cásseres"",""number"":23,""pos"":""M""},{""id"":48491,""name"":""V. Sierro"",""number"":8,""pos"":""M""},{""id"":11421,""name"":""G. Suazo"",""number"":17,""pos"":""M""},{""id"":328648,""name"":""S. Babicka"",""number"":80,""pos"":""F""},{""id"":84128,""name"":""Y. Gboho"",""number"":10,""pos"":""F""},{""id"":174724,""name"":""F. Magri"",""number"":9,""pos"":""F""}]","[{""id"":18881,""name"":""J. King"",""number"":13,""pos"":""F""},{""id"":412759,""name"":""J. Canvot"",""number"":29,""pos"":""D""},{""id"":430816,""name"":""N. Edjouma"",""number"":31,""pos"":""F""},{""id"":264383,""name"":""W. Kamanzi"",""number"":12,""pos"":""D""},{""id"":367637,""name"":""Ü. Akdağ"",""number"":6,""pos"":""D""},{""id"":39104,""name"":""K. Haug"",""number"":16,""pos"":""G""},{""id"":334952,""name"":""R. Messali"",""number"":22,""pos"":""M""},{""id"":366572,""name"":""E. Zuliani"",""number"":37,""pos"":""M""},{""id"":1369,""name"":""M. Zajc"",""number"":21,""pos"":""M""}]"
1214006,116,Lens,True,3-4-3,W. Still,11,9,"[{""id"":2741,""name"":""M. Ryan"",""number"":30,""pos"":""G""},{""id"":21635,""name"":""J. Gradit"",""number"":24,""pos"":""D""},{""id"":449509,""name"":""J. Bah"",""number"":27,""pos"":""D""},{""id"":6231,""name"":""F. Medina"",""number"":14,""pos"":""D""},{""id"":441264,""name"":""K. Antonio"",""number"":32,""pos"":""M""},{""id"":270509,""name"":""A. Diouf"",""number"":18,""pos"":""M""},{""id"":22261,""name"":""A. Thomasson"",""number"":28,""pos"":""M""},{""id"":2483,""name"":""D. Machado"",""number"":3,""pos"":""M""},{""id"":20761,""name"":""F. Sotoca"",""number"":7,""pos"":""F""},{""id"":20817,""name"":""G. Koyalipou"",""number"":19,""pos"":""F""},{""id"":129169,""name"":""A. Zaroury"",""number"":21,""pos"":""F""}]","[{""id"":21146,""name"":""A. Fulgini"",""number"":11,""pos"":""M""},{""id"":22166,""name"":""M. Sarr"",""number"":20,""pos"":""D""},{""id"":326976,""name"":""T. Pouilly"",""number"":34,""pos"":""M""},{""id"":21715,""name"":""W. Saïd"",""number"":22,""pos"":""F""},{""id"":237232,""name"":""H. Ojediran"",""number"":15,""pos"":""M""},{""id"":31318,""name"":""M'Bala Nzola"",""number"":8,""pos"":""F""},{""id"":22220,""name"":""H. Koffi"",""number"":16,""pos"":""G""},{""id"":18785,""name"":""N. Mendy"",""number"":26,""pos"":""M""},{""id"":386852,""name"":""J. Agbonifo"",""number"":25,""pos"":""F""}]"
1214006,93,Reims,False,5-4-1,S. Diawara,11,9,"[{""id"":20566,""name"":""Y. Diouf"",""number"":94,""pos"":""G""},{""id"":8451,""name"":""Aurélio Buta"",""number"":23,""pos"":""D""},{""id"":420292,""name"":""H. Sekine"",""number"":3,""pos"":""D""},{""id"":156992,""name"":""M. Gbane"",""number"":24,""pos"":""D""},{""id"":414188,""name"":""M. Jeng"",""number"":31,""pos"":""D""},{""id"":47530,""name"":""Sergio Akieme"",""number"":18,""pos"":""D""},{""id"":1942,""name"":""J. Ito"",""number"":7,""pos"":""M""},{""id"":343351,""name"":""V. Atangana Edoa"",""number"":6,""pos"":""M""},{""id"":437482,""name"":""Amadou Koné"",""number"":72,""pos"":""M""},{""id"":33321,""name"":""K. Nakamura"",""number"":17,""pos"":""M""},{""id"":2219,""name"":""J. Siebatcheu"",""number"":12,""pos"":""F""}]","[{""id"":494535,""name"":""H. Ibrahim"",""number"":85,""pos"":""F""},{""id"":389322,""name"":""N. Sangui"",""number"":55,""pos"":""D""},{""id"":293297,""name"":""J. Patrick"",""number"":30,""pos"":""M""},{""id"":418190,""name"":""A. Tia"",""number"":87,""pos"":""M""},{""id"":442929,""name"":""Abdoul Koné"",""number"":92,""pos"":""D""},{""id"":415089,""name"":""Gabriel Moscardo"",""number"":19,""pos"":""M""},{""id"":21080,""name"":""A. Olliero"",""number"":20,""pos"":""G""},{""id"":8966,""name"":""T. Teuma"",""number"":10,""pos"":""M""},{""id"":334429,""name"":""O. Diakité"",""number"":22,""pos"":""F""}]"
1214007,91,Monaco,True,4-4-2,A. Hütter,11,9,"[{""id"":7313,""name"":""P. Köhn"",""number"":16,""pos"":""G""},{""id"":291649,""name"":""Vanderson"",""number"":2,""pos"":""D""},{""id"":30504,""name"":""W. Singo"",""number"":17,""pos"":""D""},{""id"":261,""name"":""T. Kehrer"",""number"":5,""pos"":""D""},{""id"":10316,""name"":""Caio Henrique"",""number"":12,""pos"":""D""},{""id"":274300,""name"":""M. Akliouche"",""number"":11,""pos"":""M""},{""id"":2810,""name"":""D. Zakaria"",""number"":6,""pos"":""M""},{""id"":374058,""name"":""L. Camara"",""number"":15,""pos"":""M""},{""id"":1101,""name"":""T. Minamino"",""number"":18,""pos"":""M""},{""id"":283026,""name"":""M. Biereth"",""number"":14,""pos"":""F""},{""id"":421,""name"":""B. Embolo"",""number"":36,""pos"":""F""}]","[{""id"":138835,""name"":""F. Balogun"",""number"":9,""pos"":""F""},{""id"":343320,""name"":""E. Ben Seghir"",""number"":7,""pos"":""M""},{""id"":326176,""name"":""S. Magassa"",""number"":88,""pos"":""M""},{""id"":395040,""name"":""G. Ilenikhena"",""number"":21,""pos"":""F""},{""id"":47480,""name"":""M. Salisu"",""number"":22,""pos"":""D""},{""id"":42006,""name"":""Al Musrati"",""number"":8,""pos"":""M""},{""id"":109,""name"":""A. Golovin"",""number"":10,""pos"":""M""},{""id"":40384,""name"":""R. Majecki"",""number"":1,""pos"":""G""},{""id"":81,""name"":""K. Diatta"",""number"":27,""pos"":""M""}]"
1214007,81,Marseille,False,3-4-2-1,R. De Zerbi,11,9,"[{""id"":47296,""name"":""G. Rulli"",""number"":1,""pos"":""G""},{""id"":2973,""name"":""M. Murillo"",""number"":62,""pos"":""D""},{""id"":926,""name"":""G. Kondogbia"",""number"":19,""pos"":""D""},{""id"":943,""name"":""U. Garcia"",""number"":6,""pos"":""D""},{""id"":10077,""name"":""Luis Henrique"",""number"":44,""pos"":""M""},{""id"":21102,""name"":""V. Rongier"",""number"":21,""pos"":""M""},{""id"":2735,""name"":""P. Højbjerg"",""number"":23,""pos"":""M""},{""id"":272460,""name"":""Q. Merlin"",""number"":3,""pos"":""M""},{""id"":897,""name"":""M. Greenwood"",""number"":10,""pos"":""F""},{""id"":272,""name"":""A. Rabiot"",""number"":25,""pos"":""F""},{""id"":278095,""name"":""J. Rowe"",""number"":17,""pos"":""F""}]","[{""id"":3173,""name"":""I. Bennacer"",""number"":22,""pos"":""M""},{""id"":7318,""name"":""A. Dedić"",""number"":77,""pos"":""D""},{""id"":85041,""name"":""A. Gouiri"",""number"":9,""pos"":""F""},{""id"":30525,""name"":""Pol Lirola"",""number"":29,""pos"":""D""},{""id"":412,""name"":""A. Harit"",""number"":11,""pos"":""M""},{""id"":36827,""name"":""J. de Lange"",""number"":12,""pos"":""G""},{""id"":51295,""name"":""D. Cornelius"",""number"":13,""pos"":""D""},{""id"":283216,""name"":""B. Nadir"",""number"":26,""pos"":""M""},{""id"":19364,""name"":""N. Maupay"",""number"":8,""pos"":""F""}]"
1213999,96,Toulouse,True,3-4-2-1,Carles Martínez,11,9,"[{""id"":325346,""name"":""G. Restes"",""number"":50,""pos"":""G""},{""id"":102,""name"":""D. Sidibé"",""number"":19,""pos"":""D""},{""id"":278392,""name"":""C. Cresswell"",""number"":4,""pos"":""D""},{""id"":50735,""name"":""M. McKenzie"",""number"":3,""pos"":""D""},{""id"":334952,""name"":""R. Messali"",""number"":22,""pos"":""M""},{""id"":50956,""name"":""C. Cásseres"",""number"":23,""pos"":""M""},{""id"":48491,""name"":""V. Sierro"",""number"":8,""pos"":""M""},{""id"":11421,""name"":""G. Suazo"",""number"":17,""pos"":""M""},{""id"":39115,""name"":""A. Dønnum"",""number"":15,""pos"":""F""},{""id"":84128,""name"":""Y. Gboho"",""number"":10,""pos"":""F""},{""id"":174724,""name"":""F. Magri"",""number"":9,""pos"":""F""}]","[{""id"":18881,""name"":""J. King"",""number"":13,""pos"":""F""},{""id"":430816,""name"":""N. Edjouma"",""number"":31,""pos"":""F""},{""id"":1369,""name"":""M. Zajc"",""number"":21,""pos"":""M""},{""id"":39104,""name"":""K. Haug"",""number"":16,""pos"":""G""},{""id"":328648,""name"":""S. Babicka"",""number"":80,""pos"":""F""},{""id"":367637,""name"":""Ü. Akdağ"",""number"":6,""pos"":""D""},{""id"":412759,""name"":""J. Canvot"",""number"":29,""pos"":""D""},{""id"":461463,""name"":""M. Saka"",""number"":39,""pos"":""M""},{""id"":264383,""name"":""W. Kamanzi"",""number"":12,""pos"":""D""}]"
1213999,79,Lille,False,4-2-3-1,B. Génésio,11,9,"[{""id"":162453,""name"":""L. Chevalier"",""number"":30,""pos"":""G""},{""id"":1567,""name"":""A. Mandi"",""number"":2,""pos"":""D""},{""id"":22136,""name"":""B. Diakité"",""number"":18,""pos"":""D""},{""id"":142691,""name"":""Alexsandro Ribeiro"",""number"":4,""pos"":""D""},{""id"":679,""name"":""Ismaily"",""number"":31,""pos"":""D""},{""id"":2204,""name"":""B. André"",""number"":21,""pos"":""M""},{""id"":18765,""name"":""André Gomes"",""number"":26,""pos"":""M""},{""id"":530,""name"":""M. Bakker"",""number"":20,""pos"":""M""},{""id"":67889,""name"":""H. Haraldsson"",""number"":7,""pos"":""M""},{""id"":340077,""name"":""M. Fernandez-Pardo"",""number"":19,""pos"":null},{""id"":8489,""name"":""J. David"",""number"":9,""pos"":""F""}]","[{""id"":99576,""name"":""O. Sahraoui"",""number"":11,""pos"":""F""},{""id"":2380,""name"":""C. Akpom"",""number"":24,""pos"":""F""},{""id"":438688,""name"":""A. Bouaddi"",""number"":32,""pos"":""M""},{""id"":264,""name"":""T. Meunier"",""number"":12,""pos"":""D""},{""id"":386287,""name"":""E. Mbappé"",""number"":29,""pos"":""M""},{""id"":375598,""name"":""N. Mukau"",""number"":17,""pos"":""M""},{""id"":47969,""name"":""G. Gudmundsson"",""number"":5,""pos"":""D""},{""id"":409,""name"":""N. Bentaleb"",""number"":6,""pos"":""M""},{""id"":51146,""name"":""V. Mannone"",""number"":1,""pos"":""G""}]"
1214003,95,Strasbourg,True,3-4-2-1,L. Rosenior,11,9,"[{""id"":118307,""name"":""Đ. Petrović"",""number"":1,""pos"":""G""},{""id"":161747,""name"":""G. Doué"",""number"":22,""pos"":""D""},{""id"":147835,""name"":""A. Omobamidele"",""number"":2,""pos"":""D""},{""id"":271542,""name"":""I. Doukouré"",""number"":29,""pos"":""D""},{""id"":327631,""name"":""H. Diarra"",""number"":19,""pos"":""M""},{""id"":305834,""name"":""Andrey Santos"",""number"":8,""pos"":""M""},{""id"":325594,""name"":""F. Lemaréchal"",""number"":6,""pos"":""M""},{""id"":319572,""name"":""V. Barco"",""number"":32,""pos"":""M""},{""id"":129695,""name"":""D. Bakwa"",""number"":26,""pos"":""F""},{""id"":334035,""name"":""S. Amo-Ameyaw"",""number"":27,""pos"":""F""},{""id"":203762,""name"":""E. Emegha"",""number"":10,""pos"":""F""}]","[{""id"":358166,""name"":""A. Ouattara"",""number"":42,""pos"":""M""},{""id"":226803,""name"":""S. Nanasi"",""number"":15,""pos"":""M""},{""id"":364810,""name"":""A. Sylla"",""number"":5,""pos"":""D""},{""id"":190686,""name"":""S. Mara"",""number"":14,""pos"":""F""},{""id"":2259,""name"":""E. Sobol"",""number"":77,""pos"":""D""},{""id"":2850,""name"":""K. Johnsson"",""number"":30,""pos"":""G""},{""id"":451702,""name"":""A. Cissé"",""number"":33,""pos"":null},{""id"":415431,""name"":""S. El Mourabet"",""number"":39,""pos"":""M""},{""id"":438752,""name"":""P. Diong"",""number"":17,""pos"":""M""}]"
1214003,84,Nice,False,3-4-2-1,F. Haise,11,9,"[{""id"":2274,""name"":""M. Bułka"",""number"":1,""pos"":""G""},{""id"":3099,""name"":""Y. Ndayishimiye"",""number"":55,""pos"":""D""},{""id"":407017,""name"":""M. Bombito"",""number"":64,""pos"":""D""},{""id"":22163,""name"":""Dante"",""number"":4,""pos"":""D""},{""id"":25008,""name"":""J. Clauss"",""number"":92,""pos"":""M""},{""id"":4399,""name"":""H. Boudaoui"",""number"":6,""pos"":""M""},{""id"":21153,""name"":""B. Santamaría"",""number"":28,""pos"":""M""},{""id"":162465,""name"":""M. Bard"",""number"":26,""pos"":""M""},{""id"":137303,""name"":""E. Guessand"",""number"":29,""pos"":""F""},{""id"":30531,""name"":""J. Boga"",""number"":7,""pos"":""F""},{""id"":21592,""name"":""G. Laborde"",""number"":24,""pos"":""F""}]","[{""id"":313937,""name"":""A. Mendy"",""number"":33,""pos"":""D""},{""id"":69971,""name"":""T. Moffi"",""number"":9,""pos"":""F""},{""id"":334879,""name"":""B. Bouanani"",""number"":19,""pos"":""M""},{""id"":1914,""name"":""M. Sanson"",""number"":11,""pos"":""M""},{""id"":240,""name"":""P. Rosario"",""number"":8,""pos"":""M""},{""id"":49583,""name"":""A. Abdi"",""number"":2,""pos"":""D""},{""id"":21079,""name"":""M. Dupé"",""number"":31,""pos"":""G""},{""id"":193617,""name"":""T. Louchet"",""number"":20,""pos"":""M""},{""id"":107,""name"":""S. Diop"",""number"":10,""pos"":""M""}]"
1214004,1063,Saint Etienne,True,4-3-3,E. Horneland,11,9,"[{""id"":20541,""name"":""G. Larsonneur"",""number"":30,""pos"":""G""},{""id"":1407,""name"":""D. Appiah"",""number"":8,""pos"":""D""},{""id"":90599,""name"":""M. Bernauer"",""number"":13,""pos"":""D""},{""id"":22087,""name"":""M. Nadé"",""number"":3,""pos"":""D""},{""id"":157146,""name"":""L. Pétrot"",""number"":19,""pos"":""D""},{""id"":274355,""name"":""B. Bouchouari"",""number"":6,""pos"":""M""},{""id"":278232,""name"":""P. Ekwah"",""number"":4,""pos"":""M""},{""id"":174801,""name"":""A. Moueffek"",""number"":29,""pos"":""M""},{""id"":8683,""name"":""I. Cardona"",""number"":7,""pos"":""F""},{""id"":322560,""name"":""L. Stassin"",""number"":32,""pos"":""F""},{""id"":24743,""name"":""Z. Davitashvili"",""number"":22,""pos"":""F""}]","[{""id"":8624,""name"":""F. Tardieu"",""number"":10,""pos"":""M""},{""id"":24284,""name"":""Y. Maçon"",""number"":27,""pos"":""D""},{""id"":179856,""name"":""B. Old"",""number"":11,""pos"":""M""},{""id"":2704,""name"":""Y. Abdelhamid"",""number"":5,""pos"":""D""},{""id"":8445,""name"":""D. Batubinsika"",""number"":21,""pos"":""D""},{""id"":20736,""name"":""B. Maubleu"",""number"":1,""pos"":""G""},{""id"":39248,""name"":""I. Wadji"",""number"":25,""pos"":""F""},{""id"":489911,""name"":""D. N'Guessan"",""number"":63,""pos"":""F""},{""id"":289555,""name"":""L. Mouton"",""number"":14,""pos"":""M""}]"
1214004,106,Stade Brestois 29,False,4-2-3-1,E. Roy,11,9,"[{""id"":36878,""name"":""M. Bizot"",""number"":40,""pos"":""G""},{""id"":22247,""name"":""K. Lala"",""number"":7,""pos"":""D""},{""id"":20546,""name"":""B. Chardonnet"",""number"":5,""pos"":""D""},{""id"":203483,""name"":""A. Ndiaye"",""number"":3,""pos"":""D""},{""id"":3333,""name"":""M. Haïdara"",""number"":22,""pos"":""D""},{""id"":22170,""name"":""P. Lees-Melou"",""number"":20,""pos"":""M""},{""id"":20558,""name"":""H. Magnetti"",""number"":8,""pos"":""M""},{""id"":20780,""name"":""Mathias Pereira Lage"",""number"":26,""pos"":""M""},{""id"":24147,""name"":""M. Camara"",""number"":45,""pos"":""M""},{""id"":277191,""name"":""A. Sima"",""number"":17,""pos"":""M""},{""id"":22264,""name"":""L. Ajorque"",""number"":19,""pos"":""F""}]","[{""id"":41323,""name"":""Mama Baldé"",""number"":14,""pos"":""F""},{""id"":326068,""name"":""K. Doumbia"",""number"":9,""pos"":""M""},{""id"":22258,""name"":""J. Martin"",""number"":28,""pos"":""M""},{""id"":2214,""name"":""R. Del Castillo"",""number"":10,""pos"":""M""},{""id"":1901,""name"":""J. Amavi"",""number"":23,""pos"":""D""},{""id"":85914,""name"":""J. Le Cardinal"",""number"":25,""pos"":""D""},{""id"":449153,""name"":""H. Makalou"",""number"":33,""pos"":""M""},{""id"":422595,""name"":""L. Zogbé"",""number"":12,""pos"":""D""},{""id"":21248,""name"":""G. Coudert"",""number"":30,""pos"":""G""}]"
1214005,77,Angers,True,5-3-2,A. Dujeux,11,9,"[{""id"":64190,""name"":""Y. Fofana"",""number"":30,""pos"":""G""},{""id"":174660,""name"":""L. Raolisoa"",""number"":27,""pos"":""D""},{""id"":3234,""name"":""A. Bamba"",""number"":25,""pos"":""D""},{""id"":21381,""name"":""J. Lefort"",""number"":21,""pos"":""D""},{""id"":41146,""name"":""F. Hanin"",""number"":26,""pos"":""D""},{""id"":343609,""name"":""J. Ekomié"",""number"":3,""pos"":""D""},{""id"":174708,""name"":""Y. Belkhdim"",""number"":14,""pos"":""M""},{""id"":103,""name"":""J. Aholou"",""number"":6,""pos"":""M""},{""id"":20692,""name"":""H. Abdelli"",""number"":10,""pos"":""M""},{""id"":163004,""name"":""E. Lepaul"",""number"":19,""pos"":""F""},{""id"":3177,""name"":""F. El Melali"",""number"":28,""pos"":""F""}]","[{""id"":21618,""name"":""J. Allevinah"",""number"":18,""pos"":""F""},{""id"":174723,""name"":""Z. Ould Khaled"",""number"":12,""pos"":""D""},{""id"":20537,""name"":""I. Niane"",""number"":7,""pos"":""F""},{""id"":3175,""name"":""Z. Ferhat"",""number"":20,""pos"":""M""},{""id"":20850,""name"":""C. Arcus"",""number"":2,""pos"":""D""},{""id"":425207,""name"":""M. Courcoul"",""number"":5,""pos"":""D""},{""id"":405074,""name"":""J. Kalumba"",""number"":17,""pos"":""F""},{""id"":271540,""name"":""O. Camara"",""number"":29,""pos"":""D""},{""id"":174973,""name"":""M. Zinga"",""number"":16,""pos"":""G""}]"
1214005,82,Montpellier,False,5-4-1,Z. Camara,11,9,"[{""id"":21566,""name"":""B. Lecomte"",""number"":40,""pos"":""G""},{""id"":451955,""name"":""W. Ndollo Bille"",""number"":49,""pos"":""D""},{""id"":3335,""name"":""K. Kouyaté"",""number"":4,""pos"":""D""},{""id"":999,""name"":""B. Omeragić"",""number"":27,""pos"":""D""},{""id"":20661,""name"":""M. Sagnan"",""number"":5,""pos"":""D""},{""id"":21434,""name"":""T. Sainte-Luce"",""number"":17,""pos"":""D""},{""id"":349616,""name"":""N. Pays"",""number"":18,""pos"":""M""},{""id"":21439,""name"":""J. Ferri"",""number"":12,""pos"":""M""},{""id"":128287,""name"":""J. Chotard"",""number"":13,""pos"":""M""},{""id"":326088,""name"":""K. Fayad"",""number"":22,""pos"":""M""},{""id"":113581,""name"":""T. Coulibaly"",""number"":70,""pos"":""F""}]","[{""id"":350388,""name"":""Y. Mouanga"",""number"":47,""pos"":""D""},{""id"":387120,""name"":""R. Nzingoula"",""number"":19,""pos"":""M""},{""id"":21443,""name"":""T. Savanier"",""number"":11,""pos"":""M""},{""id"":333118,""name"":""L. Mincarelli"",""number"":21,""pos"":""D""},{""id"":361383,""name"":""Junior Ndiaye"",""number"":41,""pos"":""F""},{""id"":3336,""name"":""F. Sacko"",""number"":77,""pos"":""D""},{""id"":21565,""name"":""D. Bertaud"",""number"":16,""pos"":""G""},{""id"":22102,""name"":""W. Khazri"",""number"":10,""pos"":""F""},{""id"":22141,""name"":""I. Sylla"",""number"":3,""pos"":""D""}]"
1214000,111,Le Havre,True,4-2-3-1,D. Digard,11,9,"[{""id"":646,""name"":""M. Gorgelin"",""number"":1,""pos"":""G""},{""id"":2336,""name"":""L. Nego"",""number"":7,""pos"":""D""},{""id"":174927,""name"":""A. Sangante"",""number"":93,""pos"":""D""},{""id"":64255,""name"":""G. Lloris"",""number"":4,""pos"":""D""},{""id"":162067,""name"":""T. Pembélé"",""number"":32,""pos"":""D""},{""id"":21103,""name"":""A. Touré"",""number"":94,""pos"":""M""},{""id"":282549,""name"":""J. Mwanga"",""number"":23,""pos"":""M""},{""id"":174915,""name"":""J. Casimir"",""number"":10,""pos"":""M""},{""id"":174937,""name"":""Y. Kechta"",""number"":8,""pos"":""M""},{""id"":156465,""name"":""I. Soumaré"",""number"":45,""pos"":""M""},{""id"":1370,""name"":""A. Ayew"",""number"":28,""pos"":""F""}]","[{""id"":23637,""name"":""Y. Zouaoui"",""number"":18,""pos"":""D""},{""id"":105,""name"":""F. Ballo-Touré"",""number"":97,""pos"":""D""},{""id"":1617,""name"":""Koka"",""number"":99,""pos"":""F""},{""id"":386284,""name"":""M. Diawara"",""number"":34,""pos"":""M""},{""id"":386275,""name"":""I. Housni"",""number"":46,""pos"":""F""},{""id"":24011,""name"":""A. Desmas"",""number"":30,""pos"":""G""},{""id"":1212,""name"":""D. Kuzyaev"",""number"":14,""pos"":""M""},{""id"":162443,""name"":""É. Youté"",""number"":6,""pos"":""D""},{""id"":128342,""name"":""R. Ndiaye"",""number"":19,""pos"":""M""}]"
1214000,94,Rennes,False,3-5-2,H. Beye,11,9,"[{""id"":21628,""name"":""B. Samba"",""number"":1,""pos"":""G""},{""id"":367636,""name"":""J. Jacquet"",""number"":97,""pos"":""D""},{""id"":129681,""name"":""A. Rouault"",""number"":24,""pos"":""D""},{""id"":126757,""name"":""L. Brassier"",""number"":5,""pos"":""D""},{""id"":180731,""name"":""L. Assignon"",""number"":22,""pos"":""M""},{""id"":37236,""name"":""A. Matusiwa"",""number"":6,""pos"":""M""},{""id"":343792,""name"":""D. Cissé"",""number"":38,""pos"":""M""},{""id"":30807,""name"":""S. Fofana"",""number"":8,""pos"":""M""},{""id"":162267,""name"":""A. Truffert"",""number"":3,""pos"":""M""},{""id"":15286,""name"":""Mousa Al Ta'mari"",""number"":11,""pos"":""F""},{""id"":147831,""name"":""A. Kalimuendo"",""number"":9,""pos"":""F""}]","[{""id"":328074,""name"":""J. James"",""number"":17,""pos"":""M""},{""id"":345748,""name"":""C. Gómez"",""number"":20,""pos"":""F""},{""id"":30423,""name"":""H. Hateboer"",""number"":33,""pos"":""M""},{""id"":328046,""name"":""I. Koné"",""number"":90,""pos"":""M""},{""id"":33253,""name"":""K. Furuhashi"",""number"":7,""pos"":""F""},{""id"":167659,""name"":""K. Olaigbe"",""number"":19,""pos"":""F""},{""id"":20916,""name"":""C. Wooh"",""number"":4,""pos"":""D""},{""id"":1897,""name"":""S. Mandanda"",""number"":30,""pos"":""G""},{""id"":449662,""name"":""M. Meïté"",""number"":62,""pos"":""F""}]"
1214001,108,Auxerre,True,5-4-1,C. Pélissier,11,9,"[{""id"":20542,""name"":""D. Léon"",""number"":16,""pos"":""G""},{""id"":285,""name"":""K. Hoever"",""number"":23,""pos"":""D""},{""id"":162466,""name"":""S. Diomandé"",""number"":20,""pos"":""D""},{""id"":41300,""name"":""Jubal"",""number"":4,""pos"":""D""},{""id"":191189,""name"":""C. Akpa"",""number"":92,""pos"":""D""},{""id"":7578,""name"":""G. Mensah"",""number"":14,""pos"":""D""},{""id"":20732,""name"":""G. Perrin"",""number"":10,""pos"":""M""},{""id"":30748,""name"":""A. Dioussé"",""number"":18,""pos"":""M""},{""id"":323625,""name"":""K. Danois"",""number"":27,""pos"":""M""},{""id"":32940,""name"":""A. Onaiwu"",""number"":45,""pos"":""M""},{""id"":90617,""name"":""L. Sinayoko"",""number"":17,""pos"":""F""}]","[{""id"":20782,""name"":""F. Ayé"",""number"":19,""pos"":""F""},{""id"":51293,""name"":""T. Bair"",""number"":9,""pos"":""F""},{""id"":215827,""name"":""F. Oppegård"",""number"":12,""pos"":""D""},{""id"":191392,""name"":""P. Joly"",""number"":26,""pos"":""D""},{""id"":496896,""name"":""R. Matondo"",""number"":34,""pos"":""M""},{""id"":486052,""name"":""M. Muzungu"",""number"":35,""pos"":""D""},{""id"":193681,""name"":""T. De Percin"",""number"":40,""pos"":""G""},{""id"":326150,""name"":""Y. Cisse"",""number"":15,""pos"":""M""},{""id"":38754,""name"":""E. Maddy"",""number"":11,""pos"":""F""}]"
1214001,80,Lyon,False,4-2-3-1,Paulo Fonseca,11,9,"[{""id"":80296,""name"":""Lucas Perri"",""number"":1,""pos"":""G""},{""id"":334914,""name"":""S. Kumbedi"",""number"":20,""pos"":""D""},{""id"":1902,""name"":""D. Ćaleta-Car"",""number"":55,""pos"":""D""},{""id"":25916,""name"":""M. Niakhaté"",""number"":19,""pos"":""D""},{""id"":9700,""name"":""Abner"",""number"":16,""pos"":""D""},{""id"":902,""name"":""N. Matić"",""number"":31,""pos"":""M""},{""id"":519,""name"":""C. Tolisso"",""number"":8,""pos"":""M""},{""id"":156477,""name"":""R. Cherki"",""number"":18,""pos"":""M""},{""id"":6067,""name"":""T. Almada"",""number"":23,""pos"":""M""},{""id"":180496,""name"":""G. Mikautadze"",""number"":69,""pos"":""M""},{""id"":1467,""name"":""A. Lacazette"",""number"":10,""pos"":""F""}]","[{""id"":80752,""name"":""T. Tessmann"",""number"":15,""pos"":""M""},{""id"":1456,""name"":""A. Maitland-Niles"",""number"":98,""pos"":""M""},{""id"":30409,""name"":""J. Veretout"",""number"":7,""pos"":""M""},{""id"":529,""name"":""N. Tagliafico"",""number"":3,""pos"":""D""},{""id"":20762,""name"":""R. Descamps"",""number"":40,""pos"":""G""},{""id"":162265,""name"":""W. Omari"",""number"":27,""pos"":""D""},{""id"":409794,""name"":""A. Rodríguez"",""number"":32,""pos"":""F""},{""id"":1568,""name"":""P. Akouokou"",""number"":4,""pos"":""M""},{""id"":68,""name"":""Clinton Mata"",""number"":22,""pos"":""D""}]"
1214016,94,Rennes,True,3-5-2,H. Beye,11,9,"[{""id"":21628,""name"":""B. Samba"",""number"":1,""pos"":""G""},{""id"":367636,""name"":""J. Jacquet"",""number"":97,""pos"":""D""},{""id"":129681,""name"":""A. Rouault"",""number"":24,""pos"":""D""},{""id"":126757,""name"":""L. Brassier"",""number"":5,""pos"":""D""},{""id"":180731,""name"":""L. Assignon"",""number"":22,""pos"":""M""},{""id"":37236,""name"":""A. Matusiwa"",""number"":6,""pos"":""M""},{""id"":343792,""name"":""D. Cissé"",""number"":38,""pos"":""M""},{""id"":30807,""name"":""S. Fofana"",""number"":8,""pos"":""M""},{""id"":162267,""name"":""A. Truffert"",""number"":3,""pos"":""M""},{""id"":15286,""name"":""Mousa Al Ta'mari"",""number"":11,""pos"":""F""},{""id"":147831,""name"":""A. Kalimuendo"",""number"":9,""pos"":""F""}]","[{""id"":167659,""name"":""K. Olaigbe"",""number"":19,""pos"":""F""},{""id"":449662,""name"":""M. Meïté"",""number"":62,""pos"":""F""},{""id"":21497,""name"":""L. Blas"",""number"":10,""pos"":""M""},{""id"":328074,""name"":""J. James"",""number"":17,""pos"":""M""},{""id"":20916,""name"":""C. Wooh"",""number"":4,""pos"":""D""},{""id"":345748,""name"":""C. Gómez"",""number"":20,""pos"":""F""},{""id"":1897,""name"":""S. Mandanda"",""number"":30,""pos"":""G""},{""id"":30423,""name"":""H. Hateboer"",""number"":33,""pos"":""M""},{""id"":328046,""name"":""I. Koné"",""number"":90,""pos"":""M""}]"
1214016,83,Nantes,False,3-4-3,A. Kombouare,11,9,"[{""id"":647,""name"":""Anthony Lopes"",""number"":16,""pos"":""G""},{""id"":22134,""name"":""K. Amian"",""number"":98,""pos"":""D""},{""id"":20545,""name"":""J. Castelletto"",""number"":21,""pos"":""D""},{""id"":343359,""name"":""N. Zézé"",""number"":44,""pos"":""D""},{""id"":18599,""name"":""S. Thomas"",""number"":22,""pos"":""M""},{""id"":10036,""name"":""Douglas Augusto"",""number"":6,""pos"":""M""},{""id"":443674,""name"":""L. Leroux"",""number"":66,""pos"":""M""},{""id"":21570,""name"":""N. Cozza"",""number"":3,""pos"":""M""},{""id"":161622,""name"":""M. Abline"",""number"":39,""pos"":""F""},{""id"":2668,""name"":""Mostafa Mohamed"",""number"":31,""pos"":""F""},{""id"":2781,""name"":""M. Simon"",""number"":27,""pos"":""F""}]","[{""id"":21498,""name"":""M. Coco"",""number"":11,""pos"":""F""},{""id"":15684,""name"":""P. Carlgren"",""number"":30,""pos"":""G""},{""id"":193952,""name"":""J. Lepenant"",""number"":8,""pos"":""M""},{""id"":443676,""name"":""H. Guirassy"",""number"":62,""pos"":""F""},{""id"":3084,""name"":""T. Kadewere"",""number"":10,""pos"":""F""},{""id"":93671,""name"":""Pedro Chirivella"",""number"":5,""pos"":""M""},{""id"":3034,""name"":""M. Elia"",""number"":17,""pos"":""F""},{""id"":21088,""name"":""N. Pallois"",""number"":4,""pos"":""D""},{""id"":21582,""name"":""F. Mollet"",""number"":25,""pos"":""M""}]"
1214012,85,Paris Saint Germain,True,3-4-3,Luis Enrique,11,9,"[{""id"":2068,""name"":""M. Safonov"",""number"":39,""pos"":""G""},{""id"":307835,""name"":""Beraldo"",""number"":35,""pos"":""D""},{""id"":33,""name"":""L. Hernández"",""number"":21,""pos"":""D""},{""id"":336657,""name"":""W. Zaïre-Emery"",""number"":33,""pos"":""D""},{""id"":9,""name"":""A. Hakimi"",""number"":2,""pos"":""M""},{""id"":927,""name"":""Lee Kang-In"",""number"":19,""pos"":""M""},{""id"":343027,""name"":""D. Doué"",""number"":14,""pos"":""M""},{""id"":409216,""name"":""S. Mayulu"",""number"":24,""pos"":""M""},{""id"":446249,""name"":""I. Mbaye"",""number"":49,""pos"":""F""},{""id"":41585,""name"":""Gonçalo Ramos"",""number"":9,""pos"":""F""},{""id"":161904,""name"":""B. Barcola"",""number"":29,""pos"":""F""}]","[{""id"":128384,""name"":""Vitinha"",""number"":17,""pos"":""M""},{""id"":263482,""name"":""Nuno Mendes"",""number"":25,""pos"":""D""},{""id"":335051,""name"":""João Neves"",""number"":87,""pos"":""M""},{""id"":483,""name"":""K. Kvaratskhelia"",""number"":7,""pos"":""F""},{""id"":262,""name"":""P. Kimpembe"",""number"":3,""pos"":""D""},{""id"":257,""name"":""Marquinhos"",""number"":5,""pos"":""D""},{""id"":1622,""name"":""G. Donnarumma"",""number"":1,""pos"":""G""},{""id"":328,""name"":""Fabián Ruiz"",""number"":8,""pos"":""M""},{""id"":493026,""name"":""N. Kamara"",""number"":34,""pos"":""D""}]"
1214012,111,Le Havre,False,4-3-3,D. Digard,11,9,"[{""id"":646,""name"":""M. Gorgelin"",""number"":1,""pos"":""G""},{""id"":2336,""name"":""L. Nego"",""number"":7,""pos"":""D""},{""id"":162443,""name"":""É. Youté"",""number"":6,""pos"":""D""},{""id"":64255,""name"":""G. Lloris"",""number"":4,""pos"":""D""},{""id"":105,""name"":""F. Ballo-Touré"",""number"":97,""pos"":""D""},{""id"":282549,""name"":""J. Mwanga"",""number"":23,""pos"":""M""},{""id"":21103,""name"":""A. Touré"",""number"":94,""pos"":""M""},{""id"":386284,""name"":""M. Diawara"",""number"":34,""pos"":""M""},{""id"":174915,""name"":""J. Casimir"",""number"":10,""pos"":""F""},{""id"":1617,""name"":""Koka"",""number"":99,""pos"":""F""},{""id"":156465,""name"":""I. Soumaré"",""number"":45,""pos"":""F""}]","[{""id"":174937,""name"":""Y. Kechta"",""number"":8,""pos"":""M""},{""id"":1370,""name"":""A. Ayew"",""number"":28,""pos"":""F""},{""id"":289304,""name"":""A. Joujou"",""number"":21,""pos"":""F""},{""id"":128342,""name"":""R. Ndiaye"",""number"":19,""pos"":""M""},{""id"":386275,""name"":""I. Housni"",""number"":46,""pos"":""F""},{""id"":162067,""name"":""T. Pembélé"",""number"":32,""pos"":""D""},{""id"":24011,""name"":""A. Desmas"",""number"":30,""pos"":""G""},{""id"":1212,""name"":""D. Kuzyaev"",""number"":14,""pos"":""M""},{""id"":513415,""name"":""S. Zagadou"",""number"":33,""pos"":""D""}]"
1214015,91,Monaco,True,4-2-3-1,A. Hütter,11,9,"[{""id"":7313,""name"":""P. Köhn"",""number"":16,""pos"":""G""},{""id"":291649,""name"":""Vanderson"",""number"":2,""pos"":""D""},{""id"":30504,""name"":""W. Singo"",""number"":17,""pos"":""D""},{""id"":371916,""name"":""C. Mawissa"",""number"":13,""pos"":""D""},{""id"":10316,""name"":""Caio Henrique"",""number"":12,""pos"":""D""},{""id"":2810,""name"":""D. Zakaria"",""number"":6,""pos"":""M""},{""id"":374058,""name"":""L. Camara"",""number"":15,""pos"":""M""},{""id"":274300,""name"":""M. Akliouche"",""number"":11,""pos"":""M""},{""id"":421,""name"":""B. Embolo"",""number"":36,""pos"":""M""},{""id"":1101,""name"":""T. Minamino"",""number"":18,""pos"":""M""},{""id"":283026,""name"":""M. Biereth"",""number"":14,""pos"":""F""}]","[{""id"":81,""name"":""K. Diatta"",""number"":27,""pos"":""M""},{""id"":343320,""name"":""E. Ben Seghir"",""number"":7,""pos"":""M""},{""id"":326176,""name"":""S. Magassa"",""number"":88,""pos"":""M""},{""id"":138835,""name"":""F. Balogun"",""number"":9,""pos"":""F""},{""id"":395040,""name"":""G. Ilenikhena"",""number"":21,""pos"":""F""},{""id"":261,""name"":""T. Kehrer"",""number"":5,""pos"":""D""},{""id"":47480,""name"":""M. Salisu"",""number"":22,""pos"":""D""},{""id"":40384,""name"":""R. Majecki"",""number"":1,""pos"":""G""},{""id"":109,""name"":""A. Golovin"",""number"":10,""pos"":""M""}]"
1214015,95,Strasbourg,False,3-5-2,L. Rosenior,11,9,"[{""id"":118307,""name"":""Đ. Petrović"",""number"":1,""pos"":""G""},{""id"":271542,""name"":""I. Doukouré"",""number"":29,""pos"":""D""},{""id"":147835,""name"":""A. Omobamidele"",""number"":2,""pos"":""D""},{""id"":276184,""name"":""M. Sarr"",""number"":23,""pos"":""D""},{""id"":161747,""name"":""G. Doué"",""number"":22,""pos"":""M""},{""id"":327631,""name"":""H. Diarra"",""number"":19,""pos"":""M""},{""id"":305834,""name"":""Andrey Santos"",""number"":8,""pos"":""M""},{""id"":319572,""name"":""V. Barco"",""number"":32,""pos"":""M""},{""id"":335056,""name"":""Diego Moreira"",""number"":7,""pos"":""M""},{""id"":129695,""name"":""D. Bakwa"",""number"":26,""pos"":""F""},{""id"":203762,""name"":""E. Emegha"",""number"":10,""pos"":""F""}]","[{""id"":325594,""name"":""F. Lemaréchal"",""number"":6,""pos"":""M""},{""id"":334035,""name"":""S. Amo-Ameyaw"",""number"":27,""pos"":""F""},{""id"":358166,""name"":""A. Ouattara"",""number"":42,""pos"":""M""},{""id"":190686,""name"":""S. Mara"",""number"":14,""pos"":""F""},{""id"":2259,""name"":""E. Sobol"",""number"":77,""pos"":""D""},{""id"":364810,""name"":""A. Sylla"",""number"":5,""pos"":""D""},{""id"":226803,""name"":""S. Nanasi"",""number"":15,""pos"":""M""},{""id"":2850,""name"":""K. Johnsson"",""number"":30,""pos"":""G""},{""id"":415431,""name"":""S. El Mourabet"",""number"":39,""pos"":""M""}]"
1214013,81,Marseille,True,3-4-2-1,R. De Zerbi,11,9,"[{""id"":47296,""name"":""G. Rulli"",""number"":1,""pos"":""G""},{""id"":2973,""name"":""M. Murillo"",""number"":62,""pos"":""D""},{""id"":926,""name"":""G. Kondogbia"",""number"":19,""pos"":""D""},{""id"":943,""name"":""U. Garcia"",""number"":6,""pos"":""D""},{""id"":10077,""name"":""Luis Henrique"",""number"":44,""pos"":""M""},{""id"":2735,""name"":""P. Højbjerg"",""number"":23,""pos"":""M""},{""id"":21102,""name"":""V. Rongier"",""number"":21,""pos"":""M""},{""id"":272460,""name"":""Q. Merlin"",""number"":3,""pos"":""M""},{""id"":897,""name"":""M. Greenwood"",""number"":10,""pos"":""F""},{""id"":272,""name"":""A. Rabiot"",""number"":25,""pos"":""F""},{""id"":85041,""name"":""A. Gouiri"",""number"":9,""pos"":""F""}]","[{""id"":278095,""name"":""J. Rowe"",""number"":17,""pos"":""F""},{""id"":3173,""name"":""I. Bennacer"",""number"":22,""pos"":""M""},{""id"":412,""name"":""A. Harit"",""number"":11,""pos"":""M""},{""id"":30525,""name"":""Pol Lirola"",""number"":29,""pos"":""D""},{""id"":51295,""name"":""D. Cornelius"",""number"":13,""pos"":""D""},{""id"":19364,""name"":""N. Maupay"",""number"":8,""pos"":""F""},{""id"":283216,""name"":""B. Nadir"",""number"":26,""pos"":""M""},{""id"":36827,""name"":""J. de Lange"",""number"":12,""pos"":""G""},{""id"":102447,""name"":""F. Moumbagna"",""number"":14,""pos"":""F""}]"
1214013,82,Montpellier,False,5-4-1,Z. Camara,11,9,"[{""id"":21566,""name"":""B. Lecomte"",""number"":40,""pos"":""G""},{""id"":451955,""name"":""W. Ndollo Bille"",""number"":49,""pos"":""D""},{""id"":350388,""name"":""Y. Mouanga"",""number"":47,""pos"":""D""},{""id"":999,""name"":""B. Omeragić"",""number"":27,""pos"":""D""},{""id"":333118,""name"":""L. Mincarelli"",""number"":21,""pos"":""D""},{""id"":21434,""name"":""T. Sainte-Luce"",""number"":17,""pos"":""D""},{""id"":113581,""name"":""T. Coulibaly"",""number"":70,""pos"":""M""},{""id"":387120,""name"":""R. Nzingoula"",""number"":19,""pos"":""M""},{""id"":21439,""name"":""J. Ferri"",""number"":12,""pos"":""M""},{""id"":349616,""name"":""N. Pays"",""number"":18,""pos"":""M""},{""id"":361383,""name"":""Junior Ndiaye"",""number"":41,""pos"":""F""}]","[{""id"":22141,""name"":""I. Sylla"",""number"":3,""pos"":""D""},{""id"":326088,""name"":""K. Fayad"",""number"":22,""pos"":""M""},{""id"":128287,""name"":""J. Chotard"",""number"":13,""pos"":""M""},{""id"":399906,""name"":""O. Maamma"",""number"":14,""pos"":""F""},{""id"":3335,""name"":""K. Kouyaté"",""number"":4,""pos"":""D""},{""id"":21565,""name"":""D. Bertaud"",""number"":16,""pos"":""G""},{""id"":21443,""name"":""T. Savanier"",""number"":11,""pos"":""M""},{""id"":3336,""name"":""F. Sacko"",""number"":77,""pos"":""D""},{""id"":22102,""name"":""W. Khazri"",""number"":10,""pos"":""F""}]"
1214011,79,Lille,True,4-4-2,B. Génésio,11,9,"[{""id"":162453,""name"":""L. Chevalier"",""number"":30,""pos"":""G""},{""id"":264,""name"":""T. Meunier"",""number"":12,""pos"":""D""},{""id"":22136,""name"":""B. Diakité"",""number"":18,""pos"":""D""},{""id"":142691,""name"":""Alexsandro Ribeiro"",""number"":4,""pos"":""D""},{""id"":679,""name"":""Ismaily"",""number"":31,""pos"":""D""},{""id"":67889,""name"":""H. Haraldsson"",""number"":7,""pos"":""M""},{""id"":2204,""name"":""B. André"",""number"":21,""pos"":""M""},{""id"":18765,""name"":""André Gomes"",""number"":26,""pos"":""M""},{""id"":340077,""name"":""M. Fernandez-Pardo"",""number"":19,""pos"":null},{""id"":8489,""name"":""J. David"",""number"":9,""pos"":""F""},{""id"":2380,""name"":""C. Akpom"",""number"":24,""pos"":""F""}]","[{""id"":99576,""name"":""O. Sahraoui"",""number"":11,""pos"":""F""},{""id"":409,""name"":""N. Bentaleb"",""number"":6,""pos"":""M""},{""id"":386287,""name"":""E. Mbappé"",""number"":29,""pos"":""M""},{""id"":375598,""name"":""N. Mukau"",""number"":17,""pos"":""M""},{""id"":47969,""name"":""G. Gudmundsson"",""number"":5,""pos"":""D""},{""id"":51146,""name"":""V. Mannone"",""number"":1,""pos"":""G""},{""id"":438688,""name"":""A. Bouaddi"",""number"":32,""pos"":""M""},{""id"":530,""name"":""M. Bakker"",""number"":20,""pos"":""D""},{""id"":1567,""name"":""A. Mandi"",""number"":2,""pos"":""D""}]"
1214011,108,Auxerre,False,5-4-1,C. Pélissier,11,9,"[{""id"":20542,""name"":""D. Léon"",""number"":16,""pos"":""G""},{""id"":285,""name"":""K. Hoever"",""number"":23,""pos"":""D""},{""id"":162466,""name"":""S. Diomandé"",""number"":20,""pos"":""D""},{""id"":41300,""name"":""Jubal"",""number"":4,""pos"":""D""},{""id"":191189,""name"":""C. Akpa"",""number"":92,""pos"":""D""},{""id"":7578,""name"":""G. Mensah"",""number"":14,""pos"":""D""},{""id"":20732,""name"":""G. Perrin"",""number"":10,""pos"":""M""},{""id"":110,""name"":""H. Massengo"",""number"":80,""pos"":""M""},{""id"":30748,""name"":""A. Dioussé"",""number"":18,""pos"":""M""},{""id"":90617,""name"":""L. Sinayoko"",""number"":17,""pos"":""M""},{""id"":51293,""name"":""T. Bair"",""number"":9,""pos"":""F""}]","[{""id"":20782,""name"":""F. Ayé"",""number"":19,""pos"":""F""},{""id"":496896,""name"":""R. Matondo"",""number"":34,""pos"":""M""},{""id"":191392,""name"":""P. Joly"",""number"":26,""pos"":""D""},{""id"":32940,""name"":""A. Onaiwu"",""number"":45,""pos"":""F""},{""id"":326150,""name"":""Y. Cisse"",""number"":15,""pos"":""M""},{""id"":490095,""name"":""A. Zossou"",""number"":77,""pos"":""M""},{""id"":193681,""name"":""T. De Percin"",""number"":40,""pos"":""G""},{""id"":345532,""name"":""A. N’Gatta"",""number"":24,""pos"":""D""},{""id"":402542,""name"":""T. Siwe"",""number"":13,""pos"":""D""}]"
1214009,84,Nice,True,3-4-2-1,F. Haise,11,9,"[{""id"":2274,""name"":""M. Bułka"",""number"":1,""pos"":""G""},{""id"":196343,""name"":""Mohamed Abdelmonem"",""number"":5,""pos"":""D""},{""id"":3099,""name"":""Y. Ndayishimiye"",""number"":55,""pos"":""D""},{""id"":162465,""name"":""M. Bard"",""number"":26,""pos"":""D""},{""id"":25008,""name"":""J. Clauss"",""number"":92,""pos"":""M""},{""id"":4399,""name"":""H. Boudaoui"",""number"":6,""pos"":""M""},{""id"":240,""name"":""P. Rosario"",""number"":8,""pos"":""M""},{""id"":49583,""name"":""A. Abdi"",""number"":2,""pos"":""M""},{""id"":334879,""name"":""B. Bouanani"",""number"":19,""pos"":""F""},{""id"":30531,""name"":""J. Boga"",""number"":7,""pos"":""F""},{""id"":21592,""name"":""G. Laborde"",""number"":24,""pos"":""F""}]","[{""id"":107,""name"":""S. Diop"",""number"":10,""pos"":""M""},{""id"":274312,""name"":""M. Cho"",""number"":25,""pos"":""F""},{""id"":313937,""name"":""A. Mendy"",""number"":33,""pos"":""D""},{""id"":137303,""name"":""E. Guessand"",""number"":29,""pos"":""F""},{""id"":69971,""name"":""T. Moffi"",""number"":9,""pos"":""F""},{""id"":21153,""name"":""B. Santamaría"",""number"":28,""pos"":""M""},{""id"":1914,""name"":""M. Sanson"",""number"":11,""pos"":""M""},{""id"":193617,""name"":""T. Louchet"",""number"":20,""pos"":""M""},{""id"":21079,""name"":""M. Dupé"",""number"":31,""pos"":""G""}]"
1214009,77,Angers,False,5-3-2,A. Dujeux,11,9,"[{""id"":64190,""name"":""Y. Fofana"",""number"":30,""pos"":""G""},{""id"":174660,""name"":""L. Raolisoa"",""number"":27,""pos"":""D""},{""id"":3234,""name"":""A. Bamba"",""number"":25,""pos"":""D""},{""id"":21381,""name"":""J. Lefort"",""number"":21,""pos"":""D""},{""id"":41146,""name"":""F. Hanin"",""number"":26,""pos"":""D""},{""id"":343609,""name"":""J. Ekomié"",""number"":3,""pos"":""D""},{""id"":174708,""name"":""Y. Belkhdim"",""number"":14,""pos"":""M""},{""id"":174723,""name"":""Z. Ould Khaled"",""number"":12,""pos"":""M""},{""id"":20692,""name"":""H. Abdelli"",""number"":10,""pos"":""M""},{""id"":163004,""name"":""E. Lepaul"",""number"":19,""pos"":""F""},{""id"":3177,""name"":""F. El Melali"",""number"":28,""pos"":""F""}]","[{""id"":20537,""name"":""I. Niane"",""number"":7,""pos"":""F""},{""id"":3175,""name"":""Z. Ferhat"",""number"":20,""pos"":""M""},{""id"":20850,""name"":""C. Arcus"",""number"":2,""pos"":""D""},{""id"":21618,""name"":""J. Allevinah"",""number"":18,""pos"":""F""},{""id"":103,""name"":""J. Aholou"",""number"":6,""pos"":""M""},{""id"":271540,""name"":""O. Camara"",""number"":29,""pos"":""D""},{""id"":425207,""name"":""M. Courcoul"",""number"":5,""pos"":""D""},{""id"":405074,""name"":""J. Kalumba"",""number"":17,""pos"":""F""},{""id"":174973,""name"":""M. Zinga"",""number"":16,""pos"":""G""}]"
1214014,93,Reims,True,5-4-1,S. Diawara,11,9,"[{""id"":20566,""name"":""Y. Diouf"",""number"":94,""pos"":""G""},{""id"":8451,""name"":""Aurélio Buta"",""number"":23,""pos"":""D""},{""id"":420292,""name"":""H. Sekine"",""number"":3,""pos"":""D""},{""id"":19546,""name"":""C. Kipré"",""number"":21,""pos"":""D""},{""id"":47530,""name"":""Sergio Akieme"",""number"":18,""pos"":""D""},{""id"":389322,""name"":""N. Sangui"",""number"":55,""pos"":""D""},{""id"":1942,""name"":""J. Ito"",""number"":7,""pos"":""M""},{""id"":343351,""name"":""V. Atangana Edoa"",""number"":6,""pos"":""M""},{""id"":437482,""name"":""Amadou Koné"",""number"":72,""pos"":""M""},{""id"":33321,""name"":""K. Nakamura"",""number"":17,""pos"":""M""},{""id"":2219,""name"":""J. Siebatcheu"",""number"":12,""pos"":""F""}]","[{""id"":415089,""name"":""Gabriel Moscardo"",""number"":19,""pos"":""M""},{""id"":494535,""name"":""H. Ibrahim"",""number"":85,""pos"":""F""},{""id"":386481,""name"":""M. Diakhon"",""number"":67,""pos"":""F""},{""id"":418190,""name"":""A. Tia"",""number"":87,""pos"":""M""},{""id"":414188,""name"":""M. Jeng"",""number"":31,""pos"":""D""},{""id"":8966,""name"":""T. Teuma"",""number"":10,""pos"":""M""},{""id"":334429,""name"":""O. Diakité"",""number"":22,""pos"":""F""},{""id"":21080,""name"":""A. Olliero"",""number"":20,""pos"":""G""},{""id"":293297,""name"":""J. Patrick"",""number"":30,""pos"":""M""}]"
1214014,96,Toulouse,False,3-4-2-1,Carles Martínez,11,9,"[{""id"":325346,""name"":""G. Restes"",""number"":50,""pos"":""G""},{""id"":102,""name"":""D. Sidibé"",""number"":19,""pos"":""D""},{""id"":278392,""name"":""C. Cresswell"",""number"":4,""pos"":""D""},{""id"":50735,""name"":""M. McKenzie"",""number"":3,""pos"":""D""},{""id"":39115,""name"":""A. Dønnum"",""number"":15,""pos"":""M""},{""id"":50956,""name"":""C. Cásseres"",""number"":23,""pos"":""M""},{""id"":48491,""name"":""V. Sierro"",""number"":8,""pos"":""M""},{""id"":11421,""name"":""G. Suazo"",""number"":17,""pos"":""M""},{""id"":174724,""name"":""F. Magri"",""number"":9,""pos"":""F""},{""id"":84128,""name"":""Y. Gboho"",""number"":10,""pos"":""F""},{""id"":18881,""name"":""J. King"",""number"":13,""pos"":""F""}]","[{""id"":367637,""name"":""Ü. Akdağ"",""number"":6,""pos"":""D""},{""id"":243,""name"":""Z. Aboukhlal"",""number"":7,""pos"":""F""},{""id"":328648,""name"":""S. Babicka"",""number"":80,""pos"":""F""},{""id"":39104,""name"":""K. Haug"",""number"":16,""pos"":""G""},{""id"":430816,""name"":""N. Edjouma"",""number"":31,""pos"":""F""},{""id"":334952,""name"":""R. Messali"",""number"":22,""pos"":""M""},{""id"":264383,""name"":""W. Kamanzi"",""number"":12,""pos"":""D""},{""id"":412759,""name"":""J. Canvot"",""number"":29,""pos"":""D""},{""id"":1369,""name"":""M. Zajc"",""number"":21,""pos"":""M""}]"
1214010,106,Stade Brestois 29,True,4-3-3,E. Roy,11,9,"[{""id"":36878,""name"":""M. Bizot"",""number"":40,""pos"":""G""},{""id"":30405,""name"":""E. Fernandes"",""number"":6,""pos"":""D""},{""id"":20546,""name"":""B. Chardonnet"",""number"":5,""pos"":""D""},{""id"":203483,""name"":""A. Ndiaye"",""number"":3,""pos"":""D""},{""id"":3333,""name"":""M. Haïdara"",""number"":22,""pos"":""D""},{""id"":24147,""name"":""M. Camara"",""number"":45,""pos"":""M""},{""id"":22170,""name"":""P. Lees-Melou"",""number"":20,""pos"":""M""},{""id"":20558,""name"":""H. Magnetti"",""number"":8,""pos"":""M""},{""id"":20780,""name"":""Mathias Pereira Lage"",""number"":26,""pos"":""F""},{""id"":22264,""name"":""L. Ajorque"",""number"":19,""pos"":""F""},{""id"":277191,""name"":""A. Sima"",""number"":17,""pos"":""F""}]","[{""id"":85914,""name"":""J. Le Cardinal"",""number"":25,""pos"":""D""},{""id"":41323,""name"":""Mama Baldé"",""number"":14,""pos"":""F""},{""id"":326068,""name"":""K. Doumbia"",""number"":9,""pos"":""M""},{""id"":2214,""name"":""R. Del Castillo"",""number"":10,""pos"":""M""},{""id"":84082,""name"":""R. Faivre"",""number"":21,""pos"":""M""},{""id"":449153,""name"":""H. Makalou"",""number"":33,""pos"":""M""},{""id"":21248,""name"":""G. Coudert"",""number"":30,""pos"":""G""},{""id"":22258,""name"":""J. Martin"",""number"":28,""pos"":""M""},{""id"":422595,""name"":""L. Zogbé"",""number"":12,""pos"":""D""}]"
1214010,116,Lens,False,3-4-2-1,W. Still,11,9,"[{""id"":2741,""name"":""M. Ryan"",""number"":30,""pos"":""G""},{""id"":21635,""name"":""J. Gradit"",""number"":24,""pos"":""D""},{""id"":22166,""name"":""M. Sarr"",""number"":20,""pos"":""D""},{""id"":6231,""name"":""F. Medina"",""number"":14,""pos"":""D""},{""id"":21568,""name"":""R. Aguilar"",""number"":2,""pos"":""M""},{""id"":22261,""name"":""A. Thomasson"",""number"":28,""pos"":""M""},{""id"":277003,""name"":""N. El Aynaoui"",""number"":23,""pos"":""M""},{""id"":129169,""name"":""A. Zaroury"",""number"":21,""pos"":""M""},{""id"":20761,""name"":""F. Sotoca"",""number"":7,""pos"":""F""},{""id"":270509,""name"":""A. Diouf"",""number"":18,""pos"":""F""},{""id"":20817,""name"":""G. Koyalipou"",""number"":19,""pos"":""F""}]","[{""id"":386852,""name"":""J. Agbonifo"",""number"":25,""pos"":""F""},{""id"":21715,""name"":""W. Saïd"",""number"":22,""pos"":""F""},{""id"":326976,""name"":""T. Pouilly"",""number"":34,""pos"":""M""},{""id"":237232,""name"":""H. Ojediran"",""number"":15,""pos"":""M""},{""id"":18785,""name"":""N. Mendy"",""number"":26,""pos"":""M""},{""id"":395589,""name"":""N. Čelik"",""number"":4,""pos"":""D""},{""id"":437143,""name"":""A. Delplace"",""number"":50,""pos"":""G""},{""id"":441264,""name"":""K. Antonio"",""number"":32,""pos"":""D""},{""id"":21146,""name"":""A. Fulgini"",""number"":11,""pos"":""M""}]"
1214008,1063,Saint Etienne,True,4-3-3,E. Horneland,11,9,"[{""id"":20541,""name"":""G. Larsonneur"",""number"":30,""pos"":""G""},{""id"":1407,""name"":""D. Appiah"",""number"":8,""pos"":""D""},{""id"":90599,""name"":""M. Bernauer"",""number"":13,""pos"":""D""},{""id"":22087,""name"":""M. Nadé"",""number"":3,""pos"":""D""},{""id"":157146,""name"":""L. Pétrot"",""number"":19,""pos"":""D""},{""id"":174801,""name"":""A. Moueffek"",""number"":29,""pos"":""M""},{""id"":278232,""name"":""P. Ekwah"",""number"":4,""pos"":""M""},{""id"":8624,""name"":""F. Tardieu"",""number"":10,""pos"":""M""},{""id"":8683,""name"":""I. Cardona"",""number"":7,""pos"":""F""},{""id"":322560,""name"":""L. Stassin"",""number"":32,""pos"":""F""},{""id"":24743,""name"":""Z. Davitashvili"",""number"":22,""pos"":""F""}]","[{""id"":289555,""name"":""L. Mouton"",""number"":14,""pos"":""M""},{""id"":179856,""name"":""B. Old"",""number"":11,""pos"":""M""},{""id"":2704,""name"":""Y. Abdelhamid"",""number"":5,""pos"":""D""},{""id"":20648,""name"":""I. Sissoko"",""number"":9,""pos"":""F""},{""id"":39248,""name"":""I. Wadji"",""number"":25,""pos"":""F""},{""id"":20861,""name"":""L. Fomba"",""number"":26,""pos"":""M""},{""id"":20736,""name"":""B. Maubleu"",""number"":1,""pos"":""G""},{""id"":8445,""name"":""D. Batubinsika"",""number"":21,""pos"":""D""},{""id"":489911,""name"":""D. N'Guessan"",""number"":63,""pos"":""F""}]"
1214008,80,Lyon,False,4-2-2-2,Paulo Fonseca,11,9,"[{""id"":20762,""name"":""R. Descamps"",""number"":40,""pos"":""G""},{""id"":334914,""name"":""S. Kumbedi"",""number"":20,""pos"":""D""},{""id"":1902,""name"":""D. Ćaleta-Car"",""number"":55,""pos"":""D""},{""id"":25916,""name"":""M. Niakhaté"",""number"":19,""pos"":""D""},{""id"":9700,""name"":""Abner"",""number"":16,""pos"":""D""},{""id"":80752,""name"":""T. Tessmann"",""number"":15,""pos"":""M""},{""id"":30409,""name"":""J. Veretout"",""number"":7,""pos"":""M""},{""id"":156477,""name"":""R. Cherki"",""number"":18,""pos"":""M""},{""id"":519,""name"":""C. Tolisso"",""number"":8,""pos"":""M""},{""id"":1467,""name"":""A. Lacazette"",""number"":10,""pos"":""F""},{""id"":180496,""name"":""G. Mikautadze"",""number"":69,""pos"":""F""}]","[{""id"":1568,""name"":""P. Akouokou"",""number"":4,""pos"":""M""},{""id"":1456,""name"":""A. Maitland-Niles"",""number"":98,""pos"":""M""},{""id"":6067,""name"":""T. Almada"",""number"":23,""pos"":""M""},{""id"":361348,""name"":""M. Fofana"",""number"":11,""pos"":""F""},{""id"":68,""name"":""Clinton Mata"",""number"":22,""pos"":""D""},{""id"":409794,""name"":""A. Rodríguez"",""number"":32,""pos"":""F""},{""id"":529,""name"":""N. Tagliafico"",""number"":3,""pos"":""D""},{""id"":162265,""name"":""W. Omari"",""number"":27,""pos"":""D""},{""id"":392671,""name"":""L. Diarra"",""number"":50,""pos"":""G""}]"
1214002,83,Nantes,True,5-3-2,A. Kombouare,11,9,"[{""id"":15684,""name"":""P. Carlgren"",""number"":30,""pos"":""G""},{""id"":22134,""name"":""K. Amian"",""number"":98,""pos"":""D""},{""id"":20545,""name"":""J. Castelletto"",""number"":21,""pos"":""D""},{""id"":343359,""name"":""N. Zézé"",""number"":44,""pos"":""D""},{""id"":21088,""name"":""N. Pallois"",""number"":4,""pos"":""D""},{""id"":21570,""name"":""N. Cozza"",""number"":3,""pos"":""D""},{""id"":193952,""name"":""J. Lepenant"",""number"":8,""pos"":""M""},{""id"":93671,""name"":""Pedro Chirivella"",""number"":5,""pos"":""M""},{""id"":10036,""name"":""Douglas Augusto"",""number"":6,""pos"":""M""},{""id"":161622,""name"":""M. Abline"",""number"":39,""pos"":""F""},{""id"":2781,""name"":""M. Simon"",""number"":27,""pos"":""F""}]","[{""id"":2668,""name"":""Mostafa Mohamed"",""number"":31,""pos"":""F""},{""id"":20654,""name"":""F. Centonze"",""number"":18,""pos"":""D""},{""id"":3084,""name"":""T. Kadewere"",""number"":10,""pos"":""F""},{""id"":3034,""name"":""M. Elia"",""number"":17,""pos"":""F""},{""id"":443674,""name"":""L. Leroux"",""number"":66,""pos"":""M""},{""id"":274328,""name"":""S. Sow"",""number"":24,""pos"":""D""},{""id"":30393,""name"":""A. Lafont"",""number"":1,""pos"":""G""},{""id"":21582,""name"":""F. Mollet"",""number"":25,""pos"":""M""},{""id"":443676,""name"":""H. Guirassy"",""number"":62,""pos"":""F""}]"
1214002,85,Paris Saint Germain,False,4-3-3,Luis Enrique,11,9,"[{""id"":1622,""name"":""G. Donnarumma"",""number"":1,""pos"":""G""},{""id"":335051,""name"":""João Neves"",""number"":87,""pos"":""D""},{""id"":257,""name"":""Marquinhos"",""number"":5,""pos"":""D""},{""id"":307835,""name"":""Beraldo"",""number"":35,""pos"":""D""},{""id"":263482,""name"":""Nuno Mendes"",""number"":25,""pos"":""D""},{""id"":336657,""name"":""W. Zaïre-Emery"",""number"":33,""pos"":""M""},{""id"":128384,""name"":""Vitinha"",""number"":17,""pos"":""M""},{""id"":328,""name"":""Fabián Ruiz"",""number"":8,""pos"":""M""},{""id"":927,""name"":""Lee Kang-In"",""number"":19,""pos"":""F""},{""id"":153,""name"":""O. Dembélé"",""number"":10,""pos"":""F""},{""id"":483,""name"":""K. Kvaratskhelia"",""number"":7,""pos"":""F""}]","[{""id"":161904,""name"":""B. Barcola"",""number"":29,""pos"":""F""},{""id"":16367,""name"":""W. Pacho"",""number"":51,""pos"":""D""},{""id"":41585,""name"":""Gonçalo Ramos"",""number"":9,""pos"":""F""},{""id"":343027,""name"":""D. Doué"",""number"":14,""pos"":""F""},{""id"":409216,""name"":""S. Mayulu"",""number"":24,""pos"":""M""},{""id"":2068,""name"":""M. Safonov"",""number"":39,""pos"":""G""},{""id"":33,""name"":""L. Hernández"",""number"":21,""pos"":""D""},{""id"":262,""name"":""P. Kimpembe"",""number"":3,""pos"":""D""},{""id"":446249,""name"":""I. Mbaye"",""number"":49,""pos"":""F""}]"
1214023,85,Paris Saint Germain,True,4-3-3,Luis Enrique,11,9,"[{""id"":1622,""name"":""G. Donnarumma"",""number"":1,""pos"":""G""},{""id"":9,""name"":""A. Hakimi"",""number"":2,""pos"":""D""},{""id"":257,""name"":""Marquinhos"",""number"":5,""pos"":""D""},{""id"":16367,""name"":""W. Pacho"",""number"":51,""pos"":""D""},{""id"":263482,""name"":""Nuno Mendes"",""number"":25,""pos"":""D""},{""id"":335051,""name"":""João Neves"",""number"":87,""pos"":""M""},{""id"":128384,""name"":""Vitinha"",""number"":17,""pos"":""M""},{""id"":328,""name"":""Fabián Ruiz"",""number"":8,""pos"":""M""},{""id"":343027,""name"":""D. Doué"",""number"":14,""pos"":""F""},{""id"":153,""name"":""O. Dembélé"",""number"":10,""pos"":""F""},{""id"":483,""name"":""K. Kvaratskhelia"",""number"":7,""pos"":""F""}]","[{""id"":336657,""name"":""W. Zaïre-Emery"",""number"":33,""pos"":""M""},{""id"":161904,""name"":""B. Barcola"",""number"":29,""pos"":""F""},{""id"":41585,""name"":""Gonçalo Ramos"",""number"":9,""pos"":""F""},{""id"":307835,""name"":""Beraldo"",""number"":35,""pos"":""D""},{""id"":409216,""name"":""S. Mayulu"",""number"":24,""pos"":""M""},{""id"":262,""name"":""P. Kimpembe"",""number"":3,""pos"":""D""},{""id"":33,""name"":""L. Hernández"",""number"":21,""pos"":""D""},{""id"":927,""name"":""Lee Kang-In"",""number"":19,""pos"":""M""},{""id"":2068,""name"":""M. Safonov"",""number"":39,""pos"":""G""}]"
1214023,84,Nice,False,3-5-2,F. Haise,11,9,"[{""id"":2274,""name"":""M. Bułka"",""number"":1,""pos"":""G""},{""id"":196343,""name"":""Mohamed Abdelmonem"",""number"":5,""pos"":""D""},{""id"":3099,""name"":""Y. Ndayishimiye"",""number"":55,""pos"":""D""},{""id"":162465,""name"":""M. Bard"",""number"":26,""pos"":""D""},{""id"":25008,""name"":""J. Clauss"",""number"":92,""pos"":""M""},{""id"":4399,""name"":""H. Boudaoui"",""number"":6,""pos"":""M""},{""id"":240,""name"":""P. Rosario"",""number"":8,""pos"":""M""},{""id"":1914,""name"":""M. Sanson"",""number"":11,""pos"":""M""},{""id"":49583,""name"":""A. Abdi"",""number"":2,""pos"":""M""},{""id"":334879,""name"":""B. Bouanani"",""number"":19,""pos"":""F""},{""id"":21592,""name"":""G. Laborde"",""number"":24,""pos"":""F""}]","[{""id"":313937,""name"":""A. Mendy"",""number"":33,""pos"":""D""},{""id"":21153,""name"":""B. Santamaría"",""number"":28,""pos"":""M""},{""id"":107,""name"":""S. Diop"",""number"":10,""pos"":""M""},{""id"":137303,""name"":""E. Guessand"",""number"":29,""pos"":""F""},{""id"":193617,""name"":""T. Louchet"",""number"":20,""pos"":""M""},{""id"":69971,""name"":""T. Moffi"",""number"":9,""pos"":""F""},{""id"":274312,""name"":""M. Cho"",""number"":25,""pos"":""F""},{""id"":30531,""name"":""J. Boga"",""number"":7,""pos"":""F""},{""id"":21079,""name"":""M. Dupé"",""number"":31,""pos"":""G""}]"
1214018,95,Strasbourg,True,3-4-2-1,L. Rosenior,11,9,"[{""id"":118307,""name"":""Đ. Petrović"",""number"":1,""pos"":""G""},{""id"":271542,""name"":""I. Doukouré"",""number"":29,""pos"":""D""},{""id"":147835,""name"":""A. Omobamidele"",""number"":2,""pos"":""D""},{""id"":276184,""name"":""M. Sarr"",""number"":23,""pos"":""D""},{""id"":129695,""name"":""D. Bakwa"",""number"":26,""pos"":""M""},{""id"":305834,""name"":""Andrey Santos"",""number"":8,""pos"":""M""},{""id"":319572,""name"":""V. Barco"",""number"":32,""pos"":""M""},{""id"":335056,""name"":""Diego Moreira"",""number"":7,""pos"":""M""},{""id"":325594,""name"":""F. Lemaréchal"",""number"":6,""pos"":""F""},{""id"":226803,""name"":""S. Nanasi"",""number"":15,""pos"":""F""},{""id"":203762,""name"":""E. Emegha"",""number"":10,""pos"":""F""}]","[{""id"":161747,""name"":""G. Doué"",""number"":22,""pos"":""D""},{""id"":327631,""name"":""H. Diarra"",""number"":19,""pos"":""M""},{""id"":334035,""name"":""S. Amo-Ameyaw"",""number"":27,""pos"":""F""},{""id"":358166,""name"":""A. Ouattara"",""number"":42,""pos"":""M""},{""id"":364810,""name"":""A. Sylla"",""number"":5,""pos"":""D""},{""id"":190686,""name"":""S. Mara"",""number"":14,""pos"":""F""},{""id"":2259,""name"":""E. Sobol"",""number"":77,""pos"":""D""},{""id"":2850,""name"":""K. Johnsson"",""number"":30,""pos"":""G""},{""id"":415431,""name"":""S. El Mourabet"",""number"":39,""pos"":""M""}]"
1214018,1063,Saint Etienne,False,4-3-3,E. Horneland,11,9,"[{""id"":20541,""name"":""G. Larsonneur"",""number"":30,""pos"":""G""},{""id"":1407,""name"":""D. Appiah"",""number"":8,""pos"":""D""},{""id"":90599,""name"":""M. Bernauer"",""number"":13,""pos"":""D""},{""id"":22087,""name"":""M. Nadé"",""number"":3,""pos"":""D""},{""id"":157146,""name"":""L. Pétrot"",""number"":19,""pos"":""D""},{""id"":174801,""name"":""A. Moueffek"",""number"":29,""pos"":""M""},{""id"":278232,""name"":""P. Ekwah"",""number"":4,""pos"":""M""},{""id"":8624,""name"":""F. Tardieu"",""number"":10,""pos"":""M""},{""id"":8683,""name"":""I. Cardona"",""number"":7,""pos"":""F""},{""id"":322560,""name"":""L. Stassin"",""number"":32,""pos"":""F""},{""id"":24743,""name"":""Z. Davitashvili"",""number"":22,""pos"":""F""}]","[{""id"":179856,""name"":""B. Old"",""number"":11,""pos"":""M""},{""id"":289555,""name"":""L. Mouton"",""number"":14,""pos"":""M""},{""id"":39248,""name"":""I. Wadji"",""number"":25,""pos"":""F""},{""id"":20736,""name"":""B. Maubleu"",""number"":1,""pos"":""G""},{""id"":21438,""name"":""A. Briançon"",""number"":23,""pos"":""D""},{""id"":20861,""name"":""L. Fomba"",""number"":26,""pos"":""M""},{""id"":24284,""name"":""Y. Maçon"",""number"":27,""pos"":""D""},{""id"":2704,""name"":""Y. Abdelhamid"",""number"":5,""pos"":""D""},{""id"":20648,""name"":""I. Sissoko"",""number"":9,""pos"":""F""}]"
1214017,111,Le Havre,True,4-2-3-1,D. Digard,11,9,"[{""id"":646,""name"":""M. Gorgelin"",""number"":1,""pos"":""G""},{""id"":2336,""name"":""L. Nego"",""number"":7,""pos"":""D""},{""id"":162443,""name"":""É. Youté"",""number"":6,""pos"":""D""},{""id"":64255,""name"":""G. Lloris"",""number"":4,""pos"":""D""},{""id"":105,""name"":""F. Ballo-Touré"",""number"":97,""pos"":""D""},{""id"":21103,""name"":""A. Touré"",""number"":94,""pos"":""M""},{""id"":282549,""name"":""J. Mwanga"",""number"":23,""pos"":""M""},{""id"":174915,""name"":""J. Casimir"",""number"":10,""pos"":""M""},{""id"":174937,""name"":""Y. Kechta"",""number"":8,""pos"":""M""},{""id"":156465,""name"":""I. Soumaré"",""number"":45,""pos"":""M""},{""id"":1617,""name"":""Koka"",""number"":99,""pos"":""F""}]","[{""id"":1370,""name"":""A. Ayew"",""number"":28,""pos"":""F""},{""id"":162067,""name"":""T. Pembélé"",""number"":32,""pos"":""D""},{""id"":128342,""name"":""R. Ndiaye"",""number"":19,""pos"":""M""},{""id"":386284,""name"":""M. Diawara"",""number"":34,""pos"":""M""},{""id"":289304,""name"":""A. Joujou"",""number"":21,""pos"":""F""},{""id"":24201,""name"":""A. Confais"",""number"":25,""pos"":""M""},{""id"":24011,""name"":""A. Desmas"",""number"":30,""pos"":""G""},{""id"":355048,""name"":""Hernani Mendes Vaz"",""number"":33,""pos"":""F""},{""id"":1212,""name"":""D. Kuzyaev"",""number"":14,""pos"":""M""}]"
1214017,91,Monaco,False,4-4-2,A. Hütter,11,9,"[{""id"":7313,""name"":""P. Köhn"",""number"":16,""pos"":""G""},{""id"":291649,""name"":""Vanderson"",""number"":2,""pos"":""D""},{""id"":30504,""name"":""W. Singo"",""number"":17,""pos"":""D""},{""id"":261,""name"":""T. Kehrer"",""number"":5,""pos"":""D""},{""id"":10316,""name"":""Caio Henrique"",""number"":12,""pos"":""D""},{""id"":274300,""name"":""M. Akliouche"",""number"":11,""pos"":""M""},{""id"":374058,""name"":""L. Camara"",""number"":15,""pos"":""M""},{""id"":2810,""name"":""D. Zakaria"",""number"":6,""pos"":""M""},{""id"":343320,""name"":""E. Ben Seghir"",""number"":7,""pos"":""M""},{""id"":421,""name"":""B. Embolo"",""number"":36,""pos"":""F""},{""id"":283026,""name"":""M. Biereth"",""number"":14,""pos"":""F""}]","[{""id"":42006,""name"":""Al Musrati"",""number"":8,""pos"":""M""},{""id"":1101,""name"":""T. Minamino"",""number"":18,""pos"":""M""},{""id"":81,""name"":""K. Diatta"",""number"":27,""pos"":""M""},{""id"":231,""name"":""J. Teze"",""number"":4,""pos"":""D""},{""id"":138835,""name"":""F. Balogun"",""number"":9,""pos"":""F""},{""id"":40384,""name"":""R. Majecki"",""number"":1,""pos"":""G""},{""id"":47480,""name"":""M. Salisu"",""number"":22,""pos"":""D""},{""id"":326176,""name"":""S. Magassa"",""number"":88,""pos"":""M""},{""id"":371916,""name"":""C. Mawissa"",""number"":13,""pos"":""D""}]"
1214025,80,Lyon,True,4-2-3-1,Paulo Fonseca,11,9,"[{""id"":80296,""name"":""Lucas Perri"",""number"":1,""pos"":""G""},{""id"":1456,""name"":""A. Maitland-Niles"",""number"":98,""pos"":""D""},{""id"":68,""name"":""Clinton Mata"",""number"":22,""pos"":""D""},{""id"":25916,""name"":""M. Niakhaté"",""number"":19,""pos"":""D""},{""id"":529,""name"":""N. Tagliafico"",""number"":3,""pos"":""D""},{""id"":902,""name"":""N. Matić"",""number"":31,""pos"":""M""},{""id"":519,""name"":""C. Tolisso"",""number"":8,""pos"":""M""},{""id"":156477,""name"":""R. Cherki"",""number"":18,""pos"":""M""},{""id"":6067,""name"":""T. Almada"",""number"":23,""pos"":""M""},{""id"":361348,""name"":""M. Fofana"",""number"":11,""pos"":""M""},{""id"":1467,""name"":""A. Lacazette"",""number"":10,""pos"":""F""}]","[{""id"":80752,""name"":""T. Tessmann"",""number"":15,""pos"":""M""},{""id"":30409,""name"":""J. Veretout"",""number"":7,""pos"":""M""},{""id"":180496,""name"":""G. Mikautadze"",""number"":69,""pos"":""F""},{""id"":334914,""name"":""S. Kumbedi"",""number"":20,""pos"":""D""},{""id"":9700,""name"":""Abner"",""number"":16,""pos"":""D""},{""id"":1568,""name"":""P. Akouokou"",""number"":4,""pos"":""M""},{""id"":1902,""name"":""D. Ćaleta-Car"",""number"":55,""pos"":""D""},{""id"":20762,""name"":""R. Descamps"",""number"":40,""pos"":""G""},{""id"":471106,""name"":""E. Molébé"",""number"":29,""pos"":""F""}]"
1214025,94,Rennes,False,3-5-2,H. Beye,11,9,"[{""id"":21628,""name"":""B. Samba"",""number"":1,""pos"":""G""},{""id"":367636,""name"":""J. Jacquet"",""number"":97,""pos"":""D""},{""id"":129681,""name"":""A. Rouault"",""number"":24,""pos"":""D""},{""id"":126757,""name"":""L. Brassier"",""number"":5,""pos"":""D""},{""id"":180731,""name"":""L. Assignon"",""number"":22,""pos"":""M""},{""id"":37236,""name"":""A. Matusiwa"",""number"":6,""pos"":""M""},{""id"":343792,""name"":""D. Cissé"",""number"":38,""pos"":""M""},{""id"":30807,""name"":""S. Fofana"",""number"":8,""pos"":""M""},{""id"":162267,""name"":""A. Truffert"",""number"":3,""pos"":""M""},{""id"":15286,""name"":""Mousa Al Ta'mari"",""number"":11,""pos"":""F""},{""id"":147831,""name"":""A. Kalimuendo"",""number"":9,""pos"":""F""}]","[{""id"":449662,""name"":""M. Meïté"",""number"":62,""pos"":""F""},{""id"":21497,""name"":""L. Blas"",""number"":10,""pos"":""M""},{""id"":345748,""name"":""C. Gómez"",""number"":20,""pos"":""F""},{""id"":167659,""name"":""K. Olaigbe"",""number"":19,""pos"":""F""},{""id"":328046,""name"":""I. Koné"",""number"":90,""pos"":""M""},{""id"":1897,""name"":""S. Mandanda"",""number"":30,""pos"":""G""},{""id"":30423,""name"":""H. Hateboer"",""number"":33,""pos"":""M""},{""id"":328074,""name"":""J. James"",""number"":17,""pos"":""M""},{""id"":20916,""name"":""C. Wooh"",""number"":4,""pos"":""D""}]"
1214022,77,Angers,True,4-2-3-1,A. Dujeux,11,9,"[{""id"":64190,""name"":""Y. Fofana"",""number"":30,""pos"":""G""},{""id"":20850,""name"":""C. Arcus"",""number"":2,""pos"":""D""},{""id"":3234,""name"":""A. Bamba"",""number"":25,""pos"":""D""},{""id"":21381,""name"":""J. Lefort"",""number"":21,""pos"":""D""},{""id"":41146,""name"":""F. Hanin"",""number"":26,""pos"":""D""},{""id"":174708,""name"":""Y. Belkhdim"",""number"":14,""pos"":""M""},{""id"":174723,""name"":""Z. Ould Khaled"",""number"":12,""pos"":""M""},{""id"":3175,""name"":""Z. Ferhat"",""number"":20,""pos"":""M""},{""id"":20692,""name"":""H. Abdelli"",""number"":10,""pos"":""M""},{""id"":21618,""name"":""J. Allevinah"",""number"":18,""pos"":""M""},{""id"":163004,""name"":""E. Lepaul"",""number"":19,""pos"":""F""}]","[{""id"":3177,""name"":""F. El Melali"",""number"":28,""pos"":""F""},{""id"":343609,""name"":""J. Ekomié"",""number"":3,""pos"":""D""},{""id"":425207,""name"":""M. Courcoul"",""number"":5,""pos"":""D""},{""id"":457541,""name"":""P. Peter"",""number"":35,""pos"":""F""},{""id"":174660,""name"":""L. Raolisoa"",""number"":27,""pos"":""D""},{""id"":455243,""name"":""A. Moussaoui"",""number"":34,""pos"":""F""},{""id"":271540,""name"":""O. Camara"",""number"":29,""pos"":""D""},{""id"":327702,""name"":""E. Caumont"",""number"":38,""pos"":""M""},{""id"":174973,""name"":""M. Zinga"",""number"":16,""pos"":""G""}]"
1214022,79,Lille,False,4-4-2,B. Génésio,11,9,"[{""id"":162453,""name"":""L. Chevalier"",""number"":30,""pos"":""G""},{""id"":264,""name"":""T. Meunier"",""number"":12,""pos"":""D""},{""id"":22136,""name"":""B. Diakité"",""number"":18,""pos"":""D""},{""id"":142691,""name"":""Alexsandro Ribeiro"",""number"":4,""pos"":""D""},{""id"":679,""name"":""Ismaily"",""number"":31,""pos"":""D""},{""id"":67889,""name"":""H. Haraldsson"",""number"":7,""pos"":""M""},{""id"":2204,""name"":""B. André"",""number"":21,""pos"":""M""},{""id"":18765,""name"":""André Gomes"",""number"":26,""pos"":""M""},{""id"":340077,""name"":""M. Fernandez-Pardo"",""number"":19,""pos"":null},{""id"":8489,""name"":""J. David"",""number"":9,""pos"":""F""},{""id"":2380,""name"":""C. Akpom"",""number"":24,""pos"":""F""}]","[{""id"":1567,""name"":""A. Mandi"",""number"":2,""pos"":""D""},{""id"":386287,""name"":""E. Mbappé"",""number"":29,""pos"":""M""},{""id"":530,""name"":""M. Bakker"",""number"":20,""pos"":""D""},{""id"":409,""name"":""N. Bentaleb"",""number"":6,""pos"":""M""},{""id"":99576,""name"":""O. Sahraoui"",""number"":11,""pos"":""F""},{""id"":51146,""name"":""V. Mannone"",""number"":1,""pos"":""G""},{""id"":47969,""name"":""G. Gudmundsson"",""number"":5,""pos"":""D""},{""id"":375598,""name"":""N. Mukau"",""number"":17,""pos"":""M""},{""id"":438688,""name"":""A. Bouaddi"",""number"":32,""pos"":""M""}]"
1214020,82,Montpellier,True,5-4-1,Z. Camara,11,7,"[{""id"":21566,""name"":""B. Lecomte"",""number"":40,""pos"":""G""},{""id"":451955,""name"":""W. Ndollo Bille"",""number"":49,""pos"":""D""},{""id"":350388,""name"":""Y. Mouanga"",""number"":47,""pos"":""D""},{""id"":999,""name"":""B. Omeragić"",""number"":27,""pos"":""D""},{""id"":333118,""name"":""L. Mincarelli"",""number"":21,""pos"":""D""},{""id"":21434,""name"":""T. Sainte-Luce"",""number"":17,""pos"":""D""},{""id"":113581,""name"":""T. Coulibaly"",""number"":70,""pos"":""M""},{""id"":387120,""name"":""R. Nzingoula"",""number"":19,""pos"":""M""},{""id"":21439,""name"":""J. Ferri"",""number"":12,""pos"":""M""},{""id"":326088,""name"":""K. Fayad"",""number"":22,""pos"":""M""},{""id"":361383,""name"":""Junior Ndiaye"",""number"":41,""pos"":""F""}]","[{""id"":3336,""name"":""F. Sacko"",""number"":77,""pos"":""D""},{""id"":22102,""name"":""W. Khazri"",""number"":10,""pos"":""F""},{""id"":21443,""name"":""T. Savanier"",""number"":11,""pos"":""M""},{""id"":128287,""name"":""J. Chotard"",""number"":13,""pos"":""M""},{""id"":3335,""name"":""K. Kouyaté"",""number"":4,""pos"":""D""},{""id"":193501,""name"":""B. Meïté"",""number"":2,""pos"":""D""},{""id"":21565,""name"":""D. Bertaud"",""number"":16,""pos"":""G""}]"
1214020,93,Reims,False,5-4-1,S. Diawara,11,9,"[{""id"":20566,""name"":""Y. Diouf"",""number"":94,""pos"":""G""},{""id"":8451,""name"":""Aurélio Buta"",""number"":23,""pos"":""D""},{""id"":71545,""name"":""J. Okumu"",""number"":2,""pos"":""D""},{""id"":156992,""name"":""M. Gbane"",""number"":24,""pos"":""D""},{""id"":19546,""name"":""C. Kipré"",""number"":21,""pos"":""D""},{""id"":47530,""name"":""Sergio Akieme"",""number"":18,""pos"":""D""},{""id"":1942,""name"":""J. Ito"",""number"":7,""pos"":""M""},{""id"":343351,""name"":""V. Atangana Edoa"",""number"":6,""pos"":""M""},{""id"":437482,""name"":""Amadou Koné"",""number"":72,""pos"":""M""},{""id"":33321,""name"":""K. Nakamura"",""number"":17,""pos"":""M""},{""id"":2219,""name"":""J. Siebatcheu"",""number"":12,""pos"":""F""}]","[{""id"":386481,""name"":""M. Diakhon"",""number"":67,""pos"":""F""},{""id"":389322,""name"":""N. Sangui"",""number"":55,""pos"":""D""},{""id"":494535,""name"":""H. Ibrahim"",""number"":85,""pos"":""F""},{""id"":415089,""name"":""Gabriel Moscardo"",""number"":19,""pos"":""M""},{""id"":420292,""name"":""H. Sekine"",""number"":3,""pos"":""D""},{""id"":334429,""name"":""O. Diakité"",""number"":22,""pos"":""F""},{""id"":293297,""name"":""J. Patrick"",""number"":30,""pos"":""M""},{""id"":418190,""name"":""A. Tia"",""number"":87,""pos"":""M""},{""id"":21080,""name"":""A. Olliero"",""number"":20,""pos"":""G""}]"
1214019,83,Nantes,True,5-3-2,A. Kombouare,11,9,"[{""id"":647,""name"":""Anthony Lopes"",""number"":16,""pos"":""G""},{""id"":22134,""name"":""K. Amian"",""number"":98,""pos"":""D""},{""id"":20545,""name"":""J. Castelletto"",""number"":21,""pos"":""D""},{""id"":343359,""name"":""N. Zézé"",""number"":44,""pos"":""D""},{""id"":21088,""name"":""N. Pallois"",""number"":4,""pos"":""D""},{""id"":21570,""name"":""N. Cozza"",""number"":3,""pos"":""D""},{""id"":193952,""name"":""J. Lepenant"",""number"":8,""pos"":""M""},{""id"":93671,""name"":""Pedro Chirivella"",""number"":5,""pos"":""M""},{""id"":10036,""name"":""Douglas Augusto"",""number"":6,""pos"":""M""},{""id"":161622,""name"":""M. Abline"",""number"":39,""pos"":""F""},{""id"":2781,""name"":""M. Simon"",""number"":27,""pos"":""F""}]","[{""id"":2668,""name"":""Mostafa Mohamed"",""number"":31,""pos"":""F""},{""id"":443676,""name"":""H. Guirassy"",""number"":62,""pos"":""F""},{""id"":3084,""name"":""T. Kadewere"",""number"":10,""pos"":""F""},{""id"":3034,""name"":""M. Elia"",""number"":17,""pos"":""F""},{""id"":20654,""name"":""F. Centonze"",""number"":18,""pos"":""D""},{""id"":388779,""name"":""D. Assoumani"",""number"":59,""pos"":""M""},{""id"":21582,""name"":""F. Mollet"",""number"":25,""pos"":""M""},{""id"":443674,""name"":""L. Leroux"",""number"":66,""pos"":""M""},{""id"":15684,""name"":""P. Carlgren"",""number"":30,""pos"":""G""}]"
1214019,96,Toulouse,False,3-4-2-1,Carles Martínez,11,8,"[{""id"":325346,""name"":""G. Restes"",""number"":50,""pos"":""G""},{""id"":102,""name"":""D. Sidibé"",""number"":19,""pos"":""D""},{""id"":278392,""name"":""C. Cresswell"",""number"":4,""pos"":""D""},{""id"":412759,""name"":""J. Canvot"",""number"":29,""pos"":""D""},{""id"":39115,""name"":""A. Dønnum"",""number"":15,""pos"":""M""},{""id"":50956,""name"":""C. Cásseres"",""number"":23,""pos"":""M""},{""id"":48491,""name"":""V. Sierro"",""number"":8,""pos"":""M""},{""id"":11421,""name"":""G. Suazo"",""number"":17,""pos"":""M""},{""id"":430816,""name"":""N. Edjouma"",""number"":31,""pos"":""F""},{""id"":18881,""name"":""J. King"",""number"":13,""pos"":""F""},{""id"":174724,""name"":""F. Magri"",""number"":9,""pos"":""F""}]","[{""id"":84128,""name"":""Y. Gboho"",""number"":10,""pos"":""F""},{""id"":328648,""name"":""S. Babicka"",""number"":80,""pos"":""F""},{""id"":461463,""name"":""M. Saka"",""number"":39,""pos"":""M""},{""id"":1369,""name"":""M. Zajc"",""number"":21,""pos"":""M""},{""id"":334952,""name"":""R. Messali"",""number"":22,""pos"":""M""},{""id"":264383,""name"":""W. Kamanzi"",""number"":12,""pos"":""D""},{""id"":39104,""name"":""K. Haug"",""number"":16,""pos"":""G""},{""id"":452697,""name"":""D. Methalie"",""number"":24,""pos"":""D""}]"
1214021,116,Lens,True,3-4-2-1,W. Still,11,9,"[{""id"":2741,""name"":""M. Ryan"",""number"":30,""pos"":""G""},{""id"":21635,""name"":""J. Gradit"",""number"":24,""pos"":""D""},{""id"":449509,""name"":""J. Bah"",""number"":27,""pos"":""D""},{""id"":22166,""name"":""M. Sarr"",""number"":20,""pos"":""D""},{""id"":21568,""name"":""R. Aguilar"",""number"":2,""pos"":""M""},{""id"":277003,""name"":""N. El Aynaoui"",""number"":23,""pos"":""M""},{""id"":22261,""name"":""A. Thomasson"",""number"":28,""pos"":""M""},{""id"":2483,""name"":""D. Machado"",""number"":3,""pos"":""M""},{""id"":270509,""name"":""A. Diouf"",""number"":18,""pos"":""F""},{""id"":129169,""name"":""A. Zaroury"",""number"":21,""pos"":""F""},{""id"":20817,""name"":""G. Koyalipou"",""number"":19,""pos"":""F""}]","[{""id"":386852,""name"":""J. Agbonifo"",""number"":25,""pos"":""F""},{""id"":21146,""name"":""A. Fulgini"",""number"":11,""pos"":""M""},{""id"":20761,""name"":""F. Sotoca"",""number"":7,""pos"":""F""},{""id"":21715,""name"":""W. Saïd"",""number"":22,""pos"":""F""},{""id"":326976,""name"":""T. Pouilly"",""number"":34,""pos"":""M""},{""id"":441264,""name"":""K. Antonio"",""number"":32,""pos"":""D""},{""id"":22220,""name"":""H. Koffi"",""number"":16,""pos"":""G""},{""id"":395589,""name"":""N. Čelik"",""number"":4,""pos"":""D""},{""id"":18785,""name"":""N. Mendy"",""number"":26,""pos"":""M""}]"
1214021,108,Auxerre,False,5-4-1,C. Pélissier,11,9,"[{""id"":20542,""name"":""D. Léon"",""number"":16,""pos"":""G""},{""id"":285,""name"":""K. Hoever"",""number"":23,""pos"":""D""},{""id"":162466,""name"":""S. Diomandé"",""number"":20,""pos"":""D""},{""id"":41300,""name"":""Jubal"",""number"":4,""pos"":""D""},{""id"":191189,""name"":""C. Akpa"",""number"":92,""pos"":""D""},{""id"":7578,""name"":""G. Mensah"",""number"":14,""pos"":""D""},{""id"":20732,""name"":""G. Perrin"",""number"":10,""pos"":""M""},{""id"":110,""name"":""H. Massengo"",""number"":80,""pos"":""M""},{""id"":30748,""name"":""A. Dioussé"",""number"":18,""pos"":""M""},{""id"":32940,""name"":""A. Onaiwu"",""number"":45,""pos"":""M""},{""id"":90617,""name"":""L. Sinayoko"",""number"":17,""pos"":""F""}]","[{""id"":20782,""name"":""F. Ayé"",""number"":19,""pos"":""F""},{""id"":51293,""name"":""T. Bair"",""number"":9,""pos"":""F""},{""id"":496896,""name"":""R. Matondo"",""number"":34,""pos"":""M""},{""id"":38754,""name"":""E. Maddy"",""number"":11,""pos"":""F""},{""id"":191392,""name"":""P. Joly"",""number"":26,""pos"":""D""},{""id"":326150,""name"":""Y. Cisse"",""number"":15,""pos"":""M""},{""id"":215827,""name"":""F. Oppegård"",""number"":12,""pos"":""D""},{""id"":402542,""name"":""T. Siwe"",""number"":13,""pos"":""D""},{""id"":193681,""name"":""T. De Percin"",""number"":40,""pos"":""G""}]"
1214024,81,Marseille,True,4-2-3-1,R. De Zerbi,11,9,"[{""id"":47296,""name"":""G. Rulli"",""number"":1,""pos"":""G""},{""id"":2973,""name"":""M. Murillo"",""number"":62,""pos"":""D""},{""id"":6,""name"":""L. Balerdi"",""number"":5,""pos"":""D""},{""id"":926,""name"":""G. Kondogbia"",""number"":19,""pos"":""D""},{""id"":943,""name"":""U. Garcia"",""number"":6,""pos"":""D""},{""id"":21102,""name"":""V. Rongier"",""number"":21,""pos"":""M""},{""id"":2735,""name"":""P. Højbjerg"",""number"":23,""pos"":""M""},{""id"":897,""name"":""M. Greenwood"",""number"":10,""pos"":""M""},{""id"":272,""name"":""A. Rabiot"",""number"":25,""pos"":""M""},{""id"":10077,""name"":""Luis Henrique"",""number"":44,""pos"":""M""},{""id"":85041,""name"":""A. Gouiri"",""number"":9,""pos"":""F""}]","[{""id"":278095,""name"":""J. Rowe"",""number"":17,""pos"":""F""},{""id"":3173,""name"":""I. Bennacer"",""number"":22,""pos"":""M""},{""id"":51295,""name"":""D. Cornelius"",""number"":13,""pos"":""D""},{""id"":272460,""name"":""Q. Merlin"",""number"":3,""pos"":""D""},{""id"":412,""name"":""A. Harit"",""number"":11,""pos"":""M""},{""id"":7318,""name"":""A. Dedić"",""number"":77,""pos"":""D""},{""id"":36827,""name"":""J. de Lange"",""number"":12,""pos"":""G""},{""id"":102447,""name"":""F. Moumbagna"",""number"":14,""pos"":""F""},{""id"":19364,""name"":""N. Maupay"",""number"":8,""pos"":""F""}]"
1214024,106,Stade Brestois 29,False,4-2-3-1,E. Roy,11,9,"[{""id"":21248,""name"":""G. Coudert"",""number"":30,""pos"":""G""},{""id"":22247,""name"":""K. Lala"",""number"":7,""pos"":""D""},{""id"":20546,""name"":""B. Chardonnet"",""number"":5,""pos"":""D""},{""id"":85914,""name"":""J. Le Cardinal"",""number"":25,""pos"":""D""},{""id"":3333,""name"":""M. Haïdara"",""number"":22,""pos"":""D""},{""id"":20558,""name"":""H. Magnetti"",""number"":8,""pos"":""M""},{""id"":22170,""name"":""P. Lees-Melou"",""number"":20,""pos"":""M""},{""id"":20780,""name"":""Mathias Pereira Lage"",""number"":26,""pos"":""M""},{""id"":24147,""name"":""M. Camara"",""number"":45,""pos"":""M""},{""id"":277191,""name"":""A. Sima"",""number"":17,""pos"":""M""},{""id"":22264,""name"":""L. Ajorque"",""number"":19,""pos"":""F""}]","[{""id"":326068,""name"":""K. Doumbia"",""number"":9,""pos"":""M""},{""id"":41323,""name"":""Mama Baldé"",""number"":14,""pos"":""F""},{""id"":2214,""name"":""R. Del Castillo"",""number"":10,""pos"":""M""},{""id"":22258,""name"":""J. Martin"",""number"":28,""pos"":""M""},{""id"":449153,""name"":""H. Makalou"",""number"":33,""pos"":""M""},{""id"":422595,""name"":""L. Zogbé"",""number"":12,""pos"":""D""},{""id"":30405,""name"":""E. Fernandes"",""number"":6,""pos"":""D""},{""id"":498791,""name"":""R. Le Guen"",""number"":36,""pos"":""D""},{""id"":348052,""name"":""N. Jauny"",""number"":50,""pos"":""G""}]"
1214028,84,Nice,True,3-5-2,F. Haise,11,9,"[{""id"":2274,""name"":""M. Bułka"",""number"":1,""pos"":""G""},{""id"":313937,""name"":""A. Mendy"",""number"":33,""pos"":""D""},{""id"":407017,""name"":""M. Bombito"",""number"":64,""pos"":""D""},{""id"":162465,""name"":""M. Bard"",""number"":26,""pos"":""D""},{""id"":25008,""name"":""J. Clauss"",""number"":92,""pos"":""M""},{""id"":4399,""name"":""H. Boudaoui"",""number"":6,""pos"":""M""},{""id"":240,""name"":""P. Rosario"",""number"":8,""pos"":""M""},{""id"":1914,""name"":""M. Sanson"",""number"":11,""pos"":""M""},{""id"":49583,""name"":""A. Abdi"",""number"":2,""pos"":""M""},{""id"":334879,""name"":""B. Bouanani"",""number"":19,""pos"":""F""},{""id"":21592,""name"":""G. Laborde"",""number"":24,""pos"":""F""}]","[{""id"":22163,""name"":""Dante"",""number"":4,""pos"":""D""},{""id"":107,""name"":""S. Diop"",""number"":10,""pos"":""M""},{""id"":21153,""name"":""B. Santamaría"",""number"":28,""pos"":""M""},{""id"":274312,""name"":""M. Cho"",""number"":25,""pos"":""F""},{""id"":69971,""name"":""T. Moffi"",""number"":9,""pos"":""F""},{""id"":21079,""name"":""M. Dupé"",""number"":31,""pos"":""G""},{""id"":137303,""name"":""E. Guessand"",""number"":29,""pos"":""F""},{""id"":30531,""name"":""J. Boga"",""number"":7,""pos"":""F""},{""id"":193617,""name"":""T. Louchet"",""number"":20,""pos"":""M""}]"
1214028,93,Reims,False,5-4-1,S. Diawara,11,9,"[{""id"":20566,""name"":""Y. Diouf"",""number"":94,""pos"":""G""},{""id"":8451,""name"":""Aurélio Buta"",""number"":23,""pos"":""D""},{""id"":19546,""name"":""C. Kipré"",""number"":21,""pos"":""D""},{""id"":71545,""name"":""J. Okumu"",""number"":2,""pos"":""D""},{""id"":156992,""name"":""M. Gbane"",""number"":24,""pos"":""D""},{""id"":47530,""name"":""Sergio Akieme"",""number"":18,""pos"":""D""},{""id"":418190,""name"":""A. Tia"",""number"":87,""pos"":""M""},{""id"":343351,""name"":""V. Atangana Edoa"",""number"":6,""pos"":""M""},{""id"":437482,""name"":""Amadou Koné"",""number"":72,""pos"":""M""},{""id"":33321,""name"":""K. Nakamura"",""number"":17,""pos"":""M""},{""id"":2219,""name"":""J. Siebatcheu"",""number"":12,""pos"":""F""}]","[{""id"":386481,""name"":""M. Diakhon"",""number"":67,""pos"":""F""},{""id"":334429,""name"":""O. Diakité"",""number"":22,""pos"":""F""},{""id"":494535,""name"":""H. Ibrahim"",""number"":85,""pos"":""F""},{""id"":420292,""name"":""H. Sekine"",""number"":3,""pos"":""D""},{""id"":293297,""name"":""J. Patrick"",""number"":30,""pos"":""M""},{""id"":389322,""name"":""N. Sangui"",""number"":55,""pos"":""D""},{""id"":21080,""name"":""A. Olliero"",""number"":20,""pos"":""G""},{""id"":415089,""name"":""Gabriel Moscardo"",""number"":19,""pos"":""M""},{""id"":414188,""name"":""M. Jeng"",""number"":31,""pos"":""D""}]"
1214033,95,Strasbourg,True,3-4-2-1,L. Rosenior,11,9,"[{""id"":118307,""name"":""Đ. Petrović"",""number"":1,""pos"":""G""},{""id"":161747,""name"":""G. Doué"",""number"":22,""pos"":""D""},{""id"":276184,""name"":""M. Sarr"",""number"":23,""pos"":""D""},{""id"":271542,""name"":""I. Doukouré"",""number"":29,""pos"":""D""},{""id"":129695,""name"":""D. Bakwa"",""number"":26,""pos"":""M""},{""id"":305834,""name"":""Andrey Santos"",""number"":8,""pos"":""M""},{""id"":319572,""name"":""V. Barco"",""number"":32,""pos"":""M""},{""id"":335056,""name"":""Diego Moreira"",""number"":7,""pos"":""M""},{""id"":327631,""name"":""H. Diarra"",""number"":19,""pos"":""F""},{""id"":325594,""name"":""F. Lemaréchal"",""number"":6,""pos"":""F""},{""id"":203762,""name"":""E. Emegha"",""number"":10,""pos"":""F""}]","[{""id"":358166,""name"":""A. Ouattara"",""number"":42,""pos"":""M""},{""id"":147835,""name"":""A. Omobamidele"",""number"":2,""pos"":""D""},{""id"":334035,""name"":""S. Amo-Ameyaw"",""number"":27,""pos"":""F""},{""id"":364810,""name"":""A. Sylla"",""number"":5,""pos"":""D""},{""id"":226803,""name"":""S. Nanasi"",""number"":15,""pos"":""M""},{""id"":415431,""name"":""S. El Mourabet"",""number"":39,""pos"":""M""},{""id"":2850,""name"":""K. Johnsson"",""number"":30,""pos"":""G""},{""id"":2259,""name"":""E. Sobol"",""number"":77,""pos"":""D""},{""id"":190686,""name"":""S. Mara"",""number"":14,""pos"":""F""}]"
1214033,85,Paris Saint Germain,False,3-4-3,Luis Enrique,11,8,"[{""id"":2068,""name"":""M. Safonov"",""number"":39,""pos"":""G""},{""id"":491103,""name"":""A. Tape"",""number"":48,""pos"":""D""},{""id"":307835,""name"":""Beraldo"",""number"":35,""pos"":""D""},{""id"":33,""name"":""L. Hernández"",""number"":21,""pos"":""D""},{""id"":335051,""name"":""João Neves"",""number"":87,""pos"":""M""},{""id"":336657,""name"":""W. Zaïre-Emery"",""number"":33,""pos"":""M""},{""id"":927,""name"":""Lee Kang-In"",""number"":19,""pos"":""M""},{""id"":409216,""name"":""S. Mayulu"",""number"":24,""pos"":""M""},{""id"":446249,""name"":""I. Mbaye"",""number"":49,""pos"":""F""},{""id"":41585,""name"":""Gonçalo Ramos"",""number"":9,""pos"":""F""},{""id"":161904,""name"":""B. Barcola"",""number"":29,""pos"":""F""}]","[{""id"":493026,""name"":""N. Kamara"",""number"":34,""pos"":""D""},{""id"":343027,""name"":""D. Doué"",""number"":14,""pos"":""F""},{""id"":328,""name"":""Fabián Ruiz"",""number"":8,""pos"":""M""},{""id"":349189,""name"":""Louis Mouquet"",""number"":70,""pos"":""G""},{""id"":128384,""name"":""Vitinha"",""number"":17,""pos"":""M""},{""id"":162473,""name"":""Arnau Tenas"",""number"":80,""pos"":""G""},{""id"":16367,""name"":""W. Pacho"",""number"":51,""pos"":""D""},{""id"":483,""name"":""K. Kvaratskhelia"",""number"":7,""pos"":""F""}]"
1214032,96,Toulouse,True,3-4-2-1,Carles Martínez,11,9,"[{""id"":325346,""name"":""G. Restes"",""number"":50,""pos"":""G""},{""id"":102,""name"":""D. Sidibé"",""number"":19,""pos"":""D""},{""id"":278392,""name"":""C. Cresswell"",""number"":4,""pos"":""D""},{""id"":412759,""name"":""J. Canvot"",""number"":29,""pos"":""D""},{""id"":39115,""name"":""A. Dønnum"",""number"":15,""pos"":""M""},{""id"":50956,""name"":""C. Cásseres"",""number"":23,""pos"":""M""},{""id"":48491,""name"":""V. Sierro"",""number"":8,""pos"":""M""},{""id"":264383,""name"":""W. Kamanzi"",""number"":12,""pos"":""M""},{""id"":84128,""name"":""Y. Gboho"",""number"":10,""pos"":""F""},{""id"":18881,""name"":""J. King"",""number"":13,""pos"":""F""},{""id"":174724,""name"":""F. Magri"",""number"":9,""pos"":""F""}]","[{""id"":334952,""name"":""R. Messali"",""number"":22,""pos"":""M""},{""id"":1369,""name"":""M. Zajc"",""number"":21,""pos"":""M""},{""id"":367637,""name"":""Ü. Akdağ"",""number"":6,""pos"":""D""},{""id"":345546,""name"":""J. Lacombe"",""number"":40,""pos"":""G""},{""id"":489903,""name"":""I. Azizi"",""number"":33,""pos"":""F""},{""id"":452697,""name"":""D. Methalie"",""number"":24,""pos"":""D""},{""id"":39104,""name"":""K. Haug"",""number"":16,""pos"":""G""},{""id"":461463,""name"":""M. Saka"",""number"":39,""pos"":""M""},{""id"":366572,""name"":""E. Zuliani"",""number"":37,""pos"":""M""}]"
1214032,94,Rennes,False,3-4-3,H. Beye,11,9,"[{""id"":21628,""name"":""B. Samba"",""number"":1,""pos"":""G""},{""id"":20916,""name"":""C. Wooh"",""number"":4,""pos"":""D""},{""id"":129681,""name"":""A. Rouault"",""number"":24,""pos"":""D""},{""id"":126757,""name"":""L. Brassier"",""number"":5,""pos"":""D""},{""id"":180731,""name"":""L. Assignon"",""number"":22,""pos"":""M""},{""id"":328074,""name"":""J. James"",""number"":17,""pos"":""M""},{""id"":343792,""name"":""D. Cissé"",""number"":38,""pos"":""M""},{""id"":162267,""name"":""A. Truffert"",""number"":3,""pos"":""M""},{""id"":21497,""name"":""L. Blas"",""number"":10,""pos"":""F""},{""id"":449662,""name"":""M. Meïté"",""number"":62,""pos"":""F""},{""id"":167659,""name"":""K. Olaigbe"",""number"":19,""pos"":""F""}]","[{""id"":328046,""name"":""I. Koné"",""number"":90,""pos"":""M""},{""id"":147831,""name"":""A. Kalimuendo"",""number"":9,""pos"":""F""},{""id"":37236,""name"":""A. Matusiwa"",""number"":6,""pos"":""M""},{""id"":15286,""name"":""Mousa Al Ta'mari"",""number"":11,""pos"":""F""},{""id"":345748,""name"":""C. Gómez"",""number"":20,""pos"":""F""},{""id"":30807,""name"":""S. Fofana"",""number"":8,""pos"":""M""},{""id"":1897,""name"":""S. Mandanda"",""number"":30,""pos"":""G""},{""id"":237249,""name"":""M. Faye"",""number"":15,""pos"":""D""},{""id"":30423,""name"":""H. Hateboer"",""number"":33,""pos"":""M""}]"
1214030,1063,Saint Etienne,True,4-3-3,E. Horneland,11,9,"[{""id"":20541,""name"":""G. Larsonneur"",""number"":30,""pos"":""G""},{""id"":1407,""name"":""D. Appiah"",""number"":8,""pos"":""D""},{""id"":90599,""name"":""M. Bernauer"",""number"":13,""pos"":""D""},{""id"":22087,""name"":""M. Nadé"",""number"":3,""pos"":""D""},{""id"":157146,""name"":""L. Pétrot"",""number"":19,""pos"":""D""},{""id"":174801,""name"":""A. Moueffek"",""number"":29,""pos"":""M""},{""id"":278232,""name"":""P. Ekwah"",""number"":4,""pos"":""M""},{""id"":8624,""name"":""F. Tardieu"",""number"":10,""pos"":""M""},{""id"":8683,""name"":""I. Cardona"",""number"":7,""pos"":""F""},{""id"":489911,""name"":""D. N'Guessan"",""number"":63,""pos"":""F""},{""id"":24743,""name"":""Z. Davitashvili"",""number"":22,""pos"":""F""}]","[{""id"":39248,""name"":""I. Wadji"",""number"":25,""pos"":""F""},{""id"":289555,""name"":""L. Mouton"",""number"":14,""pos"":""M""},{""id"":179856,""name"":""B. Old"",""number"":11,""pos"":""M""},{""id"":24284,""name"":""Y. Maçon"",""number"":27,""pos"":""D""},{""id"":20648,""name"":""I. Sissoko"",""number"":9,""pos"":""F""},{""id"":20736,""name"":""B. Maubleu"",""number"":1,""pos"":""G""},{""id"":20861,""name"":""L. Fomba"",""number"":26,""pos"":""M""},{""id"":8445,""name"":""D. Batubinsika"",""number"":21,""pos"":""D""},{""id"":2704,""name"":""Y. Abdelhamid"",""number"":5,""pos"":""D""}]"
1214030,91,Monaco,False,4-4-2,A. Hütter,11,9,"[{""id"":7313,""name"":""P. Köhn"",""number"":16,""pos"":""G""},{""id"":231,""name"":""J. Teze"",""number"":4,""pos"":""D""},{""id"":30504,""name"":""W. Singo"",""number"":17,""pos"":""D""},{""id"":371916,""name"":""C. Mawissa"",""number"":13,""pos"":""D""},{""id"":10316,""name"":""Caio Henrique"",""number"":12,""pos"":""D""},{""id"":274300,""name"":""M. Akliouche"",""number"":11,""pos"":""M""},{""id"":2810,""name"":""D. Zakaria"",""number"":6,""pos"":""M""},{""id"":326176,""name"":""S. Magassa"",""number"":88,""pos"":""M""},{""id"":1101,""name"":""T. Minamino"",""number"":18,""pos"":""M""},{""id"":138835,""name"":""F. Balogun"",""number"":9,""pos"":""F""},{""id"":283026,""name"":""M. Biereth"",""number"":14,""pos"":""F""}]","[{""id"":421,""name"":""B. Embolo"",""number"":36,""pos"":""F""},{""id"":291649,""name"":""Vanderson"",""number"":2,""pos"":""D""},{""id"":42006,""name"":""Al Musrati"",""number"":8,""pos"":""M""},{""id"":343320,""name"":""E. Ben Seghir"",""number"":7,""pos"":""M""},{""id"":81,""name"":""K. Diatta"",""number"":27,""pos"":""M""},{""id"":40384,""name"":""R. Majecki"",""number"":1,""pos"":""G""},{""id"":395040,""name"":""G. Ilenikhena"",""number"":21,""pos"":""F""},{""id"":47480,""name"":""M. Salisu"",""number"":22,""pos"":""D""},{""id"":333137,""name"":""K. Ouattara"",""number"":20,""pos"":""D""}]"
1214031,83,Nantes,True,4-3-3,A. Kombouare,11,9,"[{""id"":647,""name"":""Anthony Lopes"",""number"":16,""pos"":""G""},{""id"":22134,""name"":""K. Amian"",""number"":98,""pos"":""D""},{""id"":20545,""name"":""J. Castelletto"",""number"":21,""pos"":""D""},{""id"":343359,""name"":""N. Zézé"",""number"":44,""pos"":""D""},{""id"":20654,""name"":""F. Centonze"",""number"":18,""pos"":""D""},{""id"":193952,""name"":""J. Lepenant"",""number"":8,""pos"":""M""},{""id"":93671,""name"":""Pedro Chirivella"",""number"":5,""pos"":""M""},{""id"":443674,""name"":""L. Leroux"",""number"":66,""pos"":""M""},{""id"":161622,""name"":""M. Abline"",""number"":39,""pos"":""F""},{""id"":2668,""name"":""Mostafa Mohamed"",""number"":31,""pos"":""F""},{""id"":2781,""name"":""M. Simon"",""number"":27,""pos"":""F""}]","[{""id"":924,""name"":""F. Coquelin"",""number"":13,""pos"":""M""},{""id"":21570,""name"":""N. Cozza"",""number"":3,""pos"":""D""},{""id"":388779,""name"":""D. Assoumani"",""number"":59,""pos"":""M""},{""id"":3084,""name"":""T. Kadewere"",""number"":10,""pos"":""F""},{""id"":15684,""name"":""P. Carlgren"",""number"":30,""pos"":""G""},{""id"":18599,""name"":""S. Thomas"",""number"":22,""pos"":""M""},{""id"":443676,""name"":""H. Guirassy"",""number"":62,""pos"":""F""},{""id"":21088,""name"":""N. Pallois"",""number"":4,""pos"":""D""},{""id"":21582,""name"":""F. Mollet"",""number"":25,""pos"":""M""}]"
1214031,77,Angers,False,4-4-1-1,A. Dujeux,11,9,"[{""id"":64190,""name"":""Y. Fofana"",""number"":30,""pos"":""G""},{""id"":20850,""name"":""C. Arcus"",""number"":2,""pos"":""D""},{""id"":271540,""name"":""O. Camara"",""number"":29,""pos"":""D""},{""id"":21381,""name"":""J. Lefort"",""number"":21,""pos"":""D""},{""id"":41146,""name"":""F. Hanin"",""number"":26,""pos"":""D""},{""id"":174660,""name"":""L. Raolisoa"",""number"":27,""pos"":""M""},{""id"":174708,""name"":""Y. Belkhdim"",""number"":14,""pos"":""M""},{""id"":425207,""name"":""M. Courcoul"",""number"":5,""pos"":""M""},{""id"":3175,""name"":""Z. Ferhat"",""number"":20,""pos"":""M""},{""id"":20692,""name"":""H. Abdelli"",""number"":10,""pos"":""F""},{""id"":163004,""name"":""E. Lepaul"",""number"":19,""pos"":""F""}]","[{""id"":21618,""name"":""J. Allevinah"",""number"":18,""pos"":""F""},{""id"":174723,""name"":""Z. Ould Khaled"",""number"":12,""pos"":""D""},{""id"":343609,""name"":""J. Ekomié"",""number"":3,""pos"":""D""},{""id"":3177,""name"":""F. El Melali"",""number"":28,""pos"":""F""},{""id"":403277,""name"":""L. Machine"",""number"":34,""pos"":""F""},{""id"":3379,""name"":""C. Hountondji"",""number"":22,""pos"":""D""},{""id"":327702,""name"":""E. Caumont"",""number"":38,""pos"":""M""},{""id"":174973,""name"":""M. Zinga"",""number"":16,""pos"":""G""},{""id"":327555,""name"":""Y. Gaya"",""number"":70,""pos"":""D""}]"
1214026,80,Lyon,True,4-2-3-1,Paulo Fonseca,11,9,"[{""id"":80296,""name"":""Lucas Perri"",""number"":1,""pos"":""G""},{""id"":1456,""name"":""A. Maitland-Niles"",""number"":98,""pos"":""D""},{""id"":68,""name"":""Clinton Mata"",""number"":22,""pos"":""D""},{""id"":25916,""name"":""M. Niakhaté"",""number"":19,""pos"":""D""},{""id"":529,""name"":""N. Tagliafico"",""number"":3,""pos"":""D""},{""id"":902,""name"":""N. Matić"",""number"":31,""pos"":""M""},{""id"":519,""name"":""C. Tolisso"",""number"":8,""pos"":""M""},{""id"":156477,""name"":""R. Cherki"",""number"":18,""pos"":""M""},{""id"":6067,""name"":""T. Almada"",""number"":23,""pos"":""M""},{""id"":361348,""name"":""M. Fofana"",""number"":11,""pos"":""M""},{""id"":180496,""name"":""G. Mikautadze"",""number"":69,""pos"":""F""}]","[{""id"":409794,""name"":""A. Rodríguez"",""number"":32,""pos"":""F""},{""id"":80752,""name"":""T. Tessmann"",""number"":15,""pos"":""M""},{""id"":334914,""name"":""S. Kumbedi"",""number"":20,""pos"":""D""},{""id"":30409,""name"":""J. Veretout"",""number"":7,""pos"":""M""},{""id"":9700,""name"":""Abner"",""number"":16,""pos"":""D""},{""id"":162265,""name"":""W. Omari"",""number"":27,""pos"":""D""},{""id"":1568,""name"":""P. Akouokou"",""number"":4,""pos"":""M""},{""id"":1902,""name"":""D. Ćaleta-Car"",""number"":55,""pos"":""D""},{""id"":20762,""name"":""R. Descamps"",""number"":40,""pos"":""G""}]"
1214026,116,Lens,False,5-4-1,W. Still,11,9,"[{""id"":2741,""name"":""M. Ryan"",""number"":30,""pos"":""G""},{""id"":326976,""name"":""T. Pouilly"",""number"":34,""pos"":""D""},{""id"":21635,""name"":""J. Gradit"",""number"":24,""pos"":""D""},{""id"":449509,""name"":""J. Bah"",""number"":27,""pos"":""D""},{""id"":6231,""name"":""F. Medina"",""number"":14,""pos"":""D""},{""id"":2483,""name"":""D. Machado"",""number"":3,""pos"":""D""},{""id"":22261,""name"":""A. Thomasson"",""number"":28,""pos"":""M""},{""id"":18785,""name"":""N. Mendy"",""number"":26,""pos"":""M""},{""id"":277003,""name"":""N. El Aynaoui"",""number"":23,""pos"":""M""},{""id"":270509,""name"":""A. Diouf"",""number"":18,""pos"":""M""},{""id"":20817,""name"":""G. Koyalipou"",""number"":19,""pos"":""F""}]","[{""id"":237232,""name"":""H. Ojediran"",""number"":15,""pos"":""M""},{""id"":129169,""name"":""A. Zaroury"",""number"":21,""pos"":""F""},{""id"":195512,""name"":""M. Satriano"",""number"":9,""pos"":""F""},{""id"":22166,""name"":""M. Sarr"",""number"":20,""pos"":""D""},{""id"":22220,""name"":""H. Koffi"",""number"":16,""pos"":""G""},{""id"":21715,""name"":""W. Saïd"",""number"":22,""pos"":""F""},{""id"":386852,""name"":""J. Agbonifo"",""number"":25,""pos"":""F""},{""id"":395589,""name"":""N. Čelik"",""number"":4,""pos"":""D""},{""id"":21146,""name"":""A. Fulgini"",""number"":11,""pos"":""M""}]"
1214029,106,Stade Brestois 29,True,4-3-3,E. Roy,11,9,"[{""id"":36878,""name"":""M. Bizot"",""number"":40,""pos"":""G""},{""id"":22247,""name"":""K. Lala"",""number"":7,""pos"":""D""},{""id"":20546,""name"":""B. Chardonnet"",""number"":5,""pos"":""D""},{""id"":203483,""name"":""A. Ndiaye"",""number"":3,""pos"":""D""},{""id"":3333,""name"":""M. Haïdara"",""number"":22,""pos"":""D""},{""id"":24147,""name"":""M. Camara"",""number"":45,""pos"":""M""},{""id"":22170,""name"":""P. Lees-Melou"",""number"":20,""pos"":""M""},{""id"":326068,""name"":""K. Doumbia"",""number"":9,""pos"":""M""},{""id"":2214,""name"":""R. Del Castillo"",""number"":10,""pos"":""F""},{""id"":22264,""name"":""L. Ajorque"",""number"":19,""pos"":""F""},{""id"":20780,""name"":""Mathias Pereira Lage"",""number"":26,""pos"":""F""}]","[{""id"":20558,""name"":""H. Magnetti"",""number"":8,""pos"":""M""},{""id"":277191,""name"":""A. Sima"",""number"":17,""pos"":""F""},{""id"":41323,""name"":""Mama Baldé"",""number"":14,""pos"":""F""},{""id"":22258,""name"":""J. Martin"",""number"":28,""pos"":""M""},{""id"":84082,""name"":""R. Faivre"",""number"":21,""pos"":""M""},{""id"":30405,""name"":""E. Fernandes"",""number"":6,""pos"":""D""},{""id"":21248,""name"":""G. Coudert"",""number"":30,""pos"":""G""},{""id"":274267,""name"":""B. Locko"",""number"":2,""pos"":""D""},{""id"":422595,""name"":""L. Zogbé"",""number"":12,""pos"":""D""}]"
1214029,82,Montpellier,False,5-4-1,Z. Camara,11,9,"[{""id"":21566,""name"":""B. Lecomte"",""number"":40,""pos"":""G""},{""id"":179399,""name"":""E. Tchato"",""number"":29,""pos"":""D""},{""id"":350388,""name"":""Y. Mouanga"",""number"":47,""pos"":""D""},{""id"":999,""name"":""B. Omeragić"",""number"":27,""pos"":""D""},{""id"":333118,""name"":""L. Mincarelli"",""number"":21,""pos"":""D""},{""id"":21434,""name"":""T. Sainte-Luce"",""number"":17,""pos"":""D""},{""id"":113581,""name"":""T. Coulibaly"",""number"":70,""pos"":""M""},{""id"":387120,""name"":""R. Nzingoula"",""number"":19,""pos"":""M""},{""id"":21439,""name"":""J. Ferri"",""number"":12,""pos"":""M""},{""id"":326088,""name"":""K. Fayad"",""number"":22,""pos"":""M""},{""id"":361383,""name"":""Junior Ndiaye"",""number"":41,""pos"":""F""}]","[{""id"":451955,""name"":""W. Ndollo Bille"",""number"":49,""pos"":""D""},{""id"":128287,""name"":""J. Chotard"",""number"":13,""pos"":""M""},{""id"":22102,""name"":""W. Khazri"",""number"":10,""pos"":""F""},{""id"":21443,""name"":""T. Savanier"",""number"":11,""pos"":""M""},{""id"":193501,""name"":""B. Meïté"",""number"":2,""pos"":""D""},{""id"":3335,""name"":""K. Kouyaté"",""number"":4,""pos"":""D""},{""id"":369676,""name"":""T. Chennahi"",""number"":44,""pos"":""M""},{""id"":21565,""name"":""D. Bertaud"",""number"":16,""pos"":""G""},{""id"":3336,""name"":""F. Sacko"",""number"":77,""pos"":""D""}]"
1214034,108,Auxerre,True,5-4-1,C. Pélissier,11,9,"[{""id"":20542,""name"":""D. Léon"",""number"":16,""pos"":""G""},{""id"":191392,""name"":""P. Joly"",""number"":26,""pos"":""D""},{""id"":162466,""name"":""S. Diomandé"",""number"":20,""pos"":""D""},{""id"":41300,""name"":""Jubal"",""number"":4,""pos"":""D""},{""id"":191189,""name"":""C. Akpa"",""number"":92,""pos"":""D""},{""id"":215827,""name"":""F. Oppegård"",""number"":12,""pos"":""D""},{""id"":20732,""name"":""G. Perrin"",""number"":10,""pos"":""M""},{""id"":110,""name"":""H. Massengo"",""number"":80,""pos"":""M""},{""id"":30748,""name"":""A. Dioussé"",""number"":18,""pos"":""M""},{""id"":32940,""name"":""A. Onaiwu"",""number"":45,""pos"":""M""},{""id"":90617,""name"":""L. Sinayoko"",""number"":17,""pos"":""F""}]","[{""id"":285,""name"":""K. Hoever"",""number"":23,""pos"":""D""},{""id"":20782,""name"":""F. Ayé"",""number"":19,""pos"":""F""},{""id"":496896,""name"":""R. Matondo"",""number"":34,""pos"":""M""},{""id"":7578,""name"":""G. Mensah"",""number"":14,""pos"":""D""},{""id"":51293,""name"":""T. Bair"",""number"":9,""pos"":""F""},{""id"":20206,""name"":""G. Osho"",""number"":3,""pos"":""D""},{""id"":38754,""name"":""E. Maddy"",""number"":11,""pos"":""F""},{""id"":193681,""name"":""T. De Percin"",""number"":40,""pos"":""G""},{""id"":326150,""name"":""Y. Cisse"",""number"":15,""pos"":""M""}]"
1214034,111,Le Havre,False,4-1-4-1,D. Digard,11,9,"[{""id"":646,""name"":""M. Gorgelin"",""number"":1,""pos"":""G""},{""id"":2336,""name"":""L. Nego"",""number"":7,""pos"":""D""},{""id"":162443,""name"":""É. Youté"",""number"":6,""pos"":""D""},{""id"":174927,""name"":""A. Sangante"",""number"":93,""pos"":""D""},{""id"":105,""name"":""F. Ballo-Touré"",""number"":97,""pos"":""D""},{""id"":282549,""name"":""J. Mwanga"",""number"":23,""pos"":""M""},{""id"":174915,""name"":""J. Casimir"",""number"":10,""pos"":""M""},{""id"":174937,""name"":""Y. Kechta"",""number"":8,""pos"":""M""},{""id"":21103,""name"":""A. Touré"",""number"":94,""pos"":""M""},{""id"":156465,""name"":""I. Soumaré"",""number"":45,""pos"":""M""},{""id"":1617,""name"":""Koka"",""number"":99,""pos"":""F""}]","[{""id"":1370,""name"":""A. Ayew"",""number"":28,""pos"":""F""},{""id"":23637,""name"":""Y. Zouaoui"",""number"":18,""pos"":""D""},{""id"":162067,""name"":""T. Pembélé"",""number"":32,""pos"":""D""},{""id"":128342,""name"":""R. Ndiaye"",""number"":19,""pos"":""M""},{""id"":386284,""name"":""M. Diawara"",""number"":34,""pos"":""M""},{""id"":513415,""name"":""S. Zagadou"",""number"":33,""pos"":""D""},{""id"":469691,""name"":""G. Guri"",""number"":40,""pos"":""G""},{""id"":355048,""name"":""Hernani Mendes Vaz"",""number"":35,""pos"":""F""},{""id"":1212,""name"":""D. Kuzyaev"",""number"":14,""pos"":""M""}]"
1214027,79,Lille,True,4-4-2,B. Génésio,11,9,"[{""id"":162453,""name"":""L. Chevalier"",""number"":30,""pos"":""G""},{""id"":264,""name"":""T. Meunier"",""number"":12,""pos"":""D""},{""id"":1567,""name"":""A. Mandi"",""number"":2,""pos"":""D""},{""id"":142691,""name"":""Alexsandro Ribeiro"",""number"":4,""pos"":""D""},{""id"":679,""name"":""Ismaily"",""number"":31,""pos"":""D""},{""id"":67889,""name"":""H. Haraldsson"",""number"":7,""pos"":""M""},{""id"":409,""name"":""N. Bentaleb"",""number"":6,""pos"":""M""},{""id"":2204,""name"":""B. André"",""number"":21,""pos"":""M""},{""id"":340077,""name"":""M. Fernandez-Pardo"",""number"":19,""pos"":null},{""id"":8489,""name"":""J. David"",""number"":9,""pos"":""F""},{""id"":2380,""name"":""C. Akpom"",""number"":24,""pos"":""F""}]","[{""id"":99576,""name"":""O. Sahraoui"",""number"":11,""pos"":""F""},{""id"":375598,""name"":""N. Mukau"",""number"":17,""pos"":""M""},{""id"":47969,""name"":""G. Gudmundsson"",""number"":5,""pos"":""D""},{""id"":530,""name"":""M. Bakker"",""number"":20,""pos"":""D""},{""id"":22093,""name"":""R. Cabella"",""number"":10,""pos"":""M""},{""id"":18765,""name"":""André Gomes"",""number"":26,""pos"":""M""},{""id"":139,""name"":""S. Umtiti"",""number"":14,""pos"":""D""},{""id"":438688,""name"":""A. Bouaddi"",""number"":32,""pos"":""M""},{""id"":51146,""name"":""V. Mannone"",""number"":1,""pos"":""G""}]"
1214027,81,Marseille,False,4-2-3-1,R. De Zerbi,11,9,"[{""id"":47296,""name"":""G. Rulli"",""number"":1,""pos"":""G""},{""id"":2973,""name"":""M. Murillo"",""number"":62,""pos"":""D""},{""id"":6,""name"":""L. Balerdi"",""number"":5,""pos"":""D""},{""id"":926,""name"":""G. Kondogbia"",""number"":19,""pos"":""D""},{""id"":943,""name"":""U. Garcia"",""number"":6,""pos"":""D""},{""id"":3173,""name"":""I. Bennacer"",""number"":22,""pos"":""M""},{""id"":2735,""name"":""P. Højbjerg"",""number"":23,""pos"":""M""},{""id"":897,""name"":""M. Greenwood"",""number"":10,""pos"":""M""},{""id"":272,""name"":""A. Rabiot"",""number"":25,""pos"":""M""},{""id"":10077,""name"":""Luis Henrique"",""number"":44,""pos"":""M""},{""id"":85041,""name"":""A. Gouiri"",""number"":9,""pos"":""F""}]","[{""id"":21102,""name"":""V. Rongier"",""number"":21,""pos"":""M""},{""id"":272460,""name"":""Q. Merlin"",""number"":3,""pos"":""D""},{""id"":278095,""name"":""J. Rowe"",""number"":17,""pos"":""F""},{""id"":1847,""name"":""Luiz Felipe"",""number"":4,""pos"":""D""},{""id"":36827,""name"":""J. de Lange"",""number"":12,""pos"":""G""},{""id"":19364,""name"":""N. Maupay"",""number"":8,""pos"":""F""},{""id"":7318,""name"":""A. Dedić"",""number"":77,""pos"":""D""},{""id"":51295,""name"":""D. Cornelius"",""number"":13,""pos"":""D""},{""id"":412,""name"":""A. Harit"",""number"":11,""pos"":""M""}]"
1214037,77,Angers,True,4-5-1,A. Dujeux,11,9,"[{""id"":64190,""name"":""Y. Fofana"",""number"":30,""pos"":""G""},{""id"":20850,""name"":""C. Arcus"",""number"":2,""pos"":""D""},{""id"":271540,""name"":""O. Camara"",""number"":29,""pos"":""D""},{""id"":21381,""name"":""J. Lefort"",""number"":21,""pos"":""D""},{""id"":41146,""name"":""F. Hanin"",""number"":26,""pos"":""D""},{""id"":174660,""name"":""L. Raolisoa"",""number"":27,""pos"":""M""},{""id"":174708,""name"":""Y. Belkhdim"",""number"":14,""pos"":""M""},{""id"":425207,""name"":""M. Courcoul"",""number"":5,""pos"":""M""},{""id"":20692,""name"":""H. Abdelli"",""number"":10,""pos"":""M""},{""id"":21618,""name"":""J. Allevinah"",""number"":18,""pos"":""M""},{""id"":163004,""name"":""E. Lepaul"",""number"":19,""pos"":""F""}]","[{""id"":3177,""name"":""F. El Melali"",""number"":28,""pos"":""F""},{""id"":174723,""name"":""Z. Ould Khaled"",""number"":12,""pos"":""D""},{""id"":343609,""name"":""J. Ekomié"",""number"":3,""pos"":""D""},{""id"":327702,""name"":""E. Caumont"",""number"":38,""pos"":""M""},{""id"":403277,""name"":""L. Machine"",""number"":34,""pos"":""F""},{""id"":174973,""name"":""M. Zinga"",""number"":16,""pos"":""G""},{""id"":284072,""name"":""B. Dieng"",""number"":99,""pos"":""F""},{""id"":385569,""name"":""E. Biumla"",""number"":24,""pos"":""M""},{""id"":327555,""name"":""Y. Gaya"",""number"":70,""pos"":""D""}]"
1214037,95,Strasbourg,False,3-4-2-1,L. Rosenior,11,9,"[{""id"":118307,""name"":""Đ. Petrović"",""number"":1,""pos"":""G""},{""id"":161747,""name"":""G. Doué"",""number"":22,""pos"":""D""},{""id"":276184,""name"":""M. Sarr"",""number"":23,""pos"":""D""},{""id"":271542,""name"":""I. Doukouré"",""number"":29,""pos"":""D""},{""id"":129695,""name"":""D. Bakwa"",""number"":26,""pos"":""M""},{""id"":305834,""name"":""Andrey Santos"",""number"":8,""pos"":""M""},{""id"":319572,""name"":""V. Barco"",""number"":32,""pos"":""M""},{""id"":335056,""name"":""Diego Moreira"",""number"":7,""pos"":""M""},{""id"":327631,""name"":""H. Diarra"",""number"":19,""pos"":""F""},{""id"":334035,""name"":""S. Amo-Ameyaw"",""number"":27,""pos"":""F""},{""id"":325594,""name"":""F. Lemaréchal"",""number"":6,""pos"":""F""}]","[{""id"":190686,""name"":""S. Mara"",""number"":14,""pos"":""F""},{""id"":226803,""name"":""S. Nanasi"",""number"":15,""pos"":""M""},{""id"":356520,""name"":""Ó. Perea"",""number"":20,""pos"":""F""},{""id"":364810,""name"":""A. Sylla"",""number"":5,""pos"":""D""},{""id"":2850,""name"":""K. Johnsson"",""number"":30,""pos"":""G""},{""id"":415431,""name"":""S. El Mourabet"",""number"":39,""pos"":""M""},{""id"":451702,""name"":""A. Cissé"",""number"":33,""pos"":null},{""id"":2259,""name"":""E. Sobol"",""number"":77,""pos"":""D""},{""id"":358166,""name"":""A. Ouattara"",""number"":42,""pos"":""M""}]"
1214040,82,Montpellier,True,5-3-2,Z. Camara,11,9,"[{""id"":21566,""name"":""B. Lecomte"",""number"":40,""pos"":""G""},{""id"":179399,""name"":""E. Tchato"",""number"":29,""pos"":""D""},{""id"":350388,""name"":""Y. Mouanga"",""number"":47,""pos"":""D""},{""id"":999,""name"":""B. Omeragić"",""number"":27,""pos"":""D""},{""id"":333118,""name"":""L. Mincarelli"",""number"":21,""pos"":""D""},{""id"":369676,""name"":""T. Chennahi"",""number"":44,""pos"":""D""},{""id"":387120,""name"":""R. Nzingoula"",""number"":19,""pos"":""M""},{""id"":128287,""name"":""J. Chotard"",""number"":13,""pos"":""M""},{""id"":21439,""name"":""J. Ferri"",""number"":12,""pos"":""M""},{""id"":113581,""name"":""T. Coulibaly"",""number"":70,""pos"":""F""},{""id"":326088,""name"":""K. Fayad"",""number"":22,""pos"":""F""}]","[{""id"":451955,""name"":""W. Ndollo Bille"",""number"":49,""pos"":""D""},{""id"":361383,""name"":""Junior Ndiaye"",""number"":41,""pos"":""F""},{""id"":342228,""name"":""S. Džodić"",""number"":45,""pos"":""M""},{""id"":22102,""name"":""W. Khazri"",""number"":10,""pos"":""F""},{""id"":21443,""name"":""T. Savanier"",""number"":11,""pos"":""M""},{""id"":3336,""name"":""F. Sacko"",""number"":77,""pos"":""D""},{""id"":21565,""name"":""D. Bertaud"",""number"":16,""pos"":""G""},{""id"":3335,""name"":""K. Kouyaté"",""number"":4,""pos"":""D""},{""id"":193501,""name"":""B. Meïté"",""number"":2,""pos"":""D""}]"
1214040,85,Paris Saint Germain,False,3-3-1-3,Luis Enrique,11,7,"[{""id"":162473,""name"":""Arnau Tenas"",""number"":80,""pos"":""G""},{""id"":491103,""name"":""A. Tape"",""number"":48,""pos"":""D""},{""id"":307835,""name"":""Beraldo"",""number"":35,""pos"":""D""},{""id"":33,""name"":""L. Hernández"",""number"":21,""pos"":""D""},{""id"":409216,""name"":""S. Mayulu"",""number"":24,""pos"":""M""},{""id"":336657,""name"":""W. Zaïre-Emery"",""number"":33,""pos"":""M""},{""id"":927,""name"":""Lee Kang-In"",""number"":19,""pos"":""M""},{""id"":343027,""name"":""D. Doué"",""number"":14,""pos"":""M""},{""id"":446249,""name"":""I. Mbaye"",""number"":49,""pos"":""F""},{""id"":41585,""name"":""Gonçalo Ramos"",""number"":9,""pos"":""F""},{""id"":161904,""name"":""B. Barcola"",""number"":29,""pos"":""F""}]","[{""id"":493026,""name"":""N. Kamara"",""number"":43,""pos"":""D""},{""id"":386285,""name"":""Y. Zague"",""number"":42,""pos"":""D""},{""id"":483,""name"":""K. Kvaratskhelia"",""number"":7,""pos"":""F""},{""id"":493032,""name"":""W. Slama"",""number"":34,""pos"":""M""},{""id"":471107,""name"":""Q. Ndjantou"",""number"":44,""pos"":""F""},{""id"":2068,""name"":""M. Safonov"",""number"":39,""pos"":""G""},{""id"":335051,""name"":""João Neves"",""number"":87,""pos"":""M""}]"
1214043,91,Monaco,True,4-4-2,A. Hütter,11,9,"[{""id"":7313,""name"":""P. Köhn"",""number"":16,""pos"":""G""},{""id"":231,""name"":""J. Teze"",""number"":4,""pos"":""D""},{""id"":30504,""name"":""W. Singo"",""number"":17,""pos"":""D""},{""id"":261,""name"":""T. Kehrer"",""number"":5,""pos"":""D""},{""id"":10316,""name"":""Caio Henrique"",""number"":12,""pos"":""D""},{""id"":274300,""name"":""M. Akliouche"",""number"":11,""pos"":""M""},{""id"":2810,""name"":""D. Zakaria"",""number"":6,""pos"":""M""},{""id"":374058,""name"":""L. Camara"",""number"":15,""pos"":""M""},{""id"":1101,""name"":""T. Minamino"",""number"":18,""pos"":""M""},{""id"":283026,""name"":""M. Biereth"",""number"":14,""pos"":""F""},{""id"":421,""name"":""B. Embolo"",""number"":36,""pos"":""F""}]","[{""id"":291649,""name"":""Vanderson"",""number"":2,""pos"":""D""},{""id"":343320,""name"":""E. Ben Seghir"",""number"":7,""pos"":""M""},{""id"":326176,""name"":""S. Magassa"",""number"":88,""pos"":""M""},{""id"":371916,""name"":""C. Mawissa"",""number"":13,""pos"":""D""},{""id"":81,""name"":""K. Diatta"",""number"":27,""pos"":""M""},{""id"":395040,""name"":""G. Ilenikhena"",""number"":21,""pos"":""F""},{""id"":40384,""name"":""R. Majecki"",""number"":1,""pos"":""G""},{""id"":412711,""name"":""S. Bouabré"",""number"":42,""pos"":""M""},{""id"":47480,""name"":""M. Salisu"",""number"":22,""pos"":""D""}]"
1214043,80,Lyon,False,4-3-1-2,Paulo Fonseca,11,9,"[{""id"":80296,""name"":""Lucas Perri"",""number"":1,""pos"":""G""},{""id"":1456,""name"":""A. Maitland-Niles"",""number"":98,""pos"":""D""},{""id"":68,""name"":""Clinton Mata"",""number"":22,""pos"":""D""},{""id"":25916,""name"":""M. Niakhaté"",""number"":19,""pos"":""D""},{""id"":529,""name"":""N. Tagliafico"",""number"":3,""pos"":""D""},{""id"":80752,""name"":""T. Tessmann"",""number"":15,""pos"":""M""},{""id"":902,""name"":""N. Matić"",""number"":31,""pos"":""M""},{""id"":30409,""name"":""J. Veretout"",""number"":7,""pos"":""M""},{""id"":6067,""name"":""T. Almada"",""number"":23,""pos"":""M""},{""id"":1467,""name"":""A. Lacazette"",""number"":10,""pos"":""F""},{""id"":361348,""name"":""M. Fofana"",""number"":11,""pos"":""F""}]","[{""id"":1902,""name"":""D. Ćaleta-Car"",""number"":55,""pos"":""D""},{""id"":156477,""name"":""R. Cherki"",""number"":18,""pos"":""M""},{""id"":180496,""name"":""G. Mikautadze"",""number"":69,""pos"":""F""},{""id"":334914,""name"":""S. Kumbedi"",""number"":20,""pos"":""D""},{""id"":497080,""name"":""Matthias Da Silva"",""number"":33,""pos"":""G""},{""id"":9700,""name"":""Abner"",""number"":16,""pos"":""D""},{""id"":20762,""name"":""R. Descamps"",""number"":40,""pos"":""G""},{""id"":1568,""name"":""P. Akouokou"",""number"":4,""pos"":""M""},{""id"":162265,""name"":""W. Omari"",""number"":27,""pos"":""D""}]"
1214035,93,Reims,True,5-4-1,S. Diawara,11,9,"[{""id"":20566,""name"":""Y. Diouf"",""number"":94,""pos"":""G""},{""id"":420292,""name"":""H. Sekine"",""number"":3,""pos"":""D""},{""id"":19546,""name"":""C. Kipré"",""number"":21,""pos"":""D""},{""id"":71545,""name"":""J. Okumu"",""number"":2,""pos"":""D""},{""id"":156992,""name"":""M. Gbane"",""number"":24,""pos"":""D""},{""id"":47530,""name"":""Sergio Akieme"",""number"":18,""pos"":""D""},{""id"":418190,""name"":""A. Tia"",""number"":87,""pos"":""M""},{""id"":343351,""name"":""V. Atangana Edoa"",""number"":6,""pos"":""M""},{""id"":437482,""name"":""Amadou Koné"",""number"":72,""pos"":""M""},{""id"":33321,""name"":""K. Nakamura"",""number"":17,""pos"":""M""},{""id"":2219,""name"":""J. Siebatcheu"",""number"":12,""pos"":""F""}]","[{""id"":389322,""name"":""N. Sangui"",""number"":55,""pos"":""D""},{""id"":1942,""name"":""J. Ito"",""number"":7,""pos"":""F""},{""id"":386481,""name"":""M. Diakhon"",""number"":67,""pos"":""F""},{""id"":293297,""name"":""J. Patrick"",""number"":30,""pos"":""M""},{""id"":494535,""name"":""H. Ibrahim"",""number"":85,""pos"":""F""},{""id"":21080,""name"":""A. Olliero"",""number"":20,""pos"":""G""},{""id"":415089,""name"":""Gabriel Moscardo"",""number"":19,""pos"":""M""},{""id"":8451,""name"":""Aurélio Buta"",""number"":23,""pos"":""D""},{""id"":414188,""name"":""M. Jeng"",""number"":31,""pos"":""D""}]"
1214035,1063,Saint Etienne,False,4-3-3,E. Horneland,11,9,"[{""id"":20541,""name"":""G. Larsonneur"",""number"":30,""pos"":""G""},{""id"":1407,""name"":""D. Appiah"",""number"":8,""pos"":""D""},{""id"":90599,""name"":""M. Bernauer"",""number"":13,""pos"":""D""},{""id"":22087,""name"":""M. Nadé"",""number"":3,""pos"":""D""},{""id"":157146,""name"":""L. Pétrot"",""number"":19,""pos"":""D""},{""id"":174801,""name"":""A. Moueffek"",""number"":29,""pos"":""M""},{""id"":278232,""name"":""P. Ekwah"",""number"":4,""pos"":""M""},{""id"":8624,""name"":""F. Tardieu"",""number"":10,""pos"":""M""},{""id"":8683,""name"":""I. Cardona"",""number"":7,""pos"":""F""},{""id"":39248,""name"":""I. Wadji"",""number"":25,""pos"":""F""},{""id"":24743,""name"":""Z. Davitashvili"",""number"":22,""pos"":""F""}]","[{""id"":179856,""name"":""B. Old"",""number"":11,""pos"":""M""},{""id"":289555,""name"":""L. Mouton"",""number"":14,""pos"":""M""},{""id"":20648,""name"":""I. Sissoko"",""number"":9,""pos"":""F""},{""id"":2704,""name"":""Y. Abdelhamid"",""number"":5,""pos"":""D""},{""id"":20736,""name"":""B. Maubleu"",""number"":1,""pos"":""G""},{""id"":107199,""name"":""P. Cornud"",""number"":17,""pos"":""D""},{""id"":274355,""name"":""B. Bouchouari"",""number"":6,""pos"":""M""},{""id"":489911,""name"":""D. N'Guessan"",""number"":63,""pos"":""F""},{""id"":8445,""name"":""D. Batubinsika"",""number"":21,""pos"":""D""}]"
1214039,94,Rennes,True,4-3-3,H. Beye,11,9,"[{""id"":21628,""name"":""B. Samba"",""number"":1,""pos"":""G""},{""id"":367636,""name"":""J. Jacquet"",""number"":97,""pos"":""D""},{""id"":129681,""name"":""A. Rouault"",""number"":24,""pos"":""D""},{""id"":126757,""name"":""L. Brassier"",""number"":5,""pos"":""D""},{""id"":162267,""name"":""A. Truffert"",""number"":3,""pos"":""D""},{""id"":37236,""name"":""A. Matusiwa"",""number"":6,""pos"":""M""},{""id"":343792,""name"":""D. Cissé"",""number"":38,""pos"":""M""},{""id"":328046,""name"":""I. Koné"",""number"":90,""pos"":""M""},{""id"":15286,""name"":""Mousa Al Ta'mari"",""number"":11,""pos"":""F""},{""id"":147831,""name"":""A. Kalimuendo"",""number"":9,""pos"":""F""},{""id"":21497,""name"":""L. Blas"",""number"":10,""pos"":""F""}]","[{""id"":180731,""name"":""L. Assignon"",""number"":22,""pos"":""D""},{""id"":30807,""name"":""S. Fofana"",""number"":8,""pos"":""M""},{""id"":328074,""name"":""J. James"",""number"":17,""pos"":""M""},{""id"":449662,""name"":""M. Meïté"",""number"":62,""pos"":""F""},{""id"":1897,""name"":""S. Mandanda"",""number"":30,""pos"":""G""},{""id"":345748,""name"":""C. Gómez"",""number"":20,""pos"":""F""},{""id"":438281,""name"":""A. Nagida"",""number"":18,""pos"":""D""},{""id"":33253,""name"":""K. Furuhashi"",""number"":7,""pos"":""F""},{""id"":20916,""name"":""C. Wooh"",""number"":4,""pos"":""D""}]"
1214039,84,Nice,False,3-5-2,F. Haise,11,9,"[{""id"":2274,""name"":""M. Bułka"",""number"":1,""pos"":""G""},{""id"":313937,""name"":""A. Mendy"",""number"":33,""pos"":""D""},{""id"":407017,""name"":""M. Bombito"",""number"":64,""pos"":""D""},{""id"":162465,""name"":""M. Bard"",""number"":26,""pos"":""D""},{""id"":25008,""name"":""J. Clauss"",""number"":92,""pos"":""M""},{""id"":4399,""name"":""H. Boudaoui"",""number"":6,""pos"":""M""},{""id"":240,""name"":""P. Rosario"",""number"":8,""pos"":""M""},{""id"":1914,""name"":""M. Sanson"",""number"":11,""pos"":""M""},{""id"":49583,""name"":""A. Abdi"",""number"":2,""pos"":""M""},{""id"":334879,""name"":""B. Bouanani"",""number"":19,""pos"":""F""},{""id"":137303,""name"":""E. Guessand"",""number"":29,""pos"":""F""}]","[{""id"":21592,""name"":""G. Laborde"",""number"":24,""pos"":""F""},{""id"":22163,""name"":""Dante"",""number"":4,""pos"":""D""},{""id"":30531,""name"":""J. Boga"",""number"":7,""pos"":""F""},{""id"":193617,""name"":""T. Louchet"",""number"":20,""pos"":""M""},{""id"":107,""name"":""S. Diop"",""number"":10,""pos"":""M""},{""id"":274312,""name"":""M. Cho"",""number"":25,""pos"":""F""},{""id"":21079,""name"":""M. Dupé"",""number"":31,""pos"":""G""},{""id"":69971,""name"":""T. Moffi"",""number"":9,""pos"":""F""},{""id"":161919,""name"":""Y. Moukoko"",""number"":15,""pos"":""F""}]"
1214041,96,Toulouse,True,3-4-2-1,Carles Martínez,11,9,"[{""id"":325346,""name"":""G. Restes"",""number"":50,""pos"":""G""},{""id"":102,""name"":""D. Sidibé"",""number"":19,""pos"":""D""},{""id"":50735,""name"":""M. McKenzie"",""number"":3,""pos"":""D""},{""id"":412759,""name"":""J. Canvot"",""number"":29,""pos"":""D""},{""id"":39115,""name"":""A. Dønnum"",""number"":15,""pos"":""M""},{""id"":50956,""name"":""C. Cásseres"",""number"":23,""pos"":""M""},{""id"":48491,""name"":""V. Sierro"",""number"":8,""pos"":""M""},{""id"":264383,""name"":""W. Kamanzi"",""number"":12,""pos"":""M""},{""id"":84128,""name"":""Y. Gboho"",""number"":10,""pos"":""F""},{""id"":18881,""name"":""J. King"",""number"":13,""pos"":""F""},{""id"":174724,""name"":""F. Magri"",""number"":9,""pos"":""F""}]","[{""id"":11421,""name"":""G. Suazo"",""number"":17,""pos"":""D""},{""id"":243,""name"":""Z. Aboukhlal"",""number"":7,""pos"":""F""},{""id"":334952,""name"":""R. Messali"",""number"":22,""pos"":""M""},{""id"":367637,""name"":""Ü. Akdağ"",""number"":6,""pos"":""D""},{""id"":366572,""name"":""E. Zuliani"",""number"":37,""pos"":""M""},{""id"":461463,""name"":""M. Saka"",""number"":39,""pos"":""M""},{""id"":39104,""name"":""K. Haug"",""number"":16,""pos"":""G""},{""id"":1369,""name"":""M. Zajc"",""number"":21,""pos"":""M""},{""id"":328648,""name"":""S. Babicka"",""number"":80,""pos"":""F""}]"
1214041,116,Lens,False,5-4-1,W. Still,11,9,"[{""id"":2741,""name"":""M. Ryan"",""number"":30,""pos"":""G""},{""id"":326976,""name"":""T. Pouilly"",""number"":34,""pos"":""D""},{""id"":21635,""name"":""J. Gradit"",""number"":24,""pos"":""D""},{""id"":449509,""name"":""J. Bah"",""number"":27,""pos"":""D""},{""id"":6231,""name"":""F. Medina"",""number"":14,""pos"":""D""},{""id"":2483,""name"":""D. Machado"",""number"":3,""pos"":""D""},{""id"":22261,""name"":""A. Thomasson"",""number"":28,""pos"":""M""},{""id"":18785,""name"":""N. Mendy"",""number"":26,""pos"":""M""},{""id"":277003,""name"":""N. El Aynaoui"",""number"":23,""pos"":""M""},{""id"":270509,""name"":""A. Diouf"",""number"":18,""pos"":""M""},{""id"":20817,""name"":""G. Koyalipou"",""number"":19,""pos"":""F""}]","[{""id"":129169,""name"":""A. Zaroury"",""number"":21,""pos"":""F""},{""id"":195512,""name"":""M. Satriano"",""number"":9,""pos"":""F""},{""id"":20761,""name"":""F. Sotoca"",""number"":7,""pos"":""F""},{""id"":21715,""name"":""W. Saïd"",""number"":22,""pos"":""F""},{""id"":21146,""name"":""A. Fulgini"",""number"":11,""pos"":""M""},{""id"":369499,""name"":""R. Karolewicz"",""number"":40,""pos"":""G""},{""id"":497661,""name"":""I. Jourdren"",""number"":60,""pos"":""G""},{""id"":395589,""name"":""N. Čelik"",""number"":4,""pos"":""D""},{""id"":22166,""name"":""M. Sarr"",""number"":20,""pos"":""D""}]"
1214042,106,Stade Brestois 29,True,4-3-3,E. Roy,11,8,"[{""id"":36878,""name"":""M. Bizot"",""number"":40,""pos"":""G""},{""id"":22247,""name"":""K. Lala"",""number"":7,""pos"":""D""},{""id"":30405,""name"":""E. Fernandes"",""number"":6,""pos"":""D""},{""id"":203483,""name"":""A. Ndiaye"",""number"":3,""pos"":""D""},{""id"":3333,""name"":""M. Haïdara"",""number"":22,""pos"":""D""},{""id"":24147,""name"":""M. Camara"",""number"":45,""pos"":""M""},{""id"":20558,""name"":""H. Magnetti"",""number"":8,""pos"":""M""},{""id"":326068,""name"":""K. Doumbia"",""number"":9,""pos"":""M""},{""id"":2214,""name"":""R. Del Castillo"",""number"":10,""pos"":""F""},{""id"":22264,""name"":""L. Ajorque"",""number"":19,""pos"":""F""},{""id"":20780,""name"":""Mathias Pereira Lage"",""number"":26,""pos"":""F""}]","[{""id"":277191,""name"":""A. Sima"",""number"":17,""pos"":""F""},{""id"":274267,""name"":""B. Locko"",""number"":2,""pos"":""D""},{""id"":22258,""name"":""J. Martin"",""number"":28,""pos"":""M""},{""id"":449153,""name"":""H. Makalou"",""number"":33,""pos"":""M""},{""id"":422595,""name"":""L. Zogbé"",""number"":12,""pos"":""D""},{""id"":498791,""name"":""R. Le Guen"",""number"":36,""pos"":""D""},{""id"":375000,""name"":""I. Salah"",""number"":34,""pos"":""F""},{""id"":21248,""name"":""G. Coudert"",""number"":30,""pos"":""G""}]"
1214042,79,Lille,False,4-4-2,B. Génésio,11,8,"[{""id"":162453,""name"":""L. Chevalier"",""number"":30,""pos"":""G""},{""id"":264,""name"":""T. Meunier"",""number"":12,""pos"":""D""},{""id"":1567,""name"":""A. Mandi"",""number"":2,""pos"":""D""},{""id"":142691,""name"":""Alexsandro Ribeiro"",""number"":4,""pos"":""D""},{""id"":679,""name"":""Ismaily"",""number"":31,""pos"":""D""},{""id"":530,""name"":""M. Bakker"",""number"":20,""pos"":""M""},{""id"":375598,""name"":""N. Mukau"",""number"":17,""pos"":""M""},{""id"":409,""name"":""N. Bentaleb"",""number"":6,""pos"":""M""},{""id"":67889,""name"":""H. Haraldsson"",""number"":7,""pos"":""M""},{""id"":340077,""name"":""M. Fernandez-Pardo"",""number"":19,""pos"":null},{""id"":8489,""name"":""J. David"",""number"":9,""pos"":""F""}]","[{""id"":2380,""name"":""C. Akpom"",""number"":24,""pos"":""F""},{""id"":22093,""name"":""R. Cabella"",""number"":10,""pos"":""M""},{""id"":99576,""name"":""O. Sahraoui"",""number"":11,""pos"":""F""},{""id"":438688,""name"":""A. Bouaddi"",""number"":32,""pos"":""M""},{""id"":47969,""name"":""G. Gudmundsson"",""number"":5,""pos"":""D""},{""id"":139,""name"":""S. Umtiti"",""number"":14,""pos"":""D""},{""id"":51146,""name"":""V. Mannone"",""number"":1,""pos"":""G""},{""id"":896,""name"":""A. Gomes"",""number"":8,""pos"":""M""}]"
1214036,108,Auxerre,True,5-4-1,C. Pélissier,11,9,"[{""id"":20542,""name"":""D. Léon"",""number"":16,""pos"":""G""},{""id"":285,""name"":""K. Hoever"",""number"":23,""pos"":""D""},{""id"":162466,""name"":""S. Diomandé"",""number"":20,""pos"":""D""},{""id"":41300,""name"":""Jubal"",""number"":4,""pos"":""D""},{""id"":191189,""name"":""C. Akpa"",""number"":92,""pos"":""D""},{""id"":7578,""name"":""G. Mensah"",""number"":14,""pos"":""D""},{""id"":20732,""name"":""G. Perrin"",""number"":10,""pos"":""M""},{""id"":110,""name"":""H. Massengo"",""number"":80,""pos"":""M""},{""id"":21010,""name"":""E. Owusu"",""number"":42,""pos"":""M""},{""id"":31057,""name"":""H. Traoré"",""number"":25,""pos"":""M""},{""id"":90617,""name"":""L. Sinayoko"",""number"":17,""pos"":""F""}]","[{""id"":30748,""name"":""A. Dioussé"",""number"":18,""pos"":""M""},{""id"":20782,""name"":""F. Ayé"",""number"":19,""pos"":""F""},{""id"":191392,""name"":""P. Joly"",""number"":26,""pos"":""D""},{""id"":51293,""name"":""T. Bair"",""number"":9,""pos"":""F""},{""id"":32940,""name"":""A. Onaiwu"",""number"":45,""pos"":""F""},{""id"":215827,""name"":""F. Oppegård"",""number"":12,""pos"":""D""},{""id"":496896,""name"":""R. Matondo"",""number"":34,""pos"":""M""},{""id"":20206,""name"":""G. Osho"",""number"":3,""pos"":""D""},{""id"":193681,""name"":""T. De Percin"",""number"":40,""pos"":""G""}]"
1214036,83,Nantes,False,5-3-2,A. Kombouare,11,9,"[{""id"":647,""name"":""Anthony Lopes"",""number"":16,""pos"":""G""},{""id"":18599,""name"":""S. Thomas"",""number"":22,""pos"":""D""},{""id"":20545,""name"":""J. Castelletto"",""number"":21,""pos"":""D""},{""id"":343359,""name"":""N. Zézé"",""number"":44,""pos"":""D""},{""id"":21088,""name"":""N. Pallois"",""number"":4,""pos"":""D""},{""id"":20654,""name"":""F. Centonze"",""number"":18,""pos"":""D""},{""id"":924,""name"":""F. Coquelin"",""number"":13,""pos"":""M""},{""id"":93671,""name"":""Pedro Chirivella"",""number"":5,""pos"":""M""},{""id"":10036,""name"":""Douglas Augusto"",""number"":6,""pos"":""M""},{""id"":161622,""name"":""M. Abline"",""number"":39,""pos"":""F""},{""id"":2781,""name"":""M. Simon"",""number"":27,""pos"":""F""}]","[{""id"":2668,""name"":""Mostafa Mohamed"",""number"":31,""pos"":""F""},{""id"":443674,""name"":""L. Leroux"",""number"":66,""pos"":""M""},{""id"":22134,""name"":""K. Amian"",""number"":98,""pos"":""D""},{""id"":443676,""name"":""H. Guirassy"",""number"":62,""pos"":""F""},{""id"":21498,""name"":""M. Coco"",""number"":11,""pos"":""F""},{""id"":349636,""name"":""A. Mahamoud"",""number"":54,""pos"":""F""},{""id"":193952,""name"":""J. Lepenant"",""number"":8,""pos"":""M""},{""id"":388779,""name"":""D. Assoumani"",""number"":59,""pos"":""M""},{""id"":15684,""name"":""P. Carlgren"",""number"":30,""pos"":""G""}]"
1214038,111,Le Havre,True,4-3-3,D. Digard,11,9,"[{""id"":646,""name"":""M. Gorgelin"",""number"":1,""pos"":""G""},{""id"":2336,""name"":""L. Nego"",""number"":7,""pos"":""D""},{""id"":162443,""name"":""É. Youté"",""number"":6,""pos"":""D""},{""id"":174927,""name"":""A. Sangante"",""number"":93,""pos"":""D""},{""id"":105,""name"":""F. Ballo-Touré"",""number"":97,""pos"":""D""},{""id"":174937,""name"":""Y. Kechta"",""number"":8,""pos"":""M""},{""id"":282549,""name"":""J. Mwanga"",""number"":23,""pos"":""M""},{""id"":21103,""name"":""A. Touré"",""number"":94,""pos"":""M""},{""id"":174915,""name"":""J. Casimir"",""number"":10,""pos"":""F""},{""id"":1370,""name"":""A. Ayew"",""number"":28,""pos"":""F""},{""id"":156465,""name"":""I. Soumaré"",""number"":45,""pos"":""F""}]","[{""id"":162067,""name"":""T. Pembélé"",""number"":32,""pos"":""D""},{""id"":23637,""name"":""Y. Zouaoui"",""number"":18,""pos"":""D""},{""id"":289304,""name"":""A. Joujou"",""number"":21,""pos"":""F""},{""id"":386284,""name"":""M. Diawara"",""number"":34,""pos"":""M""},{""id"":64255,""name"":""G. Lloris"",""number"":4,""pos"":""D""},{""id"":1212,""name"":""D. Kuzyaev"",""number"":14,""pos"":""M""},{""id"":386275,""name"":""I. Housni"",""number"":46,""pos"":""F""},{""id"":355048,""name"":""Hernani Mendes Vaz"",""number"":33,""pos"":""F""},{""id"":24011,""name"":""A. Desmas"",""number"":30,""pos"":""G""}]"
1214038,81,Marseille,False,4-2-3-1,R. De Zerbi,11,9,"[{""id"":47296,""name"":""G. Rulli"",""number"":1,""pos"":""G""},{""id"":2973,""name"":""M. Murillo"",""number"":62,""pos"":""D""},{""id"":6,""name"":""L. Balerdi"",""number"":5,""pos"":""D""},{""id"":51295,""name"":""D. Cornelius"",""number"":13,""pos"":""D""},{""id"":943,""name"":""U. Garcia"",""number"":6,""pos"":""D""},{""id"":21102,""name"":""V. Rongier"",""number"":21,""pos"":""M""},{""id"":2735,""name"":""P. Højbjerg"",""number"":23,""pos"":""M""},{""id"":897,""name"":""M. Greenwood"",""number"":10,""pos"":""M""},{""id"":272,""name"":""A. Rabiot"",""number"":25,""pos"":""M""},{""id"":278095,""name"":""J. Rowe"",""number"":17,""pos"":""M""},{""id"":85041,""name"":""A. Gouiri"",""number"":9,""pos"":""F""}]","[{""id"":10077,""name"":""Luis Henrique"",""number"":44,""pos"":""F""},{""id"":272460,""name"":""Q. Merlin"",""number"":3,""pos"":""D""},{""id"":1847,""name"":""Luiz Felipe"",""number"":4,""pos"":""D""},{""id"":30525,""name"":""Pol Lirola"",""number"":29,""pos"":""D""},{""id"":19364,""name"":""N. Maupay"",""number"":8,""pos"":""F""},{""id"":412,""name"":""A. Harit"",""number"":11,""pos"":""M""},{""id"":7318,""name"":""A. Dedić"",""number"":77,""pos"":""D""},{""id"":283216,""name"":""B. Nadir"",""number"":26,""pos"":""M""},{""id"":36827,""name"":""J. de Lange"",""number"":12,""pos"":""G""}]"
1214048,79,Lille,True,4-2-3-1,B. Génésio,11,9,"[{""id"":162453,""name"":""L. Chevalier"",""number"":30,""pos"":""G""},{""id"":264,""name"":""T. Meunier"",""number"":12,""pos"":""D""},{""id"":22136,""name"":""B. Diakité"",""number"":18,""pos"":""D""},{""id"":142691,""name"":""Alexsandro Ribeiro"",""number"":4,""pos"":""D""},{""id"":47969,""name"":""G. Gudmundsson"",""number"":5,""pos"":""D""},{""id"":438688,""name"":""A. Bouaddi"",""number"":32,""pos"":""M""},{""id"":2204,""name"":""B. André"",""number"":21,""pos"":""M""},{""id"":22093,""name"":""R. Cabella"",""number"":10,""pos"":""M""},{""id"":67889,""name"":""H. Haraldsson"",""number"":7,""pos"":""M""},{""id"":340077,""name"":""M. Fernandez-Pardo"",""number"":19,""pos"":null},{""id"":8489,""name"":""J. David"",""number"":9,""pos"":""F""}]","[{""id"":2380,""name"":""C. Akpom"",""number"":24,""pos"":""F""},{""id"":99576,""name"":""O. Sahraoui"",""number"":11,""pos"":""F""},{""id"":375598,""name"":""N. Mukau"",""number"":17,""pos"":""M""},{""id"":1567,""name"":""A. Mandi"",""number"":2,""pos"":""D""},{""id"":139,""name"":""S. Umtiti"",""number"":14,""pos"":""D""},{""id"":530,""name"":""M. Bakker"",""number"":20,""pos"":""D""},{""id"":896,""name"":""A. Gomes"",""number"":8,""pos"":""M""},{""id"":21483,""name"":""M. Caillard"",""number"":16,""pos"":""G""},{""id"":51146,""name"":""V. Mannone"",""number"":1,""pos"":""G""}]"
1214048,93,Reims,False,5-4-1,S. Diawara,11,9,"[{""id"":20566,""name"":""Y. Diouf"",""number"":94,""pos"":""G""},{""id"":8451,""name"":""Aurélio Buta"",""number"":23,""pos"":""D""},{""id"":420292,""name"":""H. Sekine"",""number"":3,""pos"":""D""},{""id"":71545,""name"":""J. Okumu"",""number"":2,""pos"":""D""},{""id"":19546,""name"":""C. Kipré"",""number"":21,""pos"":""D""},{""id"":47530,""name"":""Sergio Akieme"",""number"":18,""pos"":""D""},{""id"":1942,""name"":""J. Ito"",""number"":7,""pos"":""M""},{""id"":437482,""name"":""Amadou Koné"",""number"":72,""pos"":""M""},{""id"":156992,""name"":""M. Gbane"",""number"":24,""pos"":""M""},{""id"":343351,""name"":""V. Atangana Edoa"",""number"":6,""pos"":""M""},{""id"":2219,""name"":""J. Siebatcheu"",""number"":12,""pos"":""F""}]","[{""id"":418190,""name"":""A. Tia"",""number"":87,""pos"":""M""},{""id"":494535,""name"":""H. Ibrahim"",""number"":85,""pos"":""F""},{""id"":389322,""name"":""N. Sangui"",""number"":55,""pos"":""D""},{""id"":293297,""name"":""J. Patrick"",""number"":30,""pos"":""M""},{""id"":334429,""name"":""O. Diakité"",""number"":22,""pos"":""F""},{""id"":442929,""name"":""Abdoul Koné"",""number"":92,""pos"":""D""},{""id"":414188,""name"":""M. Jeng"",""number"":31,""pos"":""D""},{""id"":415089,""name"":""Gabriel Moscardo"",""number"":19,""pos"":""M""},{""id"":21080,""name"":""A. Olliero"",""number"":20,""pos"":""G""}]"
1214045,80,Lyon,True,4-2-3-1,Paulo Fonseca,11,9,"[{""id"":80296,""name"":""Lucas Perri"",""number"":1,""pos"":""G""},{""id"":1456,""name"":""A. Maitland-Niles"",""number"":98,""pos"":""D""},{""id"":1902,""name"":""D. Ćaleta-Car"",""number"":55,""pos"":""D""},{""id"":25916,""name"":""M. Niakhaté"",""number"":19,""pos"":""D""},{""id"":529,""name"":""N. Tagliafico"",""number"":3,""pos"":""D""},{""id"":80752,""name"":""T. Tessmann"",""number"":15,""pos"":""M""},{""id"":30409,""name"":""J. Veretout"",""number"":7,""pos"":""M""},{""id"":156477,""name"":""R. Cherki"",""number"":18,""pos"":""M""},{""id"":6067,""name"":""T. Almada"",""number"":23,""pos"":""M""},{""id"":361348,""name"":""M. Fofana"",""number"":11,""pos"":""M""},{""id"":1467,""name"":""A. Lacazette"",""number"":10,""pos"":""F""}]","[{""id"":902,""name"":""N. Matić"",""number"":31,""pos"":""M""},{""id"":519,""name"":""C. Tolisso"",""number"":8,""pos"":""M""},{""id"":180496,""name"":""G. Mikautadze"",""number"":69,""pos"":""F""},{""id"":353482,""name"":""T. Barišić"",""number"":41,""pos"":""D""},{""id"":9700,""name"":""Abner"",""number"":16,""pos"":""D""},{""id"":392671,""name"":""L. Diarra"",""number"":50,""pos"":""G""},{""id"":334914,""name"":""S. Kumbedi"",""number"":20,""pos"":""D""},{""id"":1568,""name"":""P. Akouokou"",""number"":4,""pos"":""M""},{""id"":20762,""name"":""R. Descamps"",""number"":40,""pos"":""G""}]"
1214045,77,Angers,False,4-5-1,A. Dujeux,11,8,"[{""id"":174973,""name"":""M. Zinga"",""number"":16,""pos"":""G""},{""id"":20850,""name"":""C. Arcus"",""number"":2,""pos"":""D""},{""id"":271540,""name"":""O. Camara"",""number"":29,""pos"":""D""},{""id"":21381,""name"":""J. Lefort"",""number"":21,""pos"":""D""},{""id"":41146,""name"":""F. Hanin"",""number"":26,""pos"":""D""},{""id"":174660,""name"":""L. Raolisoa"",""number"":27,""pos"":""M""},{""id"":174723,""name"":""Z. Ould Khaled"",""number"":12,""pos"":""M""},{""id"":425207,""name"":""M. Courcoul"",""number"":5,""pos"":""M""},{""id"":20692,""name"":""H. Abdelli"",""number"":10,""pos"":""M""},{""id"":343609,""name"":""J. Ekomié"",""number"":3,""pos"":""M""},{""id"":163004,""name"":""E. Lepaul"",""number"":19,""pos"":""F""}]","[{""id"":327702,""name"":""E. Caumont"",""number"":38,""pos"":""M""},{""id"":3177,""name"":""F. El Melali"",""number"":28,""pos"":""F""},{""id"":385569,""name"":""E. Biumla"",""number"":24,""pos"":""M""},{""id"":403277,""name"":""L. Machine"",""number"":34,""pos"":""F""},{""id"":457541,""name"":""P. Peter"",""number"":35,""pos"":""F""},{""id"":3379,""name"":""C. Hountondji"",""number"":22,""pos"":""D""},{""id"":64190,""name"":""Y. Fofana"",""number"":30,""pos"":""G""},{""id"":327555,""name"":""Y. Gaya"",""number"":70,""pos"":""D""}]"
1214044,81,Marseille,True,4-3-3,R. De Zerbi,11,9,"[{""id"":47296,""name"":""G. Rulli"",""number"":1,""pos"":""G""},{""id"":2973,""name"":""M. Murillo"",""number"":62,""pos"":""D""},{""id"":1847,""name"":""Luiz Felipe"",""number"":4,""pos"":""D""},{""id"":6,""name"":""L. Balerdi"",""number"":5,""pos"":""D""},{""id"":272460,""name"":""Q. Merlin"",""number"":3,""pos"":""D""},{""id"":3173,""name"":""I. Bennacer"",""number"":22,""pos"":""M""},{""id"":2735,""name"":""P. Højbjerg"",""number"":23,""pos"":""M""},{""id"":272,""name"":""A. Rabiot"",""number"":25,""pos"":""M""},{""id"":897,""name"":""M. Greenwood"",""number"":10,""pos"":""F""},{""id"":85041,""name"":""A. Gouiri"",""number"":9,""pos"":""F""},{""id"":278095,""name"":""J. Rowe"",""number"":17,""pos"":""F""}]","[{""id"":30525,""name"":""Pol Lirola"",""number"":29,""pos"":""D""},{""id"":7318,""name"":""A. Dedić"",""number"":77,""pos"":""D""},{""id"":283216,""name"":""B. Nadir"",""number"":26,""pos"":""M""},{""id"":412,""name"":""A. Harit"",""number"":11,""pos"":""M""},{""id"":19364,""name"":""N. Maupay"",""number"":8,""pos"":""F""},{""id"":10077,""name"":""Luis Henrique"",""number"":44,""pos"":""F""},{""id"":51295,""name"":""D. Cornelius"",""number"":13,""pos"":""D""},{""id"":943,""name"":""U. Garcia"",""number"":6,""pos"":""D""},{""id"":36827,""name"":""J. de Lange"",""number"":12,""pos"":""G""}]"
1214044,94,Rennes,False,4-1-4-1,H. Beye,11,9,"[{""id"":21628,""name"":""B. Samba"",""number"":1,""pos"":""G""},{""id"":367636,""name"":""J. Jacquet"",""number"":97,""pos"":""D""},{""id"":129681,""name"":""A. Rouault"",""number"":24,""pos"":""D""},{""id"":126757,""name"":""L. Brassier"",""number"":5,""pos"":""D""},{""id"":162267,""name"":""A. Truffert"",""number"":3,""pos"":""D""},{""id"":343792,""name"":""D. Cissé"",""number"":38,""pos"":""M""},{""id"":180731,""name"":""L. Assignon"",""number"":22,""pos"":""M""},{""id"":37236,""name"":""A. Matusiwa"",""number"":6,""pos"":""M""},{""id"":328046,""name"":""I. Koné"",""number"":90,""pos"":""M""},{""id"":21497,""name"":""L. Blas"",""number"":10,""pos"":""M""},{""id"":147831,""name"":""A. Kalimuendo"",""number"":9,""pos"":""F""}]","[{""id"":345748,""name"":""C. Gómez"",""number"":20,""pos"":""F""},{""id"":30807,""name"":""S. Fofana"",""number"":8,""pos"":""M""},{""id"":328074,""name"":""J. James"",""number"":17,""pos"":""M""},{""id"":167659,""name"":""K. Olaigbe"",""number"":19,""pos"":""F""},{""id"":1897,""name"":""S. Mandanda"",""number"":30,""pos"":""G""},{""id"":449662,""name"":""M. Meïté"",""number"":62,""pos"":""F""},{""id"":30423,""name"":""H. Hateboer"",""number"":33,""pos"":""M""},{""id"":438281,""name"":""A. Nagida"",""number"":18,""pos"":""D""},{""id"":33253,""name"":""K. Furuhashi"",""number"":7,""pos"":""F""}]"
1214050,83,Nantes,True,3-5-2,A. Kombouare,11,9,"[{""id"":647,""name"":""Anthony Lopes"",""number"":16,""pos"":""G""},{""id"":22134,""name"":""K. Amian"",""number"":98,""pos"":""D""},{""id"":20545,""name"":""J. Castelletto"",""number"":21,""pos"":""D""},{""id"":21088,""name"":""N. Pallois"",""number"":4,""pos"":""D""},{""id"":18599,""name"":""S. Thomas"",""number"":22,""pos"":""M""},{""id"":924,""name"":""F. Coquelin"",""number"":13,""pos"":""M""},{""id"":93671,""name"":""Pedro Chirivella"",""number"":5,""pos"":""M""},{""id"":10036,""name"":""Douglas Augusto"",""number"":6,""pos"":""M""},{""id"":443674,""name"":""L. Leroux"",""number"":66,""pos"":""M""},{""id"":161622,""name"":""M. Abline"",""number"":39,""pos"":""F""},{""id"":2781,""name"":""M. Simon"",""number"":27,""pos"":""F""}]","[{""id"":193952,""name"":""J. Lepenant"",""number"":8,""pos"":""M""},{""id"":20654,""name"":""F. Centonze"",""number"":18,""pos"":""D""},{""id"":343359,""name"":""N. Zézé"",""number"":44,""pos"":""D""},{""id"":443676,""name"":""H. Guirassy"",""number"":62,""pos"":""F""},{""id"":388779,""name"":""D. Assoumani"",""number"":59,""pos"":""M""},{""id"":21498,""name"":""M. Coco"",""number"":11,""pos"":""F""},{""id"":21570,""name"":""N. Cozza"",""number"":3,""pos"":""D""},{""id"":15684,""name"":""P. Carlgren"",""number"":30,""pos"":""G""},{""id"":3034,""name"":""M. Elia"",""number"":17,""pos"":""F""}]"
1214050,82,Montpellier,False,5-3-2,Z. Camara,11,7,"[{""id"":21565,""name"":""D. Bertaud"",""number"":16,""pos"":""G""},{""id"":179399,""name"":""E. Tchato"",""number"":29,""pos"":""D""},{""id"":350388,""name"":""Y. Mouanga"",""number"":47,""pos"":""D""},{""id"":999,""name"":""B. Omeragić"",""number"":27,""pos"":""D""},{""id"":333118,""name"":""L. Mincarelli"",""number"":21,""pos"":""D""},{""id"":369676,""name"":""T. Chennahi"",""number"":44,""pos"":""D""},{""id"":128287,""name"":""J. Chotard"",""number"":13,""pos"":""M""},{""id"":21439,""name"":""J. Ferri"",""number"":12,""pos"":""M""},{""id"":21443,""name"":""T. Savanier"",""number"":11,""pos"":""M""},{""id"":361383,""name"":""Junior Ndiaye"",""number"":41,""pos"":""F""},{""id"":113581,""name"":""T. Coulibaly"",""number"":70,""pos"":""F""}]","[{""id"":451955,""name"":""W. Ndollo Bille"",""number"":49,""pos"":""D""},{""id"":20661,""name"":""M. Sagnan"",""number"":5,""pos"":""D""},{""id"":342228,""name"":""S. Džodić"",""number"":45,""pos"":""M""},{""id"":193501,""name"":""B. Meïté"",""number"":2,""pos"":""D""},{""id"":21566,""name"":""B. Lecomte"",""number"":40,""pos"":""G""},{""id"":22138,""name"":""C. Jullien"",""number"":6,""pos"":""D""},{""id"":3335,""name"":""K. Kouyaté"",""number"":4,""pos"":""D""}]"
1214046,84,Nice,True,3-4-2-1,F. Haise,11,9,"[{""id"":2274,""name"":""M. Bułka"",""number"":1,""pos"":""G""},{""id"":313937,""name"":""A. Mendy"",""number"":33,""pos"":""D""},{""id"":407017,""name"":""M. Bombito"",""number"":64,""pos"":""D""},{""id"":22163,""name"":""Dante"",""number"":4,""pos"":""D""},{""id"":25008,""name"":""J. Clauss"",""number"":92,""pos"":""M""},{""id"":4399,""name"":""H. Boudaoui"",""number"":6,""pos"":""M""},{""id"":21153,""name"":""B. Santamaría"",""number"":28,""pos"":""M""},{""id"":162465,""name"":""M. Bard"",""number"":26,""pos"":""M""},{""id"":334879,""name"":""B. Bouanani"",""number"":19,""pos"":""F""},{""id"":137303,""name"":""E. Guessand"",""number"":29,""pos"":""F""},{""id"":21592,""name"":""G. Laborde"",""number"":24,""pos"":""F""}]","[{""id"":107,""name"":""S. Diop"",""number"":10,""pos"":""M""},{""id"":193617,""name"":""T. Louchet"",""number"":20,""pos"":""M""},{""id"":1914,""name"":""M. Sanson"",""number"":11,""pos"":""M""},{""id"":69971,""name"":""T. Moffi"",""number"":9,""pos"":""F""},{""id"":49583,""name"":""A. Abdi"",""number"":2,""pos"":""D""},{""id"":30531,""name"":""J. Boga"",""number"":7,""pos"":""F""},{""id"":274312,""name"":""M. Cho"",""number"":25,""pos"":""F""},{""id"":161919,""name"":""Y. Moukoko"",""number"":15,""pos"":""F""},{""id"":21079,""name"":""M. Dupé"",""number"":31,""pos"":""G""}]"
1214046,106,Stade Brestois 29,False,4-3-1-2,E. Roy,11,9,"[{""id"":36878,""name"":""M. Bizot"",""number"":40,""pos"":""G""},{""id"":22247,""name"":""K. Lala"",""number"":7,""pos"":""D""},{""id"":30405,""name"":""E. Fernandes"",""number"":6,""pos"":""D""},{""id"":203483,""name"":""A. Ndiaye"",""number"":3,""pos"":""D""},{""id"":274267,""name"":""B. Locko"",""number"":2,""pos"":""D""},{""id"":24147,""name"":""M. Camara"",""number"":45,""pos"":""M""},{""id"":22170,""name"":""P. Lees-Melou"",""number"":20,""pos"":""M""},{""id"":20558,""name"":""H. Magnetti"",""number"":8,""pos"":""M""},{""id"":326068,""name"":""K. Doumbia"",""number"":9,""pos"":""M""},{""id"":22264,""name"":""L. Ajorque"",""number"":19,""pos"":""F""},{""id"":20780,""name"":""Mathias Pereira Lage"",""number"":26,""pos"":""F""}]","[{""id"":2214,""name"":""R. Del Castillo"",""number"":10,""pos"":""M""},{""id"":277191,""name"":""A. Sima"",""number"":17,""pos"":""F""},{""id"":3333,""name"":""M. Haïdara"",""number"":22,""pos"":""D""},{""id"":449153,""name"":""H. Makalou"",""number"":33,""pos"":""M""},{""id"":41323,""name"":""Mama Baldé"",""number"":14,""pos"":""F""},{""id"":20546,""name"":""B. Chardonnet"",""number"":5,""pos"":""D""},{""id"":21248,""name"":""G. Coudert"",""number"":30,""pos"":""G""},{""id"":375000,""name"":""I. Salah"",""number"":34,""pos"":""F""},{""id"":422595,""name"":""L. Zogbé"",""number"":12,""pos"":""D""}]"
1214052,85,Paris Saint Germain,True,4-3-3,Luis Enrique,11,9,"[{""id"":1622,""name"":""G. Donnarumma"",""number"":1,""pos"":""G""},{""id"":9,""name"":""A. Hakimi"",""number"":2,""pos"":""D""},{""id"":257,""name"":""Marquinhos"",""number"":5,""pos"":""D""},{""id"":16367,""name"":""W. Pacho"",""number"":51,""pos"":""D""},{""id"":263482,""name"":""Nuno Mendes"",""number"":25,""pos"":""D""},{""id"":335051,""name"":""João Neves"",""number"":87,""pos"":""M""},{""id"":128384,""name"":""Vitinha"",""number"":17,""pos"":""M""},{""id"":328,""name"":""Fabián Ruiz"",""number"":8,""pos"":""M""},{""id"":483,""name"":""K. Kvaratskhelia"",""number"":7,""pos"":""F""},{""id"":153,""name"":""O. Dembélé"",""number"":10,""pos"":""F""},{""id"":161904,""name"":""B. Barcola"",""number"":29,""pos"":""F""}]","[{""id"":343027,""name"":""D. Doué"",""number"":14,""pos"":""F""},{""id"":409216,""name"":""S. Mayulu"",""number"":24,""pos"":""M""},{""id"":336657,""name"":""W. Zaïre-Emery"",""number"":33,""pos"":""M""},{""id"":307835,""name"":""Beraldo"",""number"":35,""pos"":""D""},{""id"":41585,""name"":""Gonçalo Ramos"",""number"":9,""pos"":""F""},{""id"":2068,""name"":""M. Safonov"",""number"":39,""pos"":""G""},{""id"":927,""name"":""Lee Kang-In"",""number"":19,""pos"":""M""},{""id"":33,""name"":""L. Hernández"",""number"":21,""pos"":""D""},{""id"":446249,""name"":""I. Mbaye"",""number"":49,""pos"":""F""}]"
1214052,108,Auxerre,False,5-4-1,C. Pélissier,11,9,"[{""id"":20542,""name"":""D. Léon"",""number"":16,""pos"":""G""},{""id"":191392,""name"":""P. Joly"",""number"":26,""pos"":""D""},{""id"":162466,""name"":""S. Diomandé"",""number"":20,""pos"":""D""},{""id"":20206,""name"":""G. Osho"",""number"":3,""pos"":""D""},{""id"":191189,""name"":""C. Akpa"",""number"":92,""pos"":""D""},{""id"":7578,""name"":""G. Mensah"",""number"":14,""pos"":""D""},{""id"":20732,""name"":""G. Perrin"",""number"":10,""pos"":""M""},{""id"":21010,""name"":""E. Owusu"",""number"":42,""pos"":""M""},{""id"":110,""name"":""H. Massengo"",""number"":80,""pos"":""M""},{""id"":31057,""name"":""H. Traoré"",""number"":25,""pos"":""M""},{""id"":90617,""name"":""L. Sinayoko"",""number"":17,""pos"":""F""}]","[{""id"":215827,""name"":""F. Oppegård"",""number"":12,""pos"":""D""},{""id"":32940,""name"":""A. Onaiwu"",""number"":45,""pos"":""F""},{""id"":20782,""name"":""F. Ayé"",""number"":19,""pos"":""F""},{""id"":30748,""name"":""A. Dioussé"",""number"":18,""pos"":""M""},{""id"":322595,""name"":""L. Coulibaly"",""number"":21,""pos"":""M""},{""id"":345532,""name"":""A. N’Gatta"",""number"":24,""pos"":""D""},{""id"":51293,""name"":""T. Bair"",""number"":9,""pos"":""F""},{""id"":193681,""name"":""T. De Percin"",""number"":40,""pos"":""G""},{""id"":402542,""name"":""T. Siwe"",""number"":13,""pos"":""D""}]"
1214049,95,Strasbourg,True,3-4-2-1,L. Rosenior,11,9,"[{""id"":118307,""name"":""Đ. Petrović"",""number"":1,""pos"":""G""},{""id"":161747,""name"":""G. Doué"",""number"":22,""pos"":""D""},{""id"":276184,""name"":""M. Sarr"",""number"":23,""pos"":""D""},{""id"":271542,""name"":""I. Doukouré"",""number"":29,""pos"":""D""},{""id"":129695,""name"":""D. Bakwa"",""number"":26,""pos"":""M""},{""id"":305834,""name"":""Andrey Santos"",""number"":8,""pos"":""M""},{""id"":319572,""name"":""V. Barco"",""number"":32,""pos"":""M""},{""id"":335056,""name"":""D. Moreira"",""number"":7,""pos"":""M""},{""id"":325594,""name"":""F. Lemaréchal"",""number"":6,""pos"":""F""},{""id"":226803,""name"":""S. Nanasi"",""number"":15,""pos"":""F""},{""id"":190686,""name"":""S. Mara"",""number"":14,""pos"":""F""}]","[{""id"":327631,""name"":""H. Diarra"",""number"":19,""pos"":""M""},{""id"":334035,""name"":""S. Amo-Ameyaw"",""number"":27,""pos"":""F""},{""id"":358166,""name"":""A. Ouattara"",""number"":42,""pos"":""M""},{""id"":147835,""name"":""A. Omobamidele"",""number"":2,""pos"":""D""},{""id"":2850,""name"":""K. Johnsson"",""number"":30,""pos"":""G""},{""id"":451702,""name"":""A. Cissé"",""number"":33,""pos"":null},{""id"":2259,""name"":""E. Sobol"",""number"":77,""pos"":""D""},{""id"":364810,""name"":""A. Sylla"",""number"":5,""pos"":""D""},{""id"":415431,""name"":""S. El Mourabet"",""number"":39,""pos"":""M""}]"
1214049,111,Le Havre,False,3-4-3,D. Digard,11,9,"[{""id"":646,""name"":""M. Gorgelin"",""number"":1,""pos"":""G""},{""id"":174927,""name"":""A. Sangante"",""number"":93,""pos"":""D""},{""id"":162443,""name"":""É. Youté"",""number"":6,""pos"":""D""},{""id"":64255,""name"":""G. Lloris"",""number"":4,""pos"":""D""},{""id"":2336,""name"":""L. Nego"",""number"":7,""pos"":""M""},{""id"":174937,""name"":""Y. Kechta"",""number"":8,""pos"":""M""},{""id"":21103,""name"":""A. Touré"",""number"":94,""pos"":""M""},{""id"":105,""name"":""F. Ballo-Touré"",""number"":97,""pos"":""M""},{""id"":174915,""name"":""J. Casimir"",""number"":10,""pos"":""F""},{""id"":1370,""name"":""A. Ayew"",""number"":28,""pos"":""F""},{""id"":156465,""name"":""I. Soumaré"",""number"":45,""pos"":""F""}]","[{""id"":162067,""name"":""T. Pembélé"",""number"":32,""pos"":""D""},{""id"":1617,""name"":""Koka"",""number"":99,""pos"":""F""},{""id"":386284,""name"":""M. Diawara"",""number"":34,""pos"":""M""},{""id"":289304,""name"":""A. Joujou"",""number"":21,""pos"":""F""},{""id"":128342,""name"":""R. Ndiaye"",""number"":19,""pos"":""M""},{""id"":1212,""name"":""D. Kuzyaev"",""number"":14,""pos"":""M""},{""id"":23637,""name"":""Y. Zouaoui"",""number"":18,""pos"":""D""},{""id"":513415,""name"":""S. Zagadou"",""number"":33,""pos"":""D""},{""id"":24011,""name"":""A. Desmas"",""number"":30,""pos"":""G""}]"
1214051,116,Lens,True,3-1-4-2,W. Still,11,9,"[{""id"":2741,""name"":""M. Ryan"",""number"":30,""pos"":""G""},{""id"":21635,""name"":""J. Gradit"",""number"":24,""pos"":""D""},{""id"":449509,""name"":""J. Bah"",""number"":27,""pos"":""D""},{""id"":6231,""name"":""F. Medina"",""number"":14,""pos"":""D""},{""id"":18785,""name"":""N. Mendy"",""number"":26,""pos"":""M""},{""id"":21568,""name"":""R. Aguilar"",""number"":2,""pos"":""M""},{""id"":22261,""name"":""A. Thomasson"",""number"":28,""pos"":""M""},{""id"":277003,""name"":""N. El Aynaoui"",""number"":23,""pos"":""M""},{""id"":129169,""name"":""A. Zaroury"",""number"":21,""pos"":""M""},{""id"":20817,""name"":""G. Koyalipou"",""number"":19,""pos"":""F""},{""id"":270509,""name"":""A. Diouf"",""number"":18,""pos"":""F""}]","[{""id"":20761,""name"":""F. Sotoca"",""number"":7,""pos"":""F""},{""id"":326976,""name"":""T. Pouilly"",""number"":34,""pos"":""M""},{""id"":195512,""name"":""M. Satriano"",""number"":9,""pos"":""F""},{""id"":21715,""name"":""W. Saïd"",""number"":22,""pos"":""F""},{""id"":22166,""name"":""M. Sarr"",""number"":20,""pos"":""D""},{""id"":22220,""name"":""H. Koffi"",""number"":16,""pos"":""G""},{""id"":21146,""name"":""A. Fulgini"",""number"":11,""pos"":""M""},{""id"":395589,""name"":""N. Čelik"",""number"":4,""pos"":""D""},{""id"":369499,""name"":""R. Karolewicz"",""number"":40,""pos"":""G""}]"
1214051,91,Monaco,False,4-2-3-1,A. Hütter,11,9,"[{""id"":7313,""name"":""P. Köhn"",""number"":16,""pos"":""G""},{""id"":231,""name"":""J. Teze"",""number"":4,""pos"":""D""},{""id"":30504,""name"":""W. Singo"",""number"":17,""pos"":""D""},{""id"":371916,""name"":""C. Mawissa"",""number"":13,""pos"":""D""},{""id"":10316,""name"":""Caio Henrique"",""number"":12,""pos"":""D""},{""id"":374058,""name"":""L. Camara"",""number"":15,""pos"":""M""},{""id"":326176,""name"":""S. Magassa"",""number"":88,""pos"":""M""},{""id"":81,""name"":""K. Diatta"",""number"":27,""pos"":""M""},{""id"":1101,""name"":""T. Minamino"",""number"":18,""pos"":""M""},{""id"":343320,""name"":""E. Ben Seghir"",""number"":7,""pos"":""M""},{""id"":395040,""name"":""G. Ilenikhena"",""number"":21,""pos"":""F""}]","[{""id"":291649,""name"":""Vanderson"",""number"":2,""pos"":""D""},{""id"":412711,""name"":""S. Bouabré"",""number"":42,""pos"":""M""},{""id"":343319,""name"":""L. Michal"",""number"":41,""pos"":""F""},{""id"":274300,""name"":""M. Akliouche"",""number"":11,""pos"":""M""},{""id"":2810,""name"":""D. Zakaria"",""number"":6,""pos"":""M""},{""id"":283026,""name"":""M. Biereth"",""number"":14,""pos"":""F""},{""id"":421,""name"":""B. Embolo"",""number"":36,""pos"":""F""},{""id"":40384,""name"":""R. Majecki"",""number"":1,""pos"":""G""},{""id"":261,""name"":""T. Kehrer"",""number"":5,""pos"":""D""}]"
1214047,1063,Saint Etienne,True,4-3-3,E. Horneland,11,9,"[{""id"":20541,""name"":""G. Larsonneur"",""number"":30,""pos"":""G""},{""id"":1407,""name"":""D. Appiah"",""number"":8,""pos"":""D""},{""id"":90599,""name"":""M. Bernauer"",""number"":13,""pos"":""D""},{""id"":22087,""name"":""M. Nadé"",""number"":3,""pos"":""D""},{""id"":157146,""name"":""L. Pétrot"",""number"":19,""pos"":""D""},{""id"":174801,""name"":""A. Moueffek"",""number"":29,""pos"":""M""},{""id"":278232,""name"":""P. Ekwah"",""number"":4,""pos"":""M""},{""id"":8624,""name"":""F. Tardieu"",""number"":10,""pos"":""M""},{""id"":8683,""name"":""I. Cardona"",""number"":7,""pos"":""F""},{""id"":39248,""name"":""I. Wadji"",""number"":25,""pos"":""F""},{""id"":24743,""name"":""Z. Davitashvili"",""number"":22,""pos"":""F""}]","[{""id"":274355,""name"":""B. Bouchouari"",""number"":6,""pos"":""M""},{""id"":8445,""name"":""D. Batubinsika"",""number"":21,""pos"":""D""},{""id"":179856,""name"":""B. Old"",""number"":11,""pos"":""M""},{""id"":489911,""name"":""D. N'Guessan"",""number"":63,""pos"":""F""},{""id"":363053,""name"":""I. Miladinović"",""number"":28,""pos"":""M""},{""id"":20736,""name"":""B. Maubleu"",""number"":1,""pos"":""G""},{""id"":107199,""name"":""P. Cornud"",""number"":17,""pos"":""D""},{""id"":2704,""name"":""Y. Abdelhamid"",""number"":5,""pos"":""D""},{""id"":289555,""name"":""L. Mouton"",""number"":14,""pos"":""M""}]"
1214047,96,Toulouse,False,3-4-3,Carles Martínez,11,9,"[{""id"":325346,""name"":""G. Restes"",""number"":50,""pos"":""G""},{""id"":412759,""name"":""J. Canvot"",""number"":29,""pos"":""D""},{""id"":278392,""name"":""C. Cresswell"",""number"":4,""pos"":""D""},{""id"":50735,""name"":""M. McKenzie"",""number"":3,""pos"":""D""},{""id"":102,""name"":""D. Sidibé"",""number"":19,""pos"":""M""},{""id"":50956,""name"":""C. Cásseres"",""number"":23,""pos"":""M""},{""id"":48491,""name"":""V. Sierro"",""number"":8,""pos"":""M""},{""id"":264383,""name"":""W. Kamanzi"",""number"":12,""pos"":""M""},{""id"":84128,""name"":""Y. Gboho"",""number"":10,""pos"":""F""},{""id"":174724,""name"":""F. Magri"",""number"":9,""pos"":""F""},{""id"":18881,""name"":""J. King"",""number"":13,""pos"":""F""}]","[{""id"":243,""name"":""Z. Aboukhlal"",""number"":7,""pos"":""F""},{""id"":334952,""name"":""R. Messali"",""number"":22,""pos"":""M""},{""id"":367637,""name"":""Ü. Akdağ"",""number"":6,""pos"":""D""},{""id"":328648,""name"":""S. Babicka"",""number"":80,""pos"":""F""},{""id"":39104,""name"":""K. Haug"",""number"":16,""pos"":""G""},{""id"":366572,""name"":""E. Zuliani"",""number"":37,""pos"":""M""},{""id"":430816,""name"":""N. Edjouma"",""number"":31,""pos"":""F""},{""id"":461463,""name"":""M. Saka"",""number"":39,""pos"":""M""},{""id"":1369,""name"":""M. Zajc"",""number"":21,""pos"":""M""}]"
1375858,112,Metz,True,4-4-2,S. Le Mignan,11,9,"[{""id"":403878,""name"":""P. Sy"",""number"":61,""pos"":""G""},{""id"":96331,""name"":""K. Kouao"",""number"":39,""pos"":""D""},{""id"":428084,""name"":""S. Sané"",""number"":38,""pos"":""D""},{""id"":378353,""name"":""M. Mboula"",""number"":4,""pos"":""D""},{""id"":20525,""name"":""M. Udol"",""number"":3,""pos"":""D""},{""id"":87267,""name"":""K. Van Den Kerkhof"",""number"":22,""pos"":""M""},{""id"":407,""name"":""B. Stambouli"",""number"":21,""pos"":""M""},{""id"":21640,""name"":""J. Deminguet"",""number"":20,""pos"":""M""},{""id"":336180,""name"":""M. Bokele Mputu"",""number"":19,""pos"":""M""},{""id"":20529,""name"":""G. Hein"",""number"":7,""pos"":""F""},{""id"":20534,""name"":""C. Sabaly"",""number"":14,""pos"":""F""}]","[{""id"":434410,""name"":""I. Gueye"",""number"":18,""pos"":""F""},{""id"":403889,""name"":""P. Diallo"",""number"":10,""pos"":""F""},{""id"":434352,""name"":""A. Touré"",""number"":12,""pos"":""M""},{""id"":20530,""name"":""A. Jallow"",""number"":36,""pos"":""M""},{""id"":3237,""name"":""I. Traoré"",""number"":8,""pos"":""D""},{""id"":19518,""name"":""M. Colin"",""number"":2,""pos"":""D""},{""id"":20519,""name"":""A. Oukidja"",""number"":16,""pos"":""G""},{""id"":408870,""name"":""I. Sané"",""number"":9,""pos"":""F""},{""id"":327548,""name"":""J. Nduquidi"",""number"":6,""pos"":""M""}]"
1375858,93,Reims,False,4-4-2,S. Diawara,11,9,"[{""id"":20566,""name"":""Y. Diouf"",""number"":94,""pos"":""G""},{""id"":420292,""name"":""H. Sekine"",""number"":3,""pos"":""D""},{""id"":71545,""name"":""J. Okumu"",""number"":2,""pos"":""D""},{""id"":19546,""name"":""C. Kipré"",""number"":21,""pos"":""D""},{""id"":47530,""name"":""Sergio Akieme"",""number"":18,""pos"":""D""},{""id"":293297,""name"":""J. Patrick"",""number"":30,""pos"":""M""},{""id"":156992,""name"":""M. Gbane"",""number"":24,""pos"":""M""},{""id"":343351,""name"":""V. Atangana Edoa"",""number"":6,""pos"":""M""},{""id"":33321,""name"":""K. Nakamura"",""number"":17,""pos"":""M""},{""id"":2219,""name"":""J. Siebatcheu"",""number"":12,""pos"":""F""},{""id"":418190,""name"":""A. Tia"",""number"":87,""pos"":""F""}]","[{""id"":334429,""name"":""O. Diakité"",""number"":22,""pos"":""F""},{""id"":437482,""name"":""Amadou Koné"",""number"":72,""pos"":""M""},{""id"":415089,""name"":""Gabriel Moscardo"",""number"":19,""pos"":""M""},{""id"":494535,""name"":""H. Ibrahim"",""number"":85,""pos"":""F""},{""id"":389322,""name"":""N. Sangui"",""number"":55,""pos"":""D""},{""id"":442929,""name"":""Abdoul Koné"",""number"":92,""pos"":""D""},{""id"":394934,""name"":""I. Orazi"",""number"":73,""pos"":""F""},{""id"":414188,""name"":""M. Jeng"",""number"":31,""pos"":""D""},{""id"":21080,""name"":""A. Olliero"",""number"":20,""pos"":""G""}]"
1375859,93,Reims,True,4-4-2,S. Diawara,11,9,"[{""id"":20566,""name"":""Y. Diouf"",""number"":94,""pos"":""G""},{""id"":8451,""name"":""Aurélio Buta"",""number"":23,""pos"":""D""},{""id"":71545,""name"":""J. Okumu"",""number"":2,""pos"":""D""},{""id"":19546,""name"":""C. Kipré"",""number"":21,""pos"":""D""},{""id"":47530,""name"":""Sergio Akieme"",""number"":18,""pos"":""D""},{""id"":1942,""name"":""J. Ito"",""number"":7,""pos"":""M""},{""id"":156992,""name"":""M. Gbane"",""number"":24,""pos"":""M""},{""id"":437482,""name"":""Amadou Koné"",""number"":72,""pos"":""M""},{""id"":33321,""name"":""K. Nakamura"",""number"":17,""pos"":""M""},{""id"":334429,""name"":""O. Diakité"",""number"":22,""pos"":""F""},{""id"":418190,""name"":""A. Tia"",""number"":87,""pos"":""F""}]","[{""id"":343351,""name"":""V. Atangana Edoa"",""number"":6,""pos"":""M""},{""id"":386481,""name"":""M. Diakhon"",""number"":67,""pos"":""F""},{""id"":2219,""name"":""J. Siebatcheu"",""number"":12,""pos"":""F""},{""id"":420292,""name"":""H. Sekine"",""number"":3,""pos"":""D""},{""id"":293297,""name"":""J. Patrick"",""number"":30,""pos"":""M""},{""id"":389322,""name"":""N. Sangui"",""number"":55,""pos"":""D""},{""id"":494535,""name"":""H. Ibrahim"",""number"":85,""pos"":""F""},{""id"":21080,""name"":""A. Olliero"",""number"":20,""pos"":""G""},{""id"":414188,""name"":""M. Jeng"",""number"":31,""pos"":""D""}]"
1375859,112,Metz,False,4-1-4-1,S. Le Mignan,11,9,"[{""id"":403878,""name"":""P. Sy"",""number"":61,""pos"":""G""},{""id"":96331,""name"":""K. Kouao"",""number"":39,""pos"":""D""},{""id"":428084,""name"":""S. Sané"",""number"":38,""pos"":""D""},{""id"":378353,""name"":""M. Mboula"",""number"":4,""pos"":""D""},{""id"":20525,""name"":""M. Udol"",""number"":3,""pos"":""D""},{""id"":407,""name"":""B. Stambouli"",""number"":21,""pos"":""M""},{""id"":87267,""name"":""K. Van Den Kerkhof"",""number"":22,""pos"":""M""},{""id"":20529,""name"":""G. Hein"",""number"":7,""pos"":""M""},{""id"":21640,""name"":""J. Deminguet"",""number"":20,""pos"":""M""},{""id"":336180,""name"":""M. Bokele Mputu"",""number"":19,""pos"":""M""},{""id"":20534,""name"":""C. Sabaly"",""number"":14,""pos"":""F""}]","[{""id"":434352,""name"":""A. Touré"",""number"":12,""pos"":""M""},{""id"":403889,""name"":""P. Diallo"",""number"":10,""pos"":""F""},{""id"":434410,""name"":""I. Gueye"",""number"":18,""pos"":""F""},{""id"":20530,""name"":""A. Jallow"",""number"":36,""pos"":""M""},{""id"":19518,""name"":""M. Colin"",""number"":2,""pos"":""D""},{""id"":20519,""name"":""A. Oukidja"",""number"":16,""pos"":""G""},{""id"":3237,""name"":""I. Traoré"",""number"":8,""pos"":""D""},{""id"":327548,""name"":""J. Nduquidi"",""number"":6,""pos"":""M""},{""id"":408870,""name"":""I. Sané"",""number"":9,""pos"":""F""}]"
