fixture_id,league_id,season,team_id,team_name,player_id,player_name,type,reason,date
1213754,61,2024,111,LE Havre,339633,A. Logbo,Missing Fixture,Knee Injury,2024-08-16T18:45:00+00:00
1213754,61,2024,85,Paris Saint Germain,33,L. Hernandez,Missing Fixture,Knee Injury,2024-08-16T18:45:00+00:00
1213754,61,2024,85,Paris Saint Germain,262,P. Kimpembe,Missing Fixture,Convalescence,2024-08-16T18:45:00+00:00
1213754,61,2024,85,Paris Saint Germain,263482,N. Mendes,Missing Fixture,Yellow Cards,2024-08-16T18:45:00+00:00
1213747,61,2024,106,Stade Brestois 29,20558,H. Magnetti,Missing Fixture,Yellow Cards,2024-08-17T15:00:00+00:00
1213747,61,2024,106,Stade Brestois 29,203483,A. Ndiaye,Missing Fixture,Suspended,2024-08-17T15:00:00+00:00
1213747,61,2024,81,Marseille,126757,L. Brassier,Missing Fixture,Yellow Cards,2024-08-17T15:00:00+00:00
1213747,61,2024,81,Marseille,341646,V. Carboni,Missing Fixture,Injury,2024-08-17T15:00:00+00:00
1213747,61,2024,81,Marseille,926,G. Kondogbia,Missing Fixture,Yellow Cards,2024-08-17T15:00:00+00:00
1213747,61,2024,81,Marseille,328046,I. Kone,Missing Fixture,Injury,2024-08-17T15:00:00+00:00
1213747,61,2024,81,Marseille,283216,B. Nadir,Missing Fixture,Knee Injury,2024-08-17T15:00:00+00:00
1213747,61,2024,81,Marseille,129678,A. Ounahi,Missing Fixture,Coach's decision,2024-08-17T15:00:00+00:00
1213752,61,2024,93,Reims,1300,M. Daramy,Missing Fixture,Knee Injury,2024-08-17T17:00:00+00:00
1213752,61,2024,93,Reims,8966,T. Teuma,Missing Fixture,Yellow Cards,2024-08-17T17:00:00+00:00
1213752,61,2024,93,Reims,352990,A. Salama,Questionable,Injury,2024-08-17T17:00:00+00:00
1213752,61,2024,79,Lille,2204,B. Andre,Missing Fixture,Yellow Cards,2024-08-17T17:00:00+00:00
1213752,61,2024,79,Lille,409,N. Bentaleb,Missing Fixture,Illness,2024-08-17T17:00:00+00:00
1213752,61,2024,79,Lille,139,S. Umtiti,Missing Fixture,Knee Injury,2024-08-17T17:00:00+00:00
1213752,61,2024,79,Lille,21233,A. Zedadka,Missing Fixture,Injury,2024-08-17T17:00:00+00:00
1213752,61,2024,79,Lille,48392,E. Zhegrova,Missing Fixture,Red Card,2024-08-17T17:00:00+00:00
1213751,61,2024,91,Monaco,419035,M. Coulibaly,Missing Fixture,Knee Injury,2024-08-17T19:00:00+00:00
1213751,61,2024,91,Monaco,30504,W. Singo,Missing Fixture,Yellow Cards,2024-08-17T19:00:00+00:00
1213751,61,2024,1063,Saint Etienne,24284,Y. Macon,Missing Fixture,Yellow Cards,2024-08-17T19:00:00+00:00
1213753,61,2024,108,Auxerre,129671,S. Agouzoul,Missing Fixture,Yellow Cards,2024-08-18T13:00:00+00:00
1213753,61,2024,84,Nice,162465,M. Bard,Missing Fixture,Red Card,2024-08-18T13:00:00+00:00
1213753,61,2024,84,Nice,30531,J. Boga,Missing Fixture,Thigh Injury,2024-08-18T13:00:00+00:00
1213753,61,2024,84,Nice,107,S. Diop,Missing Fixture,Injury,2024-08-18T13:00:00+00:00
1213753,61,2024,84,Nice,69971,T. Moffi,Missing Fixture,Knee Injury,2024-08-18T13:00:00+00:00
1213750,61,2024,77,Angers,21618,J. Allevinah,Missing Fixture,Injury,2024-08-18T15:00:00+00:00
1213750,61,2024,77,Angers,271540,O. Camara,Missing Fixture,Suspended,2024-08-18T15:00:00+00:00
1213750,61,2024,77,Angers,3177,F. El Melali,Missing Fixture,Injury,2024-08-18T15:00:00+00:00
1213750,61,2024,77,Angers,405074,J. Kalumba,Missing Fixture,Injury,2024-08-18T15:00:00+00:00
1213750,61,2024,116,Lens,128987,S. Abdul Samed,Missing Fixture,Injury,2024-08-18T15:00:00+00:00
1213750,61,2024,116,Lens,20633,J. Cabot,Missing Fixture,Injury,2024-08-18T15:00:00+00:00
1213750,61,2024,116,Lens,277003,N. El Aynaoui,Missing Fixture,Knee Injury,2024-08-18T15:00:00+00:00
1213750,61,2024,116,Lens,31318,M. Nzola,Missing Fixture,Injury,2024-08-18T15:00:00+00:00
1213750,61,2024,116,Lens,36868,S. Spierings,Missing Fixture,Injury,2024-08-18T15:00:00+00:00
1213748,61,2024,82,Montpellier,355076,A. Gueguin,Missing Fixture,Injury,2024-08-18T15:00:00+00:00
1213748,61,2024,82,Montpellier,22138,C. Jullien,Missing Fixture,Knee Injury,2024-08-18T15:00:00+00:00
1213748,61,2024,82,Montpellier,22102,W. Khazri,Missing Fixture,Yellow Cards,2024-08-18T15:00:00+00:00
1213748,61,2024,95,Strasbourg,305834,Andrey Santos,Missing Fixture,Yellow Cards,2024-08-18T15:00:00+00:00
1213755,61,2024,94,Rennes,50104,D. Alemdar,Missing Fixture,Knee Injury,2024-08-18T18:45:00+00:00
1213755,61,2024,80,Lyon,1467,A. Lacazette,Missing Fixture,Yellow Cards,2024-08-18T18:45:00+00:00
1213755,61,2024,80,Lyon,529,N. Tagliafico,Missing Fixture,Suspended,2024-08-18T18:45:00+00:00
1213756,61,2024,85,Paris Saint Germain,258,J. Bernat,Missing Fixture,Coach's decision,2024-08-23T18:45:00+00:00
1213756,61,2024,85,Paris Saint Germain,33,L. Hernandez,Missing Fixture,Knee Injury,2024-08-23T18:45:00+00:00
1213756,61,2024,85,Paris Saint Germain,262,P. Kimpembe,Missing Fixture,Convalescence,2024-08-23T18:45:00+00:00
1213756,61,2024,85,Paris Saint Germain,1146,N. Mukiele,Missing Fixture,Coach's decision,2024-08-23T18:45:00+00:00
1213756,61,2024,85,Paris Saint Germain,381,D. Pereira,Missing Fixture,Coach's decision,2024-08-23T18:45:00+00:00
1213756,61,2024,85,Paris Saint Germain,41585,G. Ramos,Missing Fixture,Ankle Injury,2024-08-23T18:45:00+00:00
1213756,61,2024,85,Paris Saint Germain,198,M. Skriniar,Missing Fixture,Coach's decision,2024-08-23T18:45:00+00:00
1213756,61,2024,85,Paris Saint Germain,930,C. Soler,Missing Fixture,Coach's decision,2024-08-23T18:45:00+00:00
1213756,61,2024,82,Montpellier,355076,A. Gueguin,Missing Fixture,Injury,2024-08-23T18:45:00+00:00
1213756,61,2024,82,Montpellier,22138,C. Jullien,Missing Fixture,Knee Injury,2024-08-23T18:45:00+00:00
1213763,61,2024,91,Monaco,419035,M. Coulibaly,Missing Fixture,Knee Injury,2024-08-24T15:00:00+00:00
1213763,61,2024,91,Monaco,374361,E. Diop,Missing Fixture,Broken Leg,2024-08-24T15:00:00+00:00
1213760,61,2024,79,Lille,409,N. Bentaleb,Missing Fixture,Illness,2024-08-24T17:00:00+00:00
1213760,61,2024,79,Lille,896,A. Gomes,Missing Fixture,Knock,2024-08-24T17:00:00+00:00
1213760,61,2024,79,Lille,679,Ismaily,Missing Fixture,Injury,2024-08-24T17:00:00+00:00
1213760,61,2024,79,Lille,139,S. Umtiti,Missing Fixture,Knee Injury,2024-08-24T17:00:00+00:00
1213760,61,2024,79,Lille,21233,A. Zedadka,Missing Fixture,Injury,2024-08-24T17:00:00+00:00
1213760,61,2024,79,Lille,48392,E. Zhegrova,Missing Fixture,Red Card,2024-08-24T17:00:00+00:00
1213760,61,2024,77,Angers,21618,J. Allevinah,Missing Fixture,Injury,2024-08-24T17:00:00+00:00
1213760,61,2024,77,Angers,405074,J. Kalumba,Missing Fixture,Injury,2024-08-24T17:00:00+00:00
1213759,61,2024,111,LE Havre,339633,A. Logbo,Missing Fixture,Knee Injury,2024-08-24T19:00:00+00:00
1213762,61,2024,116,Lens,128987,S. Abdul Samed,Missing Fixture,Injury,2024-08-25T13:00:00+00:00
1213762,61,2024,116,Lens,20633,J. Cabot,Missing Fixture,Injury,2024-08-25T13:00:00+00:00
1213762,61,2024,116,Lens,277003,N. El Aynaoui,Missing Fixture,Knee Injury,2024-08-25T13:00:00+00:00
1213762,61,2024,116,Lens,36868,S. Spierings,Missing Fixture,Injury,2024-08-25T13:00:00+00:00
1213762,61,2024,106,Stade Brestois 29,274267,B. Locko,Missing Fixture,Achilles Tendon Injury,2024-08-25T13:00:00+00:00
1213758,61,2024,83,Nantes,20654,F. Centonze,Missing Fixture,Injury,2024-08-25T15:00:00+00:00
1213758,61,2024,83,Nantes,22177,I. Ganago,Missing Fixture,Injury,2024-08-25T15:00:00+00:00
1213758,61,2024,83,Nantes,349636,A. Mahamoud,Missing Fixture,Injury,2024-08-25T15:00:00+00:00
1213758,61,2024,83,Nantes,21582,F. Mollet,Missing Fixture,Injury,2024-08-25T15:00:00+00:00
1213758,61,2024,108,Auxerre,129671,S. Agouzoul,Missing Fixture,Injury,2024-08-25T15:00:00+00:00
1213758,61,2024,108,Auxerre,191189,C. Akpa,Missing Fixture,Injury,2024-08-25T15:00:00+00:00
1213758,61,2024,108,Auxerre,191151,O. Camara,Missing Fixture,Injury,2024-08-25T15:00:00+00:00
1213758,61,2024,108,Auxerre,7578,G. Mensah,Missing Fixture,Injury,2024-08-25T15:00:00+00:00
1213758,61,2024,108,Auxerre,345532,A. L. N'Gatta,Missing Fixture,Injury,2024-08-25T15:00:00+00:00
1213761,61,2024,84,Nice,30531,J. Boga,Missing Fixture,Thigh Injury,2024-08-25T15:00:00+00:00
1213761,61,2024,84,Nice,107,S. Diop,Missing Fixture,Injury,2024-08-25T15:00:00+00:00
1213761,61,2024,84,Nice,21592,G. Laborde,Missing Fixture,Injury,2024-08-25T15:00:00+00:00
1213761,61,2024,84,Nice,69971,T. Moffi,Missing Fixture,Knee Injury,2024-08-25T15:00:00+00:00
1213757,61,2024,95,Strasbourg,20521,T. Delaine,Missing Fixture,Injury,2024-08-25T15:00:00+00:00
1213757,61,2024,95,Strasbourg,309920,M. S. Dion,Missing Fixture,Injury,2024-08-25T15:00:00+00:00
1213757,61,2024,95,Strasbourg,346700,M. Lukovic,Missing Fixture,Injury,2024-08-25T15:00:00+00:00
1213757,61,2024,94,Rennes,50104,D. Alemdar,Missing Fixture,Knee Injury,2024-08-25T15:00:00+00:00
1213764,61,2024,81,Marseille,328046,I. Kone,Missing Fixture,Injury,2024-08-25T18:45:00+00:00
1213764,61,2024,81,Marseille,283216,B. Nadir,Missing Fixture,Knee Injury,2024-08-25T18:45:00+00:00
1213764,61,2024,81,Marseille,102447,F. Moumbagna,Questionable,Knee Injury,2024-08-25T18:45:00+00:00
1213764,61,2024,93,Reims,1300,M. Daramy,Missing Fixture,Knee Injury,2024-08-25T18:45:00+00:00
1213764,61,2024,93,Reims,442929,A. Kone,Missing Fixture,Muscle Injury,2024-08-25T18:45:00+00:00
1213766,61,2024,80,Lyon,350856,E. Nuamah,Missing Fixture,Injury,2024-08-30T18:45:00+00:00
1213766,61,2024,80,Lyon,529,N. Tagliafico,Missing Fixture,Calf Injury,2024-08-30T18:45:00+00:00
1213766,61,2024,95,Strasbourg,20521,T. Delaine,Missing Fixture,Injury,2024-08-30T18:45:00+00:00
1213766,61,2024,95,Strasbourg,309920,M. S. Dion,Missing Fixture,Injury,2024-08-30T18:45:00+00:00
1213766,61,2024,95,Strasbourg,346700,M. Lukovic,Missing Fixture,Injury,2024-08-30T18:45:00+00:00
1213767,61,2024,106,Stade Brestois 29,274267,B. Locko,Missing Fixture,Achilles Tendon Injury,2024-08-31T15:00:00+00:00
1213767,61,2024,106,Stade Brestois 29,203483,A. Ndiaye,Missing Fixture,Suspended,2024-08-31T15:00:00+00:00
1213767,61,2024,1063,Saint Etienne,293130,M. Bentayg,Missing Fixture,Injury,2024-08-31T15:00:00+00:00
1213767,61,2024,1063,Saint Etienne,21438,A. Briancon,Missing Fixture,Knee Injury,2024-08-31T15:00:00+00:00
1213768,61,2024,82,Montpellier,355076,A. Gueguin,Missing Fixture,Injury,2024-08-31T17:00:00+00:00
1213768,61,2024,82,Montpellier,22138,C. Jullien,Missing Fixture,Knee Injury,2024-08-31T17:00:00+00:00
1213768,61,2024,82,Montpellier,3335,K. Kouyate,Missing Fixture,Injury,2024-08-31T17:00:00+00:00
1213768,61,2024,82,Montpellier,333118,L. Mincarelli,Missing Fixture,Knee Injury,2024-08-31T17:00:00+00:00
1213768,61,2024,82,Montpellier,22097,A. Nordin,Missing Fixture,Yellow Cards,2024-08-31T17:00:00+00:00
1213768,61,2024,82,Montpellier,21434,T. Sainte-Luce,Missing Fixture,Injury,2024-08-31T17:00:00+00:00
1213768,61,2024,83,Nantes,20545,J. Castelletto,Missing Fixture,Injury,2024-08-31T17:00:00+00:00
1213768,61,2024,83,Nantes,20654,F. Centonze,Missing Fixture,Knee Injury,2024-08-31T17:00:00+00:00
1213768,61,2024,83,Nantes,22177,I. Ganago,Missing Fixture,Injury,2024-08-31T17:00:00+00:00
1213768,61,2024,83,Nantes,349636,A. Mahamoud,Missing Fixture,Injury,2024-08-31T17:00:00+00:00
1213768,61,2024,83,Nantes,21582,F. Mollet,Missing Fixture,Injury,2024-08-31T17:00:00+00:00
1213773,61,2024,81,Marseille,328046,I. Kone,Missing Fixture,Injury,2024-08-31T19:00:00+00:00
1213773,61,2024,81,Marseille,283216,B. Nadir,Missing Fixture,Knee Injury,2024-08-31T19:00:00+00:00
1213773,61,2024,81,Marseille,102447,F. Moumbagna,Questionable,Knee Injury,2024-08-31T19:00:00+00:00
1213770,61,2024,91,Monaco,374058,L. Camara,Missing Fixture,Red Card,2024-09-01T13:00:00+00:00
1213770,61,2024,91,Monaco,419035,M. Coulibaly,Missing Fixture,Knee Injury,2024-09-01T13:00:00+00:00
1213770,61,2024,91,Monaco,374361,E. Diop,Missing Fixture,Broken Leg,2024-09-01T13:00:00+00:00
1213770,61,2024,116,Lens,20633,J. Cabot,Missing Fixture,Injury,2024-09-01T13:00:00+00:00
1213770,61,2024,116,Lens,277003,N. El Aynaoui,Missing Fixture,Knee Injury,2024-09-01T13:00:00+00:00
1213770,61,2024,116,Lens,2483,D. Machado,Missing Fixture,Red Card,2024-09-01T13:00:00+00:00
1213769,61,2024,77,Angers,21618,J. Allevinah,Missing Fixture,Injury,2024-09-01T15:00:00+00:00
1213769,61,2024,77,Angers,405074,J. Kalumba,Missing Fixture,Injury,2024-09-01T15:00:00+00:00
1213769,61,2024,77,Angers,20725,J. Lopy,Missing Fixture,Injury,2024-09-01T15:00:00+00:00
1213769,61,2024,84,Nice,107,S. Diop,Missing Fixture,Injury,2024-09-01T15:00:00+00:00
1213769,61,2024,84,Nice,21592,G. Laborde,Missing Fixture,Injury,2024-09-01T15:00:00+00:00
1213769,61,2024,84,Nice,193617,T. Louchet,Missing Fixture,Injury,2024-09-01T15:00:00+00:00
1213769,61,2024,84,Nice,69971,T. Moffi,Missing Fixture,Knee Injury,2024-09-01T15:00:00+00:00
1213769,61,2024,84,Nice,1914,M. Sanson,Missing Fixture,Injury,2024-09-01T15:00:00+00:00
1213771,61,2024,111,LE Havre,339633,A. Logbo,Missing Fixture,Knee Injury,2024-09-01T15:00:00+00:00
1213771,61,2024,108,Auxerre,129671,S. Agouzoul,Missing Fixture,Injury,2024-09-01T15:00:00+00:00
1213771,61,2024,108,Auxerre,7578,G. Mensah,Missing Fixture,Injury,2024-09-01T15:00:00+00:00
1213771,61,2024,108,Auxerre,345532,A. L. N'Gatta,Missing Fixture,Injury,2024-09-01T15:00:00+00:00
1213771,61,2024,108,Auxerre,32940,A. Onaiwu,Missing Fixture,Red Card,2024-09-01T15:00:00+00:00
1213772,61,2024,93,Reims,47530,S. Akieme,Missing Fixture,Broken jawbone,2024-09-01T15:00:00+00:00
1213772,61,2024,93,Reims,1300,M. Daramy,Missing Fixture,Knee Injury,2024-09-01T15:00:00+00:00
1213772,61,2024,93,Reims,442929,A. Kone,Missing Fixture,Muscle Injury,2024-09-01T15:00:00+00:00
1213772,61,2024,94,Rennes,50104,D. Alemdar,Missing Fixture,Knee Injury,2024-09-01T15:00:00+00:00
1213765,61,2024,79,Lille,530,M. Bakker,Missing Fixture,Muscle Injury,2024-09-01T18:45:00+00:00
1213765,61,2024,79,Lille,409,N. Bentaleb,Missing Fixture,Illness,2024-09-01T18:45:00+00:00
1213765,61,2024,79,Lille,679,Ismaily,Missing Fixture,Injury,2024-09-01T18:45:00+00:00
1213765,61,2024,79,Lille,139,S. Umtiti,Missing Fixture,Knee Injury,2024-09-01T18:45:00+00:00
1213765,61,2024,79,Lille,21233,A. Zedadka,Missing Fixture,Injury,2024-09-01T18:45:00+00:00
1213765,61,2024,85,Paris Saint Germain,33,L. Hernandez,Missing Fixture,Knee Injury,2024-09-01T18:45:00+00:00
1213765,61,2024,85,Paris Saint Germain,262,P. Kimpembe,Missing Fixture,Convalescence,2024-09-01T18:45:00+00:00
1213765,61,2024,85,Paris Saint Germain,263482,N. Mendes,Missing Fixture,Illness,2024-09-01T18:45:00+00:00
1213765,61,2024,85,Paris Saint Germain,41585,G. Ramos,Missing Fixture,Ankle Injury,2024-09-01T18:45:00+00:00
1213765,61,2024,85,Paris Saint Germain,2068,M. Safonov,Missing Fixture,Illness,2024-09-01T18:45:00+00:00
1213780,61,2024,1063,Saint Etienne,21438,A. Briancon,Missing Fixture,Knee Injury,2024-09-13T18:45:00+00:00
1213780,61,2024,1063,Saint Etienne,24284,Y. Macon,Missing Fixture,Knee Injury,2024-09-13T18:45:00+00:00
1213780,61,2024,1063,Saint Etienne,21387,T. Monconduit,Missing Fixture,Thigh Injury,2024-09-13T18:45:00+00:00
1213780,61,2024,79,Lille,409,N. Bentaleb,Missing Fixture,Illness,2024-09-13T18:45:00+00:00
1213780,61,2024,79,Lille,67889,H. Haraldsson,Missing Fixture,Leg Injury,2024-09-13T18:45:00+00:00
1213780,61,2024,79,Lille,679,Ismaily,Missing Fixture,Injury,2024-09-13T18:45:00+00:00
1213780,61,2024,79,Lille,375598,N. Mukau,Missing Fixture,Ankle Injury,2024-09-13T18:45:00+00:00
1213780,61,2024,79,Lille,139,S. Umtiti,Missing Fixture,Knee Injury,2024-09-13T18:45:00+00:00
1213780,61,2024,79,Lille,21233,A. Zedadka,Missing Fixture,Injury,2024-09-13T18:45:00+00:00
1213781,61,2024,81,Marseille,283216,B. Nadir,Missing Fixture,Knee Injury,2024-09-14T15:00:00+00:00
1213781,61,2024,81,Marseille,272460,Q. Merlin,Questionable,Injury,2024-09-14T15:00:00+00:00
1213781,61,2024,84,Nice,407017,M. Bombito,Missing Fixture,Red Card,2024-09-14T15:00:00+00:00
1213781,61,2024,84,Nice,4399,H. Boudaoui,Missing Fixture,Knee Injury,2024-09-14T15:00:00+00:00
1213781,61,2024,84,Nice,21592,G. Laborde,Missing Fixture,Foot Injury,2024-09-14T15:00:00+00:00
1213781,61,2024,84,Nice,69971,T. Moffi,Missing Fixture,Knee Injury,2024-09-14T15:00:00+00:00
1213781,61,2024,84,Nice,1914,M. Sanson,Missing Fixture,Ankle Injury,2024-09-14T15:00:00+00:00
1213774,61,2024,108,Auxerre,129671,S. Agouzoul,Missing Fixture,Injury,2024-09-14T17:00:00+00:00
1213774,61,2024,108,Auxerre,285,K. Hoever,Missing Fixture,Red Card,2024-09-14T17:00:00+00:00
1213774,61,2024,108,Auxerre,7578,G. Mensah,Missing Fixture,Injury,2024-09-14T17:00:00+00:00
1213774,61,2024,108,Auxerre,345532,A. L. N'Gatta,Missing Fixture,Injury,2024-09-14T17:00:00+00:00
1213774,61,2024,91,Monaco,419035,M. Coulibaly,Missing Fixture,Knee Injury,2024-09-14T17:00:00+00:00
1213774,61,2024,91,Monaco,374361,E. Diop,Missing Fixture,Broken Leg,2024-09-14T17:00:00+00:00
1213774,61,2024,91,Monaco,40384,R. Majecki,Missing Fixture,Ankle Injury,2024-09-14T17:00:00+00:00
1213782,61,2024,85,Paris Saint Germain,33,L. Hernandez,Missing Fixture,Knee Injury,2024-09-14T19:00:00+00:00
1213782,61,2024,85,Paris Saint Germain,262,P. Kimpembe,Missing Fixture,Convalescence,2024-09-14T19:00:00+00:00
1213782,61,2024,85,Paris Saint Germain,41585,G. Ramos,Missing Fixture,Ankle Injury,2024-09-14T19:00:00+00:00
1213782,61,2024,85,Paris Saint Germain,128384,Vitinha,Missing Fixture,Ankle Injury,2024-09-14T19:00:00+00:00
1213782,61,2024,85,Paris Saint Germain,336657,W. Zaire-Emery,Missing Fixture,Calf Injury,2024-09-14T19:00:00+00:00
1213782,61,2024,106,Stade Brestois 29,22170,P. Lees-Melou,Missing Fixture,Leg Injury,2024-09-14T19:00:00+00:00
1213782,61,2024,106,Stade Brestois 29,274267,B. Locko,Missing Fixture,Achilles Tendon Injury,2024-09-14T19:00:00+00:00
1213775,61,2024,94,Rennes,50104,D. Alemdar,Missing Fixture,Knee Injury,2024-09-15T13:00:00+00:00
1213775,61,2024,94,Rennes,18967,L. Ostigard,Missing Fixture,Yellow Cards,2024-09-15T13:00:00+00:00
1213775,61,2024,82,Montpellier,128287,J. Chotard,Missing Fixture,Muscle Injury,2024-09-15T13:00:00+00:00
1213775,61,2024,82,Montpellier,355076,A. Gueguin,Missing Fixture,Injury,2024-09-15T13:00:00+00:00
1213775,61,2024,82,Montpellier,22138,C. Jullien,Missing Fixture,Knee Injury,2024-09-15T13:00:00+00:00
1213775,61,2024,82,Montpellier,3335,K. Kouyate,Missing Fixture,Injury,2024-09-15T13:00:00+00:00
1213775,61,2024,82,Montpellier,333118,L. Mincarelli,Missing Fixture,Knee Injury,2024-09-15T13:00:00+00:00
1213775,61,2024,82,Montpellier,21434,T. Sainte-Luce,Missing Fixture,Injury,2024-09-15T13:00:00+00:00
1213777,61,2024,83,Nantes,20654,F. Centonze,Missing Fixture,Knee Injury,2024-09-15T15:00:00+00:00
1213777,61,2024,83,Nantes,21582,F. Mollet,Missing Fixture,Injury,2024-09-15T15:00:00+00:00
1213777,61,2024,83,Nantes,2668,Mostafa Mohamed,Missing Fixture,Injury,2024-09-15T15:00:00+00:00
1213777,61,2024,93,Reims,47530,S. Akieme,Missing Fixture,Broken jawbone,2024-09-15T15:00:00+00:00
1213777,61,2024,93,Reims,1300,M. Daramy,Missing Fixture,Knee Injury,2024-09-15T15:00:00+00:00
1213777,61,2024,93,Reims,415089,Gabriel Moscardo,Missing Fixture,Injury,2024-09-15T15:00:00+00:00
1213777,61,2024,93,Reims,442929,A. Kone,Missing Fixture,Muscle Injury,2024-09-15T15:00:00+00:00
1213779,61,2024,95,Strasbourg,284795,A. Bellaarouch,Missing Fixture,Groin Injury,2024-09-15T15:00:00+00:00
1213779,61,2024,95,Strasbourg,20521,T. Delaine,Missing Fixture,Injury,2024-09-15T15:00:00+00:00
1213779,61,2024,95,Strasbourg,309920,M. S. Dion,Missing Fixture,Knee Injury,2024-09-15T15:00:00+00:00
1213779,61,2024,95,Strasbourg,346700,M. Lukovic,Missing Fixture,Injury,2024-09-15T15:00:00+00:00
1213779,61,2024,95,Strasbourg,265733,C. Wiley,Missing Fixture,Injury,2024-09-15T15:00:00+00:00
1213779,61,2024,77,Angers,405074,J. Kalumba,Missing Fixture,Injury,2024-09-15T15:00:00+00:00
1213779,61,2024,77,Angers,20725,J. Lopy,Missing Fixture,Injury,2024-09-15T15:00:00+00:00
1213778,61,2024,96,Toulouse,174724,F. Magri,Missing Fixture,Red Card,2024-09-15T15:00:00+00:00
1213778,61,2024,96,Toulouse,366573,N. Wasbauer,Missing Fixture,Injury,2024-09-15T15:00:00+00:00
1213778,61,2024,111,LE Havre,339633,A. Logbo,Missing Fixture,Knee Injury,2024-09-15T15:00:00+00:00
1213776,61,2024,116,Lens,20633,J. Cabot,Missing Fixture,Injury,2024-09-15T18:45:00+00:00
1213784,61,2024,84,Nice,21592,G. Laborde,Missing Fixture,Foot Injury,2024-09-20T18:45:00+00:00
1213784,61,2024,84,Nice,69971,T. Moffi,Missing Fixture,Knee Injury,2024-09-20T18:45:00+00:00
1213784,61,2024,84,Nice,1914,M. Sanson,Missing Fixture,Ankle Injury,2024-09-20T18:45:00+00:00
1213784,61,2024,1063,Saint Etienne,21438,A. Briancon,Missing Fixture,Knee Injury,2024-09-20T18:45:00+00:00
1213784,61,2024,1063,Saint Etienne,24284,Y. Macon,Missing Fixture,Knee Injury,2024-09-20T18:45:00+00:00
1213784,61,2024,1063,Saint Etienne,21387,T. Monconduit,Missing Fixture,Thigh Injury,2024-09-20T18:45:00+00:00
1213784,61,2024,1063,Saint Etienne,39248,I. Wadji,Missing Fixture,Injury,2024-09-20T18:45:00+00:00
1213789,61,2024,79,Lille,409,N. Bentaleb,Missing Fixture,Injury,2024-09-21T15:00:00+00:00
1213789,61,2024,79,Lille,67889,H. Haraldsson,Missing Fixture,Leg Injury,2024-09-21T15:00:00+00:00
1213789,61,2024,79,Lille,679,Ismaily,Missing Fixture,Injury,2024-09-21T15:00:00+00:00
1213789,61,2024,79,Lille,386287,E. Mbappe,Missing Fixture,Injury,2024-09-21T15:00:00+00:00
1213789,61,2024,79,Lille,375598,N. Mukau,Missing Fixture,Ankle Injury,2024-09-21T15:00:00+00:00
1213789,61,2024,79,Lille,139,S. Umtiti,Missing Fixture,Knee Injury,2024-09-21T15:00:00+00:00
1213789,61,2024,95,Strasbourg,284795,A. Bellaarouch,Missing Fixture,Groin Injury,2024-09-21T15:00:00+00:00
1213789,61,2024,95,Strasbourg,20521,T. Delaine,Missing Fixture,Injury,2024-09-21T15:00:00+00:00
1213789,61,2024,95,Strasbourg,309920,M. S. Dion,Missing Fixture,Knee Injury,2024-09-21T15:00:00+00:00
1213789,61,2024,95,Strasbourg,346700,M. Lukovic,Missing Fixture,Injury,2024-09-21T15:00:00+00:00
1213789,61,2024,95,Strasbourg,265733,C. Wiley,Missing Fixture,Injury,2024-09-21T15:00:00+00:00
1213790,61,2024,94,Rennes,50104,D. Alemdar,Missing Fixture,Knee Injury,2024-09-21T17:00:00+00:00
1213790,61,2024,94,Rennes,345748,C. A. Gomez,Missing Fixture,Injury,2024-09-21T17:00:00+00:00
1213790,61,2024,94,Rennes,581,Jota,Questionable,Injury,2024-09-21T17:00:00+00:00
1213790,61,2024,116,Lens,20633,J. Cabot,Missing Fixture,Knee Injury,2024-09-21T17:00:00+00:00
1213790,61,2024,116,Lens,25287,K. Danso,Missing Fixture,Injury,2024-09-21T17:00:00+00:00
1213790,61,2024,116,Lens,195512,M. Satriano,Missing Fixture,Injury,2024-09-21T17:00:00+00:00
1213785,61,2024,93,Reims,415089,Gabriel Moscardo,Missing Fixture,Hip Injury,2024-09-21T19:00:00+00:00
1213785,61,2024,93,Reims,442929,A. Kone,Missing Fixture,Muscle Injury,2024-09-21T19:00:00+00:00
1213785,61,2024,93,Reims,71545,J. Okumu,Missing Fixture,Groin Injury,2024-09-21T19:00:00+00:00
1213785,61,2024,85,Paris Saint Germain,746,M. Asensio,Missing Fixture,Thigh Injury,2024-09-21T19:00:00+00:00
1213785,61,2024,85,Paris Saint Germain,1622,G. Donnarumma,Missing Fixture,Muscle Injury,2024-09-21T19:00:00+00:00
1213785,61,2024,85,Paris Saint Germain,9,A. Hakimi,Missing Fixture,Rest,2024-09-21T19:00:00+00:00
1213785,61,2024,85,Paris Saint Germain,33,L. Hernandez,Missing Fixture,Knee Injury,2024-09-21T19:00:00+00:00
1213785,61,2024,85,Paris Saint Germain,262,P. Kimpembe,Missing Fixture,Convalescence,2024-09-21T19:00:00+00:00
1213785,61,2024,85,Paris Saint Germain,41585,G. Ramos,Missing Fixture,Ankle Injury,2024-09-21T19:00:00+00:00
1213791,61,2024,91,Monaco,419035,M. Coulibaly,Missing Fixture,Knee Injury,2024-09-22T13:00:00+00:00
1213791,61,2024,91,Monaco,374361,E. Diop,Missing Fixture,Broken Leg,2024-09-22T13:00:00+00:00
1213791,61,2024,91,Monaco,40384,R. Majecki,Missing Fixture,Ankle Injury,2024-09-22T13:00:00+00:00
1213791,61,2024,111,LE Havre,339633,A. Logbo,Missing Fixture,Knee Injury,2024-09-22T13:00:00+00:00
1213787,61,2024,77,Angers,343609,J. Ekomie,Missing Fixture,Knee Injury,2024-09-22T15:00:00+00:00
1213787,61,2024,77,Angers,405074,J. Kalumba,Missing Fixture,Injury,2024-09-22T15:00:00+00:00
1213787,61,2024,77,Angers,20725,J. Lopy,Missing Fixture,Injury,2024-09-22T15:00:00+00:00
1213787,61,2024,77,Angers,76904,H. Sabanovic,Missing Fixture,Injury,2024-09-22T15:00:00+00:00
1213787,61,2024,83,Nantes,20654,F. Centonze,Missing Fixture,Knee Injury,2024-09-22T15:00:00+00:00
1213787,61,2024,83,Nantes,22177,I. Ganago,Missing Fixture,Injury,2024-09-22T15:00:00+00:00
1213787,61,2024,83,Nantes,443676,B. Guirassy,Missing Fixture,Injury,2024-09-22T15:00:00+00:00
1213787,61,2024,83,Nantes,21582,F. Mollet,Missing Fixture,Injury,2024-09-22T15:00:00+00:00
1213786,61,2024,106,Stade Brestois 29,22170,P. Lees-Melou,Missing Fixture,Leg Injury,2024-09-22T15:00:00+00:00
1213786,61,2024,106,Stade Brestois 29,274267,B. Locko,Missing Fixture,Achilles Tendon Injury,2024-09-22T15:00:00+00:00
1213786,61,2024,96,Toulouse,366573,N. Wasbauer,Missing Fixture,Injury,2024-09-22T15:00:00+00:00
1213788,61,2024,82,Montpellier,15286,M. Al-Tamari,Missing Fixture,Injury,2024-09-22T15:00:00+00:00
1213788,61,2024,82,Montpellier,128287,J. Chotard,Missing Fixture,Muscle Injury,2024-09-22T15:00:00+00:00
1213788,61,2024,82,Montpellier,22138,C. Jullien,Missing Fixture,Knee Injury,2024-09-22T15:00:00+00:00
1213788,61,2024,82,Montpellier,399906,O. Maamma,Missing Fixture,Injury,2024-09-22T15:00:00+00:00
1213788,61,2024,82,Montpellier,21434,T. Sainte-Luce,Missing Fixture,Injury,2024-09-22T15:00:00+00:00
1213788,61,2024,82,Montpellier,22141,I. Sylla,Missing Fixture,Injury,2024-09-22T15:00:00+00:00
1213788,61,2024,82,Montpellier,355076,A. Gueguin,Questionable,Knee Injury,2024-09-22T15:00:00+00:00
1213788,61,2024,108,Auxerre,322595,L. Coulibaly,Missing Fixture,Knee Injury,2024-09-22T15:00:00+00:00
1213788,61,2024,108,Auxerre,7578,G. Mensah,Missing Fixture,Injury,2024-09-22T15:00:00+00:00
1213788,61,2024,108,Auxerre,345532,A. L. N'Gatta,Missing Fixture,Injury,2024-09-22T15:00:00+00:00
1213783,61,2024,81,Marseille,272460,Q. Merlin,Missing Fixture,Thigh Injury,2024-09-22T18:45:00+00:00
1213783,61,2024,81,Marseille,102447,F. Moumbagna,Missing Fixture,Injury,2024-09-22T18:45:00+00:00
1213783,61,2024,81,Marseille,283216,B. Nadir,Missing Fixture,Knee Injury,2024-09-22T18:45:00+00:00
1213783,61,2024,81,Marseille,272,A. Rabiot,Missing Fixture,Injury,2024-09-22T18:45:00+00:00
1213783,61,2024,81,Marseille,47426,R. Blanco,Questionable,Injury,2024-09-22T18:45:00+00:00
1213806,61,2024,81,Marseille,328046,I. Kone,Missing Fixture,Ankle Injury,2024-10-04T18:45:00+00:00
1213806,61,2024,81,Marseille,102447,F. Moumbagna,Missing Fixture,Injury,2024-10-04T18:45:00+00:00
1213806,61,2024,81,Marseille,283216,B. Nadir,Missing Fixture,Knee Injury,2024-10-04T18:45:00+00:00
1213806,61,2024,81,Marseille,47426,R. Blanco,Questionable,Injury,2024-10-04T18:45:00+00:00
1213806,61,2024,81,Marseille,272460,Q. Merlin,Questionable,Thigh Injury,2024-10-04T18:45:00+00:00
1213806,61,2024,77,Angers,421875,S. Cherif,Missing Fixture,Injury,2024-10-04T18:45:00+00:00
1213806,61,2024,77,Angers,284072,B. Dieng,Missing Fixture,Ankle Injury,2024-10-04T18:45:00+00:00
1213806,61,2024,77,Angers,405074,J. Kalumba,Missing Fixture,Injury,2024-10-04T18:45:00+00:00
1213806,61,2024,77,Angers,20725,J. Lopy,Missing Fixture,Injury,2024-10-04T18:45:00+00:00
1213804,61,2024,1063,Saint Etienne,21438,A. Briancon,Missing Fixture,Knee Injury,2024-10-05T15:00:00+00:00
1213804,61,2024,1063,Saint Etienne,107199,P. Cornud,Missing Fixture,Muscle Injury,2024-10-05T15:00:00+00:00
1213804,61,2024,1063,Saint Etienne,24284,Y. Macon,Missing Fixture,Knee Injury,2024-10-05T15:00:00+00:00
1213804,61,2024,1063,Saint Etienne,21387,T. Monconduit,Missing Fixture,Thigh Injury,2024-10-05T15:00:00+00:00
1213804,61,2024,1063,Saint Etienne,39248,I. Wadji,Missing Fixture,Injury,2024-10-05T15:00:00+00:00
1213804,61,2024,108,Auxerre,129671,S. Agouzoul,Missing Fixture,Injury,2024-10-05T15:00:00+00:00
1213804,61,2024,108,Auxerre,322595,L. Coulibaly,Missing Fixture,Knee Injury,2024-10-05T15:00:00+00:00
1213804,61,2024,108,Auxerre,345532,A. L. N'Gatta,Missing Fixture,Injury,2024-10-05T15:00:00+00:00
1213803,61,2024,79,Lille,409,N. Bentaleb,Missing Fixture,Illness,2024-10-05T17:00:00+00:00
1213803,61,2024,79,Lille,67889,H. Haraldsson,Missing Fixture,Leg Injury,2024-10-05T17:00:00+00:00
1213803,61,2024,79,Lille,386287,E. Mbappe,Missing Fixture,Muscle Injury,2024-10-05T17:00:00+00:00
1213803,61,2024,79,Lille,679,Ismaily,Questionable,Injury,2024-10-05T17:00:00+00:00
1213803,61,2024,79,Lille,375598,N. Mukau,Questionable,Ankle Injury,2024-10-05T17:00:00+00:00
1213803,61,2024,79,Lille,139,S. Umtiti,Questionable,Knee Injury,2024-10-05T17:00:00+00:00
1213803,61,2024,96,Toulouse,343350,Y. Aradj,Missing Fixture,Injury,2024-10-05T17:00:00+00:00
1213803,61,2024,96,Toulouse,366573,N. Wasbauer,Missing Fixture,Injury,2024-10-05T17:00:00+00:00
1213807,61,2024,94,Rennes,50104,D. Alemdar,Questionable,Knee Injury,2024-10-05T19:00:00+00:00
1213807,61,2024,94,Rennes,331678,H. Meister,Questionable,Injury,2024-10-05T19:00:00+00:00
1213807,61,2024,91,Monaco,419035,M. Coulibaly,Missing Fixture,Knee Injury,2024-10-05T19:00:00+00:00
1213807,61,2024,91,Monaco,374361,E. Diop,Questionable,Broken Leg,2024-10-05T19:00:00+00:00
1213801,61,2024,80,Lyon,471106,E. Molebe,Missing Fixture,Injury,2024-10-06T13:00:00+00:00
1213801,61,2024,80,Lyon,368260,G. Orban,Missing Fixture,Health problems,2024-10-06T13:00:00+00:00
1213801,61,2024,80,Lyon,3247,W. Zaha,Missing Fixture,Health problems,2024-10-06T13:00:00+00:00
1213801,61,2024,80,Lyon,68,Clinton Mata,Questionable,Injury,2024-10-06T13:00:00+00:00
1213801,61,2024,80,Lyon,902,N. Matic,Questionable,Injury,2024-10-06T13:00:00+00:00
1213801,61,2024,83,Nantes,20654,F. Centonze,Missing Fixture,Knee Injury,2024-10-06T13:00:00+00:00
1213801,61,2024,83,Nantes,21498,M. Coco,Missing Fixture,Red Card,2024-10-06T13:00:00+00:00
1213801,61,2024,83,Nantes,193952,J. Lepenant,Missing Fixture,Injury,2024-10-06T13:00:00+00:00
1213801,61,2024,83,Nantes,349636,A. Mahamoud,Missing Fixture,Knee Injury,2024-10-06T13:00:00+00:00
1213801,61,2024,83,Nantes,20545,J. Castelletto,Questionable,Injury,2024-10-06T13:00:00+00:00
1213801,61,2024,83,Nantes,20655,J. Duverne,Questionable,Muscle Injury,2024-10-06T13:00:00+00:00
1213801,61,2024,83,Nantes,443676,B. Guirassy,Questionable,Injury,2024-10-06T13:00:00+00:00
1213801,61,2024,83,Nantes,3084,T. Kadewere,Questionable,Calf Injury,2024-10-06T13:00:00+00:00
1213805,61,2024,106,Stade Brestois 29,274267,B. Locko,Missing Fixture,Achilles Tendon Injury,2024-10-06T15:00:00+00:00
1213805,61,2024,106,Stade Brestois 29,1901,J. Amavi,Questionable,Injury,2024-10-06T15:00:00+00:00
1213805,61,2024,111,LE Havre,143830,Y. Kitala,Missing Fixture,Foot Injury,2024-10-06T15:00:00+00:00
1213805,61,2024,111,LE Havre,460805,D. N. Mosengo,Missing Fixture,Knee Injury,2024-10-06T15:00:00+00:00
1213805,61,2024,111,LE Havre,174915,J. Casimir,Questionable,Ankle Injury,2024-10-06T15:00:00+00:00
1213805,61,2024,111,LE Havre,339633,A. Logbo,Questionable,Knee Injury,2024-10-06T15:00:00+00:00
1213809,61,2024,93,Reims,415089,Gabriel Moscardo,Missing Fixture,Hip Injury,2024-10-06T15:00:00+00:00
1213809,61,2024,93,Reims,145476,R. Khadra,Questionable,Knee Injury,2024-10-06T15:00:00+00:00
1213809,61,2024,82,Montpellier,15286,M. Al-Tamari,Missing Fixture,Injury,2024-10-06T15:00:00+00:00
1213809,61,2024,82,Montpellier,113581,T. Coulibaly,Missing Fixture,Red Card,2024-10-06T15:00:00+00:00
1213809,61,2024,82,Montpellier,395760,Y. Issoufou,Missing Fixture,Thigh Injury,2024-10-06T15:00:00+00:00
1213809,61,2024,82,Montpellier,22138,C. Jullien,Missing Fixture,Knee Injury,2024-10-06T15:00:00+00:00
1213809,61,2024,82,Montpellier,3335,K. Kouyate,Missing Fixture,Surgery,2024-10-06T15:00:00+00:00
1213809,61,2024,82,Montpellier,399906,O. Maamma,Missing Fixture,Injury,2024-10-06T15:00:00+00:00
1213809,61,2024,82,Montpellier,387120,R. Nzingoula,Missing Fixture,Red Card,2024-10-06T15:00:00+00:00
1213809,61,2024,82,Montpellier,21434,T. Sainte-Luce,Missing Fixture,Injury,2024-10-06T15:00:00+00:00
1213808,61,2024,95,Strasbourg,284795,A. Bellaarouch,Missing Fixture,Groin Injury,2024-10-06T15:00:00+00:00
1213808,61,2024,95,Strasbourg,309920,M. S. Dion,Missing Fixture,Knee Injury,2024-10-06T15:00:00+00:00
1213808,61,2024,95,Strasbourg,346700,M. Lukovic,Missing Fixture,Injury,2024-10-06T15:00:00+00:00
1213808,61,2024,95,Strasbourg,276184,M. Sarr,Missing Fixture,Muscle Injury,2024-10-06T15:00:00+00:00
1213808,61,2024,95,Strasbourg,191240,M. Senaya,Missing Fixture,Injury,2024-10-06T15:00:00+00:00
1213808,61,2024,95,Strasbourg,265733,C. Wiley,Missing Fixture,Injury,2024-10-06T15:00:00+00:00
1213808,61,2024,95,Strasbourg,20521,T. Delaine,Questionable,Knee Injury,2024-10-06T15:00:00+00:00
1213808,61,2024,116,Lens,20633,J. Cabot,Missing Fixture,Knee Injury,2024-10-06T15:00:00+00:00
1213808,61,2024,116,Lens,277003,N. El Aynaoui,Missing Fixture,Muscle Injury,2024-10-06T15:00:00+00:00
1213808,61,2024,116,Lens,21635,J. Gradit,Missing Fixture,Ankle Injury,2024-10-06T15:00:00+00:00
1213808,61,2024,116,Lens,22220,H. Koffi,Missing Fixture,Hip Injury,2024-10-06T15:00:00+00:00
1213808,61,2024,116,Lens,326073,R. Labeau Lascary,Missing Fixture,Yellow Cards,2024-10-06T15:00:00+00:00
1213808,61,2024,116,Lens,237232,H. Ojediran,Missing Fixture,Thigh Injury,2024-10-06T15:00:00+00:00
1213808,61,2024,116,Lens,195512,M. Satriano,Missing Fixture,Knee Injury,2024-10-06T15:00:00+00:00
1213808,61,2024,116,Lens,129169,A. Zaroury,Missing Fixture,Red Card,2024-10-06T15:00:00+00:00
1213802,61,2024,84,Nice,162465,M. Bard,Missing Fixture,Ankle Injury,2024-10-06T18:45:00+00:00
1213802,61,2024,84,Nice,21592,G. Laborde,Missing Fixture,Foot Injury,2024-10-06T18:45:00+00:00
1213802,61,2024,84,Nice,69971,T. Moffi,Missing Fixture,Knee Injury,2024-10-06T18:45:00+00:00
1213802,61,2024,84,Nice,1914,M. Sanson,Missing Fixture,Ankle Injury,2024-10-06T18:45:00+00:00
1213802,61,2024,85,Paris Saint Germain,33,L. Hernandez,Missing Fixture,Knee Injury,2024-10-06T18:45:00+00:00
1213802,61,2024,85,Paris Saint Germain,262,P. Kimpembe,Missing Fixture,Convalescence,2024-10-06T18:45:00+00:00
1213802,61,2024,85,Paris Saint Germain,41585,G. Ramos,Missing Fixture,Ankle Injury,2024-10-06T18:45:00+00:00
1213815,61,2024,91,Monaco,138835,F. Balogun,Missing Fixture,Shoulder Injury,2024-10-18T18:45:00+00:00
1213815,61,2024,91,Monaco,47480,M. Salisu,Missing Fixture,Muscle Injury,2024-10-18T18:45:00+00:00
1213815,61,2024,91,Monaco,419035,M. Coulibaly,Questionable,Knee Injury,2024-10-18T18:45:00+00:00
1213815,61,2024,91,Monaco,374361,E. Diop,Questionable,Broken Leg,2024-10-18T18:45:00+00:00
1213815,61,2024,79,Lille,2204,B. Andre,Missing Fixture,Yellow Cards,2024-10-18T18:45:00+00:00
1213815,61,2024,79,Lille,409,N. Bentaleb,Missing Fixture,Illness,2024-10-18T18:45:00+00:00
1213815,61,2024,79,Lille,67889,H. Haraldsson,Missing Fixture,Leg Injury,2024-10-18T18:45:00+00:00
1213815,61,2024,79,Lille,679,Ismaily,Missing Fixture,Injury,2024-10-18T18:45:00+00:00
1213815,61,2024,79,Lille,386287,E. Mbappe,Missing Fixture,Muscle Injury,2024-10-18T18:45:00+00:00
1213815,61,2024,79,Lille,379329,T. Santos,Missing Fixture,Knee Injury,2024-10-18T18:45:00+00:00
1213815,61,2024,79,Lille,139,S. Umtiti,Missing Fixture,Knee Injury,2024-10-18T18:45:00+00:00
1213817,61,2024,106,Stade Brestois 29,3333,M. Haidara,Missing Fixture,Red Card,2024-10-19T15:00:00+00:00
1213817,61,2024,106,Stade Brestois 29,274267,B. Locko,Missing Fixture,Achilles Tendon Injury,2024-10-19T15:00:00+00:00
1213817,61,2024,106,Stade Brestois 29,375000,I. Salah,Missing Fixture,Loan agreement,2024-10-19T15:00:00+00:00
1213817,61,2024,106,Stade Brestois 29,277191,A. Sima,Missing Fixture,Knee Injury,2024-10-19T15:00:00+00:00
1213817,61,2024,94,Rennes,50104,D. Alemdar,Missing Fixture,Knee Injury,2024-10-19T15:00:00+00:00
1213817,61,2024,94,Rennes,180731,L. Assignon,Missing Fixture,Yellow Cards,2024-10-19T15:00:00+00:00
1213817,61,2024,94,Rennes,18967,L. Ostigard,Missing Fixture,Thigh Injury,2024-10-19T15:00:00+00:00
1213817,61,2024,94,Rennes,331678,H. Meister,Questionable,Injury,2024-10-19T15:00:00+00:00
1213816,61,2024,1063,Saint Etienne,21438,A. Briancon,Missing Fixture,Knee Injury,2024-10-19T17:00:00+00:00
1213816,61,2024,1063,Saint Etienne,107199,P. Cornud,Missing Fixture,Muscle Injury,2024-10-19T17:00:00+00:00
1213816,61,2024,1063,Saint Etienne,24284,Y. Macon,Missing Fixture,Knee Injury,2024-10-19T17:00:00+00:00
1213816,61,2024,1063,Saint Etienne,21387,T. Monconduit,Questionable,Thigh Injury,2024-10-19T17:00:00+00:00
1213816,61,2024,1063,Saint Etienne,39248,I. Wadji,Questionable,Injury,2024-10-19T17:00:00+00:00
1213816,61,2024,116,Lens,21568,R. Aguilar,Missing Fixture,Shoulder Injury,2024-10-19T17:00:00+00:00
1213816,61,2024,116,Lens,20633,J. Cabot,Missing Fixture,Knee Injury,2024-10-19T17:00:00+00:00
1213816,61,2024,116,Lens,22220,H. Koffi,Missing Fixture,Hip Injury,2024-10-19T17:00:00+00:00
1213816,61,2024,116,Lens,2483,D. Machado,Missing Fixture,Muscle Injury,2024-10-19T17:00:00+00:00
1213816,61,2024,116,Lens,237232,H. Ojediran,Missing Fixture,Thigh Injury,2024-10-19T17:00:00+00:00
1213816,61,2024,116,Lens,195512,M. Satriano,Missing Fixture,Knee Injury,2024-10-19T17:00:00+00:00
1213816,61,2024,116,Lens,277003,N. El Aynaoui,Questionable,Muscle Injury,2024-10-19T17:00:00+00:00
1213816,61,2024,116,Lens,21635,J. Gradit,Questionable,Ankle Injury,2024-10-19T17:00:00+00:00
1213818,61,2024,85,Paris Saint Germain,33,L. Hernandez,Missing Fixture,Knee Injury,2024-10-19T19:00:00+00:00
1213818,61,2024,85,Paris Saint Germain,262,P. Kimpembe,Missing Fixture,Convalescence,2024-10-19T19:00:00+00:00
1213818,61,2024,85,Paris Saint Germain,41585,G. Ramos,Missing Fixture,Ankle Injury,2024-10-19T19:00:00+00:00
1213818,61,2024,95,Strasbourg,284795,A. Bellaarouch,Missing Fixture,Groin Injury,2024-10-19T19:00:00+00:00
1213818,61,2024,95,Strasbourg,20521,T. Delaine,Missing Fixture,Knee Injury,2024-10-19T19:00:00+00:00
1213818,61,2024,95,Strasbourg,309920,M. S. Dion,Missing Fixture,Knee Injury,2024-10-19T19:00:00+00:00
1213818,61,2024,95,Strasbourg,161747,G. Doue,Missing Fixture,Yellow Cards,2024-10-19T19:00:00+00:00
1213818,61,2024,95,Strasbourg,271542,I. Doukoure,Missing Fixture,Yellow Cards,2024-10-19T19:00:00+00:00
1213818,61,2024,95,Strasbourg,346700,M. Lukovic,Missing Fixture,Injury,2024-10-19T19:00:00+00:00
1213818,61,2024,95,Strasbourg,265733,C. Wiley,Missing Fixture,Injury,2024-10-19T19:00:00+00:00
1213812,61,2024,111,LE Havre,2707,O. El Hajjam,Missing Fixture,Calf Injury,2024-10-20T13:00:00+00:00
1213812,61,2024,111,LE Havre,289304,A. Joujou,Missing Fixture,Injury,2024-10-20T13:00:00+00:00
1213812,61,2024,111,LE Havre,174927,A. Sangante,Missing Fixture,Groin Injury,2024-10-20T13:00:00+00:00
1213812,61,2024,111,LE Havre,162443,E. Youte Kinkoue,Missing Fixture,Red Card,2024-10-20T13:00:00+00:00
1213812,61,2024,111,LE Havre,143830,Y. Kitala,Questionable,Foot Injury,2024-10-20T13:00:00+00:00
1213812,61,2024,111,LE Havre,339633,A. Logbo,Questionable,Knee Injury,2024-10-20T13:00:00+00:00
1213812,61,2024,111,LE Havre,460805,D. N. Mosengo,Questionable,Knee Injury,2024-10-20T13:00:00+00:00
1213812,61,2024,80,Lyon,1902,D. Caleta-Car,Missing Fixture,Yellow Cards,2024-10-20T13:00:00+00:00
1213812,61,2024,80,Lyon,902,N. Matic,Questionable,Injury,2024-10-20T13:00:00+00:00
1213812,61,2024,80,Lyon,471106,E. Molebe,Questionable,Injury,2024-10-20T13:00:00+00:00
1213810,61,2024,108,Auxerre,322595,L. Coulibaly,Missing Fixture,Knee Injury,2024-10-20T15:00:00+00:00
1213810,61,2024,108,Auxerre,191392,P. Joly,Missing Fixture,Injury,2024-10-20T15:00:00+00:00
1213810,61,2024,108,Auxerre,21010,E. Owusu,Missing Fixture,Yellow Cards,2024-10-20T15:00:00+00:00
1213810,61,2024,108,Auxerre,129671,S. Agouzoul,Questionable,Injury,2024-10-20T15:00:00+00:00
1213810,61,2024,93,Reims,1300,M. Daramy,Missing Fixture,Knee Injury,2024-10-20T15:00:00+00:00
1213810,61,2024,93,Reims,334429,O. Diakite,Missing Fixture,Yellow Cards,2024-10-20T15:00:00+00:00
1213810,61,2024,93,Reims,384489,Y. Fofana,Missing Fixture,Yellow Cards,2024-10-20T15:00:00+00:00
1213810,61,2024,93,Reims,145476,R. Khadra,Missing Fixture,Knee Injury,2024-10-20T15:00:00+00:00
1213813,61,2024,83,Nantes,10036,D. Augusto,Missing Fixture,Yellow Cards,2024-10-20T15:00:00+00:00
1213813,61,2024,83,Nantes,20654,F. Centonze,Missing Fixture,Knee Injury,2024-10-20T15:00:00+00:00
1213813,61,2024,83,Nantes,21498,M. Coco,Missing Fixture,Red Card,2024-10-20T15:00:00+00:00
1213813,61,2024,83,Nantes,349636,A. Mahamoud,Missing Fixture,Knee Injury,2024-10-20T15:00:00+00:00
1213813,61,2024,83,Nantes,20655,J. Duverne,Questionable,Muscle Injury,2024-10-20T15:00:00+00:00
1213813,61,2024,83,Nantes,443676,B. Guirassy,Questionable,Injury,2024-10-20T15:00:00+00:00
1213813,61,2024,84,Nice,274312,M. Cho,Missing Fixture,Thigh Injury,2024-10-20T15:00:00+00:00
1213813,61,2024,84,Nice,22163,Dante,Missing Fixture,Yellow Cards,2024-10-20T15:00:00+00:00
1213813,61,2024,84,Nice,69971,T. Moffi,Missing Fixture,Knee Injury,2024-10-20T15:00:00+00:00
1213813,61,2024,84,Nice,662,T. Ndombele,Missing Fixture,Hip Injury,2024-10-20T15:00:00+00:00
1213813,61,2024,84,Nice,162465,M. Bard,Questionable,Ankle Injury,2024-10-20T15:00:00+00:00
1213813,61,2024,84,Nice,3099,Y. Ndayishimiye,Questionable,Muscle Injury,2024-10-20T15:00:00+00:00
1213813,61,2024,84,Nice,1914,M. Sanson,Questionable,Ankle Injury,2024-10-20T15:00:00+00:00
1213811,61,2024,96,Toulouse,50956,C. Casseres,Missing Fixture,Yellow Cards,2024-10-20T15:00:00+00:00
1213811,61,2024,96,Toulouse,39115,A. Donnum,Missing Fixture,Yellow Cards,2024-10-20T15:00:00+00:00
1213811,61,2024,96,Toulouse,15793,R. Nicolaisen,Missing Fixture,Ankle Injury,2024-10-20T15:00:00+00:00
1213811,61,2024,96,Toulouse,11421,G. Suazo,Missing Fixture,Injury,2024-10-20T15:00:00+00:00
1213811,61,2024,77,Angers,20554,H. Belkebla,Missing Fixture,Groin Injury,2024-10-20T15:00:00+00:00
1213811,61,2024,77,Angers,343609,J. Ekomie,Missing Fixture,Thigh Injury,2024-10-20T15:00:00+00:00
1213811,61,2024,77,Angers,3379,C. Hountondji,Missing Fixture,Thigh Injury,2024-10-20T15:00:00+00:00
1213811,61,2024,77,Angers,405074,J. Kalumba,Missing Fixture,Injury,2024-10-20T15:00:00+00:00
1213811,61,2024,77,Angers,174660,L. Rao-Lisoa,Missing Fixture,Red Card,2024-10-20T15:00:00+00:00
1213811,61,2024,77,Angers,421875,S. Cherif,Questionable,Injury,2024-10-20T15:00:00+00:00
1213811,61,2024,77,Angers,3175,Z. Ferhat,Questionable,Injury,2024-10-20T15:00:00+00:00
1213811,61,2024,77,Angers,20725,J. Lopy,Questionable,Injury,2024-10-20T15:00:00+00:00
1213814,61,2024,82,Montpellier,326088,K. Fayad,Missing Fixture,Injury,2024-10-20T18:45:00+00:00
1213814,61,2024,82,Montpellier,395760,Y. Issoufou,Missing Fixture,Thigh Injury,2024-10-20T18:45:00+00:00
1213814,61,2024,82,Montpellier,22138,C. Jullien,Missing Fixture,Knee Injury,2024-10-20T18:45:00+00:00
1213814,61,2024,82,Montpellier,3335,K. Kouyate,Missing Fixture,Surgery,2024-10-20T18:45:00+00:00
1213814,61,2024,82,Montpellier,20661,M. Sagnan,Missing Fixture,Yellow Cards,2024-10-20T18:45:00+00:00
1213814,61,2024,82,Montpellier,15286,M. Al-Tamari,Questionable,Injury,2024-10-20T18:45:00+00:00
1213814,61,2024,82,Montpellier,399906,O. Maamma,Questionable,Injury,2024-10-20T18:45:00+00:00
1213814,61,2024,82,Montpellier,21434,T. Sainte-Luce,Questionable,Injury,2024-10-20T18:45:00+00:00
1213814,61,2024,81,Marseille,341646,V. Carboni,Missing Fixture,Knee Injury,2024-10-20T18:45:00+00:00
1213814,61,2024,81,Marseille,19364,N. Maupay,Missing Fixture,Red Card,2024-10-20T18:45:00+00:00
1213814,61,2024,81,Marseille,102447,F. Moumbagna,Missing Fixture,Injury,2024-10-20T18:45:00+00:00
1213814,61,2024,81,Marseille,47426,R. Blanco,Questionable,Injury,2024-10-20T18:45:00+00:00
1213814,61,2024,81,Marseille,272460,Q. Merlin,Questionable,Thigh Injury,2024-10-20T18:45:00+00:00
1213814,61,2024,81,Marseille,283216,B. Nadir,Questionable,Knee Injury,2024-10-20T18:45:00+00:00
1213825,61,2024,94,Rennes,50104,D. Alemdar,Missing Fixture,Knee Injury,2024-10-25T18:45:00+00:00
1213825,61,2024,94,Rennes,331678,H. Meister,Questionable,Injury,2024-10-25T18:45:00+00:00
1213825,61,2024,111,LE Havre,2707,O. El Hajjam,Missing Fixture,Calf Injury,2024-10-25T18:45:00+00:00
1213825,61,2024,111,LE Havre,289304,A. Joujou,Missing Fixture,Injury,2024-10-25T18:45:00+00:00
1213825,61,2024,111,LE Havre,143830,Y. Kitala,Missing Fixture,Foot Injury,2024-10-25T18:45:00+00:00
1213825,61,2024,111,LE Havre,339633,A. Logbo,Missing Fixture,Knee Injury,2024-10-25T18:45:00+00:00
1213825,61,2024,111,LE Havre,460805,D. N. Mosengo,Missing Fixture,Knee Injury,2024-10-25T18:45:00+00:00
1213825,61,2024,111,LE Havre,174927,A. Sangante,Missing Fixture,Groin Injury,2024-10-25T18:45:00+00:00
1213826,61,2024,77,Angers,421875,S. Cherif,Missing Fixture,Injury,2024-10-26T15:00:00+00:00
1213826,61,2024,77,Angers,343609,J. Ekomie,Missing Fixture,Thigh Injury,2024-10-26T15:00:00+00:00
1213826,61,2024,77,Angers,3175,Z. Ferhat,Missing Fixture,Injury,2024-10-26T15:00:00+00:00
1213826,61,2024,77,Angers,3379,C. Hountondji,Missing Fixture,Thigh Injury,2024-10-26T15:00:00+00:00
1213826,61,2024,77,Angers,405074,J. Kalumba,Missing Fixture,Injury,2024-10-26T15:00:00+00:00
1213826,61,2024,77,Angers,20725,J. Lopy,Missing Fixture,Injury,2024-10-26T15:00:00+00:00
1213826,61,2024,77,Angers,174660,L. Rao-Lisoa,Missing Fixture,Red Card,2024-10-26T15:00:00+00:00
1213826,61,2024,1063,Saint Etienne,21438,A. Briancon,Missing Fixture,Knee Injury,2024-10-26T15:00:00+00:00
1213826,61,2024,1063,Saint Etienne,107199,P. Cornud,Missing Fixture,Muscle Injury,2024-10-26T15:00:00+00:00
1213826,61,2024,1063,Saint Etienne,24284,Y. Macon,Missing Fixture,Knee Injury,2024-10-26T15:00:00+00:00
1213826,61,2024,1063,Saint Etienne,21387,T. Monconduit,Missing Fixture,Thigh Injury,2024-10-26T15:00:00+00:00
1213826,61,2024,1063,Saint Etienne,179856,B. Old,Missing Fixture,Knee Injury,2024-10-26T15:00:00+00:00
1213826,61,2024,1063,Saint Etienne,39248,I. Wadji,Missing Fixture,Injury,2024-10-26T15:00:00+00:00
1213827,61,2024,93,Reims,1300,M. Daramy,Missing Fixture,Knee Injury,2024-10-26T17:00:00+00:00
1213827,61,2024,93,Reims,145476,R. Khadra,Missing Fixture,Knee Injury,2024-10-26T17:00:00+00:00
1213827,61,2024,93,Reims,8966,T. Teuma,Missing Fixture,Hamstring Injury,2024-10-26T17:00:00+00:00
1213827,61,2024,93,Reims,442929,A. Kone,Questionable,Thigh Injury,2024-10-26T17:00:00+00:00
1213827,61,2024,106,Stade Brestois 29,274267,B. Locko,Missing Fixture,Achilles Tendon Injury,2024-10-26T17:00:00+00:00
1213820,61,2024,116,Lens,21568,R. Aguilar,Missing Fixture,Shoulder Injury,2024-10-26T19:00:00+00:00
1213820,61,2024,116,Lens,20633,J. Cabot,Missing Fixture,Knee Injury,2024-10-26T19:00:00+00:00
1213820,61,2024,116,Lens,22220,H. Koffi,Missing Fixture,Hip Injury,2024-10-26T19:00:00+00:00
1213820,61,2024,116,Lens,21715,W. Said,Missing Fixture,Thigh Injury,2024-10-26T19:00:00+00:00
1213820,61,2024,116,Lens,195512,M. Satriano,Missing Fixture,Knee Injury,2024-10-26T19:00:00+00:00
1213820,61,2024,79,Lille,530,M. Bakker,Missing Fixture,Thigh Injury,2024-10-26T19:00:00+00:00
1213820,61,2024,79,Lille,409,N. Bentaleb,Missing Fixture,Illness,2024-10-26T19:00:00+00:00
1213820,61,2024,79,Lille,22093,R. Cabella,Missing Fixture,Muscle Injury,2024-10-26T19:00:00+00:00
1213820,61,2024,79,Lille,67889,H. Haraldsson,Missing Fixture,Leg Injury,2024-10-26T19:00:00+00:00
1213820,61,2024,79,Lille,679,Ismaily,Missing Fixture,Injury,2024-10-26T19:00:00+00:00
1213820,61,2024,79,Lille,386287,E. Mbappe,Missing Fixture,Muscle Injury,2024-10-26T19:00:00+00:00
1213820,61,2024,79,Lille,379329,T. Santos,Missing Fixture,Knee Injury,2024-10-26T19:00:00+00:00
1213820,61,2024,79,Lille,139,S. Umtiti,Missing Fixture,Knee Injury,2024-10-26T19:00:00+00:00
1213822,61,2024,80,Lyon,386284,M. Diawara,Questionable,Injury,2024-10-27T14:00:00+00:00
1213822,61,2024,108,Auxerre,90631,O. Camara,Missing Fixture,Groin Injury,2024-10-27T14:00:00+00:00
1213822,61,2024,108,Auxerre,322595,L. Coulibaly,Missing Fixture,Knee Injury,2024-10-27T14:00:00+00:00
1213822,61,2024,108,Auxerre,191392,P. Joly,Missing Fixture,Injury,2024-10-27T14:00:00+00:00
1213822,61,2024,108,Auxerre,129671,S. Agouzoul,Questionable,Injury,2024-10-27T14:00:00+00:00
1213822,61,2024,108,Auxerre,20206,G. Osho,Questionable,Muscle Injury,2024-10-27T14:00:00+00:00
1213823,61,2024,82,Montpellier,395760,Y. Issoufou,Missing Fixture,Thigh Injury,2024-10-27T16:00:00+00:00
1213823,61,2024,82,Montpellier,22138,C. Jullien,Missing Fixture,Knee Injury,2024-10-27T16:00:00+00:00
1213823,61,2024,82,Montpellier,3335,K. Kouyate,Missing Fixture,Surgery,2024-10-27T16:00:00+00:00
1213823,61,2024,82,Montpellier,999,B. Omeragic,Missing Fixture,Injury,2024-10-27T16:00:00+00:00
1213823,61,2024,82,Montpellier,15286,M. Al-Tamari,Questionable,Injury,2024-10-27T16:00:00+00:00
1213823,61,2024,82,Montpellier,128287,J. Chotard,Questionable,Thigh Injury,2024-10-27T16:00:00+00:00
1213823,61,2024,82,Montpellier,326088,K. Fayad,Questionable,Injury,2024-10-27T16:00:00+00:00
1213823,61,2024,82,Montpellier,21434,T. Sainte-Luce,Questionable,Injury,2024-10-27T16:00:00+00:00
1213823,61,2024,96,Toulouse,15793,R. Nicolaisen,Missing Fixture,Ankle Injury,2024-10-27T16:00:00+00:00
1213819,61,2024,84,Nice,69971,T. Moffi,Missing Fixture,Knee Injury,2024-10-27T16:00:00+00:00
1213819,61,2024,84,Nice,662,T. Ndombele,Missing Fixture,Hip Injury,2024-10-27T16:00:00+00:00
1213819,61,2024,84,Nice,3099,Y. Ndayishimiye,Questionable,Muscle Injury,2024-10-27T16:00:00+00:00
1213819,61,2024,84,Nice,1914,M. Sanson,Questionable,Ankle Injury,2024-10-27T16:00:00+00:00
1213819,61,2024,91,Monaco,138835,F. Balogun,Missing Fixture,Shoulder Injury,2024-10-27T16:00:00+00:00
1213819,61,2024,91,Monaco,419035,M. Coulibaly,Missing Fixture,Knee Injury,2024-10-27T16:00:00+00:00
1213819,61,2024,91,Monaco,374361,E. Diop,Missing Fixture,Broken Leg,2024-10-27T16:00:00+00:00
1213819,61,2024,91,Monaco,47480,M. Salisu,Missing Fixture,Hamstring Injury,2024-10-27T16:00:00+00:00
1213819,61,2024,91,Monaco,231,J. Teze,Missing Fixture,Red Card,2024-10-27T16:00:00+00:00
1213824,61,2024,95,Strasbourg,284795,A. Bellaarouch,Missing Fixture,Groin Injury,2024-10-27T16:00:00+00:00
1213824,61,2024,95,Strasbourg,20521,T. Delaine,Missing Fixture,Knee Injury,2024-10-27T16:00:00+00:00
1213824,61,2024,95,Strasbourg,309920,M. S. Dion,Missing Fixture,Knee Injury,2024-10-27T16:00:00+00:00
1213824,61,2024,95,Strasbourg,203762,E. Emegha,Missing Fixture,Ankle Injury,2024-10-27T16:00:00+00:00
1213824,61,2024,95,Strasbourg,346700,M. Lukovic,Missing Fixture,Injury,2024-10-27T16:00:00+00:00
1213824,61,2024,95,Strasbourg,265733,C. Wiley,Missing Fixture,Injury,2024-10-27T16:00:00+00:00
1213824,61,2024,83,Nantes,20654,F. Centonze,Missing Fixture,Knee Injury,2024-10-27T16:00:00+00:00
1213824,61,2024,83,Nantes,349636,A. Mahamoud,Missing Fixture,Knee Injury,2024-10-27T16:00:00+00:00
1213821,61,2024,81,Marseille,341646,V. Carboni,Missing Fixture,Knee Injury,2024-10-27T19:45:00+00:00
1213821,61,2024,81,Marseille,375,C. Mbemba,Missing Fixture,Injury,2024-10-27T19:45:00+00:00
1213821,61,2024,81,Marseille,102447,F. Moumbagna,Missing Fixture,Injury,2024-10-27T19:45:00+00:00
1213821,61,2024,81,Marseille,47426,R. Blanco,Questionable,Injury,2024-10-27T19:45:00+00:00
1213821,61,2024,81,Marseille,943,U. Garcia,Questionable,Injury,2024-10-27T19:45:00+00:00
1213821,61,2024,81,Marseille,272460,Q. Merlin,Questionable,Thigh Injury,2024-10-27T19:45:00+00:00
1213821,61,2024,81,Marseille,283216,B. Nadir,Questionable,Knee Injury,2024-10-27T19:45:00+00:00
1213821,61,2024,85,Paris Saint Germain,33,L. Hernandez,Missing Fixture,Knee Injury,2024-10-27T19:45:00+00:00
1213821,61,2024,85,Paris Saint Germain,262,P. Kimpembe,Missing Fixture,Convalescence,2024-10-27T19:45:00+00:00
1213821,61,2024,85,Paris Saint Germain,41585,G. Ramos,Missing Fixture,Ankle Injury,2024-10-27T19:45:00+00:00
1213830,61,2024,91,Monaco,138835,F. Balogun,Missing Fixture,Shoulder Injury,2024-11-01T18:00:00+00:00
1213830,61,2024,91,Monaco,419035,M. Coulibaly,Missing Fixture,Knee Injury,2024-11-01T18:00:00+00:00
1213830,61,2024,91,Monaco,374361,E. Diop,Missing Fixture,Broken Leg,2024-11-01T18:00:00+00:00
1213830,61,2024,91,Monaco,47480,M. Salisu,Missing Fixture,Hamstring Injury,2024-11-01T18:00:00+00:00
1213830,61,2024,91,Monaco,231,J. Teze,Missing Fixture,Red Card,2024-11-01T18:00:00+00:00
1213830,61,2024,91,Monaco,291649,Vanderson,Missing Fixture,Red Card,2024-11-01T18:00:00+00:00
1213830,61,2024,91,Monaco,2810,D. Zakaria,Missing Fixture,Muscle Injury,2024-11-01T18:00:00+00:00
1213830,61,2024,77,Angers,421875,S. Cherif,Missing Fixture,Injury,2024-11-01T18:00:00+00:00
1213830,61,2024,77,Angers,3175,Z. Ferhat,Missing Fixture,Injury,2024-11-01T18:00:00+00:00
1213830,61,2024,77,Angers,3379,C. Hountondji,Missing Fixture,Thigh Injury,2024-11-01T18:00:00+00:00
1213830,61,2024,77,Angers,405074,J. Kalumba,Missing Fixture,Injury,2024-11-01T18:00:00+00:00
1213830,61,2024,77,Angers,20725,J. Lopy,Missing Fixture,Injury,2024-11-01T18:00:00+00:00
1213830,61,2024,77,Angers,174660,L. Rao-Lisoa,Missing Fixture,Red Card,2024-11-01T18:00:00+00:00
1213833,61,2024,79,Lille,142691,Alexsandro,Missing Fixture,Yellow Cards,2024-11-01T20:00:00+00:00
1213833,61,2024,79,Lille,409,N. Bentaleb,Missing Fixture,Illness,2024-11-01T20:00:00+00:00
1213833,61,2024,79,Lille,22093,R. Cabella,Missing Fixture,Muscle Injury,2024-11-01T20:00:00+00:00
1213833,61,2024,79,Lille,330288,R. Fernandes,Missing Fixture,Injury,2024-11-01T20:00:00+00:00
1213833,61,2024,79,Lille,67889,H. Haraldsson,Missing Fixture,Leg Injury,2024-11-01T20:00:00+00:00
1213833,61,2024,79,Lille,679,Ismaily,Missing Fixture,Injury,2024-11-01T20:00:00+00:00
1213833,61,2024,79,Lille,386287,E. Mbappe,Missing Fixture,Muscle Injury,2024-11-01T20:00:00+00:00
1213833,61,2024,79,Lille,379329,T. Santos,Missing Fixture,Knee Injury,2024-11-01T20:00:00+00:00
1213833,61,2024,79,Lille,139,S. Umtiti,Missing Fixture,Knee Injury,2024-11-01T20:00:00+00:00
1213833,61,2024,80,Lyon,386284,M. Diawara,Missing Fixture,Injury,2024-11-01T20:00:00+00:00
1213833,61,2024,80,Lyon,350856,E. Nuamah,Missing Fixture,Thigh Injury,2024-11-01T20:00:00+00:00
1213833,61,2024,80,Lyon,368260,G. Orban,Missing Fixture,Coach's decision,2024-11-01T20:00:00+00:00
1213836,61,2024,85,Paris Saint Germain,307835,L. Beraldo,Missing Fixture,Yellow Cards,2024-11-02T16:00:00+00:00
1213836,61,2024,85,Paris Saint Germain,33,L. Hernandez,Missing Fixture,Knee Injury,2024-11-02T16:00:00+00:00
1213836,61,2024,85,Paris Saint Germain,262,P. Kimpembe,Missing Fixture,Convalescence,2024-11-02T16:00:00+00:00
1213836,61,2024,85,Paris Saint Germain,41585,G. Ramos,Missing Fixture,Ankle Injury,2024-11-02T16:00:00+00:00
1213836,61,2024,116,Lens,21568,R. Aguilar,Missing Fixture,Shoulder Injury,2024-11-02T16:00:00+00:00
1213836,61,2024,116,Lens,20633,J. Cabot,Missing Fixture,Knee Injury,2024-11-02T16:00:00+00:00
1213836,61,2024,116,Lens,21146,A. Fulgini,Missing Fixture,Injury,2024-11-02T16:00:00+00:00
1213836,61,2024,116,Lens,6231,F. Medina,Missing Fixture,Yellow Cards,2024-11-02T16:00:00+00:00
1213836,61,2024,116,Lens,21715,W. Said,Missing Fixture,Thigh Injury,2024-11-02T16:00:00+00:00
1213836,61,2024,116,Lens,195512,M. Satriano,Missing Fixture,Knee Injury,2024-11-02T16:00:00+00:00
1213835,61,2024,106,Stade Brestois 29,274267,B. Locko,Missing Fixture,Achilles Tendon Injury,2024-11-02T18:00:00+00:00
1213835,61,2024,106,Stade Brestois 29,277191,A. Sima,Missing Fixture,Muscle Injury,2024-11-02T18:00:00+00:00
1213835,61,2024,106,Stade Brestois 29,422595,L. Zogbe,Missing Fixture,Concussion,2024-11-02T18:00:00+00:00
1213835,61,2024,84,Nice,4399,H. Boudaoui,Missing Fixture,Thigh Injury,2024-11-02T18:00:00+00:00
1213835,61,2024,84,Nice,69971,T. Moffi,Missing Fixture,Knee Injury,2024-11-02T18:00:00+00:00
1213835,61,2024,84,Nice,1914,M. Sanson,Questionable,Ankle Injury,2024-11-02T18:00:00+00:00
1213834,61,2024,1063,Saint Etienne,21438,A. Briancon,Missing Fixture,Knee Injury,2024-11-02T20:00:00+00:00
1213834,61,2024,1063,Saint Etienne,21387,T. Monconduit,Missing Fixture,Thigh Injury,2024-11-02T20:00:00+00:00
1213834,61,2024,1063,Saint Etienne,179856,B. Old,Missing Fixture,Knee Injury,2024-11-02T20:00:00+00:00
1213834,61,2024,1063,Saint Etienne,107199,P. Cornud,Questionable,Muscle Injury,2024-11-02T20:00:00+00:00
1213834,61,2024,1063,Saint Etienne,39248,I. Wadji,Questionable,Injury,2024-11-02T20:00:00+00:00
1213834,61,2024,95,Strasbourg,284795,A. Bellaarouch,Missing Fixture,Groin Injury,2024-11-02T20:00:00+00:00
1213834,61,2024,95,Strasbourg,20521,T. Delaine,Missing Fixture,Knee Injury,2024-11-02T20:00:00+00:00
1213834,61,2024,95,Strasbourg,309920,M. S. Dion,Missing Fixture,Knee Injury,2024-11-02T20:00:00+00:00
1213834,61,2024,95,Strasbourg,203762,E. Emegha,Missing Fixture,Ankle Injury,2024-11-02T20:00:00+00:00
1213834,61,2024,95,Strasbourg,191240,M. Senaya,Missing Fixture,Yellow Cards,2024-11-02T20:00:00+00:00
1213829,61,2024,96,Toulouse,15793,R. Nicolaisen,Missing Fixture,Ankle Injury,2024-11-03T14:00:00+00:00
1213829,61,2024,93,Reims,8451,Buta,Missing Fixture,Yellow Cards,2024-11-03T14:00:00+00:00
1213829,61,2024,93,Reims,1300,M. Daramy,Missing Fixture,Knee Injury,2024-11-03T14:00:00+00:00
1213829,61,2024,93,Reims,145476,R. Khadra,Missing Fixture,Knee Injury,2024-11-03T14:00:00+00:00
1213829,61,2024,93,Reims,3080,M. Munetsi,Missing Fixture,Yellow Cards,2024-11-03T14:00:00+00:00
1213829,61,2024,93,Reims,8966,T. Teuma,Missing Fixture,Hamstring Injury,2024-11-03T14:00:00+00:00
1213828,61,2024,108,Auxerre,129671,S. Agouzoul,Missing Fixture,Injury,2024-11-03T16:00:00+00:00
1213828,61,2024,108,Auxerre,322595,L. Coulibaly,Missing Fixture,Knee Injury,2024-11-03T16:00:00+00:00
1213828,61,2024,108,Auxerre,191392,P. Joly,Missing Fixture,Injury,2024-11-03T16:00:00+00:00
1213828,61,2024,108,Auxerre,345532,A. L. N'Gatta,Missing Fixture,Muscle Injury,2024-11-03T16:00:00+00:00
1213828,61,2024,108,Auxerre,90631,O. Camara,Questionable,Groin Injury,2024-11-03T16:00:00+00:00
1213828,61,2024,94,Rennes,50104,D. Alemdar,Missing Fixture,Knee Injury,2024-11-03T16:00:00+00:00
1213828,61,2024,94,Rennes,196187,A. Seidu,Missing Fixture,Yellow Cards,2024-11-03T16:00:00+00:00
1213831,61,2024,111,LE Havre,174915,J. Casimir,Missing Fixture,Yellow Cards,2024-11-03T16:00:00+00:00
1213831,61,2024,111,LE Havre,2707,O. El Hajjam,Missing Fixture,Calf Injury,2024-11-03T16:00:00+00:00
1213831,61,2024,111,LE Havre,143830,Y. Kitala,Missing Fixture,Foot Injury,2024-11-03T16:00:00+00:00
1213831,61,2024,111,LE Havre,339633,A. Logbo,Missing Fixture,Knee Injury,2024-11-03T16:00:00+00:00
1213831,61,2024,111,LE Havre,460805,D. N. Mosengo,Missing Fixture,Knee Injury,2024-11-03T16:00:00+00:00
1213831,61,2024,111,LE Havre,343317,S. Ngoura,Missing Fixture,Groin Injury,2024-11-03T16:00:00+00:00
1213831,61,2024,111,LE Havre,20836,C. Operi,Missing Fixture,Red Card,2024-11-03T16:00:00+00:00
1213831,61,2024,111,LE Havre,174927,A. Sangante,Missing Fixture,Groin Injury,2024-11-03T16:00:00+00:00
1213831,61,2024,82,Montpellier,395760,Y. Issoufou,Missing Fixture,Thigh Injury,2024-11-03T16:00:00+00:00
1213831,61,2024,82,Montpellier,22138,C. Jullien,Missing Fixture,Knee Injury,2024-11-03T16:00:00+00:00
1213831,61,2024,82,Montpellier,3335,K. Kouyate,Missing Fixture,Surgery,2024-11-03T16:00:00+00:00
1213831,61,2024,82,Montpellier,999,B. Omeragic,Missing Fixture,Injury,2024-11-03T16:00:00+00:00
1213831,61,2024,82,Montpellier,21443,T. Savanier,Missing Fixture,Red Card,2024-11-03T16:00:00+00:00
1213831,61,2024,82,Montpellier,128287,J. Chotard,Questionable,Thigh Injury,2024-11-03T16:00:00+00:00
1213831,61,2024,82,Montpellier,326088,K. Fayad,Questionable,Injury,2024-11-03T16:00:00+00:00
1213831,61,2024,82,Montpellier,21434,T. Sainte-Luce,Questionable,Injury,2024-11-03T16:00:00+00:00
1213832,61,2024,83,Nantes,20654,F. Centonze,Missing Fixture,Knee Injury,2024-11-03T19:45:00+00:00
1213832,61,2024,83,Nantes,193952,J. Lepenant,Missing Fixture,Calf Injury,2024-11-03T19:45:00+00:00
1213832,61,2024,83,Nantes,349636,A. Mahamoud,Missing Fixture,Knee Injury,2024-11-03T19:45:00+00:00
1213832,61,2024,81,Marseille,47426,R. Blanco,Missing Fixture,Injury,2024-11-03T19:45:00+00:00
1213832,61,2024,81,Marseille,341646,V. Carboni,Missing Fixture,Knee Injury,2024-11-03T19:45:00+00:00
1213832,61,2024,81,Marseille,943,U. Garcia,Missing Fixture,Injury,2024-11-03T19:45:00+00:00
1213832,61,2024,81,Marseille,412,A. Harit,Missing Fixture,Red Card,2024-11-03T19:45:00+00:00
1213832,61,2024,81,Marseille,375,C. Mbemba,Missing Fixture,Injury,2024-11-03T19:45:00+00:00
1213832,61,2024,81,Marseille,102447,F. Moumbagna,Missing Fixture,Injury,2024-11-03T19:45:00+00:00
1213832,61,2024,81,Marseille,283216,B. Nadir,Questionable,Knee Injury,2024-11-03T19:45:00+00:00
1213837,61,2024,81,Marseille,47426,R. Blanco,Missing Fixture,Injury,2024-11-08T19:45:00+00:00
1213837,61,2024,81,Marseille,341646,V. Carboni,Missing Fixture,Knee Injury,2024-11-08T19:45:00+00:00
1213837,61,2024,81,Marseille,375,C. Mbemba,Missing Fixture,Injury,2024-11-08T19:45:00+00:00
1213837,61,2024,81,Marseille,102447,F. Moumbagna,Missing Fixture,Injury,2024-11-08T19:45:00+00:00
1213837,61,2024,81,Marseille,283216,B. Nadir,Questionable,Knee Injury,2024-11-08T19:45:00+00:00
1213837,61,2024,108,Auxerre,129671,S. Agouzoul,Missing Fixture,Injury,2024-11-08T19:45:00+00:00
1213837,61,2024,108,Auxerre,322595,L. Coulibaly,Missing Fixture,Knee Injury,2024-11-08T19:45:00+00:00
1213837,61,2024,108,Auxerre,162466,S. Diomande,Missing Fixture,Yellow Cards,2024-11-08T19:45:00+00:00
1213837,61,2024,108,Auxerre,191392,P. Joly,Missing Fixture,Injury,2024-11-08T19:45:00+00:00
1213837,61,2024,108,Auxerre,41300,Jubal,Missing Fixture,Yellow Cards,2024-11-08T19:45:00+00:00
1213837,61,2024,108,Auxerre,345532,A. L. N'Gatta,Missing Fixture,Muscle Injury,2024-11-08T19:45:00+00:00
1213837,61,2024,108,Auxerre,90631,O. Camara,Questionable,Groin Injury,2024-11-08T19:45:00+00:00
1213841,61,2024,95,Strasbourg,284795,A. Bellaarouch,Missing Fixture,Groin Injury,2024-11-09T16:00:00+00:00
1213841,61,2024,95,Strasbourg,20521,T. Delaine,Missing Fixture,Knee Injury,2024-11-09T16:00:00+00:00
1213841,61,2024,95,Strasbourg,309920,M. S. Dion,Missing Fixture,Knee Injury,2024-11-09T16:00:00+00:00
1213841,61,2024,95,Strasbourg,203762,E. Emegha,Missing Fixture,Knee Injury,2024-11-09T16:00:00+00:00
1213841,61,2024,95,Strasbourg,369885,J. Sebas,Missing Fixture,Injury,2024-11-09T16:00:00+00:00
1213841,61,2024,91,Monaco,138835,F. Balogun,Missing Fixture,Shoulder Injury,2024-11-09T16:00:00+00:00
1213841,61,2024,91,Monaco,419035,M. Coulibaly,Missing Fixture,Knee Injury,2024-11-09T16:00:00+00:00
1213841,61,2024,91,Monaco,374361,E. Diop,Missing Fixture,Broken Leg,2024-11-09T16:00:00+00:00
1213841,61,2024,91,Monaco,2810,D. Zakaria,Questionable,Muscle Injury,2024-11-09T16:00:00+00:00
1213842,61,2024,116,Lens,21568,R. Aguilar,Missing Fixture,Shoulder Injury,2024-11-09T18:00:00+00:00
1213842,61,2024,116,Lens,20633,J. Cabot,Missing Fixture,Knee Injury,2024-11-09T18:00:00+00:00
1213842,61,2024,116,Lens,360114,A. Khusanov,Missing Fixture,Red Card,2024-11-09T18:00:00+00:00
1213842,61,2024,116,Lens,31318,M. Nzola,Missing Fixture,Yellow Cards,2024-11-09T18:00:00+00:00
1213842,61,2024,116,Lens,21715,W. Said,Missing Fixture,Thigh Injury,2024-11-09T18:00:00+00:00
1213842,61,2024,116,Lens,195512,M. Satriano,Missing Fixture,Knee Injury,2024-11-09T18:00:00+00:00
1213842,61,2024,83,Nantes,20654,F. Centonze,Missing Fixture,Knee Injury,2024-11-09T18:00:00+00:00
1213842,61,2024,83,Nantes,193952,J. Lepenant,Missing Fixture,Calf Injury,2024-11-09T18:00:00+00:00
1213842,61,2024,83,Nantes,349636,A. Mahamoud,Missing Fixture,Knee Injury,2024-11-09T18:00:00+00:00
1213842,61,2024,83,Nantes,343359,N. Zeze,Missing Fixture,Yellow Cards,2024-11-09T18:00:00+00:00
1213845,61,2024,77,Angers,421875,S. Cherif,Missing Fixture,Injury,2024-11-09T20:00:00+00:00
1213845,61,2024,77,Angers,3175,Z. Ferhat,Missing Fixture,Injury,2024-11-09T20:00:00+00:00
1213845,61,2024,77,Angers,3379,C. Hountondji,Missing Fixture,Thigh Injury,2024-11-09T20:00:00+00:00
1213845,61,2024,77,Angers,405074,J. Kalumba,Missing Fixture,Injury,2024-11-09T20:00:00+00:00
1213845,61,2024,77,Angers,20725,J. Lopy,Missing Fixture,Injury,2024-11-09T20:00:00+00:00
1213845,61,2024,85,Paris Saint Germain,33,L. Hernandez,Missing Fixture,Knee Injury,2024-11-09T20:00:00+00:00
1213845,61,2024,85,Paris Saint Germain,262,P. Kimpembe,Missing Fixture,Convalescence,2024-11-09T20:00:00+00:00
1213845,61,2024,85,Paris Saint Germain,16367,W. Pacho,Missing Fixture,Injury,2024-11-09T20:00:00+00:00
1213845,61,2024,85,Paris Saint Germain,41585,G. Ramos,Missing Fixture,Ankle Injury,2024-11-09T20:00:00+00:00
1213844,61,2024,84,Nice,4399,H. Boudaoui,Missing Fixture,Thigh Injury,2024-11-10T14:00:00+00:00
1213844,61,2024,84,Nice,69971,T. Moffi,Missing Fixture,Knee Injury,2024-11-10T14:00:00+00:00
1213844,61,2024,84,Nice,1914,M. Sanson,Missing Fixture,Ankle Injury,2024-11-10T14:00:00+00:00
1213844,61,2024,79,Lille,409,N. Bentaleb,Missing Fixture,Illness,2024-11-10T14:00:00+00:00
1213844,61,2024,79,Lille,330288,R. Fernandes,Missing Fixture,Injury,2024-11-10T14:00:00+00:00
1213844,61,2024,79,Lille,18765,A. Gomes,Missing Fixture,Muscle Injury,2024-11-10T14:00:00+00:00
1213844,61,2024,79,Lille,67889,H. Haraldsson,Missing Fixture,Leg Injury,2024-11-10T14:00:00+00:00
1213844,61,2024,79,Lille,386287,E. Mbappe,Missing Fixture,Muscle Injury,2024-11-10T14:00:00+00:00
1213844,61,2024,79,Lille,264,T. Meunier,Missing Fixture,Injury,2024-11-10T14:00:00+00:00
1213844,61,2024,79,Lille,379329,T. Santos,Missing Fixture,Knee Injury,2024-11-10T14:00:00+00:00
1213844,61,2024,79,Lille,351888,O. Toure,Missing Fixture,Injury,2024-11-10T14:00:00+00:00
1213844,61,2024,79,Lille,139,S. Umtiti,Missing Fixture,Knee Injury,2024-11-10T14:00:00+00:00
1213840,61,2024,111,LE Havre,2707,O. El Hajjam,Missing Fixture,Calf Injury,2024-11-10T16:00:00+00:00
1213840,61,2024,111,LE Havre,143830,Y. Kitala,Missing Fixture,Foot Injury,2024-11-10T16:00:00+00:00
1213840,61,2024,111,LE Havre,339633,A. Logbo,Missing Fixture,Knee Injury,2024-11-10T16:00:00+00:00
1213840,61,2024,111,LE Havre,174927,A. Sangante,Missing Fixture,Groin Injury,2024-11-10T16:00:00+00:00
1213840,61,2024,111,LE Havre,460805,D. N. Mosengo,Questionable,Knee Injury,2024-11-10T16:00:00+00:00
1213840,61,2024,111,LE Havre,343317,S. Ngoura,Questionable,Groin Injury,2024-11-10T16:00:00+00:00
1213840,61,2024,93,Reims,1300,M. Daramy,Missing Fixture,Knee Injury,2024-11-10T16:00:00+00:00
1213840,61,2024,93,Reims,145476,R. Khadra,Missing Fixture,Knee Injury,2024-11-10T16:00:00+00:00
1213839,61,2024,82,Montpellier,128287,J. Chotard,Missing Fixture,Thigh Injury,2024-11-10T16:00:00+00:00
1213839,61,2024,82,Montpellier,326088,K. Fayad,Missing Fixture,Injury,2024-11-10T16:00:00+00:00
1213839,61,2024,82,Montpellier,395760,Y. Issoufou,Missing Fixture,Thigh Injury,2024-11-10T16:00:00+00:00
1213839,61,2024,82,Montpellier,22138,C. Jullien,Missing Fixture,Knee Injury,2024-11-10T16:00:00+00:00
1213839,61,2024,82,Montpellier,3335,K. Kouyate,Missing Fixture,Surgery,2024-11-10T16:00:00+00:00
1213839,61,2024,82,Montpellier,999,B. Omeragic,Missing Fixture,Injury,2024-11-10T16:00:00+00:00
1213839,61,2024,82,Montpellier,21443,T. Savanier,Missing Fixture,Red Card,2024-11-10T16:00:00+00:00
1213839,61,2024,82,Montpellier,21434,T. Sainte-Luce,Questionable,Injury,2024-11-10T16:00:00+00:00
1213839,61,2024,106,Stade Brestois 29,274267,B. Locko,Missing Fixture,Achilles Tendon Injury,2024-11-10T16:00:00+00:00
1213843,61,2024,94,Rennes,50104,D. Alemdar,Missing Fixture,Knee Injury,2024-11-10T16:00:00+00:00
1213843,61,2024,96,Toulouse,15793,R. Nicolaisen,Questionable,Ankle Injury,2024-11-10T16:00:00+00:00
1213838,61,2024,80,Lyon,386284,M. Diawara,Questionable,Injury,2024-11-10T19:45:00+00:00
1213838,61,2024,1063,Saint Etienne,21438,A. Briancon,Missing Fixture,Knee Injury,2024-11-10T19:45:00+00:00
1213838,61,2024,1063,Saint Etienne,22003,M. Cafaro,Missing Fixture,Yellow Cards,2024-11-10T19:45:00+00:00
1213838,61,2024,1063,Saint Etienne,21387,T. Monconduit,Missing Fixture,Thigh Injury,2024-11-10T19:45:00+00:00
1213838,61,2024,1063,Saint Etienne,179856,B. Old,Missing Fixture,Knee Injury,2024-11-10T19:45:00+00:00
1213852,61,2024,91,Monaco,138835,F. Balogun,Missing Fixture,Shoulder Injury,2024-11-22T18:00:00+00:00
1213852,61,2024,91,Monaco,374058,L. Camara,Missing Fixture,Yellow Cards,2024-11-22T18:00:00+00:00
1213852,61,2024,91,Monaco,419035,M. Coulibaly,Missing Fixture,Knee Injury,2024-11-22T18:00:00+00:00
1213852,61,2024,91,Monaco,81,K. Diatta,Missing Fixture,Muscle Injury,2024-11-22T18:00:00+00:00
1213852,61,2024,91,Monaco,374361,E. Diop,Missing Fixture,Foot Injury,2024-11-22T18:00:00+00:00
1213852,61,2024,106,Stade Brestois 29,162568,S. Coulibaly,Missing Fixture,Groin Injury,2024-11-22T18:00:00+00:00
1213852,61,2024,106,Stade Brestois 29,84082,R. Faivre,Missing Fixture,Ankle Injury,2024-11-22T18:00:00+00:00
1213852,61,2024,106,Stade Brestois 29,3333,M. Haidara,Missing Fixture,Muscle Injury,2024-11-22T18:00:00+00:00
1213852,61,2024,106,Stade Brestois 29,274267,B. Locko,Missing Fixture,Achilles Tendon Injury,2024-11-22T18:00:00+00:00
1213846,61,2024,85,Paris Saint Germain,262,P. Kimpembe,Missing Fixture,Convalescence,2024-11-22T20:00:00+00:00
1213846,61,2024,85,Paris Saint Germain,257,Marquinhos,Missing Fixture,Yellow Cards,2024-11-22T20:00:00+00:00
1213846,61,2024,85,Paris Saint Germain,409216,S. Mayulu,Missing Fixture,Calf Injury,2024-11-22T20:00:00+00:00
1213846,61,2024,85,Paris Saint Germain,263482,N. Mendes,Missing Fixture,Ankle Injury,2024-11-22T20:00:00+00:00
1213846,61,2024,85,Paris Saint Germain,41585,G. Ramos,Missing Fixture,Ankle Injury,2024-11-22T20:00:00+00:00
1213846,61,2024,96,Toulouse,15793,R. Nicolaisen,Missing Fixture,Ankle Injury,2024-11-22T20:00:00+00:00
1213847,61,2024,116,Lens,21568,R. Aguilar,Missing Fixture,Shoulder Injury,2024-11-23T16:00:00+00:00
1213847,61,2024,116,Lens,362900,S. Bane,Missing Fixture,Muscle Injury,2024-11-23T16:00:00+00:00
1213847,61,2024,116,Lens,20633,J. Cabot,Missing Fixture,Knee Injury,2024-11-23T16:00:00+00:00
1213847,61,2024,116,Lens,21635,J. Gradit,Missing Fixture,Yellow Cards,2024-11-23T16:00:00+00:00
1213847,61,2024,116,Lens,360114,A. Khusanov,Missing Fixture,Red Card,2024-11-23T16:00:00+00:00
1213847,61,2024,116,Lens,21715,W. Said,Missing Fixture,Thigh Injury,2024-11-23T16:00:00+00:00
1213847,61,2024,116,Lens,195512,M. Satriano,Missing Fixture,Knee Injury,2024-11-23T16:00:00+00:00
1213847,61,2024,81,Marseille,47426,R. Blanco,Missing Fixture,Knee Injury,2024-11-23T16:00:00+00:00
1213847,61,2024,81,Marseille,126757,L. Brassier,Missing Fixture,Coach's decision,2024-11-23T16:00:00+00:00
1213847,61,2024,81,Marseille,341646,V. Carboni,Missing Fixture,Knee Injury,2024-11-23T16:00:00+00:00
1213847,61,2024,81,Marseille,51295,D. Cornelius,Missing Fixture,Chest Injury,2024-11-23T16:00:00+00:00
1213847,61,2024,81,Marseille,412,A. Harit,Missing Fixture,Calf Injury,2024-11-23T16:00:00+00:00
1213847,61,2024,81,Marseille,30525,P. Lirola,Missing Fixture,Muscle Injury,2024-11-23T16:00:00+00:00
1213847,61,2024,81,Marseille,102447,F. Moumbagna,Missing Fixture,Injury,2024-11-23T16:00:00+00:00
1213849,61,2024,1063,Saint Etienne,21438,A. Briancon,Missing Fixture,Knee Injury,2024-11-23T18:00:00+00:00
1213849,61,2024,1063,Saint Etienne,24284,Y. Macon,Missing Fixture,Knee Injury,2024-11-23T18:00:00+00:00
1213849,61,2024,1063,Saint Etienne,22087,M. Nade,Missing Fixture,Knee Injury,2024-11-23T18:00:00+00:00
1213849,61,2024,1063,Saint Etienne,179856,B. Old,Missing Fixture,Knee Injury,2024-11-23T18:00:00+00:00
1213849,61,2024,82,Montpellier,57446,A. Adams,Missing Fixture,Thigh Injury,2024-11-23T18:00:00+00:00
1213849,61,2024,82,Montpellier,326088,K. Fayad,Missing Fixture,Injury,2024-11-23T18:00:00+00:00
1213849,61,2024,82,Montpellier,21439,J. Ferri,Missing Fixture,Yellow Cards,2024-11-23T18:00:00+00:00
1213849,61,2024,82,Montpellier,395760,Y. Issoufou,Missing Fixture,Thigh Injury,2024-11-23T18:00:00+00:00
1213849,61,2024,82,Montpellier,22138,C. Jullien,Missing Fixture,Knee Injury,2024-11-23T18:00:00+00:00
1213849,61,2024,82,Montpellier,3335,K. Kouyate,Missing Fixture,Surgery,2024-11-23T18:00:00+00:00
1213849,61,2024,82,Montpellier,333118,L. Mincarelli,Missing Fixture,Injury,2024-11-23T18:00:00+00:00
1213849,61,2024,82,Montpellier,20866,B. Toure,Missing Fixture,Yellow Cards,2024-11-23T18:00:00+00:00
1213854,61,2024,93,Reims,135068,E. Agbadou,Missing Fixture,Yellow Cards,2024-11-23T20:00:00+00:00
1213854,61,2024,93,Reims,8553,M. Busi,Missing Fixture,Muscle Injury,2024-11-23T20:00:00+00:00
1213854,61,2024,93,Reims,1300,M. Daramy,Missing Fixture,Knee Injury,2024-11-23T20:00:00+00:00
1213854,61,2024,93,Reims,145476,R. Khadra,Missing Fixture,Knee Injury,2024-11-23T20:00:00+00:00
1213854,61,2024,93,Reims,442929,A. Kone,Missing Fixture,Muscle Injury,2024-11-23T20:00:00+00:00
1213854,61,2024,93,Reims,71545,J. Okumu,Missing Fixture,Groin Injury,2024-11-23T20:00:00+00:00
1213854,61,2024,80,Lyon,1902,D. Caleta-Car,Missing Fixture,Rest,2024-11-23T20:00:00+00:00
1213854,61,2024,80,Lyon,386284,M. Diawara,Missing Fixture,Injury,2024-11-23T20:00:00+00:00
1213854,61,2024,80,Lyon,529,N. Tagliafico,Missing Fixture,Rest,2024-11-23T20:00:00+00:00
1213850,61,2024,79,Lille,409,N. Bentaleb,Missing Fixture,Illness,2024-11-24T14:00:00+00:00
1213850,61,2024,79,Lille,18765,A. Gomes,Missing Fixture,Muscle Injury,2024-11-24T14:00:00+00:00
1213850,61,2024,79,Lille,386287,E. Mbappe,Missing Fixture,Muscle Injury,2024-11-24T14:00:00+00:00
1213850,61,2024,79,Lille,375598,N. Mukau,Missing Fixture,Yellow Cards,2024-11-24T14:00:00+00:00
1213850,61,2024,79,Lille,379329,T. Santos,Missing Fixture,Knee Injury,2024-11-24T14:00:00+00:00
1213850,61,2024,79,Lille,139,S. Umtiti,Missing Fixture,Knee Injury,2024-11-24T14:00:00+00:00
1213850,61,2024,94,Rennes,50104,D. Alemdar,Missing Fixture,Knee Injury,2024-11-24T14:00:00+00:00
1213850,61,2024,94,Rennes,162267,A. Truffert,Missing Fixture,Yellow Cards,2024-11-24T14:00:00+00:00
1213853,61,2024,108,Auxerre,90631,O. Camara,Missing Fixture,Groin Injury,2024-11-24T16:00:00+00:00
1213853,61,2024,108,Auxerre,322595,L. Coulibaly,Missing Fixture,Knee Injury,2024-11-24T16:00:00+00:00
1213853,61,2024,108,Auxerre,345532,A. L. N'Gatta,Missing Fixture,Muscle Injury,2024-11-24T16:00:00+00:00
1213853,61,2024,77,Angers,421875,S. Cherif,Missing Fixture,Injury,2024-11-24T16:00:00+00:00
1213853,61,2024,77,Angers,3175,Z. Ferhat,Missing Fixture,Muscle Injury,2024-11-24T16:00:00+00:00
1213853,61,2024,77,Angers,3379,C. Hountondji,Missing Fixture,Thigh Injury,2024-11-24T16:00:00+00:00
1213853,61,2024,77,Angers,405074,J. Kalumba,Missing Fixture,Broken ankle,2024-11-24T16:00:00+00:00
1213851,61,2024,83,Nantes,3084,T. Kadewere,Missing Fixture,Injury,2024-11-24T16:00:00+00:00
1213851,61,2024,83,Nantes,21088,N. Pallois,Missing Fixture,Yellow Cards,2024-11-24T16:00:00+00:00
1213851,61,2024,83,Nantes,21498,M. Coco,Questionable,Illness,2024-11-24T16:00:00+00:00
1213851,61,2024,111,LE Havre,2707,O. El Hajjam,Missing Fixture,Calf Injury,2024-11-24T16:00:00+00:00
1213851,61,2024,111,LE Havre,143830,Y. Kitala,Missing Fixture,Foot Injury,2024-11-24T16:00:00+00:00
1213851,61,2024,111,LE Havre,339633,A. Logbo,Missing Fixture,Knee Injury,2024-11-24T16:00:00+00:00
1213851,61,2024,111,LE Havre,20576,Y. Salmier,Missing Fixture,Yellow Cards,2024-11-24T16:00:00+00:00
1213851,61,2024,111,LE Havre,174927,A. Sangante,Missing Fixture,Groin Injury,2024-11-24T16:00:00+00:00
1213851,61,2024,111,LE Havre,284071,O. Targhalline,Missing Fixture,Thigh Injury,2024-11-24T16:00:00+00:00
1213851,61,2024,111,LE Havre,21103,A. Toure,Missing Fixture,Yellow Cards,2024-11-24T16:00:00+00:00
1213848,61,2024,84,Nice,196343,M. Abdelmonem,Missing Fixture,Calf Injury,2024-11-24T19:45:00+00:00
1213848,61,2024,84,Nice,49583,A. Abdi,Missing Fixture,Thigh Injury,2024-11-24T19:45:00+00:00
1213848,61,2024,84,Nice,313937,A. Mendy,Missing Fixture,Ankle Injury,2024-11-24T19:45:00+00:00
1213848,61,2024,84,Nice,69971,T. Moffi,Missing Fixture,Knee Injury,2024-11-24T19:45:00+00:00
1213848,61,2024,84,Nice,1914,M. Sanson,Missing Fixture,Ankle Injury,2024-11-24T19:45:00+00:00
1213848,61,2024,95,Strasbourg,284795,A. Bellaarouch,Missing Fixture,Groin Injury,2024-11-24T19:45:00+00:00
1213848,61,2024,95,Strasbourg,20521,T. Delaine,Missing Fixture,Knee Injury,2024-11-24T19:45:00+00:00
1213848,61,2024,95,Strasbourg,327631,H. Diarra,Missing Fixture,Yellow Cards,2024-11-24T19:45:00+00:00
1213848,61,2024,95,Strasbourg,309920,M. S. Dion,Missing Fixture,Knee Injury,2024-11-24T19:45:00+00:00
1213848,61,2024,95,Strasbourg,203762,E. Emegha,Missing Fixture,Knee Injury,2024-11-24T19:45:00+00:00
1213855,61,2024,93,Reims,8553,M. Busi,Missing Fixture,Muscle Injury,2024-11-29T19:45:00+00:00
1213855,61,2024,93,Reims,1300,M. Daramy,Missing Fixture,Knee Injury,2024-11-29T19:45:00+00:00
1213855,61,2024,93,Reims,145476,R. Khadra,Missing Fixture,Knee Injury,2024-11-29T19:45:00+00:00
1213855,61,2024,93,Reims,442929,A. Kone,Missing Fixture,Muscle Injury,2024-11-29T19:45:00+00:00
1213855,61,2024,93,Reims,71545,J. Okumu,Missing Fixture,Groin Injury,2024-11-29T19:45:00+00:00
1213855,61,2024,116,Lens,21568,R. Aguilar,Missing Fixture,Shoulder Injury,2024-11-29T19:45:00+00:00
1213855,61,2024,116,Lens,362900,S. Bane,Missing Fixture,Muscle Injury,2024-11-29T19:45:00+00:00
1213855,61,2024,116,Lens,20633,J. Cabot,Missing Fixture,Knee Injury,2024-11-29T19:45:00+00:00
1213855,61,2024,116,Lens,21715,W. Said,Missing Fixture,Thigh Injury,2024-11-29T19:45:00+00:00
1213855,61,2024,116,Lens,195512,M. Satriano,Missing Fixture,Knee Injury,2024-11-29T19:45:00+00:00
1213856,61,2024,94,Rennes,50104,D. Alemdar,Missing Fixture,Knee Injury,2024-11-30T16:00:00+00:00
1213856,61,2024,94,Rennes,196187,A. Seidu,Missing Fixture,Knee Injury,2024-11-30T16:00:00+00:00
1213856,61,2024,1063,Saint Etienne,337426,A. Boakye,Missing Fixture,Muscle Injury,2024-11-30T16:00:00+00:00
1213856,61,2024,1063,Saint Etienne,21438,A. Briancon,Missing Fixture,Knee Injury,2024-11-30T16:00:00+00:00
1213856,61,2024,1063,Saint Etienne,24284,Y. Macon,Missing Fixture,Knee Injury,2024-11-30T16:00:00+00:00
1213856,61,2024,1063,Saint Etienne,22087,M. Nade,Missing Fixture,Knee Injury,2024-11-30T16:00:00+00:00
1213856,61,2024,1063,Saint Etienne,179856,B. Old,Missing Fixture,Knee Injury,2024-11-30T16:00:00+00:00
1213859,61,2024,106,Stade Brestois 29,162568,S. Coulibaly,Missing Fixture,Groin Injury,2024-11-30T18:00:00+00:00
1213859,61,2024,106,Stade Brestois 29,22170,P. Lees-Melou,Missing Fixture,Shin Injury,2024-11-30T18:00:00+00:00
1213859,61,2024,106,Stade Brestois 29,274267,B. Locko,Missing Fixture,Achilles Tendon Injury,2024-11-30T18:00:00+00:00
1213859,61,2024,106,Stade Brestois 29,22258,J. Martin,Missing Fixture,Muscle Injury,2024-11-30T18:00:00+00:00
1213859,61,2024,95,Strasbourg,284795,A. Bellaarouch,Missing Fixture,Groin Injury,2024-11-30T18:00:00+00:00
1213859,61,2024,95,Strasbourg,20521,T. Delaine,Missing Fixture,Knee Injury,2024-11-30T18:00:00+00:00
1213859,61,2024,95,Strasbourg,309920,M. S. Dion,Missing Fixture,Knee Injury,2024-11-30T18:00:00+00:00
1213859,61,2024,95,Strasbourg,271542,I. Doukoure,Missing Fixture,Knee Injury,2024-11-30T18:00:00+00:00
1213859,61,2024,95,Strasbourg,203762,E. Emegha,Missing Fixture,Knee Injury,2024-11-30T18:00:00+00:00
1213859,61,2024,95,Strasbourg,265733,C. Wiley,Missing Fixture,Shoulder Injury,2024-11-30T18:00:00+00:00
1213861,61,2024,85,Paris Saint Germain,33,L. Hernandez,Missing Fixture,Knee Injury,2024-11-30T20:00:00+00:00
1213861,61,2024,85,Paris Saint Germain,409216,S. Mayulu,Missing Fixture,Calf Injury,2024-11-30T20:00:00+00:00
1213861,61,2024,83,Nantes,3084,T. Kadewere,Missing Fixture,Injury,2024-11-30T20:00:00+00:00
1213860,61,2024,82,Montpellier,57446,A. Adams,Missing Fixture,Thigh Injury,2024-12-01T14:00:00+00:00
1213860,61,2024,82,Montpellier,326088,K. Fayad,Missing Fixture,Injury,2024-12-01T14:00:00+00:00
1213860,61,2024,82,Montpellier,395760,Y. Issoufou,Missing Fixture,Thigh Injury,2024-12-01T14:00:00+00:00
1213860,61,2024,82,Montpellier,22138,C. Jullien,Missing Fixture,Knee Injury,2024-12-01T14:00:00+00:00
1213860,61,2024,82,Montpellier,3335,K. Kouyate,Missing Fixture,Surgery,2024-12-01T14:00:00+00:00
1213860,61,2024,82,Montpellier,333118,L. Mincarelli,Missing Fixture,Injury,2024-12-01T14:00:00+00:00
1213860,61,2024,82,Montpellier,20866,B. Toure,Missing Fixture,Muscle Injury,2024-12-01T14:00:00+00:00
1213860,61,2024,79,Lille,409,N. Bentaleb,Missing Fixture,Injury,2024-12-01T14:00:00+00:00
1213860,61,2024,79,Lille,896,A. Gomes,Missing Fixture,Calf Injury,2024-12-01T14:00:00+00:00
1213860,61,2024,79,Lille,386287,E. Mbappe,Missing Fixture,Muscle Injury,2024-12-01T14:00:00+00:00
1213860,61,2024,79,Lille,379329,T. Santos,Missing Fixture,Knee Injury,2024-12-01T14:00:00+00:00
1213860,61,2024,79,Lille,139,S. Umtiti,Missing Fixture,Knee Injury,2024-12-01T14:00:00+00:00
1213857,61,2024,111,LE Havre,2707,O. El Hajjam,Missing Fixture,Calf Injury,2024-12-01T16:00:00+00:00
1213857,61,2024,111,LE Havre,143830,Y. Kitala,Missing Fixture,Foot Injury,2024-12-01T16:00:00+00:00
1213857,61,2024,111,LE Havre,339633,A. Logbo,Missing Fixture,Knee Injury,2024-12-01T16:00:00+00:00
1213857,61,2024,111,LE Havre,174927,A. Sangante,Missing Fixture,Groin Injury,2024-12-01T16:00:00+00:00
1213857,61,2024,111,LE Havre,284071,O. Targhalline,Missing Fixture,Thigh Injury,2024-12-01T16:00:00+00:00
1213857,61,2024,77,Angers,421875,S. Cherif,Missing Fixture,Injury,2024-12-01T16:00:00+00:00
1213857,61,2024,77,Angers,3175,Z. Ferhat,Missing Fixture,Muscle Injury,2024-12-01T16:00:00+00:00
1213857,61,2024,77,Angers,3379,C. Hountondji,Missing Fixture,Thigh Injury,2024-12-01T16:00:00+00:00
1213857,61,2024,77,Angers,405074,J. Kalumba,Missing Fixture,Broken ankle,2024-12-01T16:00:00+00:00
1213863,61,2024,80,Lyon,386284,M. Diawara,Missing Fixture,Knee Injury,2024-12-01T16:00:00+00:00
1213863,61,2024,84,Nice,49583,A. Abdi,Missing Fixture,Thigh Injury,2024-12-01T16:00:00+00:00
1213863,61,2024,84,Nice,162465,M. Bard,Missing Fixture,Foot Injury,2024-12-01T16:00:00+00:00
1213863,61,2024,84,Nice,25008,J. Clauss,Missing Fixture,Thigh Injury,2024-12-01T16:00:00+00:00
1213863,61,2024,84,Nice,313937,A. Mendy,Missing Fixture,Ankle Injury,2024-12-01T16:00:00+00:00
1213863,61,2024,84,Nice,69971,T. Moffi,Missing Fixture,Knee Injury,2024-12-01T16:00:00+00:00
1213863,61,2024,84,Nice,1914,M. Sanson,Missing Fixture,Ankle Injury,2024-12-01T16:00:00+00:00
1213863,61,2024,84,Nice,30531,J. Boga,Questionable,Injury,2024-12-01T16:00:00+00:00
1213863,61,2024,84,Nice,22163,Dante,Questionable,Injury,2024-12-01T16:00:00+00:00
1213863,61,2024,84,Nice,3099,Y. Ndayishimiye,Questionable,Thigh Injury,2024-12-01T16:00:00+00:00
1213858,61,2024,96,Toulouse,15793,R. Nicolaisen,Missing Fixture,Ankle Injury,2024-12-01T16:00:00+00:00
1213858,61,2024,108,Auxerre,90631,O. Camara,Missing Fixture,Groin Injury,2024-12-01T16:00:00+00:00
1213858,61,2024,108,Auxerre,322595,L. Coulibaly,Missing Fixture,Knee Injury,2024-12-01T16:00:00+00:00
1213858,61,2024,108,Auxerre,345532,A. L. N'Gatta,Missing Fixture,Muscle Injury,2024-12-01T16:00:00+00:00
1213862,61,2024,81,Marseille,47426,R. Blanco,Missing Fixture,Knee Injury,2024-12-01T19:45:00+00:00
1213862,61,2024,81,Marseille,341646,V. Carboni,Missing Fixture,Knee Injury,2024-12-01T19:45:00+00:00
1213862,61,2024,81,Marseille,51295,D. Cornelius,Missing Fixture,Chest Injury,2024-12-01T19:45:00+00:00
1213862,61,2024,81,Marseille,412,A. Harit,Missing Fixture,Calf Injury,2024-12-01T19:45:00+00:00
1213862,61,2024,81,Marseille,30525,P. Lirola,Missing Fixture,Muscle Injury,2024-12-01T19:45:00+00:00
1213862,61,2024,81,Marseille,102447,F. Moumbagna,Missing Fixture,Knee Injury,2024-12-01T19:45:00+00:00
1213862,61,2024,91,Monaco,374058,L. Camara,Missing Fixture,Illness,2024-12-01T19:45:00+00:00
1213862,61,2024,91,Monaco,419035,M. Coulibaly,Missing Fixture,Knee Injury,2024-12-01T19:45:00+00:00
1213862,61,2024,91,Monaco,81,K. Diatta,Missing Fixture,Muscle Injury,2024-12-01T19:45:00+00:00
1213862,61,2024,91,Monaco,374361,E. Diop,Missing Fixture,Foot Injury,2024-12-01T19:45:00+00:00
1213868,61,2024,79,Lille,530,M. Bakker,Missing Fixture,Red Card,2024-12-06T18:00:00+00:00
1213868,61,2024,79,Lille,409,N. Bentaleb,Missing Fixture,Heart Problems,2024-12-06T18:00:00+00:00
1213868,61,2024,79,Lille,896,A. Gomes,Missing Fixture,Calf Injury,2024-12-06T18:00:00+00:00
1213868,61,2024,79,Lille,386287,E. Mbappe,Missing Fixture,Muscle Injury,2024-12-06T18:00:00+00:00
1213868,61,2024,79,Lille,379329,T. Santos,Missing Fixture,Knee Injury,2024-12-06T18:00:00+00:00
1213868,61,2024,79,Lille,139,S. Umtiti,Missing Fixture,Knee Injury,2024-12-06T18:00:00+00:00
1213868,61,2024,106,Stade Brestois 29,162568,S. Coulibaly,Missing Fixture,Groin Injury,2024-12-06T18:00:00+00:00
1213868,61,2024,106,Stade Brestois 29,22247,K. Lala,Missing Fixture,Thigh Injury,2024-12-06T18:00:00+00:00
1213868,61,2024,106,Stade Brestois 29,22170,P. Lees-Melou,Missing Fixture,Shin Injury,2024-12-06T18:00:00+00:00
1213868,61,2024,106,Stade Brestois 29,274267,B. Locko,Missing Fixture,Achilles Tendon Injury,2024-12-06T18:00:00+00:00
1213868,61,2024,106,Stade Brestois 29,22258,J. Martin,Missing Fixture,Muscle Injury,2024-12-06T18:00:00+00:00
1213865,61,2024,108,Auxerre,90631,O. Camara,Missing Fixture,Groin Injury,2024-12-06T20:00:00+00:00
1213865,61,2024,108,Auxerre,322595,L. Coulibaly,Missing Fixture,Knee Injury,2024-12-06T20:00:00+00:00
1213865,61,2024,108,Auxerre,345532,A. L. N'Gatta,Missing Fixture,Muscle Injury,2024-12-06T20:00:00+00:00
1213865,61,2024,85,Paris Saint Germain,33,L. Hernandez,Missing Fixture,Knee Injury,2024-12-06T20:00:00+00:00
1213865,61,2024,85,Paris Saint Germain,409216,S. Mayulu,Missing Fixture,Calf Injury,2024-12-06T20:00:00+00:00
1213872,61,2024,91,Monaco,138835,F. Balogun,Missing Fixture,Shoulder Injury,2024-12-07T16:00:00+00:00
1213872,61,2024,91,Monaco,419035,M. Coulibaly,Missing Fixture,Knee Injury,2024-12-07T16:00:00+00:00
1213872,61,2024,91,Monaco,81,K. Diatta,Missing Fixture,Muscle Injury,2024-12-07T16:00:00+00:00
1213872,61,2024,91,Monaco,374361,E. Diop,Missing Fixture,Foot Injury,2024-12-07T16:00:00+00:00
1213872,61,2024,96,Toulouse,15793,R. Nicolaisen,Missing Fixture,Ankle Injury,2024-12-07T16:00:00+00:00
1213864,61,2024,84,Nice,49583,A. Abdi,Missing Fixture,Thigh Injury,2024-12-07T18:00:00+00:00
1213864,61,2024,84,Nice,162465,M. Bard,Missing Fixture,Foot Injury,2024-12-07T18:00:00+00:00
1213864,61,2024,84,Nice,25008,J. Clauss,Missing Fixture,Thigh Injury,2024-12-07T18:00:00+00:00
1213864,61,2024,84,Nice,22163,Dante,Missing Fixture,Knee Injury,2024-12-07T18:00:00+00:00
1213864,61,2024,84,Nice,313937,A. Mendy,Missing Fixture,Ankle Injury,2024-12-07T18:00:00+00:00
1213864,61,2024,84,Nice,69971,T. Moffi,Missing Fixture,Knee Injury,2024-12-07T18:00:00+00:00
1213864,61,2024,84,Nice,3099,Y. Ndayishimiye,Missing Fixture,Thigh Injury,2024-12-07T18:00:00+00:00
1213864,61,2024,84,Nice,477124,V. Orakpo,Missing Fixture,Hernia,2024-12-07T18:00:00+00:00
1213864,61,2024,84,Nice,1914,M. Sanson,Missing Fixture,Ankle Injury,2024-12-07T18:00:00+00:00
1213864,61,2024,111,LE Havre,143830,Y. Kitala,Missing Fixture,Foot Injury,2024-12-07T18:00:00+00:00
1213864,61,2024,111,LE Havre,339633,A. Logbo,Missing Fixture,Knee Injury,2024-12-07T18:00:00+00:00
1213864,61,2024,111,LE Havre,174927,A. Sangante,Missing Fixture,Groin Injury,2024-12-07T18:00:00+00:00
1213867,61,2024,77,Angers,385569,E. Biumla,Missing Fixture,Thigh Injury,2024-12-07T20:00:00+00:00
1213867,61,2024,77,Angers,421875,S. Cherif,Missing Fixture,Thigh Injury,2024-12-07T20:00:00+00:00
1213867,61,2024,77,Angers,405074,J. Kalumba,Missing Fixture,Broken ankle,2024-12-07T20:00:00+00:00
1213867,61,2024,80,Lyon,19361,S. Benrahma,Missing Fixture,Thigh Injury,2024-12-07T20:00:00+00:00
1213867,61,2024,80,Lyon,386284,M. Diawara,Missing Fixture,Knee Injury,2024-12-07T20:00:00+00:00
1213869,61,2024,116,Lens,21568,R. Aguilar,Missing Fixture,Shoulder Injury,2024-12-08T14:00:00+00:00
1213869,61,2024,116,Lens,362900,S. Bane,Missing Fixture,Muscle Injury,2024-12-08T14:00:00+00:00
1213869,61,2024,116,Lens,20633,J. Cabot,Missing Fixture,Knee Injury,2024-12-08T14:00:00+00:00
1213869,61,2024,116,Lens,195512,M. Satriano,Missing Fixture,Knee Injury,2024-12-08T14:00:00+00:00
1213869,61,2024,82,Montpellier,113581,T. Coulibaly,Missing Fixture,Red Card,2024-12-08T14:00:00+00:00
1213869,61,2024,82,Montpellier,326088,K. Fayad,Missing Fixture,Injury,2024-12-08T14:00:00+00:00
1213869,61,2024,82,Montpellier,395760,Y. Issoufou,Missing Fixture,Thigh Injury,2024-12-08T14:00:00+00:00
1213869,61,2024,82,Montpellier,22138,C. Jullien,Missing Fixture,Knee Injury,2024-12-08T14:00:00+00:00
1213869,61,2024,82,Montpellier,3335,K. Kouyate,Missing Fixture,Surgery,2024-12-08T14:00:00+00:00
1213869,61,2024,82,Montpellier,333118,L. Mincarelli,Missing Fixture,Injury,2024-12-08T14:00:00+00:00
1213869,61,2024,82,Montpellier,387120,R. Nzingoula,Missing Fixture,Yellow Cards,2024-12-08T14:00:00+00:00
1213869,61,2024,82,Montpellier,20866,B. Toure,Missing Fixture,Muscle Injury,2024-12-08T14:00:00+00:00
1213871,61,2024,83,Nantes,3084,T. Kadewere,Missing Fixture,Muscle Injury,2024-12-08T16:00:00+00:00
1213871,61,2024,94,Rennes,50104,D. Alemdar,Missing Fixture,Knee Injury,2024-12-08T16:00:00+00:00
1213871,61,2024,94,Rennes,196187,A. Seidu,Missing Fixture,Knee Injury,2024-12-08T16:00:00+00:00
1213870,61,2024,95,Strasbourg,284795,A. Bellaarouch,Missing Fixture,Groin Injury,2024-12-08T16:00:00+00:00
1213870,61,2024,95,Strasbourg,309920,M. S. Dion,Missing Fixture,Achilles Tendon Injury,2024-12-08T16:00:00+00:00
1213870,61,2024,95,Strasbourg,364810,A. Sylla,Missing Fixture,Muscle Injury,2024-12-08T16:00:00+00:00
1213870,61,2024,95,Strasbourg,265733,C. Wiley,Missing Fixture,Shoulder Injury,2024-12-08T16:00:00+00:00
1213870,61,2024,95,Strasbourg,20521,T. Delaine,Questionable,Knee Injury,2024-12-08T16:00:00+00:00
1213870,61,2024,93,Reims,8553,M. Busi,Missing Fixture,Muscle Injury,2024-12-08T16:00:00+00:00
1213870,61,2024,93,Reims,1300,M. Daramy,Missing Fixture,Knee Injury,2024-12-08T16:00:00+00:00
1213870,61,2024,93,Reims,145476,R. Khadra,Missing Fixture,Knee Injury,2024-12-08T16:00:00+00:00
1213870,61,2024,93,Reims,442929,A. Kone,Missing Fixture,Muscle Injury,2024-12-08T16:00:00+00:00
1213870,61,2024,93,Reims,71545,J. Okumu,Missing Fixture,Groin Injury,2024-12-08T16:00:00+00:00
1213866,61,2024,1063,Saint Etienne,337426,A. Boakye,Missing Fixture,Yellow Cards,2024-12-08T19:45:00+00:00
1213866,61,2024,1063,Saint Etienne,21438,A. Briancon,Missing Fixture,Knee Injury,2024-12-08T19:45:00+00:00
1213866,61,2024,1063,Saint Etienne,22003,M. Cafaro,Missing Fixture,Red Card,2024-12-08T19:45:00+00:00
1213866,61,2024,1063,Saint Etienne,24284,Y. Macon,Missing Fixture,Knee Injury,2024-12-08T19:45:00+00:00
1213866,61,2024,1063,Saint Etienne,22087,M. Nade,Missing Fixture,Knee Injury,2024-12-08T19:45:00+00:00
1213866,61,2024,1063,Saint Etienne,179856,B. Old,Missing Fixture,Knee Injury,2024-12-08T19:45:00+00:00
1213866,61,2024,1063,Saint Etienne,39248,I. Wadji,Missing Fixture,Injury,2024-12-08T19:45:00+00:00
1213866,61,2024,1063,Saint Etienne,174801,A. Moueffek,Questionable,Knock,2024-12-08T19:45:00+00:00
1213866,61,2024,81,Marseille,47426,R. Blanco,Missing Fixture,Knee Injury,2024-12-08T19:45:00+00:00
1213866,61,2024,81,Marseille,341646,V. Carboni,Missing Fixture,Knee Injury,2024-12-08T19:45:00+00:00
1213866,61,2024,81,Marseille,943,U. Garcia,Missing Fixture,Calf Injury,2024-12-08T19:45:00+00:00
1213866,61,2024,81,Marseille,412,A. Harit,Missing Fixture,Calf Injury,2024-12-08T19:45:00+00:00
1213866,61,2024,81,Marseille,30525,P. Lirola,Missing Fixture,Muscle Injury,2024-12-08T19:45:00+00:00
1213866,61,2024,81,Marseille,102447,F. Moumbagna,Missing Fixture,Knee Injury,2024-12-08T19:45:00+00:00
1213877,61,2024,96,Toulouse,15793,R. Nicolaisen,Missing Fixture,Ankle Injury,2024-12-13T19:45:00+00:00
1213877,61,2024,1063,Saint Etienne,337426,A. Boakye,Missing Fixture,Muscle Injury,2024-12-13T19:45:00+00:00
1213877,61,2024,1063,Saint Etienne,21438,A. Briancon,Missing Fixture,Knee Injury,2024-12-13T19:45:00+00:00
1213877,61,2024,1063,Saint Etienne,22003,M. Cafaro,Missing Fixture,Red Card,2024-12-13T19:45:00+00:00
1213877,61,2024,1063,Saint Etienne,24284,Y. Macon,Missing Fixture,Knee Injury,2024-12-13T19:45:00+00:00
1213877,61,2024,1063,Saint Etienne,21387,T. Monconduit,Missing Fixture,Thigh Injury,2024-12-13T19:45:00+00:00
1213877,61,2024,1063,Saint Etienne,174801,A. Moueffek,Missing Fixture,Knock,2024-12-13T19:45:00+00:00
1213877,61,2024,1063,Saint Etienne,22087,M. Nade,Missing Fixture,Knee Injury,2024-12-13T19:45:00+00:00
1213877,61,2024,1063,Saint Etienne,179856,B. Old,Missing Fixture,Knee Injury,2024-12-13T19:45:00+00:00
1213877,61,2024,1063,Saint Etienne,39248,I. Wadji,Missing Fixture,Injury,2024-12-13T19:45:00+00:00
1213880,61,2024,81,Marseille,47426,R. Blanco,Missing Fixture,Knee Injury,2024-12-14T16:00:00+00:00
1213880,61,2024,81,Marseille,341646,V. Carboni,Missing Fixture,Knee Injury,2024-12-14T16:00:00+00:00
1213880,61,2024,81,Marseille,943,U. Garcia,Missing Fixture,Calf Injury,2024-12-14T16:00:00+00:00
1213880,61,2024,81,Marseille,102447,F. Moumbagna,Missing Fixture,Knee Injury,2024-12-14T16:00:00+00:00
1213880,61,2024,81,Marseille,162707,E. Wahi,Missing Fixture,Muscle Injury,2024-12-14T16:00:00+00:00
1213880,61,2024,79,Lille,896,A. Gomes,Missing Fixture,Calf Injury,2024-12-14T16:00:00+00:00
1213880,61,2024,79,Lille,386287,E. Mbappe,Missing Fixture,Muscle Injury,2024-12-14T16:00:00+00:00
1213880,61,2024,79,Lille,379329,T. Santos,Missing Fixture,Knee Injury,2024-12-14T16:00:00+00:00
1213880,61,2024,79,Lille,139,S. Umtiti,Missing Fixture,Knee Injury,2024-12-14T16:00:00+00:00
1213880,61,2024,79,Lille,409,N. Bentaleb,Questionable,Heart Problems,2024-12-14T16:00:00+00:00
1213876,61,2024,108,Auxerre,129671,S. Agouzoul,Missing Fixture,Injury,2024-12-14T18:00:00+00:00
1213876,61,2024,108,Auxerre,335064,N. Buayi-Kiala,Missing Fixture,Knee Injury,2024-12-14T18:00:00+00:00
1213876,61,2024,108,Auxerre,322595,L. Coulibaly,Missing Fixture,Knee Injury,2024-12-14T18:00:00+00:00
1213876,61,2024,108,Auxerre,345532,A. L. N'Gatta,Missing Fixture,Muscle Injury,2024-12-14T18:00:00+00:00
1213876,61,2024,108,Auxerre,31057,H. J. Traore,Questionable,Illness,2024-12-14T18:00:00+00:00
1213876,61,2024,116,Lens,21568,R. Aguilar,Missing Fixture,Shoulder Injury,2024-12-14T18:00:00+00:00
1213876,61,2024,116,Lens,362900,S. Bane,Missing Fixture,Muscle Injury,2024-12-14T18:00:00+00:00
1213876,61,2024,116,Lens,20633,J. Cabot,Missing Fixture,Knee Injury,2024-12-14T18:00:00+00:00
1213876,61,2024,116,Lens,21715,W. Said,Missing Fixture,Muscle Injury,2024-12-14T18:00:00+00:00
1213876,61,2024,116,Lens,195512,M. Satriano,Missing Fixture,Knee Injury,2024-12-14T18:00:00+00:00
1213875,61,2024,93,Reims,8553,M. Busi,Missing Fixture,Muscle Injury,2024-12-14T20:00:00+00:00
1213875,61,2024,93,Reims,1300,M. Daramy,Missing Fixture,Knee Injury,2024-12-14T20:00:00+00:00
1213875,61,2024,93,Reims,145476,R. Khadra,Missing Fixture,Knee Injury,2024-12-14T20:00:00+00:00
1213875,61,2024,93,Reims,71545,J. Okumu,Missing Fixture,Groin Injury,2024-12-14T20:00:00+00:00
1213875,61,2024,93,Reims,442929,A. Kone,Questionable,Muscle Injury,2024-12-14T20:00:00+00:00
1213875,61,2024,91,Monaco,419035,M. Coulibaly,Missing Fixture,Knee Injury,2024-12-14T20:00:00+00:00
1213875,61,2024,91,Monaco,374361,E. Diop,Missing Fixture,Foot Injury,2024-12-14T20:00:00+00:00
1213875,61,2024,91,Monaco,40384,R. Majecki,Missing Fixture,Muscle Injury,2024-12-14T20:00:00+00:00
1213875,61,2024,91,Monaco,291649,Vanderson,Missing Fixture,Yellow Cards,2024-12-14T20:00:00+00:00
1213875,61,2024,91,Monaco,2810,D. Zakaria,Missing Fixture,Muscle Injury,2024-12-14T20:00:00+00:00
1213875,61,2024,91,Monaco,138835,F. Balogun,Questionable,Shoulder Injury,2024-12-14T20:00:00+00:00
1213875,61,2024,91,Monaco,81,K. Diatta,Questionable,Muscle Injury,2024-12-14T20:00:00+00:00
1213878,61,2024,82,Montpellier,113581,T. Coulibaly,Missing Fixture,Red Card,2024-12-15T14:00:00+00:00
1213878,61,2024,82,Montpellier,22138,C. Jullien,Missing Fixture,Knee Injury,2024-12-15T14:00:00+00:00
1213878,61,2024,82,Montpellier,3335,K. Kouyate,Missing Fixture,Surgery,2024-12-15T14:00:00+00:00
1213878,61,2024,82,Montpellier,326088,K. Fayad,Questionable,Injury,2024-12-15T14:00:00+00:00
1213878,61,2024,84,Nice,49583,A. Abdi,Missing Fixture,Thigh Injury,2024-12-15T14:00:00+00:00
1213878,61,2024,84,Nice,30531,J. Boga,Missing Fixture,Muscle Injury,2024-12-15T14:00:00+00:00
1213878,61,2024,84,Nice,274312,M. Cho,Missing Fixture,Hamstring Injury,2024-12-15T14:00:00+00:00
1213878,61,2024,84,Nice,22163,Dante,Missing Fixture,Knee Injury,2024-12-15T14:00:00+00:00
1213878,61,2024,84,Nice,313937,A. Mendy,Missing Fixture,Ankle Injury,2024-12-15T14:00:00+00:00
1213878,61,2024,84,Nice,69971,T. Moffi,Missing Fixture,Knee Injury,2024-12-15T14:00:00+00:00
1213878,61,2024,84,Nice,3099,Y. Ndayishimiye,Missing Fixture,Thigh Injury,2024-12-15T14:00:00+00:00
1213878,61,2024,84,Nice,1914,M. Sanson,Missing Fixture,Ankle Injury,2024-12-15T14:00:00+00:00
1213878,61,2024,84,Nice,196343,M. Abdelmonem,Questionable,Illness,2024-12-15T14:00:00+00:00
1213879,61,2024,106,Stade Brestois 29,22264,L. Ajorque,Missing Fixture,Yellow Cards,2024-12-15T16:00:00+00:00
1213879,61,2024,106,Stade Brestois 29,162568,S. Coulibaly,Missing Fixture,Groin Injury,2024-12-15T16:00:00+00:00
1213879,61,2024,106,Stade Brestois 29,85914,J. Le Cardinal,Missing Fixture,Muscle Injury,2024-12-15T16:00:00+00:00
1213879,61,2024,106,Stade Brestois 29,22170,P. Lees-Melou,Missing Fixture,Shin Injury,2024-12-15T16:00:00+00:00
1213879,61,2024,106,Stade Brestois 29,274267,B. Locko,Missing Fixture,Achilles Tendon Injury,2024-12-15T16:00:00+00:00
1213879,61,2024,106,Stade Brestois 29,22258,J. Martin,Missing Fixture,Muscle Injury,2024-12-15T16:00:00+00:00
1213879,61,2024,83,Nantes,3084,T. Kadewere,Missing Fixture,Muscle Injury,2024-12-15T16:00:00+00:00
1213874,61,2024,111,LE Havre,174915,J. Casimir,Missing Fixture,Ankle Injury,2024-12-15T16:00:00+00:00
1213874,61,2024,111,LE Havre,143830,Y. Kitala,Missing Fixture,Foot Injury,2024-12-15T16:00:00+00:00
1213874,61,2024,111,LE Havre,339633,A. Logbo,Missing Fixture,Knee Injury,2024-12-15T16:00:00+00:00
1213874,61,2024,111,LE Havre,174927,A. Sangante,Missing Fixture,Groin Injury,2024-12-15T16:00:00+00:00
1213874,61,2024,111,LE Havre,156465,I. Soumare,Missing Fixture,Groin Injury,2024-12-15T16:00:00+00:00
1213874,61,2024,95,Strasbourg,284795,A. Bellaarouch,Missing Fixture,Groin Injury,2024-12-15T16:00:00+00:00
1213874,61,2024,95,Strasbourg,309920,M. S. Dion,Missing Fixture,Achilles Tendon Injury,2024-12-15T16:00:00+00:00
1213874,61,2024,95,Strasbourg,20521,T. Delaine,Questionable,Knee Injury,2024-12-15T16:00:00+00:00
1213873,61,2024,94,Rennes,50104,D. Alemdar,Missing Fixture,Knee Injury,2024-12-15T16:00:00+00:00
1213873,61,2024,94,Rennes,237249,M. Faye,Missing Fixture,Red Card,2024-12-15T16:00:00+00:00
1213873,61,2024,94,Rennes,196187,A. Seidu,Missing Fixture,Knee Injury,2024-12-15T16:00:00+00:00
1213873,61,2024,77,Angers,385569,E. Biumla,Missing Fixture,Thigh Injury,2024-12-15T16:00:00+00:00
1213873,61,2024,77,Angers,405074,J. Kalumba,Missing Fixture,Broken ankle,2024-12-15T16:00:00+00:00
1213873,61,2024,77,Angers,76904,H. Sabanovic,Questionable,Injury,2024-12-15T16:00:00+00:00
1213881,61,2024,85,Paris Saint Germain,262,P. Kimpembe,Missing Fixture,Convalescence,2024-12-15T19:45:00+00:00
1213881,61,2024,85,Paris Saint Germain,21104,R. Kolo Muani,Missing Fixture,Coach's decision,2024-12-15T19:45:00+00:00
1213882,61,2024,91,Monaco,138835,F. Balogun,Missing Fixture,Shoulder Injury,2024-12-18T20:00:00+00:00
1213882,61,2024,91,Monaco,419035,M. Coulibaly,Missing Fixture,Knee Injury,2024-12-18T20:00:00+00:00
1213882,61,2024,91,Monaco,81,K. Diatta,Missing Fixture,Groin Injury,2024-12-18T20:00:00+00:00
1213882,61,2024,91,Monaco,40384,R. Majecki,Missing Fixture,Muscle Injury,2024-12-18T20:00:00+00:00
1213882,61,2024,91,Monaco,371916,C. Mawissa Elebi,Missing Fixture,Muscle Injury,2024-12-18T20:00:00+00:00
1213882,61,2024,91,Monaco,231,J. Teze,Missing Fixture,Yellow Cards,2024-12-18T20:00:00+00:00
1213882,61,2024,91,Monaco,2810,D. Zakaria,Missing Fixture,Muscle Injury,2024-12-18T20:00:00+00:00
1213882,61,2024,91,Monaco,374361,E. Diop,Questionable,Foot Injury,2024-12-18T20:00:00+00:00
1213882,61,2024,85,Paris Saint Germain,262,P. Kimpembe,Missing Fixture,Convalescence,2024-12-18T20:00:00+00:00
1213882,61,2024,85,Paris Saint Germain,21104,R. Kolo Muani,Missing Fixture,Coach's decision,2024-12-18T20:00:00+00:00
1213882,61,2024,85,Paris Saint Germain,263482,N. Mendes,Missing Fixture,Thigh Injury,2024-12-18T20:00:00+00:00
1213890,61,2024,84,Nice,30531,J. Boga,Missing Fixture,Muscle Injury,2025-01-03T20:00:00+00:00
1213890,61,2024,84,Nice,25008,J. Clauss,Missing Fixture,Yellow Cards,2025-01-03T20:00:00+00:00
1213890,61,2024,84,Nice,69971,T. Moffi,Missing Fixture,Knee Injury,2025-01-03T20:00:00+00:00
1213890,61,2024,84,Nice,477124,V. Orakpo,Missing Fixture,Groin Injury,2025-01-03T20:00:00+00:00
1213890,61,2024,84,Nice,1914,M. Sanson,Missing Fixture,Ankle Injury,2025-01-03T20:00:00+00:00
1213890,61,2024,84,Nice,49583,A. Abdi,Questionable,Thigh Injury,2025-01-03T20:00:00+00:00
1213890,61,2024,84,Nice,193617,T. Louchet,Questionable,Injury,2025-01-03T20:00:00+00:00
1213890,61,2024,94,Rennes,50104,D. Alemdar,Missing Fixture,Knee Injury,2025-01-03T20:00:00+00:00
1213890,61,2024,94,Rennes,196187,A. Seidu,Missing Fixture,Knee Injury,2025-01-03T20:00:00+00:00
1213885,61,2024,1063,Saint Etienne,2704,Y. Abdelhamid,Missing Fixture,Yellow Cards,2025-01-04T16:00:00+00:00
1213885,61,2024,1063,Saint Etienne,24743,Z. Davitashvili,Missing Fixture,Illness,2025-01-04T16:00:00+00:00
1213885,61,2024,1063,Saint Etienne,24284,Y. Macon,Missing Fixture,Knee Injury,2025-01-04T16:00:00+00:00
1213885,61,2024,1063,Saint Etienne,21387,T. Monconduit,Missing Fixture,Leg Injury,2025-01-04T16:00:00+00:00
1213885,61,2024,1063,Saint Etienne,179856,B. Old,Missing Fixture,Knee Injury,2025-01-04T16:00:00+00:00
1213885,61,2024,1063,Saint Etienne,20648,I. Sissoko,Missing Fixture,Red Card,2025-01-04T16:00:00+00:00
1213885,61,2024,1063,Saint Etienne,39248,I. Wadji,Questionable,Injury,2025-01-04T16:00:00+00:00
1213885,61,2024,93,Reims,1300,M. Daramy,Missing Fixture,Knee Injury,2025-01-04T16:00:00+00:00
1213885,61,2024,93,Reims,384489,Y. Fofana,Missing Fixture,Injury,2025-01-04T16:00:00+00:00
1213885,61,2024,93,Reims,145476,R. Khadra,Missing Fixture,Knee Injury,2025-01-04T16:00:00+00:00
1213885,61,2024,93,Reims,442929,A. Kone,Questionable,Thigh Injury,2025-01-04T16:00:00+00:00
1213887,61,2024,79,Lille,530,M. Bakker,Missing Fixture,Red Card,2025-01-04T18:00:00+00:00
1213887,61,2024,79,Lille,409,N. Bentaleb,Missing Fixture,Heart Problems,2025-01-04T18:00:00+00:00
1213887,61,2024,79,Lille,386287,E. Mbappe,Missing Fixture,Muscle Injury,2025-01-04T18:00:00+00:00
1213887,61,2024,79,Lille,379329,T. Santos,Missing Fixture,Knee Injury,2025-01-04T18:00:00+00:00
1213887,61,2024,79,Lille,139,S. Umtiti,Missing Fixture,Knee Injury,2025-01-04T18:00:00+00:00
1213887,61,2024,79,Lille,48392,E. Zhegrova,Missing Fixture,Groin Injury,2025-01-04T18:00:00+00:00
1213887,61,2024,83,Nantes,3084,T. Kadewere,Missing Fixture,Muscle Injury,2025-01-04T18:00:00+00:00
1213887,61,2024,83,Nantes,349636,A. Mahamoud,Missing Fixture,Knee Injury,2025-01-04T18:00:00+00:00
1213883,61,2024,80,Lyon,659,M. Caqueret,Missing Fixture,Injury,2025-01-04T20:00:00+00:00
1213883,61,2024,80,Lyon,529,N. Tagliafico,Missing Fixture,Yellow Cards,2025-01-04T20:00:00+00:00
1213883,61,2024,82,Montpellier,48636,G. Bares,Missing Fixture,Illness,2025-01-04T20:00:00+00:00
1213883,61,2024,82,Montpellier,128287,J. Chotard,Missing Fixture,Yellow Cards,2025-01-04T20:00:00+00:00
1213883,61,2024,82,Montpellier,22138,C. Jullien,Missing Fixture,Knee Injury,2025-01-04T20:00:00+00:00
1213883,61,2024,82,Montpellier,3335,K. Kouyate,Missing Fixture,Knee Injury,2025-01-04T20:00:00+00:00
1213883,61,2024,82,Montpellier,361383,J. Ndiaye,Missing Fixture,Injury,2025-01-04T20:00:00+00:00
1213883,61,2024,82,Montpellier,399906,O. Maamma,Questionable,Injury,2025-01-04T20:00:00+00:00
1213883,61,2024,82,Montpellier,333118,L. Mincarelli,Questionable,Injury,2025-01-04T20:00:00+00:00
1213883,61,2024,82,Montpellier,22097,A. Nordin,Questionable,Ankle Injury,2025-01-04T20:00:00+00:00
1213886,61,2024,77,Angers,421875,S. Cherif,Missing Fixture,Thigh Injury,2025-01-05T14:00:00+00:00
1213886,61,2024,77,Angers,405074,J. Kalumba,Missing Fixture,Broken ankle,2025-01-05T14:00:00+00:00
1213886,61,2024,77,Angers,76904,H. Sabanovic,Missing Fixture,Injury,2025-01-05T14:00:00+00:00
1213886,61,2024,106,Stade Brestois 29,85914,J. Le Cardinal,Missing Fixture,Muscle Injury,2025-01-05T14:00:00+00:00
1213886,61,2024,106,Stade Brestois 29,22170,P. Lees-Melou,Missing Fixture,Leg Injury,2025-01-05T14:00:00+00:00
1213886,61,2024,106,Stade Brestois 29,274267,B. Locko,Missing Fixture,Achilles Tendon Injury,2025-01-05T14:00:00+00:00
1213886,61,2024,106,Stade Brestois 29,22258,J. Martin,Missing Fixture,Muscle Injury,2025-01-05T14:00:00+00:00
1213886,61,2024,106,Stade Brestois 29,162568,S. Coulibaly,Questionable,Groin Injury,2025-01-05T14:00:00+00:00
1213884,61,2024,116,Lens,21568,R. Aguilar,Missing Fixture,Shoulder Injury,2025-01-05T14:00:00+00:00
1213884,61,2024,116,Lens,360114,A. Khusanov,Missing Fixture,Yellow Cards,2025-01-05T14:00:00+00:00
1213884,61,2024,116,Lens,326073,R. Labeau Lascary,Missing Fixture,Knee Injury,2025-01-05T14:00:00+00:00
1213884,61,2024,116,Lens,6231,F. Medina,Missing Fixture,Injury,2025-01-05T14:00:00+00:00
1213884,61,2024,116,Lens,21628,B. Samba,Missing Fixture,Injury,2025-01-05T14:00:00+00:00
1213884,61,2024,116,Lens,195512,M. Satriano,Missing Fixture,Knee Injury,2025-01-05T14:00:00+00:00
1213884,61,2024,116,Lens,277003,N. El Aynaoui,Questionable,Injury,2025-01-05T14:00:00+00:00
1213884,61,2024,116,Lens,21715,W. Said,Questionable,Muscle Injury,2025-01-05T14:00:00+00:00
1213884,61,2024,96,Toulouse,15793,R. Nicolaisen,Missing Fixture,Ankle Injury,2025-01-05T14:00:00+00:00
1213884,61,2024,96,Toulouse,48491,V. Sierro,Missing Fixture,Injury,2025-01-05T14:00:00+00:00
1213889,61,2024,95,Strasbourg,284795,A. Bellaarouch,Missing Fixture,Groin Injury,2025-01-05T14:00:00+00:00
1213889,61,2024,95,Strasbourg,20521,T. Delaine,Missing Fixture,Knee Injury,2025-01-05T14:00:00+00:00
1213889,61,2024,95,Strasbourg,309920,M. S. Dion,Missing Fixture,Achilles Tendon Injury,2025-01-05T14:00:00+00:00
1213889,61,2024,95,Strasbourg,358166,A. Ouattara,Missing Fixture,Injury,2025-01-05T14:00:00+00:00
1213889,61,2024,95,Strasbourg,265733,C. Wiley,Missing Fixture,Shoulder Injury,2025-01-05T14:00:00+00:00
1213889,61,2024,108,Auxerre,322595,L. Coulibaly,Missing Fixture,Knee Injury,2025-01-05T14:00:00+00:00
1213889,61,2024,108,Auxerre,345532,A. L. N'Gatta,Missing Fixture,Muscle Injury,2025-01-05T14:00:00+00:00
1213889,61,2024,108,Auxerre,20586,R. Raveloson,Missing Fixture,Yellow Cards,2025-01-05T14:00:00+00:00
1213889,61,2024,108,Auxerre,323625,K. Danois,Questionable,Injury,2025-01-05T14:00:00+00:00
1213889,61,2024,108,Auxerre,20542,D. Leon,Questionable,Injury,2025-01-05T14:00:00+00:00
1213889,61,2024,108,Auxerre,20206,G. Osho,Questionable,Injury,2025-01-05T14:00:00+00:00
1213888,61,2024,81,Marseille,47426,R. Blanco,Missing Fixture,Ankle Injury,2025-01-05T19:45:00+00:00
1213888,61,2024,81,Marseille,341646,V. Carboni,Missing Fixture,Knee Injury,2025-01-05T19:45:00+00:00
1213888,61,2024,81,Marseille,926,G. Kondogbia,Missing Fixture,Calf Injury,2025-01-05T19:45:00+00:00
1213888,61,2024,81,Marseille,30525,P. Lirola,Missing Fixture,Red Card,2025-01-05T19:45:00+00:00
1213888,61,2024,81,Marseille,102447,F. Moumbagna,Missing Fixture,Knee Injury,2025-01-05T19:45:00+00:00
1213888,61,2024,81,Marseille,375,C. Mbemba,Questionable,Injury,2025-01-05T19:45:00+00:00
1213888,61,2024,111,LE Havre,460805,D. N. Mosengo,Missing Fixture,Knee Injury,2025-01-05T19:45:00+00:00
1213888,61,2024,111,LE Havre,15783,E. Sabbi,Missing Fixture,Injury,2025-01-05T19:45:00+00:00
1213888,61,2024,111,LE Havre,174915,J. Casimir,Questionable,Ankle Injury,2025-01-05T19:45:00+00:00
1213888,61,2024,111,LE Havre,156465,I. Soumare,Questionable,Groin Injury,2025-01-05T19:45:00+00:00
1213892,61,2024,83,Nantes,349636,A. Mahamoud,Missing Fixture,Knee Injury,2025-01-10T18:00:00+00:00
1213892,61,2024,83,Nantes,3084,T. Kadewere,Questionable,Muscle Injury,2025-01-10T18:00:00+00:00
1213892,61,2024,91,Monaco,138835,F. Balogun,Missing Fixture,Shoulder Injury,2025-01-10T18:00:00+00:00
1213892,61,2024,91,Monaco,371916,C. Mawissa Elebi,Missing Fixture,Hamstring Injury,2025-01-10T18:00:00+00:00
1213892,61,2024,91,Monaco,81,K. Diatta,Questionable,Muscle Injury,2025-01-10T18:00:00+00:00
1213893,61,2024,108,Auxerre,335064,N. Buayi-Kiala,Missing Fixture,Knee Injury,2025-01-10T20:05:00+00:00
1213893,61,2024,108,Auxerre,322595,L. Coulibaly,Missing Fixture,Knee Injury,2025-01-10T20:05:00+00:00
1213893,61,2024,108,Auxerre,20206,G. Osho,Missing Fixture,Injury,2025-01-10T20:05:00+00:00
1213893,61,2024,108,Auxerre,323625,K. Danois,Questionable,Muscle Injury,2025-01-10T20:05:00+00:00
1213893,61,2024,108,Auxerre,20542,D. Leon,Questionable,Injury,2025-01-10T20:05:00+00:00
1213893,61,2024,108,Auxerre,345532,A. L. N'Gatta,Questionable,Muscle Injury,2025-01-10T20:05:00+00:00
1213893,61,2024,79,Lille,340077,M. Fernandez-Pardo,Missing Fixture,Ankle Injury,2025-01-10T20:05:00+00:00
1213893,61,2024,79,Lille,379329,T. Santos,Missing Fixture,Knee Injury,2025-01-10T20:05:00+00:00
1213893,61,2024,79,Lille,139,S. Umtiti,Missing Fixture,Knee Injury,2025-01-10T20:05:00+00:00
1213893,61,2024,79,Lille,409,N. Bentaleb,Questionable,Heart Problems,2025-01-10T20:05:00+00:00
1213893,61,2024,79,Lille,386287,E. Mbappe,Questionable,Muscle Injury,2025-01-10T20:05:00+00:00
1213893,61,2024,79,Lille,48392,E. Zhegrova,Questionable,Groin Injury,2025-01-10T20:05:00+00:00
1213897,61,2024,106,Stade Brestois 29,162568,S. Coulibaly,Missing Fixture,Groin Injury,2025-01-11T16:00:00+00:00
1213897,61,2024,106,Stade Brestois 29,85914,J. Le Cardinal,Missing Fixture,Ankle Injury,2025-01-11T16:00:00+00:00
1213897,61,2024,106,Stade Brestois 29,22170,P. Lees-Melou,Missing Fixture,Leg Injury,2025-01-11T16:00:00+00:00
1213897,61,2024,106,Stade Brestois 29,274267,B. Locko,Missing Fixture,Achilles Tendon Injury,2025-01-11T16:00:00+00:00
1213897,61,2024,106,Stade Brestois 29,22258,J. Martin,Missing Fixture,Muscle Injury,2025-01-11T16:00:00+00:00
1213897,61,2024,80,Lyon,659,M. Caqueret,Missing Fixture,Injury,2025-01-11T16:00:00+00:00
1213897,61,2024,80,Lyon,902,N. Matic,Missing Fixture,Illness,2025-01-11T16:00:00+00:00
1213894,61,2024,93,Reims,1300,M. Daramy,Missing Fixture,Knee Injury,2025-01-11T18:00:00+00:00
1213894,61,2024,93,Reims,384489,Y. Fofana,Missing Fixture,Injury,2025-01-11T18:00:00+00:00
1213894,61,2024,93,Reims,145476,R. Khadra,Missing Fixture,Knee Injury,2025-01-11T18:00:00+00:00
1213894,61,2024,84,Nice,30531,J. Boga,Missing Fixture,Muscle Injury,2025-01-11T18:00:00+00:00
1213894,61,2024,84,Nice,69971,T. Moffi,Missing Fixture,Knee Injury,2025-01-11T18:00:00+00:00
1213894,61,2024,84,Nice,477124,V. Orakpo,Missing Fixture,Groin Injury,2025-01-11T18:00:00+00:00
1213894,61,2024,84,Nice,1914,M. Sanson,Missing Fixture,Ankle Injury,2025-01-11T18:00:00+00:00
1213899,61,2024,94,Rennes,50104,D. Alemdar,Missing Fixture,Knee Injury,2025-01-11T20:05:00+00:00
1213899,61,2024,94,Rennes,196187,A. Seidu,Missing Fixture,Knee Injury,2025-01-11T20:05:00+00:00
1213899,61,2024,94,Rennes,331678,H. Meister,Questionable,Illness,2025-01-11T20:05:00+00:00
1213899,61,2024,81,Marseille,47426,R. Blanco,Missing Fixture,Ankle Injury,2025-01-11T20:05:00+00:00
1213899,61,2024,81,Marseille,341646,V. Carboni,Missing Fixture,Knee Injury,2025-01-11T20:05:00+00:00
1213899,61,2024,81,Marseille,926,G. Kondogbia,Missing Fixture,Calf Injury,2025-01-11T20:05:00+00:00
1213899,61,2024,81,Marseille,102447,F. Moumbagna,Missing Fixture,Knee Injury,2025-01-11T20:05:00+00:00
1213899,61,2024,81,Marseille,162707,E. Wahi,Missing Fixture,Muscle Injury,2025-01-11T20:05:00+00:00
1213895,61,2024,111,LE Havre,143830,Y. Kitala,Missing Fixture,Ankle Injury,2025-01-12T14:00:00+00:00
1213895,61,2024,116,Lens,21568,R. Aguilar,Missing Fixture,Shoulder Injury,2025-01-12T14:00:00+00:00
1213895,61,2024,116,Lens,277003,N. El Aynaoui,Missing Fixture,Injury,2025-01-12T14:00:00+00:00
1213895,61,2024,116,Lens,326073,R. Labeau Lascary,Missing Fixture,Knee Injury,2025-01-12T14:00:00+00:00
1213895,61,2024,116,Lens,174607,D. Pereira da Costa,Missing Fixture,Red Card,2025-01-12T14:00:00+00:00
1213895,61,2024,116,Lens,21715,W. Said,Missing Fixture,Muscle Injury,2025-01-12T14:00:00+00:00
1213895,61,2024,116,Lens,195512,M. Satriano,Missing Fixture,Knee Injury,2025-01-12T14:00:00+00:00
1213896,61,2024,82,Montpellier,22138,C. Jullien,Missing Fixture,Knee Injury,2025-01-12T16:15:00+00:00
1213896,61,2024,82,Montpellier,320,N. Maksimovic,Missing Fixture,Thigh Injury,2025-01-12T16:15:00+00:00
1213896,61,2024,82,Montpellier,333118,L. Mincarelli,Missing Fixture,Injury,2025-01-12T16:15:00+00:00
1213896,61,2024,82,Montpellier,20866,B. Toure,Missing Fixture,Muscle Injury,2025-01-12T16:15:00+00:00
1213896,61,2024,77,Angers,421875,S. Cherif,Missing Fixture,Thigh Injury,2025-01-12T16:15:00+00:00
1213896,61,2024,77,Angers,405074,J. Kalumba,Missing Fixture,Broken ankle,2025-01-12T16:15:00+00:00
1213896,61,2024,77,Angers,76904,H. Sabanovic,Missing Fixture,Injury,2025-01-12T16:15:00+00:00
1213891,61,2024,96,Toulouse,15793,R. Nicolaisen,Missing Fixture,Ankle Injury,2025-01-12T16:15:00+00:00
1213891,61,2024,96,Toulouse,25533,N. Schmidt,Missing Fixture,Knee Injury,2025-01-12T16:15:00+00:00
1213891,61,2024,96,Toulouse,48491,V. Sierro,Missing Fixture,Injury,2025-01-12T16:15:00+00:00
1213891,61,2024,95,Strasbourg,284795,A. Bellaarouch,Missing Fixture,Groin Injury,2025-01-12T16:15:00+00:00
1213891,61,2024,95,Strasbourg,20521,T. Delaine,Missing Fixture,Knee Injury,2025-01-12T16:15:00+00:00
1213891,61,2024,95,Strasbourg,309920,M. S. Dion,Missing Fixture,Achilles Tendon Injury,2025-01-12T16:15:00+00:00
1213891,61,2024,95,Strasbourg,265733,C. Wiley,Missing Fixture,Shoulder Injury,2025-01-12T16:15:00+00:00
1213898,61,2024,85,Paris Saint Germain,257,Marquinhos,Missing Fixture,Injury,2025-01-12T19:45:00+00:00
1213898,61,2024,1063,Saint Etienne,24284,Y. Macon,Missing Fixture,Knee Injury,2025-01-12T19:45:00+00:00
1213898,61,2024,1063,Saint Etienne,21387,T. Monconduit,Missing Fixture,Leg Injury,2025-01-12T19:45:00+00:00
1213898,61,2024,1063,Saint Etienne,179856,B. Old,Missing Fixture,Knee Injury,2025-01-12T19:45:00+00:00
1213898,61,2024,1063,Saint Etienne,20648,I. Sissoko,Missing Fixture,Red Card,2025-01-12T19:45:00+00:00
1213898,61,2024,1063,Saint Etienne,39248,I. Wadji,Missing Fixture,Injury,2025-01-12T19:45:00+00:00
1213905,61,2024,82,Montpellier,21439,J. Ferri,Missing Fixture,Red Card,2025-01-17T18:00:00+00:00
1213905,61,2024,82,Montpellier,22138,C. Jullien,Missing Fixture,Knee Injury,2025-01-17T18:00:00+00:00
1213905,61,2024,82,Montpellier,3335,K. Kouyate,Missing Fixture,Red Card,2025-01-17T18:00:00+00:00
1213905,61,2024,82,Montpellier,320,N. Maksimovic,Missing Fixture,Thigh Injury,2025-01-17T18:00:00+00:00
1213905,61,2024,82,Montpellier,333118,L. Mincarelli,Missing Fixture,Injury,2025-01-17T18:00:00+00:00
1213905,61,2024,82,Montpellier,20866,B. Toure,Missing Fixture,Muscle Injury,2025-01-17T18:00:00+00:00
1213905,61,2024,91,Monaco,138835,F. Balogun,Missing Fixture,Shoulder Injury,2025-01-17T18:00:00+00:00
1213905,61,2024,91,Monaco,395040,G. Ilenikhena,Missing Fixture,Groin Injury,2025-01-17T18:00:00+00:00
1213905,61,2024,91,Monaco,30504,W. Singo,Questionable,Back Injury,2025-01-17T18:00:00+00:00
1213905,61,2024,91,Monaco,2810,D. Zakaria,Questionable,Illness,2025-01-17T18:00:00+00:00
1213902,61,2024,79,Lille,409,N. Bentaleb,Missing Fixture,Heart Problems,2025-01-17T20:05:00+00:00
1213902,61,2024,79,Lille,340077,M. Fernandez-Pardo,Missing Fixture,Ankle Injury,2025-01-17T20:05:00+00:00
1213902,61,2024,79,Lille,386287,E. Mbappe,Missing Fixture,Muscle Injury,2025-01-17T20:05:00+00:00
1213902,61,2024,79,Lille,379329,T. Santos,Missing Fixture,Knee Injury,2025-01-17T20:05:00+00:00
1213902,61,2024,79,Lille,139,S. Umtiti,Missing Fixture,Knee Injury,2025-01-17T20:05:00+00:00
1213902,61,2024,79,Lille,48392,E. Zhegrova,Missing Fixture,Groin Injury,2025-01-17T20:05:00+00:00
1213902,61,2024,84,Nice,30531,J. Boga,Missing Fixture,Muscle Injury,2025-01-17T20:05:00+00:00
1213902,61,2024,84,Nice,407017,M. Bombito,Missing Fixture,Groin Injury,2025-01-17T20:05:00+00:00
1213902,61,2024,84,Nice,69971,T. Moffi,Missing Fixture,Knee Injury,2025-01-17T20:05:00+00:00
1213902,61,2024,84,Nice,477124,V. Orakpo,Missing Fixture,Groin Injury,2025-01-17T20:05:00+00:00
1213902,61,2024,84,Nice,1914,M. Sanson,Missing Fixture,Ankle Injury,2025-01-17T20:05:00+00:00
1213901,61,2024,116,Lens,25287,K. Danso,Missing Fixture,Yellow Cards,2025-01-18T16:00:00+00:00
1213901,61,2024,116,Lens,237191,Jhoanner Chavez,Missing Fixture,Ankle Injury,2025-01-18T16:00:00+00:00
1213901,61,2024,116,Lens,326073,R. Labeau Lascary,Missing Fixture,Knee Injury,2025-01-18T16:00:00+00:00
1213901,61,2024,116,Lens,195512,M. Satriano,Missing Fixture,Knee Injury,2025-01-18T16:00:00+00:00
1213901,61,2024,85,Paris Saint Germain,153,O. Dembele,Missing Fixture,Illness,2025-01-18T16:00:00+00:00
1213901,61,2024,85,Paris Saint Germain,9,A. Hakimi,Missing Fixture,Inactive,2025-01-18T16:00:00+00:00
1213901,61,2024,85,Paris Saint Germain,483,K. Kvaratskhelia,Missing Fixture,Inactive,2025-01-18T16:00:00+00:00
1213901,61,2024,85,Paris Saint Germain,257,Marquinhos,Missing Fixture,Groin Injury,2025-01-18T16:00:00+00:00
1213901,61,2024,85,Paris Saint Germain,446249,I. Mbaye,Missing Fixture,Ankle Injury,2025-01-18T16:00:00+00:00
1213908,61,2024,94,Rennes,50104,D. Alemdar,Missing Fixture,Knee Injury,2025-01-18T18:00:00+00:00
1213908,61,2024,94,Rennes,196187,A. Seidu,Missing Fixture,Knee Injury,2025-01-18T18:00:00+00:00
1213908,61,2024,106,Stade Brestois 29,162568,S. Coulibaly,Missing Fixture,Groin Injury,2025-01-18T18:00:00+00:00
1213908,61,2024,106,Stade Brestois 29,85914,J. Le Cardinal,Missing Fixture,Ankle Injury,2025-01-18T18:00:00+00:00
1213908,61,2024,106,Stade Brestois 29,274267,B. Locko,Missing Fixture,Achilles Tendon Injury,2025-01-18T18:00:00+00:00
1213908,61,2024,106,Stade Brestois 29,22258,J. Martin,Missing Fixture,Muscle Injury,2025-01-18T18:00:00+00:00
1213903,61,2024,80,Lyon,1467,A. Lacazette,Missing Fixture,Muscle Injury,2025-01-18T20:05:00+00:00
1213903,61,2024,96,Toulouse,15793,R. Nicolaisen,Missing Fixture,Ankle Injury,2025-01-18T20:05:00+00:00
1213903,61,2024,96,Toulouse,25533,N. Schmidt,Missing Fixture,Knee Injury,2025-01-18T20:05:00+00:00
1213903,61,2024,96,Toulouse,48491,V. Sierro,Missing Fixture,Leg Injury,2025-01-18T20:05:00+00:00
1213904,61,2024,1063,Saint Etienne,24284,Y. Macon,Missing Fixture,Knee Injury,2025-01-19T14:00:00+00:00
1213904,61,2024,1063,Saint Etienne,21387,T. Monconduit,Missing Fixture,Leg Injury,2025-01-19T14:00:00+00:00
1213904,61,2024,1063,Saint Etienne,174801,A. Moueffek,Missing Fixture,Illness,2025-01-19T14:00:00+00:00
1213904,61,2024,1063,Saint Etienne,179856,B. Old,Missing Fixture,Knee Injury,2025-01-19T14:00:00+00:00
1213904,61,2024,1063,Saint Etienne,20648,I. Sissoko,Missing Fixture,Red Card,2025-01-19T14:00:00+00:00
1213904,61,2024,1063,Saint Etienne,39248,I. Wadji,Missing Fixture,Injury,2025-01-19T14:00:00+00:00
1213904,61,2024,83,Nantes,3084,T. Kadewere,Missing Fixture,Muscle Injury,2025-01-19T14:00:00+00:00
1213904,61,2024,83,Nantes,349636,A. Mahamoud,Missing Fixture,Knee Injury,2025-01-19T14:00:00+00:00
1213904,61,2024,83,Nantes,343359,N. Zeze,Missing Fixture,Ankle Injury,2025-01-19T14:00:00+00:00
1213907,61,2024,77,Angers,421875,S. Cherif,Missing Fixture,Thigh Injury,2025-01-19T16:15:00+00:00
1213907,61,2024,77,Angers,76904,H. Sabanovic,Missing Fixture,Injury,2025-01-19T16:15:00+00:00
1213907,61,2024,108,Auxerre,322595,L. Coulibaly,Missing Fixture,Knee Injury,2025-01-19T16:15:00+00:00
1213907,61,2024,108,Auxerre,323625,K. Danois,Missing Fixture,Muscle Injury,2025-01-19T16:15:00+00:00
1213907,61,2024,108,Auxerre,191392,P. Joly,Missing Fixture,Red Card,2025-01-19T16:15:00+00:00
1213906,61,2024,93,Reims,1300,M. Daramy,Missing Fixture,Knee Injury,2025-01-19T16:15:00+00:00
1213906,61,2024,93,Reims,384489,Y. Fofana,Missing Fixture,Injury,2025-01-19T16:15:00+00:00
1213906,61,2024,93,Reims,145476,R. Khadra,Missing Fixture,Knee Injury,2025-01-19T16:15:00+00:00
1213906,61,2024,93,Reims,437482,A. Kone,Missing Fixture,Muscle Injury,2025-01-19T16:15:00+00:00
1213906,61,2024,111,LE Havre,143830,Y. Kitala,Missing Fixture,Ankle Injury,2025-01-19T16:15:00+00:00
1213906,61,2024,111,LE Havre,339633,A. Logbo,Missing Fixture,Shoulder Injury,2025-01-19T16:15:00+00:00
1213906,61,2024,111,LE Havre,21103,A. Toure,Missing Fixture,Ribs Injury,2025-01-19T16:15:00+00:00
1213900,61,2024,81,Marseille,47426,R. Blanco,Missing Fixture,Ankle Injury,2025-01-19T19:45:00+00:00
1213900,61,2024,81,Marseille,341646,V. Carboni,Missing Fixture,Knee Injury,2025-01-19T19:45:00+00:00
1213900,61,2024,81,Marseille,412,A. Harit,Missing Fixture,Calf Injury,2025-01-19T19:45:00+00:00
1213900,61,2024,81,Marseille,926,G. Kondogbia,Missing Fixture,Calf Injury,2025-01-19T19:45:00+00:00
1213900,61,2024,81,Marseille,102447,F. Moumbagna,Missing Fixture,Knee Injury,2025-01-19T19:45:00+00:00
1213900,61,2024,81,Marseille,162707,E. Wahi,Missing Fixture,Muscle Injury,2025-01-19T19:45:00+00:00
1213900,61,2024,95,Strasbourg,20521,T. Delaine,Missing Fixture,Back Injury,2025-01-19T19:45:00+00:00
1213900,61,2024,95,Strasbourg,309920,M. S. Dion,Missing Fixture,Achilles Tendon Injury,2025-01-19T19:45:00+00:00
1213900,61,2024,95,Strasbourg,265733,C. Wiley,Missing Fixture,Shoulder Injury,2025-01-19T19:45:00+00:00
1213914,61,2024,108,Auxerre,335064,N. Buayi-Kiala,Missing Fixture,Knee Injury,2025-01-24T19:45:00+00:00
1213914,61,2024,108,Auxerre,322595,L. Coulibaly,Missing Fixture,Knee Injury,2025-01-24T19:45:00+00:00
1213914,61,2024,108,Auxerre,323625,K. Danois,Missing Fixture,Muscle Injury,2025-01-24T19:45:00+00:00
1213914,61,2024,108,Auxerre,345532,A. L. N'Gatta,Missing Fixture,Muscle Injury,2025-01-24T19:45:00+00:00
1213914,61,2024,108,Auxerre,20206,G. Osho,Missing Fixture,Red Card,2025-01-24T19:45:00+00:00
1213914,61,2024,1063,Saint Etienne,274355,B. Bouchouari,Missing Fixture,Yellow Cards,2025-01-24T19:45:00+00:00
1213914,61,2024,1063,Saint Etienne,24284,Y. Macon,Missing Fixture,Knee Injury,2025-01-24T19:45:00+00:00
1213914,61,2024,1063,Saint Etienne,21387,T. Monconduit,Missing Fixture,Leg Injury,2025-01-24T19:45:00+00:00
1213914,61,2024,1063,Saint Etienne,174801,A. Moueffek,Missing Fixture,Illness,2025-01-24T19:45:00+00:00
1213914,61,2024,1063,Saint Etienne,289555,L. Mouton,Missing Fixture,Yellow Cards,2025-01-24T19:45:00+00:00
1213914,61,2024,1063,Saint Etienne,179856,B. Old,Missing Fixture,Knee Injury,2025-01-24T19:45:00+00:00
1213914,61,2024,1063,Saint Etienne,20648,I. Sissoko,Missing Fixture,Red Card,2025-01-24T19:45:00+00:00
1213914,61,2024,1063,Saint Etienne,39248,I. Wadji,Missing Fixture,Injury,2025-01-24T19:45:00+00:00
1213911,61,2024,91,Monaco,138835,F. Balogun,Missing Fixture,Shoulder Injury,2025-01-25T16:00:00+00:00
1213911,61,2024,91,Monaco,395040,G. Ilenikhena,Missing Fixture,Groin Injury,2025-01-25T16:00:00+00:00
1213911,61,2024,91,Monaco,30504,W. Singo,Missing Fixture,Muscle Injury,2025-01-25T16:00:00+00:00
1213911,61,2024,94,Rennes,50104,D. Alemdar,Missing Fixture,Knee Injury,2025-01-25T16:00:00+00:00
1213911,61,2024,94,Rennes,180731,L. Assignon,Missing Fixture,Yellow Cards,2025-01-25T16:00:00+00:00
1213911,61,2024,94,Rennes,581,Jota,Missing Fixture,Muscle Injury,2025-01-25T16:00:00+00:00
1213911,61,2024,94,Rennes,196187,A. Seidu,Missing Fixture,Knee Injury,2025-01-25T16:00:00+00:00
1213909,61,2024,95,Strasbourg,129695,D. Bakwa,Missing Fixture,Knee Injury,2025-01-25T18:00:00+00:00
1213909,61,2024,95,Strasbourg,20521,T. Delaine,Missing Fixture,Back Injury,2025-01-25T18:00:00+00:00
1213909,61,2024,95,Strasbourg,309920,M. S. Dion,Missing Fixture,Achilles Tendon Injury,2025-01-25T18:00:00+00:00
1213909,61,2024,95,Strasbourg,2259,E. Sobol,Missing Fixture,Yellow Cards,2025-01-25T18:00:00+00:00
1213909,61,2024,95,Strasbourg,265733,C. Wiley,Missing Fixture,Shoulder Injury,2025-01-25T18:00:00+00:00
1213909,61,2024,79,Lille,142691,Alexsandro,Missing Fixture,Yellow Cards,2025-01-25T18:00:00+00:00
1213909,61,2024,79,Lille,409,N. Bentaleb,Missing Fixture,Heart Problems,2025-01-25T18:00:00+00:00
1213909,61,2024,79,Lille,8489,J. David,Missing Fixture,Yellow Cards,2025-01-25T18:00:00+00:00
1213909,61,2024,79,Lille,340077,M. Fernandez-Pardo,Missing Fixture,Ankle Injury,2025-01-25T18:00:00+00:00
1213909,61,2024,79,Lille,379329,T. Santos,Missing Fixture,Knee Injury,2025-01-25T18:00:00+00:00
1213909,61,2024,79,Lille,139,S. Umtiti,Missing Fixture,Knee Injury,2025-01-25T18:00:00+00:00
1213909,61,2024,79,Lille,48392,E. Zhegrova,Missing Fixture,Groin Injury,2025-01-25T18:00:00+00:00
1213916,61,2024,85,Paris Saint Germain,446249,I. Mbaye,Missing Fixture,Ankle Injury,2025-01-25T20:05:00+00:00
1213916,61,2024,93,Reims,1300,M. Daramy,Missing Fixture,Knee Injury,2025-01-25T20:05:00+00:00
1213916,61,2024,93,Reims,384489,Y. Fofana,Missing Fixture,Ankle Injury,2025-01-25T20:05:00+00:00
1213916,61,2024,93,Reims,145476,R. Khadra,Missing Fixture,Knee Injury,2025-01-25T20:05:00+00:00
1213916,61,2024,93,Reims,437482,A. Kone,Missing Fixture,Muscle Injury,2025-01-25T20:05:00+00:00
1213913,61,2024,111,LE Havre,143830,Y. Kitala,Missing Fixture,Ankle Injury,2025-01-26T14:00:00+00:00
1213913,61,2024,111,LE Havre,339633,A. Logbo,Missing Fixture,Shoulder Injury,2025-01-26T14:00:00+00:00
1213913,61,2024,111,LE Havre,460805,D. N. Mosengo,Missing Fixture,Knee Injury,2025-01-26T14:00:00+00:00
1213913,61,2024,111,LE Havre,21103,A. Toure,Missing Fixture,Ribs Injury,2025-01-26T14:00:00+00:00
1213913,61,2024,111,LE Havre,162443,E. Youte Kinkoue,Missing Fixture,Yellow Cards,2025-01-26T14:00:00+00:00
1213913,61,2024,106,Stade Brestois 29,1901,J. Amavi,Missing Fixture,Hamstring Injury,2025-01-26T14:00:00+00:00
1213913,61,2024,106,Stade Brestois 29,3333,M. Haidara,Missing Fixture,Calf Injury,2025-01-26T14:00:00+00:00
1213913,61,2024,106,Stade Brestois 29,85914,J. Le Cardinal,Missing Fixture,Muscle Injury,2025-01-26T14:00:00+00:00
1213913,61,2024,106,Stade Brestois 29,274267,B. Locko,Missing Fixture,Achilles Tendon Injury,2025-01-26T14:00:00+00:00
1213913,61,2024,106,Stade Brestois 29,22258,J. Martin,Missing Fixture,Muscle Injury,2025-01-26T14:00:00+00:00
1213915,61,2024,116,Lens,237191,Jhoanner Chavez,Missing Fixture,Ankle Injury,2025-01-26T16:15:00+00:00
1213915,61,2024,116,Lens,326073,R. Labeau Lascary,Missing Fixture,Knee Injury,2025-01-26T16:15:00+00:00
1213915,61,2024,116,Lens,21484,D. Petric,Missing Fixture,Back Injury,2025-01-26T16:15:00+00:00
1213915,61,2024,116,Lens,195512,M. Satriano,Missing Fixture,Knee Injury,2025-01-26T16:15:00+00:00
1213915,61,2024,77,Angers,421875,S. Cherif,Missing Fixture,Thigh Injury,2025-01-26T16:15:00+00:00
1213915,61,2024,77,Angers,405074,J. Kalumba,Missing Fixture,Ankle Injury,2025-01-26T16:15:00+00:00
1213915,61,2024,77,Angers,76904,H. Sabanovic,Missing Fixture,Injury,2025-01-26T16:15:00+00:00
1213910,61,2024,83,Nantes,3084,T. Kadewere,Missing Fixture,Muscle Injury,2025-01-26T16:15:00+00:00
1213910,61,2024,83,Nantes,349636,A. Mahamoud,Missing Fixture,Knee Injury,2025-01-26T16:15:00+00:00
1213910,61,2024,83,Nantes,343359,N. Zeze,Missing Fixture,Ankle Injury,2025-01-26T16:15:00+00:00
1213910,61,2024,80,Lyon,361348,M. Fofana,Missing Fixture,Muscle Injury,2025-01-26T16:15:00+00:00
1213912,61,2024,96,Toulouse,15793,R. Nicolaisen,Missing Fixture,Ankle Injury,2025-01-26T16:15:00+00:00
1213912,61,2024,96,Toulouse,25533,N. Schmidt,Missing Fixture,Knee Injury,2025-01-26T16:15:00+00:00
1213912,61,2024,96,Toulouse,102,D. Sidibe,Missing Fixture,Achilles Tendon Injury,2025-01-26T16:15:00+00:00
1213912,61,2024,96,Toulouse,48491,V. Sierro,Missing Fixture,Leg Injury,2025-01-26T16:15:00+00:00
1213912,61,2024,82,Montpellier,21439,J. Ferri,Missing Fixture,Red Card,2025-01-26T16:15:00+00:00
1213912,61,2024,82,Montpellier,22138,C. Jullien,Missing Fixture,Knee Injury,2025-01-26T16:15:00+00:00
1213912,61,2024,82,Montpellier,320,N. Maksimovic,Missing Fixture,Thigh Injury,2025-01-26T16:15:00+00:00
1213912,61,2024,82,Montpellier,333118,L. Mincarelli,Missing Fixture,Injury,2025-01-26T16:15:00+00:00
1213917,61,2024,84,Nice,30531,J. Boga,Missing Fixture,Muscle Injury,2025-01-26T19:45:00+00:00
1213917,61,2024,84,Nice,107,S. Diop,Missing Fixture,Yellow Cards,2025-01-26T19:45:00+00:00
1213917,61,2024,84,Nice,69971,T. Moffi,Missing Fixture,Knee Injury,2025-01-26T19:45:00+00:00
1213917,61,2024,84,Nice,477124,V. Orakpo,Missing Fixture,Groin Injury,2025-01-26T19:45:00+00:00
1213917,61,2024,84,Nice,1914,M. Sanson,Missing Fixture,Ankle Injury,2025-01-26T19:45:00+00:00
1213917,61,2024,81,Marseille,47426,R. Blanco,Missing Fixture,Ankle Injury,2025-01-26T19:45:00+00:00
1213917,61,2024,81,Marseille,341646,V. Carboni,Missing Fixture,Knee Injury,2025-01-26T19:45:00+00:00
1213917,61,2024,81,Marseille,412,A. Harit,Missing Fixture,Calf Injury,2025-01-26T19:45:00+00:00
1213917,61,2024,81,Marseille,926,G. Kondogbia,Missing Fixture,Calf Injury,2025-01-26T19:45:00+00:00
1213917,61,2024,81,Marseille,102447,F. Moumbagna,Missing Fixture,Knee Injury,2025-01-26T19:45:00+00:00
1213920,61,2024,82,Montpellier,21439,J. Ferri,Missing Fixture,Red Card,2025-01-31T19:45:00+00:00
1213920,61,2024,82,Montpellier,22138,C. Jullien,Missing Fixture,Knee Injury,2025-01-31T19:45:00+00:00
1213920,61,2024,82,Montpellier,320,N. Maksimovic,Missing Fixture,Thigh Injury,2025-01-31T19:45:00+00:00
1213920,61,2024,116,Lens,21568,R. Aguilar,Missing Fixture,Groin Injury,2025-01-31T19:45:00+00:00
1213920,61,2024,116,Lens,237191,Jhoanner Chavez,Missing Fixture,Ankle Injury,2025-01-31T19:45:00+00:00
1213920,61,2024,116,Lens,22220,H. Koffi,Missing Fixture,Illness,2025-01-31T19:45:00+00:00
1213920,61,2024,116,Lens,326073,R. Labeau Lascary,Missing Fixture,Knee Injury,2025-01-31T19:45:00+00:00
1213920,61,2024,116,Lens,21484,D. Petric,Missing Fixture,Back Injury,2025-01-31T19:45:00+00:00
1213920,61,2024,116,Lens,195512,M. Satriano,Missing Fixture,Knee Injury,2025-01-31T19:45:00+00:00
1213920,61,2024,116,Lens,20761,F. Sotoca,Missing Fixture,Calf Injury,2025-01-31T19:45:00+00:00
1213919,61,2024,106,Stade Brestois 29,1901,J. Amavi,Missing Fixture,Hamstring Injury,2025-02-01T16:00:00+00:00
1213919,61,2024,106,Stade Brestois 29,3333,M. Haidara,Missing Fixture,Calf Injury,2025-02-01T16:00:00+00:00
1213919,61,2024,106,Stade Brestois 29,274267,B. Locko,Missing Fixture,Achilles Tendon Injury,2025-02-01T16:00:00+00:00
1213919,61,2024,106,Stade Brestois 29,22258,J. Martin,Missing Fixture,Muscle Injury,2025-02-01T16:00:00+00:00
1213919,61,2024,85,Paris Saint Germain,446249,I. Mbaye,Missing Fixture,Ankle Injury,2025-02-01T16:00:00+00:00
1213919,61,2024,85,Paris Saint Germain,335051,J. Neves,Missing Fixture,Foot Injury,2025-02-01T16:00:00+00:00
1213919,61,2024,85,Paris Saint Germain,336657,W. Zaire-Emery,Missing Fixture,Ankle Injury,2025-02-01T16:00:00+00:00
1213926,61,2024,91,Monaco,138835,F. Balogun,Missing Fixture,Shoulder Injury,2025-02-01T18:00:00+00:00
1213926,61,2024,91,Monaco,395040,G. Ilenikhena,Missing Fixture,Groin Injury,2025-02-01T18:00:00+00:00
1213926,61,2024,91,Monaco,30504,W. Singo,Missing Fixture,Muscle Injury,2025-02-01T18:00:00+00:00
1213926,61,2024,108,Auxerre,322595,L. Coulibaly,Missing Fixture,Knee Injury,2025-02-01T18:00:00+00:00
1213926,61,2024,108,Auxerre,323625,K. Danois,Missing Fixture,Muscle Injury,2025-02-01T18:00:00+00:00
1213921,61,2024,79,Lille,2204,B. Andre,Missing Fixture,Yellow Cards,2025-02-01T20:05:00+00:00
1213921,61,2024,79,Lille,409,N. Bentaleb,Missing Fixture,Heart Problems,2025-02-01T20:05:00+00:00
1213921,61,2024,79,Lille,340077,M. Fernandez-Pardo,Missing Fixture,Ankle Injury,2025-02-01T20:05:00+00:00
1213921,61,2024,79,Lille,679,Ismaily,Missing Fixture,Calf Injury,2025-02-01T20:05:00+00:00
1213921,61,2024,79,Lille,379329,T. Santos,Missing Fixture,Knee Injury,2025-02-01T20:05:00+00:00
1213921,61,2024,79,Lille,139,S. Umtiti,Missing Fixture,Knee Injury,2025-02-01T20:05:00+00:00
1213921,61,2024,79,Lille,48392,E. Zhegrova,Missing Fixture,Groin Injury,2025-02-01T20:05:00+00:00
1213921,61,2024,1063,Saint Etienne,174801,A. Moueffek,Missing Fixture,Illness,2025-02-01T20:05:00+00:00
1213921,61,2024,1063,Saint Etienne,179856,B. Old,Missing Fixture,Knee Injury,2025-02-01T20:05:00+00:00
1213921,61,2024,1063,Saint Etienne,20648,I. Sissoko,Missing Fixture,Red Card,2025-02-01T20:05:00+00:00
1213921,61,2024,1063,Saint Etienne,21387,T. Monconduit,Questionable,Leg Injury,2025-02-01T20:05:00+00:00
1213921,61,2024,1063,Saint Etienne,39248,I. Wadji,Questionable,Injury,2025-02-01T20:05:00+00:00
1213924,61,2024,96,Toulouse,278392,C. Cresswell,Missing Fixture,Yellow Cards,2025-02-02T14:00:00+00:00
1213924,61,2024,96,Toulouse,25533,N. Schmidt,Missing Fixture,Knee Injury,2025-02-02T14:00:00+00:00
1213924,61,2024,96,Toulouse,102,D. Sidibe,Missing Fixture,Achilles Tendon Injury,2025-02-02T14:00:00+00:00
1213924,61,2024,96,Toulouse,48491,V. Sierro,Missing Fixture,Leg Injury,2025-02-02T14:00:00+00:00
1213924,61,2024,84,Nice,30531,J. Boga,Missing Fixture,Muscle Injury,2025-02-02T14:00:00+00:00
1213924,61,2024,84,Nice,69971,T. Moffi,Missing Fixture,Knee Injury,2025-02-02T14:00:00+00:00
1213924,61,2024,84,Nice,240,P. Rosario,Missing Fixture,Injury,2025-02-02T14:00:00+00:00
1213924,61,2024,84,Nice,1914,M. Sanson,Missing Fixture,Ankle Injury,2025-02-02T14:00:00+00:00
1213923,61,2024,77,Angers,22100,L. Diony,Missing Fixture,Suspended,2025-02-02T16:15:00+00:00
1213923,61,2024,77,Angers,76904,H. Sabanovic,Missing Fixture,Injury,2025-02-02T16:15:00+00:00
1213923,61,2024,77,Angers,421875,S. Cherif,Questionable,Thigh Injury,2025-02-02T16:15:00+00:00
1213923,61,2024,111,LE Havre,339633,A. Logbo,Missing Fixture,Shoulder Injury,2025-02-02T16:15:00+00:00
1213923,61,2024,111,LE Havre,460805,D. N. Mosengo,Missing Fixture,Knee Injury,2025-02-02T16:15:00+00:00
1213923,61,2024,111,LE Havre,21103,A. Toure,Missing Fixture,Ribs Injury,2025-02-02T16:15:00+00:00
1213923,61,2024,111,LE Havre,143830,Y. Kitala,Questionable,Ankle Injury,2025-02-02T16:15:00+00:00
1213922,61,2024,93,Reims,1300,M. Daramy,Missing Fixture,Knee Injury,2025-02-02T16:15:00+00:00
1213922,61,2024,93,Reims,334429,O. Diakite,Missing Fixture,Yellow Cards,2025-02-02T16:15:00+00:00
1213922,61,2024,93,Reims,145476,R. Khadra,Missing Fixture,Knee Injury,2025-02-02T16:15:00+00:00
1213922,61,2024,93,Reims,384489,Y. Fofana,Questionable,Ankle Injury,2025-02-02T16:15:00+00:00
1213922,61,2024,83,Nantes,10036,Douglas Augusto,Missing Fixture,Injury,2025-02-02T16:15:00+00:00
1213922,61,2024,83,Nantes,3084,T. Kadewere,Missing Fixture,Muscle Injury,2025-02-02T16:15:00+00:00
1213922,61,2024,83,Nantes,349636,A. Mahamoud,Missing Fixture,Knee Injury,2025-02-02T16:15:00+00:00
1213922,61,2024,83,Nantes,343359,N. Zeze,Missing Fixture,Ankle Injury,2025-02-02T16:15:00+00:00
1213925,61,2024,94,Rennes,50104,D. Alemdar,Missing Fixture,Knee Injury,2025-02-02T16:15:00+00:00
1213925,61,2024,94,Rennes,196187,A. Seidu,Missing Fixture,Knee Injury,2025-02-02T16:15:00+00:00
1213925,61,2024,95,Strasbourg,129695,D. Bakwa,Missing Fixture,Knee Injury,2025-02-02T16:15:00+00:00
1213925,61,2024,95,Strasbourg,319572,V. Barco,Missing Fixture,Muscle Injury,2025-02-02T16:15:00+00:00
1213925,61,2024,95,Strasbourg,309920,M. S. Dion,Missing Fixture,Achilles Tendon Injury,2025-02-02T16:15:00+00:00
1213925,61,2024,95,Strasbourg,265733,C. Wiley,Missing Fixture,Shoulder Injury,2025-02-02T16:15:00+00:00
1213925,61,2024,95,Strasbourg,20521,T. Delaine,Questionable,Back Injury,2025-02-02T16:15:00+00:00
1213918,61,2024,81,Marseille,47426,R. Blanco,Missing Fixture,Ankle Injury,2025-02-02T19:45:00+00:00
1213918,61,2024,81,Marseille,341646,V. Carboni,Missing Fixture,Knee Injury,2025-02-02T19:45:00+00:00
1213918,61,2024,81,Marseille,926,G. Kondogbia,Missing Fixture,Calf Injury,2025-02-02T19:45:00+00:00
1213918,61,2024,81,Marseille,102447,F. Moumbagna,Missing Fixture,Knee Injury,2025-02-02T19:45:00+00:00
1213918,61,2024,81,Marseille,412,A. Harit,Questionable,Calf Injury,2025-02-02T19:45:00+00:00
1213918,61,2024,80,Lyon,361348,M. Fofana,Missing Fixture,Muscle Injury,2025-02-02T19:45:00+00:00
1213928,61,2024,83,Nantes,3084,T. Kadewere,Missing Fixture,Muscle Injury,2025-02-07T18:00:00+00:00
1213928,61,2024,83,Nantes,349636,A. Mahamoud,Missing Fixture,Knee Injury,2025-02-07T18:00:00+00:00
1213928,61,2024,83,Nantes,21088,N. Pallois,Missing Fixture,Yellow Cards,2025-02-07T18:00:00+00:00
1213928,61,2024,83,Nantes,343359,N. Zeze,Missing Fixture,Ankle Injury,2025-02-07T18:00:00+00:00
1213928,61,2024,106,Stade Brestois 29,274267,B. Locko,Missing Fixture,Achilles Tendon Injury,2025-02-07T18:00:00+00:00
1213928,61,2024,106,Stade Brestois 29,22258,J. Martin,Missing Fixture,Muscle Injury,2025-02-07T18:00:00+00:00
1213928,61,2024,106,Stade Brestois 29,1901,J. Amavi,Questionable,Hamstring Injury,2025-02-07T18:00:00+00:00
1213932,61,2024,85,Paris Saint Germain,446249,I. Mbaye,Missing Fixture,Ankle Injury,2025-02-07T20:05:00+00:00
1213932,61,2024,85,Paris Saint Germain,336657,W. Zaire-Emery,Missing Fixture,Ankle Injury,2025-02-07T20:05:00+00:00
1213932,61,2024,91,Monaco,138835,F. Balogun,Missing Fixture,Shoulder Injury,2025-02-07T20:05:00+00:00
1213932,61,2024,91,Monaco,374058,L. Camara,Missing Fixture,Knee Injury,2025-02-07T20:05:00+00:00
1213932,61,2024,91,Monaco,395040,G. Ilenikhena,Missing Fixture,Groin Injury,2025-02-07T20:05:00+00:00
1213932,61,2024,91,Monaco,30504,W. Singo,Missing Fixture,Muscle Injury,2025-02-07T20:05:00+00:00
1213935,61,2024,84,Nice,69971,T. Moffi,Missing Fixture,Knee Injury,2025-02-08T16:00:00+00:00
1213935,61,2024,84,Nice,240,P. Rosario,Questionable,Injury,2025-02-08T16:00:00+00:00
1213935,61,2024,84,Nice,1914,M. Sanson,Questionable,Ankle Injury,2025-02-08T16:00:00+00:00
1213935,61,2024,116,Lens,21568,R. Aguilar,Missing Fixture,Groin Injury,2025-02-08T16:00:00+00:00
1213935,61,2024,116,Lens,237191,Jhoanner Chavez,Missing Fixture,Ankle Injury,2025-02-08T16:00:00+00:00
1213935,61,2024,116,Lens,326073,R. Labeau Lascary,Missing Fixture,Knee Injury,2025-02-08T16:00:00+00:00
1213935,61,2024,116,Lens,21484,D. Petric,Missing Fixture,Back Injury,2025-02-08T16:00:00+00:00
1213935,61,2024,116,Lens,2741,M. Ryan,Missing Fixture,Hip Injury,2025-02-08T16:00:00+00:00
1213935,61,2024,116,Lens,195512,M. Satriano,Missing Fixture,Knee Injury,2025-02-08T16:00:00+00:00
1213930,61,2024,79,Lille,409,N. Bentaleb,Missing Fixture,Heart Problems,2025-02-08T18:00:00+00:00
1213930,61,2024,79,Lille,340077,M. Fernandez-Pardo,Missing Fixture,Ankle Injury,2025-02-08T18:00:00+00:00
1213930,61,2024,79,Lille,379329,T. Santos,Missing Fixture,Knee Injury,2025-02-08T18:00:00+00:00
1213930,61,2024,79,Lille,139,S. Umtiti,Missing Fixture,Knee Injury,2025-02-08T18:00:00+00:00
1213930,61,2024,79,Lille,48392,E. Zhegrova,Missing Fixture,Groin Injury,2025-02-08T18:00:00+00:00
1213930,61,2024,111,LE Havre,105,F. Ballo-Toure,Missing Fixture,Ankle Injury,2025-02-08T18:00:00+00:00
1213930,61,2024,111,LE Havre,143830,Y. Kitala,Missing Fixture,Ankle Injury,2025-02-08T18:00:00+00:00
1213930,61,2024,111,LE Havre,339633,A. Logbo,Missing Fixture,Shoulder Injury,2025-02-08T18:00:00+00:00
1213930,61,2024,111,LE Havre,460805,D. N. Mosengo,Missing Fixture,Knee Injury,2025-02-08T18:00:00+00:00
1213930,61,2024,111,LE Havre,174927,A. Sangante,Missing Fixture,Red Card,2025-02-08T18:00:00+00:00
1213930,61,2024,111,LE Havre,21103,A. Toure,Missing Fixture,Ribs Injury,2025-02-08T18:00:00+00:00
1213931,61,2024,1063,Saint Etienne,8445,D. Batubinsika,Missing Fixture,Red Card,2025-02-08T20:05:00+00:00
1213931,61,2024,1063,Saint Etienne,90599,M. Bernauer,Missing Fixture,Knee Injury,2025-02-08T20:05:00+00:00
1213931,61,2024,1063,Saint Etienne,174801,A. Moueffek,Missing Fixture,Illness,2025-02-08T20:05:00+00:00
1213931,61,2024,1063,Saint Etienne,179856,B. Old,Missing Fixture,Knee Injury,2025-02-08T20:05:00+00:00
1213931,61,2024,1063,Saint Etienne,39248,I. Wadji,Missing Fixture,Injury,2025-02-08T20:05:00+00:00
1213931,61,2024,94,Rennes,50104,D. Alemdar,Missing Fixture,Knee Injury,2025-02-08T20:05:00+00:00
1213931,61,2024,94,Rennes,30423,H. Hateboer,Missing Fixture,Yellow Cards,2025-02-08T20:05:00+00:00
1213931,61,2024,94,Rennes,196187,A. Seidu,Missing Fixture,Knee Injury,2025-02-08T20:05:00+00:00
1213931,61,2024,94,Rennes,30807,S. Fofana,Questionable,Injury,2025-02-08T20:05:00+00:00
1213931,61,2024,94,Rennes,37236,A. Matusiwa,Questionable,Illness,2025-02-08T20:05:00+00:00
1213933,61,2024,80,Lyon,1467,A. Lacazette,Missing Fixture,Knee Injury,2025-02-09T14:00:00+00:00
1213933,61,2024,93,Reims,1300,M. Daramy,Missing Fixture,Knee Injury,2025-02-09T14:00:00+00:00
1213933,61,2024,93,Reims,145476,R. Khadra,Missing Fixture,Knee Injury,2025-02-09T14:00:00+00:00
1213933,61,2024,93,Reims,442929,A. Kone,Missing Fixture,Injury,2025-02-09T14:00:00+00:00
1213933,61,2024,93,Reims,71545,J. Okumu,Missing Fixture,Red Card,2025-02-09T14:00:00+00:00
1213933,61,2024,93,Reims,384489,Y. Fofana,Questionable,Ankle Injury,2025-02-09T14:00:00+00:00
1213927,61,2024,108,Auxerre,335064,N. Buayi-Kiala,Missing Fixture,Knee Injury,2025-02-09T16:15:00+00:00
1213927,61,2024,108,Auxerre,322595,L. Coulibaly,Missing Fixture,Knee Injury,2025-02-09T16:15:00+00:00
1213927,61,2024,96,Toulouse,325346,G. Restes,Missing Fixture,Injury,2025-02-09T16:15:00+00:00
1213927,61,2024,96,Toulouse,25533,N. Schmidt,Missing Fixture,Knee Injury,2025-02-09T16:15:00+00:00
1213927,61,2024,96,Toulouse,102,D. Sidibe,Missing Fixture,Achilles Tendon Injury,2025-02-09T16:15:00+00:00
1213929,61,2024,95,Strasbourg,309920,M. S. Dion,Missing Fixture,Achilles Tendon Injury,2025-02-09T16:15:00+00:00
1213929,61,2024,95,Strasbourg,129695,D. Bakwa,Questionable,Knee Injury,2025-02-09T16:15:00+00:00
1213929,61,2024,95,Strasbourg,20521,T. Delaine,Questionable,Back Injury,2025-02-09T16:15:00+00:00
1213929,61,2024,82,Montpellier,22138,C. Jullien,Missing Fixture,Knee Injury,2025-02-09T16:15:00+00:00
1213929,61,2024,82,Montpellier,320,N. Maksimovic,Missing Fixture,Thigh Injury,2025-02-09T16:15:00+00:00
1213929,61,2024,82,Montpellier,387120,R. Nzingoula,Missing Fixture,Yellow Cards,2025-02-09T16:15:00+00:00
1213929,61,2024,82,Montpellier,22141,I. Sylla,Missing Fixture,Injury,2025-02-09T16:15:00+00:00
1213934,61,2024,77,Angers,20850,C. Arcus,Missing Fixture,Calf Injury,2025-02-09T19:45:00+00:00
1213934,61,2024,77,Angers,421875,S. Cherif,Missing Fixture,Thigh Injury,2025-02-09T19:45:00+00:00
1213934,61,2024,77,Angers,284072,B. Dieng,Missing Fixture,Injury,2025-02-09T19:45:00+00:00
1213934,61,2024,77,Angers,76904,H. Sabanovic,Missing Fixture,Injury,2025-02-09T19:45:00+00:00
1213934,61,2024,81,Marseille,47426,R. Blanco,Missing Fixture,Ankle Injury,2025-02-09T19:45:00+00:00
1213934,61,2024,81,Marseille,341646,V. Carboni,Missing Fixture,Knee Injury,2025-02-09T19:45:00+00:00
1213934,61,2024,81,Marseille,412,A. Harit,Missing Fixture,Calf Injury,2025-02-09T19:45:00+00:00
1213934,61,2024,81,Marseille,102447,F. Moumbagna,Missing Fixture,Knee Injury,2025-02-09T19:45:00+00:00
1213934,61,2024,81,Marseille,21102,V. Rongier,Missing Fixture,Illness,2025-02-09T19:45:00+00:00
1213940,61,2024,106,Stade Brestois 29,1901,J. Amavi,Missing Fixture,Hamstring Injury,2025-02-14T19:45:00+00:00
1213940,61,2024,106,Stade Brestois 29,2214,R. Del Castillo,Missing Fixture,Knee Injury,2025-02-14T19:45:00+00:00
1213940,61,2024,106,Stade Brestois 29,274267,B. Locko,Missing Fixture,Achilles Tendon Injury,2025-02-14T19:45:00+00:00
1213940,61,2024,106,Stade Brestois 29,22258,J. Martin,Missing Fixture,Muscle Injury,2025-02-14T19:45:00+00:00
1213940,61,2024,108,Auxerre,335064,N. Buayi-Kiala,Missing Fixture,Knee Injury,2025-02-14T19:45:00+00:00
1213940,61,2024,108,Auxerre,322595,L. Coulibaly,Missing Fixture,Knee Injury,2025-02-14T19:45:00+00:00
1213940,61,2024,108,Auxerre,162466,S. Diomande,Missing Fixture,Injury,2025-02-14T19:45:00+00:00
1213940,61,2024,108,Auxerre,191392,P. Joly,Missing Fixture,Yellow Cards,2025-02-14T19:45:00+00:00
1213937,61,2024,81,Marseille,47426,R. Blanco,Missing Fixture,Ankle Injury,2025-02-15T16:00:00+00:00
1213937,61,2024,81,Marseille,412,A. Harit,Missing Fixture,Lacking Match Fitness,2025-02-15T16:00:00+00:00
1213937,61,2024,81,Marseille,102447,F. Moumbagna,Missing Fixture,Knee Injury,2025-02-15T16:00:00+00:00
1213937,61,2024,1063,Saint Etienne,174801,A. Moueffek,Missing Fixture,Illness,2025-02-15T16:00:00+00:00
1213937,61,2024,1063,Saint Etienne,179856,B. Old,Missing Fixture,Knee Injury,2025-02-15T16:00:00+00:00
1213937,61,2024,1063,Saint Etienne,39248,I. Wadji,Missing Fixture,Injury,2025-02-15T16:00:00+00:00
1213944,61,2024,91,Monaco,138835,F. Balogun,Missing Fixture,Shoulder Injury,2025-02-15T18:00:00+00:00
1213944,61,2024,91,Monaco,326176,S. Magassa,Missing Fixture,Yellow Cards,2025-02-15T18:00:00+00:00
1213944,61,2024,91,Monaco,30504,W. Singo,Missing Fixture,Muscle Injury,2025-02-15T18:00:00+00:00
1213944,61,2024,83,Nantes,3084,T. Kadewere,Missing Fixture,Muscle Injury,2025-02-15T18:00:00+00:00
1213944,61,2024,83,Nantes,349636,A. Mahamoud,Missing Fixture,Knee Injury,2025-02-15T18:00:00+00:00
1213944,61,2024,83,Nantes,343359,N. Zeze,Missing Fixture,Ankle Injury,2025-02-15T18:00:00+00:00
1213936,61,2024,96,Toulouse,25533,N. Schmidt,Missing Fixture,Knee Injury,2025-02-15T20:05:00+00:00
1213936,61,2024,85,Paris Saint Germain,1622,G. Donnarumma,Missing Fixture,Rest,2025-02-15T20:05:00+00:00
1213936,61,2024,85,Paris Saint Germain,446249,I. Mbaye,Missing Fixture,Ankle Injury,2025-02-15T20:05:00+00:00
1213936,61,2024,85,Paris Saint Germain,336657,W. Zaire-Emery,Missing Fixture,Ankle Injury,2025-02-15T20:05:00+00:00
1213938,61,2024,82,Montpellier,355076,A. Gueguin,Missing Fixture,Injury,2025-02-16T14:00:00+00:00
1213938,61,2024,82,Montpellier,395760,Y. Issoufou,Missing Fixture,Injury,2025-02-16T14:00:00+00:00
1213938,61,2024,82,Montpellier,22138,C. Jullien,Missing Fixture,Knee Injury,2025-02-16T14:00:00+00:00
1213938,61,2024,82,Montpellier,320,N. Maksimovic,Missing Fixture,Thigh Injury,2025-02-16T14:00:00+00:00
1213938,61,2024,82,Montpellier,999,B. Omeragic,Missing Fixture,Injury,2025-02-16T14:00:00+00:00
1213938,61,2024,82,Montpellier,20661,M. Sagnan,Missing Fixture,Injury,2025-02-16T14:00:00+00:00
1213938,61,2024,82,Montpellier,22141,I. Sylla,Missing Fixture,Injury,2025-02-16T14:00:00+00:00
1213938,61,2024,82,Montpellier,399906,O. Maamma,Questionable,Injury,2025-02-16T14:00:00+00:00
1213938,61,2024,80,Lyon,1568,P. Akouokou,Missing Fixture,Injury,2025-02-16T14:00:00+00:00
1213938,61,2024,80,Lyon,162265,W. Omari,Missing Fixture,Injury,2025-02-16T14:00:00+00:00
1213943,61,2024,111,LE Havre,1212,D. Kuzyaev,Missing Fixture,Injury,2025-02-16T16:15:00+00:00
1213943,61,2024,111,LE Havre,339633,A. Logbo,Missing Fixture,Shoulder Injury,2025-02-16T16:15:00+00:00
1213943,61,2024,111,LE Havre,460805,D. N. Mosengo,Missing Fixture,Knee Injury,2025-02-16T16:15:00+00:00
1213943,61,2024,111,LE Havre,21103,A. Toure,Missing Fixture,Ribs Injury,2025-02-16T16:15:00+00:00
1213943,61,2024,84,Nice,4399,H. Boudaoui,Missing Fixture,Yellow Cards,2025-02-16T16:15:00+00:00
1213943,61,2024,84,Nice,69971,T. Moffi,Missing Fixture,Knee Injury,2025-02-16T16:15:00+00:00
1213943,61,2024,84,Nice,3099,Y. Ndayishimiye,Missing Fixture,Yellow Cards,2025-02-16T16:15:00+00:00
1213943,61,2024,84,Nice,1914,M. Sanson,Missing Fixture,Ankle Injury,2025-02-16T16:15:00+00:00
1213939,61,2024,116,Lens,237191,Jhoanner Chavez,Missing Fixture,Ankle Injury,2025-02-16T16:15:00+00:00
1213939,61,2024,116,Lens,326073,R. Labeau Lascary,Missing Fixture,Knee Injury,2025-02-16T16:15:00+00:00
1213939,61,2024,116,Lens,6231,F. Medina,Missing Fixture,Red Card,2025-02-16T16:15:00+00:00
1213939,61,2024,116,Lens,21484,D. Petric,Missing Fixture,Back Injury,2025-02-16T16:15:00+00:00
1213939,61,2024,116,Lens,2741,M. Ryan,Missing Fixture,Hip Injury,2025-02-16T16:15:00+00:00
1213939,61,2024,116,Lens,195512,M. Satriano,Missing Fixture,Knee Injury,2025-02-16T16:15:00+00:00
1213939,61,2024,95,Strasbourg,284795,A. Bellaarouch,Missing Fixture,Groin Injury,2025-02-16T16:15:00+00:00
1213939,61,2024,95,Strasbourg,20521,T. Delaine,Missing Fixture,Back Injury,2025-02-16T16:15:00+00:00
1213939,61,2024,95,Strasbourg,309920,M. S. Dion,Missing Fixture,Achilles Tendon Injury,2025-02-16T16:15:00+00:00
1213939,61,2024,95,Strasbourg,271542,I. Doukoure,Missing Fixture,Yellow Cards,2025-02-16T16:15:00+00:00
1213942,61,2024,93,Reims,1300,M. Daramy,Missing Fixture,Knee Injury,2025-02-16T16:15:00+00:00
1213942,61,2024,93,Reims,384489,Y. Fofana,Missing Fixture,Ankle Injury,2025-02-16T16:15:00+00:00
1213942,61,2024,93,Reims,415089,Gabriel Moscardo,Missing Fixture,Injury,2025-02-16T16:15:00+00:00
1213942,61,2024,93,Reims,145476,R. Khadra,Missing Fixture,Knee Injury,2025-02-16T16:15:00+00:00
1213942,61,2024,93,Reims,442929,A. Kone,Missing Fixture,Injury,2025-02-16T16:15:00+00:00
1213942,61,2024,77,Angers,20850,C. Arcus,Missing Fixture,Calf Injury,2025-02-16T16:15:00+00:00
1213942,61,2024,77,Angers,3379,C. Hountondji,Missing Fixture,Injury,2025-02-16T16:15:00+00:00
1213942,61,2024,77,Angers,76904,H. Sabanovic,Missing Fixture,Injury,2025-02-16T16:15:00+00:00
1213942,61,2024,77,Angers,385569,E. Biumla,Questionable,Injury,2025-02-16T16:15:00+00:00
1213942,61,2024,77,Angers,284072,B. Dieng,Questionable,Injury,2025-02-16T16:15:00+00:00
1213941,61,2024,94,Rennes,50104,D. Alemdar,Missing Fixture,Knee Injury,2025-02-16T19:45:00+00:00
1213941,61,2024,94,Rennes,328074,J. James,Missing Fixture,Yellow Cards,2025-02-16T19:45:00+00:00
1213941,61,2024,94,Rennes,129681,A. Rouault,Missing Fixture,Injury,2025-02-16T19:45:00+00:00
1213941,61,2024,94,Rennes,196187,A. Seidu,Missing Fixture,Knee Injury,2025-02-16T19:45:00+00:00
1213941,61,2024,79,Lille,22093,R. Cabella,Missing Fixture,Injury,2025-02-16T19:45:00+00:00
1213941,61,2024,79,Lille,340077,M. Fernandez-Pardo,Missing Fixture,Ankle Injury,2025-02-16T19:45:00+00:00
1213941,61,2024,79,Lille,379329,T. Santos,Missing Fixture,Knee Injury,2025-02-16T19:45:00+00:00
1213941,61,2024,79,Lille,139,S. Umtiti,Missing Fixture,Knee Injury,2025-02-16T19:45:00+00:00
1213941,61,2024,79,Lille,48392,E. Zhegrova,Missing Fixture,Groin Injury,2025-02-16T19:45:00+00:00
1213945,61,2024,94,Rennes,50104,D. Alemdar,Missing Fixture,Knee Injury,2025-02-21T19:45:00+00:00
1213945,61,2024,94,Rennes,21497,L. Blas,Missing Fixture,Yellow Cards,2025-02-21T19:45:00+00:00
1213945,61,2024,94,Rennes,129681,A. Rouault,Missing Fixture,Injury,2025-02-21T19:45:00+00:00
1213945,61,2024,94,Rennes,21628,B. Samba,Missing Fixture,Yellow Cards,2025-02-21T19:45:00+00:00
1213945,61,2024,94,Rennes,196187,A. Seidu,Missing Fixture,Knee Injury,2025-02-21T19:45:00+00:00
1213945,61,2024,94,Rennes,20916,C. Wooh,Missing Fixture,Yellow Cards,2025-02-21T19:45:00+00:00
1213945,61,2024,93,Reims,47530,S. Akieme,Missing Fixture,Yellow Cards,2025-02-21T19:45:00+00:00
1213945,61,2024,93,Reims,1300,M. Daramy,Missing Fixture,Knee Injury,2025-02-21T19:45:00+00:00
1213945,61,2024,93,Reims,384489,Y. Fofana,Missing Fixture,Ankle Injury,2025-02-21T19:45:00+00:00
1213945,61,2024,93,Reims,415089,Gabriel Moscardo,Missing Fixture,Injury,2025-02-21T19:45:00+00:00
1213945,61,2024,93,Reims,145476,R. Khadra,Missing Fixture,Knee Injury,2025-02-21T19:45:00+00:00
1213945,61,2024,93,Reims,442929,A. Kone,Missing Fixture,Injury,2025-02-21T19:45:00+00:00
1213945,61,2024,93,Reims,2219,J. Siebatcheu,Missing Fixture,Muscle Injury,2025-02-21T19:45:00+00:00
1213947,61,2024,79,Lille,530,M. Bakker,Missing Fixture,Yellow Cards,2025-02-22T16:00:00+00:00
1213947,61,2024,79,Lille,22093,R. Cabella,Missing Fixture,Hamstring Injury,2025-02-22T16:00:00+00:00
1213947,61,2024,79,Lille,379329,T. Santos,Missing Fixture,Knee Injury,2025-02-22T16:00:00+00:00
1213947,61,2024,79,Lille,139,S. Umtiti,Missing Fixture,Knee Injury,2025-02-22T16:00:00+00:00
1213947,61,2024,79,Lille,48392,E. Zhegrova,Missing Fixture,Groin Injury,2025-02-22T16:00:00+00:00
1213947,61,2024,91,Monaco,138835,F. Balogun,Missing Fixture,Shoulder Injury,2025-02-22T16:00:00+00:00
1213947,61,2024,91,Monaco,109,A. Golovin,Missing Fixture,Groin Injury,2025-02-22T16:00:00+00:00
1213947,61,2024,91,Monaco,326176,S. Magassa,Missing Fixture,Injury,2025-02-22T16:00:00+00:00
1213947,61,2024,91,Monaco,231,J. Teze,Missing Fixture,Thigh Injury,2025-02-22T16:00:00+00:00
1213950,61,2024,1063,Saint Etienne,1407,D. Appiah,Missing Fixture,Injury,2025-02-22T18:00:00+00:00
1213950,61,2024,1063,Saint Etienne,179856,B. Old,Missing Fixture,Knee Injury,2025-02-22T18:00:00+00:00
1213950,61,2024,1063,Saint Etienne,39248,I. Wadji,Missing Fixture,Injury,2025-02-22T18:00:00+00:00
1213950,61,2024,77,Angers,103,J. Aholou,Missing Fixture,Yellow Cards,2025-02-22T18:00:00+00:00
1213950,61,2024,77,Angers,20850,C. Arcus,Missing Fixture,Calf Injury,2025-02-22T18:00:00+00:00
1213950,61,2024,77,Angers,385569,E. Biumla,Missing Fixture,Injury,2025-02-22T18:00:00+00:00
1213950,61,2024,77,Angers,3379,C. Hountondji,Missing Fixture,Injury,2025-02-22T18:00:00+00:00
1213950,61,2024,77,Angers,163004,E. Lepaul,Missing Fixture,Injury,2025-02-22T18:00:00+00:00
1213950,61,2024,77,Angers,76904,H. Sabanovic,Missing Fixture,Injury,2025-02-22T18:00:00+00:00
1213951,61,2024,108,Auxerre,335064,N. Buayi-Kiala,Missing Fixture,Knee Injury,2025-02-22T20:05:00+00:00
1213951,61,2024,108,Auxerre,322595,L. Coulibaly,Missing Fixture,Knee Injury,2025-02-22T20:05:00+00:00
1213951,61,2024,108,Auxerre,162466,S. Diomande,Missing Fixture,Injury,2025-02-22T20:05:00+00:00
1213951,61,2024,81,Marseille,6,L. Balerdi,Missing Fixture,Yellow Cards,2025-02-22T20:05:00+00:00
1213951,61,2024,81,Marseille,47426,R. Blanco,Missing Fixture,Ankle Injury,2025-02-22T20:05:00+00:00
1213951,61,2024,81,Marseille,102447,F. Moumbagna,Missing Fixture,Knee Injury,2025-02-22T20:05:00+00:00
1213949,61,2024,83,Nantes,93671,P. Chirivella,Missing Fixture,Yellow Cards,2025-02-23T14:00:00+00:00
1213949,61,2024,83,Nantes,21570,N. Cozza,Missing Fixture,Red Card,2025-02-23T14:00:00+00:00
1213949,61,2024,83,Nantes,3084,T. Kadewere,Missing Fixture,Muscle Injury,2025-02-23T14:00:00+00:00
1213949,61,2024,83,Nantes,349636,A. Mahamoud,Missing Fixture,Knee Injury,2025-02-23T14:00:00+00:00
1213949,61,2024,83,Nantes,343359,N. Zeze,Missing Fixture,Ankle Injury,2025-02-23T14:00:00+00:00
1213949,61,2024,116,Lens,326073,R. Labeau Lascary,Missing Fixture,Knee Injury,2025-02-23T14:00:00+00:00
1213949,61,2024,116,Lens,2483,D. Machado,Missing Fixture,Red Card,2025-02-23T14:00:00+00:00
1213949,61,2024,116,Lens,237232,H. Ojediran,Missing Fixture,Yellow Cards,2025-02-23T14:00:00+00:00
1213949,61,2024,116,Lens,21484,D. Petric,Missing Fixture,Back Injury,2025-02-23T14:00:00+00:00
1213949,61,2024,116,Lens,195512,M. Satriano,Missing Fixture,Knee Injury,2025-02-23T14:00:00+00:00
1213949,61,2024,116,Lens,237191,Jhoanner Chavez,Questionable,Ankle Injury,2025-02-23T14:00:00+00:00
1213946,61,2024,111,LE Havre,339633,A. Logbo,Missing Fixture,Shoulder Injury,2025-02-23T16:15:00+00:00
1213946,61,2024,111,LE Havre,460805,D. N. Mosengo,Missing Fixture,Knee Injury,2025-02-23T16:15:00+00:00
1213946,61,2024,96,Toulouse,325346,G. Restes,Missing Fixture,Thigh Injury,2025-02-23T16:15:00+00:00
1213946,61,2024,96,Toulouse,25533,N. Schmidt,Missing Fixture,Knee Injury,2025-02-23T16:15:00+00:00
1213952,61,2024,84,Nice,162465,M. Bard,Missing Fixture,Red Card,2025-02-23T16:15:00+00:00
1213952,61,2024,84,Nice,69971,T. Moffi,Missing Fixture,Knee Injury,2025-02-23T16:15:00+00:00
1213952,61,2024,84,Nice,1914,M. Sanson,Missing Fixture,Ankle Injury,2025-02-23T16:15:00+00:00
1213952,61,2024,82,Montpellier,355076,A. Gueguin,Missing Fixture,Injury,2025-02-23T16:15:00+00:00
1213952,61,2024,82,Montpellier,395760,Y. Issoufou,Missing Fixture,Injury,2025-02-23T16:15:00+00:00
1213952,61,2024,82,Montpellier,22138,C. Jullien,Missing Fixture,Knee Injury,2025-02-23T16:15:00+00:00
1213952,61,2024,82,Montpellier,399906,O. Maamma,Missing Fixture,Injury,2025-02-23T16:15:00+00:00
1213952,61,2024,82,Montpellier,320,N. Maksimovic,Missing Fixture,Thigh Injury,2025-02-23T16:15:00+00:00
1213952,61,2024,82,Montpellier,999,B. Omeragic,Missing Fixture,Injury,2025-02-23T16:15:00+00:00
1213952,61,2024,82,Montpellier,20661,M. Sagnan,Missing Fixture,Yellow Cards,2025-02-23T16:15:00+00:00
1213952,61,2024,82,Montpellier,22141,I. Sylla,Missing Fixture,Injury,2025-02-23T16:15:00+00:00
1213948,61,2024,95,Strasbourg,305834,Andrey Santos,Missing Fixture,Yellow Cards,2025-02-23T16:15:00+00:00
1213948,61,2024,95,Strasbourg,309920,M. S. Dion,Missing Fixture,Achilles Tendon Injury,2025-02-23T16:15:00+00:00
1213948,61,2024,95,Strasbourg,20521,T. Delaine,Questionable,Back Injury,2025-02-23T16:15:00+00:00
1213948,61,2024,106,Stade Brestois 29,1901,J. Amavi,Missing Fixture,Hamstring Injury,2025-02-23T16:15:00+00:00
1213948,61,2024,106,Stade Brestois 29,2214,R. Del Castillo,Missing Fixture,Knee Injury,2025-02-23T16:15:00+00:00
1213948,61,2024,106,Stade Brestois 29,274267,B. Locko,Missing Fixture,Achilles Tendon Injury,2025-02-23T16:15:00+00:00
1213948,61,2024,106,Stade Brestois 29,375000,I. Salah,Missing Fixture,Foot Injury,2025-02-23T16:15:00+00:00
1213953,61,2024,85,Paris Saint Germain,446249,I. Mbaye,Missing Fixture,Ankle Injury,2025-02-23T19:45:00+00:00
1213953,61,2024,85,Paris Saint Germain,336657,W. Zaire-Emery,Missing Fixture,Ankle Injury,2025-02-23T19:45:00+00:00
1213961,61,2024,91,Monaco,138835,F. Balogun,Missing Fixture,Shoulder Injury,2025-02-28T19:45:00+00:00
1213961,61,2024,91,Monaco,109,A. Golovin,Missing Fixture,Groin Injury,2025-02-28T19:45:00+00:00
1213961,61,2024,91,Monaco,326176,S. Magassa,Missing Fixture,Face Injury,2025-02-28T19:45:00+00:00
1213961,61,2024,91,Monaco,231,J. Teze,Missing Fixture,Thigh Injury,2025-02-28T19:45:00+00:00
1213961,61,2024,93,Reims,1300,M. Daramy,Missing Fixture,Knee Injury,2025-02-28T19:45:00+00:00
1213961,61,2024,93,Reims,384489,Y. Fofana,Missing Fixture,Ankle Injury,2025-02-28T19:45:00+00:00
1213961,61,2024,93,Reims,415089,Gabriel Moscardo,Missing Fixture,Injury,2025-02-28T19:45:00+00:00
1213961,61,2024,93,Reims,145476,R. Khadra,Missing Fixture,Knee Injury,2025-02-28T19:45:00+00:00
1213961,61,2024,93,Reims,19546,C. Kipre,Missing Fixture,Red Card,2025-02-28T19:45:00+00:00
1213961,61,2024,93,Reims,389322,N. Sangui,Missing Fixture,Injury,2025-02-28T19:45:00+00:00
1213961,61,2024,93,Reims,2219,J. Siebatcheu,Missing Fixture,Muscle Injury,2025-02-28T19:45:00+00:00
1213958,61,2024,1063,Saint Etienne,179856,B. Old,Missing Fixture,Knee Injury,2025-03-01T16:00:00+00:00
1213958,61,2024,1063,Saint Etienne,39248,I. Wadji,Missing Fixture,Injury,2025-03-01T16:00:00+00:00
1213958,61,2024,84,Nice,69971,T. Moffi,Missing Fixture,Knee Injury,2025-03-01T16:00:00+00:00
1213958,61,2024,84,Nice,662,T. Ndombele,Missing Fixture,Injury,2025-03-01T16:00:00+00:00
1213958,61,2024,84,Nice,1914,M. Sanson,Missing Fixture,Ankle Injury,2025-03-01T16:00:00+00:00
1213959,61,2024,116,Lens,237191,Jhoanner Chavez,Missing Fixture,Ankle Injury,2025-03-01T18:00:00+00:00
1213959,61,2024,116,Lens,326073,R. Labeau Lascary,Missing Fixture,Knee Injury,2025-03-01T18:00:00+00:00
1213959,61,2024,116,Lens,31318,M. Nzola,Missing Fixture,Red Card,2025-03-01T18:00:00+00:00
1213959,61,2024,116,Lens,21484,D. Petric,Missing Fixture,Back Injury,2025-03-01T18:00:00+00:00
1213959,61,2024,116,Lens,195512,M. Satriano,Missing Fixture,Knee Injury,2025-03-01T18:00:00+00:00
1213959,61,2024,111,LE Havre,1212,D. Kuzyaev,Missing Fixture,Ankle Injury,2025-03-01T18:00:00+00:00
1213959,61,2024,111,LE Havre,339633,A. Logbo,Missing Fixture,Shoulder Injury,2025-03-01T18:00:00+00:00
1213959,61,2024,111,LE Havre,282549,J. Mwanga,Missing Fixture,Red Card,2025-03-01T18:00:00+00:00
1213959,61,2024,111,LE Havre,174927,A. Sangante,Missing Fixture,Back Injury,2025-03-01T18:00:00+00:00
1213954,61,2024,79,Lille,379329,T. Santos,Missing Fixture,Knee Injury,2025-03-01T20:05:00+00:00
1213954,61,2024,79,Lille,139,S. Umtiti,Missing Fixture,Knee Injury,2025-03-01T20:05:00+00:00
1213954,61,2024,79,Lille,48392,E. Zhegrova,Missing Fixture,Groin Injury,2025-03-01T20:05:00+00:00
1213956,61,2024,80,Lyon,529,N. Tagliafico,Missing Fixture,Yellow Cards,2025-03-02T14:00:00+00:00
1213956,61,2024,106,Stade Brestois 29,41323,M. Balde,Missing Fixture,Injury,2025-03-02T14:00:00+00:00
1213956,61,2024,106,Stade Brestois 29,369556,J. Bourgault,Missing Fixture,Injury,2025-03-02T14:00:00+00:00
1213956,61,2024,106,Stade Brestois 29,162568,S. Coulibaly,Missing Fixture,Injury,2025-03-02T14:00:00+00:00
1213956,61,2024,106,Stade Brestois 29,2214,R. Del Castillo,Missing Fixture,Knee Injury,2025-03-02T14:00:00+00:00
1213956,61,2024,106,Stade Brestois 29,274267,B. Locko,Missing Fixture,Achilles Tendon Injury,2025-03-02T14:00:00+00:00
1213956,61,2024,106,Stade Brestois 29,375000,I. Salah,Missing Fixture,Foot Injury,2025-03-02T14:00:00+00:00
1213956,61,2024,106,Stade Brestois 29,84082,R. Faivre,Questionable,Injury,2025-03-02T14:00:00+00:00
1213956,61,2024,106,Stade Brestois 29,30405,E. Fernandes,Questionable,Injury,2025-03-02T14:00:00+00:00
1213962,61,2024,77,Angers,21618,J. Allevinah,Missing Fixture,Injury,2025-03-02T16:15:00+00:00
1213962,61,2024,77,Angers,20554,H. Belkebla,Missing Fixture,Injury,2025-03-02T16:15:00+00:00
1213962,61,2024,77,Angers,421875,S. Cherif,Missing Fixture,Injury,2025-03-02T16:15:00+00:00
1213962,61,2024,77,Angers,3379,C. Hountondji,Missing Fixture,Injury,2025-03-02T16:15:00+00:00
1213962,61,2024,77,Angers,2210,A. Hunou,Missing Fixture,Injury,2025-03-02T16:15:00+00:00
1213962,61,2024,77,Angers,163004,E. Lepaul,Missing Fixture,Injury,2025-03-02T16:15:00+00:00
1213962,61,2024,77,Angers,76904,H. Sabanovic,Missing Fixture,Injury,2025-03-02T16:15:00+00:00
1213962,61,2024,96,Toulouse,243,Z. Aboukhlal,Missing Fixture,Injury,2025-03-02T16:15:00+00:00
1213962,61,2024,96,Toulouse,18881,J. King,Missing Fixture,Muscle Injury,2025-03-02T16:15:00+00:00
1213962,61,2024,96,Toulouse,15793,R. Nicolaisen,Missing Fixture,Injury,2025-03-02T16:15:00+00:00
1213962,61,2024,96,Toulouse,325346,G. Restes,Missing Fixture,Thigh Injury,2025-03-02T16:15:00+00:00
1213962,61,2024,96,Toulouse,25533,N. Schmidt,Missing Fixture,Knee Injury,2025-03-02T16:15:00+00:00
1213960,61,2024,108,Auxerre,335064,N. Buayi-Kiala,Missing Fixture,Knee Injury,2025-03-02T16:15:00+00:00
1213960,61,2024,108,Auxerre,322595,L. Coulibaly,Missing Fixture,Knee Injury,2025-03-02T16:15:00+00:00
1213960,61,2024,95,Strasbourg,20521,T. Delaine,Missing Fixture,Back Injury,2025-03-02T16:15:00+00:00
1213960,61,2024,95,Strasbourg,309920,M. S. Dion,Missing Fixture,Achilles Tendon Injury,2025-03-02T16:15:00+00:00
1213960,61,2024,95,Strasbourg,147835,A. Omobamidele,Missing Fixture,Achilles Tendon Injury,2025-03-02T16:15:00+00:00
1213957,61,2024,82,Montpellier,113581,T. Coulibaly,Missing Fixture,Suspended,2025-03-02T16:15:00+00:00
1213957,61,2024,82,Montpellier,355076,A. Gueguin,Missing Fixture,Ribs Injury,2025-03-02T16:15:00+00:00
1213957,61,2024,82,Montpellier,395760,Y. Issoufou,Missing Fixture,Injury,2025-03-02T16:15:00+00:00
1213957,61,2024,82,Montpellier,22138,C. Jullien,Missing Fixture,Knee Injury,2025-03-02T16:15:00+00:00
1213957,61,2024,82,Montpellier,399906,O. Maamma,Missing Fixture,Injury,2025-03-02T16:15:00+00:00
1213957,61,2024,82,Montpellier,320,N. Maksimovic,Missing Fixture,Thigh Injury,2025-03-02T16:15:00+00:00
1213957,61,2024,82,Montpellier,999,B. Omeragic,Missing Fixture,Knee Injury,2025-03-02T16:15:00+00:00
1213957,61,2024,82,Montpellier,22141,I. Sylla,Missing Fixture,Muscle Injury,2025-03-02T16:15:00+00:00
1213957,61,2024,94,Rennes,50104,D. Alemdar,Missing Fixture,Knee Injury,2025-03-02T16:15:00+00:00
1213957,61,2024,94,Rennes,345748,C. A. Gomez,Missing Fixture,Injury,2025-03-02T16:15:00+00:00
1213957,61,2024,94,Rennes,196187,A. Seidu,Missing Fixture,Knee Injury,2025-03-02T16:15:00+00:00
1213957,61,2024,94,Rennes,20916,C. Wooh,Missing Fixture,Red Card,2025-03-02T16:15:00+00:00
1213955,61,2024,81,Marseille,47426,R. Blanco,Missing Fixture,Ankle Injury,2025-03-02T19:45:00+00:00
1213955,61,2024,81,Marseille,51295,D. Cornelius,Missing Fixture,Red Card,2025-03-02T19:45:00+00:00
1213955,61,2024,81,Marseille,375,C. Mbemba,Missing Fixture,Injury,2025-03-02T19:45:00+00:00
1213955,61,2024,81,Marseille,102447,F. Moumbagna,Missing Fixture,Knee Injury,2025-03-02T19:45:00+00:00
1213955,61,2024,81,Marseille,435482,R. Vaz,Missing Fixture,Injury,2025-03-02T19:45:00+00:00
1213955,61,2024,83,Nantes,20654,F. Centonze,Missing Fixture,Injury,2025-03-02T19:45:00+00:00
1213955,61,2024,83,Nantes,21570,N. Cozza,Missing Fixture,Red Card,2025-03-02T19:45:00+00:00
1213955,61,2024,83,Nantes,3084,T. Kadewere,Missing Fixture,Muscle Injury,2025-03-02T19:45:00+00:00
1213955,61,2024,83,Nantes,30393,A. Lafont,Missing Fixture,Injury,2025-03-02T19:45:00+00:00
1213955,61,2024,83,Nantes,349636,A. Mahamoud,Missing Fixture,Knee Injury,2025-03-02T19:45:00+00:00
1213955,61,2024,83,Nantes,343359,N. Zeze,Missing Fixture,Ankle Injury,2025-03-02T19:45:00+00:00
1213966,61,2024,96,Toulouse,243,Z. Aboukhlal,Missing Fixture,Thigh Injury,2025-03-07T19:45:00+00:00
1213966,61,2024,96,Toulouse,18881,J. King,Missing Fixture,Muscle Injury,2025-03-07T19:45:00+00:00
1213966,61,2024,96,Toulouse,15793,R. Nicolaisen,Missing Fixture,Ankle Injury,2025-03-07T19:45:00+00:00
1213966,61,2024,96,Toulouse,325346,G. Restes,Missing Fixture,Thigh Injury,2025-03-07T19:45:00+00:00
1213966,61,2024,96,Toulouse,25533,N. Schmidt,Missing Fixture,Knee Injury,2025-03-07T19:45:00+00:00
1213966,61,2024,91,Monaco,138835,F. Balogun,Missing Fixture,Shoulder Injury,2025-03-07T19:45:00+00:00
1213966,61,2024,91,Monaco,109,A. Golovin,Missing Fixture,Groin Injury,2025-03-07T19:45:00+00:00
1213966,61,2024,91,Monaco,326176,S. Magassa,Missing Fixture,Face Injury,2025-03-07T19:45:00+00:00
1213966,61,2024,91,Monaco,231,J. Teze,Missing Fixture,Thigh Injury,2025-03-07T19:45:00+00:00
1213966,61,2024,91,Monaco,2810,D. Zakaria,Missing Fixture,Yellow Cards,2025-03-07T19:45:00+00:00
1213970,61,2024,94,Rennes,50104,D. Alemdar,Missing Fixture,Knee Injury,2025-03-08T16:00:00+00:00
1213970,61,2024,94,Rennes,343792,D. Cisse,Missing Fixture,Yellow Cards,2025-03-08T16:00:00+00:00
1213970,61,2024,94,Rennes,345748,C. A. Gomez,Missing Fixture,Injury,2025-03-08T16:00:00+00:00
1213970,61,2024,94,Rennes,196187,A. Seidu,Missing Fixture,Knee Injury,2025-03-08T16:00:00+00:00
1213970,61,2024,85,Paris Saint Germain,257,Marquinhos,Missing Fixture,Inactive,2025-03-08T16:00:00+00:00
1213969,61,2024,79,Lille,99576,O. Sahraoui,Missing Fixture,Hip Injury,2025-03-08T18:00:00+00:00
1213969,61,2024,79,Lille,379329,T. Santos,Missing Fixture,Knee Injury,2025-03-08T18:00:00+00:00
1213969,61,2024,79,Lille,139,S. Umtiti,Missing Fixture,Knee Injury,2025-03-08T18:00:00+00:00
1213969,61,2024,79,Lille,48392,E. Zhegrova,Missing Fixture,Groin Injury,2025-03-08T18:00:00+00:00
1213969,61,2024,82,Montpellier,326088,K. Fayad,Missing Fixture,Yellow Cards,2025-03-08T18:00:00+00:00
1213969,61,2024,82,Montpellier,355076,A. Gueguin,Missing Fixture,Ribs Injury,2025-03-08T18:00:00+00:00
1213969,61,2024,82,Montpellier,395760,Y. Issoufou,Missing Fixture,Injury,2025-03-08T18:00:00+00:00
1213969,61,2024,82,Montpellier,22138,C. Jullien,Missing Fixture,Knee Injury,2025-03-08T18:00:00+00:00
1213969,61,2024,82,Montpellier,320,N. Maksimovic,Missing Fixture,Thigh Injury,2025-03-08T18:00:00+00:00
1213969,61,2024,82,Montpellier,999,B. Omeragic,Missing Fixture,Knee Injury,2025-03-08T18:00:00+00:00
1213969,61,2024,82,Montpellier,22141,I. Sylla,Missing Fixture,Muscle Injury,2025-03-08T18:00:00+00:00
1213971,61,2024,81,Marseille,47426,R. Blanco,Missing Fixture,Ankle Injury,2025-03-08T20:05:00+00:00
1213971,61,2024,81,Marseille,51295,D. Cornelius,Missing Fixture,Red Card,2025-03-08T20:05:00+00:00
1213971,61,2024,81,Marseille,412,A. Harit,Missing Fixture,Calf Injury,2025-03-08T20:05:00+00:00
1213971,61,2024,81,Marseille,375,C. Mbemba,Missing Fixture,Injury,2025-03-08T20:05:00+00:00
1213971,61,2024,81,Marseille,102447,F. Moumbagna,Missing Fixture,Knee Injury,2025-03-08T20:05:00+00:00
1213971,61,2024,81,Marseille,2973,M. Murillo,Missing Fixture,Injury,2025-03-08T20:05:00+00:00
1213971,61,2024,116,Lens,21146,A. Fulgini,Missing Fixture,Yellow Cards,2025-03-08T20:05:00+00:00
1213971,61,2024,116,Lens,237191,Jhoanner Chavez,Missing Fixture,Ankle Injury,2025-03-08T20:05:00+00:00
1213971,61,2024,116,Lens,22220,H. Koffi,Missing Fixture,Muscle Injury,2025-03-08T20:05:00+00:00
1213971,61,2024,116,Lens,326073,R. Labeau Lascary,Missing Fixture,Knee Injury,2025-03-08T20:05:00+00:00
1213971,61,2024,116,Lens,6231,F. Medina,Missing Fixture,Yellow Cards,2025-03-08T20:05:00+00:00
1213971,61,2024,116,Lens,31318,M. Nzola,Missing Fixture,Red Card,2025-03-08T20:05:00+00:00
1213971,61,2024,116,Lens,21484,D. Petric,Missing Fixture,Back Injury,2025-03-08T20:05:00+00:00
1213971,61,2024,116,Lens,195512,M. Satriano,Missing Fixture,Knee Injury,2025-03-08T20:05:00+00:00
1213971,61,2024,116,Lens,22261,A. Thomasson,Missing Fixture,Yellow Cards,2025-03-08T20:05:00+00:00
1213968,61,2024,106,Stade Brestois 29,41323,M. Balde,Missing Fixture,Injury,2025-03-09T14:00:00+00:00
1213968,61,2024,106,Stade Brestois 29,162568,S. Coulibaly,Missing Fixture,Injury,2025-03-09T14:00:00+00:00
1213968,61,2024,106,Stade Brestois 29,2214,R. Del Castillo,Missing Fixture,Knee Injury,2025-03-09T14:00:00+00:00
1213968,61,2024,106,Stade Brestois 29,274267,B. Locko,Missing Fixture,Achilles Tendon Injury,2025-03-09T14:00:00+00:00
1213968,61,2024,106,Stade Brestois 29,375000,I. Salah,Missing Fixture,Foot Injury,2025-03-09T14:00:00+00:00
1213968,61,2024,77,Angers,3379,C. Hountondji,Missing Fixture,Injury,2025-03-09T14:00:00+00:00
1213968,61,2024,77,Angers,76904,H. Sabanovic,Missing Fixture,Injury,2025-03-09T14:00:00+00:00
1213963,61,2024,111,LE Havre,143830,Y. Kitala,Missing Fixture,Inactive,2025-03-09T16:15:00+00:00
1213963,61,2024,111,LE Havre,339633,A. Logbo,Missing Fixture,Shoulder Injury,2025-03-09T16:15:00+00:00
1213963,61,2024,111,LE Havre,460805,D. N. Mosengo,Missing Fixture,Knee Injury,2025-03-09T16:15:00+00:00
1213963,61,2024,111,LE Havre,282549,J. Mwanga,Missing Fixture,Red Card,2025-03-09T16:15:00+00:00
1213963,61,2024,111,LE Havre,174927,A. Sangante,Missing Fixture,Back Injury,2025-03-09T16:15:00+00:00
1213963,61,2024,1063,Saint Etienne,8445,D. Batubinsika,Missing Fixture,Yellow Cards,2025-03-09T16:15:00+00:00
1213963,61,2024,1063,Saint Etienne,179856,B. Old,Missing Fixture,Knee Injury,2025-03-09T16:15:00+00:00
1213963,61,2024,1063,Saint Etienne,39248,I. Wadji,Missing Fixture,Injury,2025-03-09T16:15:00+00:00
1213965,61,2024,83,Nantes,20654,F. Centonze,Missing Fixture,Injury,2025-03-09T16:15:00+00:00
1213965,61,2024,83,Nantes,924,F. Coquelin,Missing Fixture,Calf Injury,2025-03-09T16:15:00+00:00
1213965,61,2024,83,Nantes,3084,T. Kadewere,Missing Fixture,Muscle Injury,2025-03-09T16:15:00+00:00
1213965,61,2024,83,Nantes,349636,A. Mahamoud,Missing Fixture,Knee Injury,2025-03-09T16:15:00+00:00
1213965,61,2024,83,Nantes,343359,N. Zeze,Missing Fixture,Ankle Injury,2025-03-09T16:15:00+00:00
1213965,61,2024,95,Strasbourg,284795,A. Bellaarouch,Missing Fixture,Groin Injury,2025-03-09T16:15:00+00:00
1213965,61,2024,95,Strasbourg,20521,T. Delaine,Missing Fixture,Back Injury,2025-03-09T16:15:00+00:00
1213965,61,2024,95,Strasbourg,309920,M. S. Dion,Missing Fixture,Achilles Tendon Injury,2025-03-09T16:15:00+00:00
1213965,61,2024,95,Strasbourg,147835,A. Omobamidele,Missing Fixture,Achilles Tendon Injury,2025-03-09T16:15:00+00:00
1213965,61,2024,95,Strasbourg,358166,A. Ouattara,Missing Fixture,Injury,2025-03-09T16:15:00+00:00
1213965,61,2024,95,Strasbourg,364810,A. Sylla,Missing Fixture,Red Card,2025-03-09T16:15:00+00:00
1213965,61,2024,95,Strasbourg,327631,H. Diarra,Questionable,Ankle Injury,2025-03-09T16:15:00+00:00
1213964,61,2024,93,Reims,1300,M. Daramy,Missing Fixture,Knee Injury,2025-03-09T16:15:00+00:00
1213964,61,2024,93,Reims,384489,Y. Fofana,Missing Fixture,Ankle Injury,2025-03-09T16:15:00+00:00
1213964,61,2024,93,Reims,415089,Gabriel Moscardo,Missing Fixture,Injury,2025-03-09T16:15:00+00:00
1213964,61,2024,93,Reims,145476,R. Khadra,Missing Fixture,Knee Injury,2025-03-09T16:15:00+00:00
1213964,61,2024,93,Reims,21080,A. Olliero,Missing Fixture,Ankle Injury,2025-03-09T16:15:00+00:00
1213964,61,2024,93,Reims,2219,J. Siebatcheu,Missing Fixture,Muscle Injury,2025-03-09T16:15:00+00:00
1213964,61,2024,108,Auxerre,335064,N. Buayi-Kiala,Missing Fixture,Knee Injury,2025-03-09T16:15:00+00:00
1213964,61,2024,108,Auxerre,322595,L. Coulibaly,Missing Fixture,Knee Injury,2025-03-09T16:15:00+00:00
1213964,61,2024,108,Auxerre,490095,A. Zossou,Missing Fixture,Hip Injury,2025-03-09T16:15:00+00:00
1213967,61,2024,84,Nice,69971,T. Moffi,Missing Fixture,Knee Injury,2025-03-09T19:45:00+00:00
1213967,61,2024,84,Nice,662,T. Ndombele,Missing Fixture,Injury,2025-03-09T19:45:00+00:00
1213967,61,2024,84,Nice,1914,M. Sanson,Missing Fixture,Ankle Injury,2025-03-09T19:45:00+00:00
1213973,61,2024,84,Nice,25008,J. Clauss,Missing Fixture,Yellow Cards,2025-03-14T19:45:00+00:00
1213973,61,2024,84,Nice,69971,T. Moffi,Missing Fixture,Knee Injury,2025-03-14T19:45:00+00:00
1213973,61,2024,84,Nice,662,T. Ndombele,Missing Fixture,Injury,2025-03-14T19:45:00+00:00
1213973,61,2024,84,Nice,1914,M. Sanson,Missing Fixture,Ankle Injury,2025-03-14T19:45:00+00:00
1213973,61,2024,108,Auxerre,191189,C. Akpa,Missing Fixture,Yellow Cards,2025-03-14T19:45:00+00:00
1213973,61,2024,108,Auxerre,335064,N. Buayi-Kiala,Missing Fixture,Knee Injury,2025-03-14T19:45:00+00:00
1213973,61,2024,108,Auxerre,322595,L. Coulibaly,Missing Fixture,Knee Injury,2025-03-14T19:45:00+00:00
1213973,61,2024,108,Auxerre,490095,A. Zossou,Missing Fixture,Hip Injury,2025-03-14T19:45:00+00:00
1213979,61,2024,83,Nantes,22134,K. Amian,Missing Fixture,Yellow Cards,2025-03-15T16:00:00+00:00
1213979,61,2024,83,Nantes,20654,F. Centonze,Missing Fixture,Injury,2025-03-15T16:00:00+00:00
1213979,61,2024,83,Nantes,3084,T. Kadewere,Missing Fixture,Muscle Injury,2025-03-15T16:00:00+00:00
1213979,61,2024,83,Nantes,30393,A. Lafont,Missing Fixture,Inactive,2025-03-15T16:00:00+00:00
1213979,61,2024,83,Nantes,349636,A. Mahamoud,Missing Fixture,Knee Injury,2025-03-15T16:00:00+00:00
1213979,61,2024,83,Nantes,343359,N. Zeze,Missing Fixture,Ankle Injury,2025-03-15T16:00:00+00:00
1213979,61,2024,79,Lille,386287,E. Mbappe,Missing Fixture,Illness,2025-03-15T16:00:00+00:00
1213979,61,2024,79,Lille,264,T. Meunier,Missing Fixture,Foot Injury,2025-03-15T16:00:00+00:00
1213979,61,2024,79,Lille,379329,T. Santos,Missing Fixture,Knee Injury,2025-03-15T16:00:00+00:00
1213979,61,2024,79,Lille,139,S. Umtiti,Missing Fixture,Knee Injury,2025-03-15T16:00:00+00:00
1213979,61,2024,79,Lille,48392,E. Zhegrova,Missing Fixture,Groin Injury,2025-03-15T16:00:00+00:00
1213980,61,2024,77,Angers,103,J. Aholou,Missing Fixture,Yellow Cards,2025-03-15T18:00:00+00:00
1213980,61,2024,77,Angers,385569,E. Biumla,Missing Fixture,Inactive,2025-03-15T18:00:00+00:00
1213980,61,2024,77,Angers,421875,S. Cherif,Missing Fixture,Thigh Injury,2025-03-15T18:00:00+00:00
1213980,61,2024,77,Angers,3379,C. Hountondji,Missing Fixture,Injury,2025-03-15T18:00:00+00:00
1213980,61,2024,77,Angers,2210,A. Hunou,Missing Fixture,Coach's decision,2025-03-15T18:00:00+00:00
1213980,61,2024,77,Angers,174660,L. Raolisoa,Missing Fixture,Injury,2025-03-15T18:00:00+00:00
1213980,61,2024,77,Angers,76904,H. Sabanovic,Missing Fixture,Injury,2025-03-15T18:00:00+00:00
1213980,61,2024,91,Monaco,138835,F. Balogun,Missing Fixture,Shoulder Injury,2025-03-15T18:00:00+00:00
1213980,61,2024,91,Monaco,109,A. Golovin,Missing Fixture,Groin Injury,2025-03-15T18:00:00+00:00
1213980,61,2024,91,Monaco,326176,S. Magassa,Missing Fixture,Face Injury,2025-03-15T18:00:00+00:00
1213980,61,2024,91,Monaco,333137,K. Ouattara,Missing Fixture,Calf Injury,2025-03-15T18:00:00+00:00
1213980,61,2024,91,Monaco,231,J. Teze,Missing Fixture,Thigh Injury,2025-03-15T18:00:00+00:00
1213977,61,2024,116,Lens,437143,A. Delplace,Missing Fixture,Inactive,2025-03-15T20:05:00+00:00
1213977,61,2024,116,Lens,237191,Jhoanner Chavez,Missing Fixture,Ankle Injury,2025-03-15T20:05:00+00:00
1213977,61,2024,116,Lens,326073,R. Labeau Lascary,Missing Fixture,Knee Injury,2025-03-15T20:05:00+00:00
1213977,61,2024,116,Lens,21484,D. Petric,Missing Fixture,Back Injury,2025-03-15T20:05:00+00:00
1213977,61,2024,116,Lens,195512,M. Satriano,Missing Fixture,Knee Injury,2025-03-15T20:05:00+00:00
1213977,61,2024,94,Rennes,50104,D. Alemdar,Missing Fixture,Knee Injury,2025-03-15T20:05:00+00:00
1213977,61,2024,94,Rennes,21497,L. Blas,Missing Fixture,Leg Injury,2025-03-15T20:05:00+00:00
1213977,61,2024,94,Rennes,30807,S. Fofana,Missing Fixture,Yellow Cards,2025-03-15T20:05:00+00:00
1213977,61,2024,94,Rennes,345748,C. A. Gomez,Missing Fixture,Injury,2025-03-15T20:05:00+00:00
1213977,61,2024,94,Rennes,196187,A. Seidu,Missing Fixture,Knee Injury,2025-03-15T20:05:00+00:00
1213976,61,2024,111,LE Havre,386284,M. Diawara,Missing Fixture,Loan agreement,2025-03-16T14:00:00+00:00
1213976,61,2024,111,LE Havre,143830,Y. Kitala,Missing Fixture,Inactive,2025-03-16T14:00:00+00:00
1213976,61,2024,111,LE Havre,339633,A. Logbo,Missing Fixture,Shoulder Injury,2025-03-16T14:00:00+00:00
1213976,61,2024,111,LE Havre,460805,D. N. Mosengo,Missing Fixture,Knee Injury,2025-03-16T14:00:00+00:00
1213976,61,2024,111,LE Havre,174927,A. Sangante,Missing Fixture,Back Injury,2025-03-16T14:00:00+00:00
1213976,61,2024,111,LE Havre,23637,Y. Zouaoui,Missing Fixture,Calf Injury,2025-03-16T14:00:00+00:00
1213975,61,2024,106,Stade Brestois 29,41323,M. Balde,Missing Fixture,Injury,2025-03-16T16:15:00+00:00
1213975,61,2024,106,Stade Brestois 29,20546,B. Chardonnet,Missing Fixture,Injury,2025-03-16T16:15:00+00:00
1213975,61,2024,106,Stade Brestois 29,162568,S. Coulibaly,Missing Fixture,Injury,2025-03-16T16:15:00+00:00
1213975,61,2024,106,Stade Brestois 29,2214,R. Del Castillo,Missing Fixture,Knee Injury,2025-03-16T16:15:00+00:00
1213975,61,2024,106,Stade Brestois 29,274267,B. Locko,Missing Fixture,Achilles Tendon Injury,2025-03-16T16:15:00+00:00
1213975,61,2024,106,Stade Brestois 29,375000,I. Salah,Missing Fixture,Foot Injury,2025-03-16T16:15:00+00:00
1213975,61,2024,106,Stade Brestois 29,277191,A. Sima,Missing Fixture,Yellow Cards,2025-03-16T16:15:00+00:00
1213975,61,2024,93,Reims,1300,M. Daramy,Missing Fixture,Knee Injury,2025-03-16T16:15:00+00:00
1213975,61,2024,93,Reims,384489,Y. Fofana,Missing Fixture,Ankle Injury,2025-03-16T16:15:00+00:00
1213975,61,2024,93,Reims,415089,Gabriel Moscardo,Missing Fixture,Injury,2025-03-16T16:15:00+00:00
1213975,61,2024,93,Reims,145476,R. Khadra,Missing Fixture,Knee Injury,2025-03-16T16:15:00+00:00
1213975,61,2024,93,Reims,21080,A. Olliero,Missing Fixture,Ankle Injury,2025-03-16T16:15:00+00:00
1213975,61,2024,93,Reims,2219,J. Siebatcheu,Missing Fixture,Muscle Injury,2025-03-16T16:15:00+00:00
1213974,61,2024,82,Montpellier,21439,J. Ferri,Missing Fixture,Yellow Cards,2025-03-16T16:15:00+00:00
1213974,61,2024,82,Montpellier,355076,A. Gueguin,Missing Fixture,Ribs Injury,2025-03-16T16:15:00+00:00
1213974,61,2024,82,Montpellier,395760,Y. Issoufou,Missing Fixture,Injury,2025-03-16T16:15:00+00:00
1213974,61,2024,82,Montpellier,22138,C. Jullien,Missing Fixture,Knee Injury,2025-03-16T16:15:00+00:00
1213974,61,2024,82,Montpellier,320,N. Maksimovic,Missing Fixture,Thigh Injury,2025-03-16T16:15:00+00:00
1213974,61,2024,82,Montpellier,999,B. Omeragic,Missing Fixture,Knee Injury,2025-03-16T16:15:00+00:00
1213974,61,2024,82,Montpellier,179399,E. Tchato,Missing Fixture,Injury,2025-03-16T16:15:00+00:00
1213974,61,2024,1063,Saint Etienne,8445,D. Batubinsika,Missing Fixture,Inactive,2025-03-16T16:15:00+00:00
1213974,61,2024,1063,Saint Etienne,363053,I. Miladinovic,Missing Fixture,Suspended,2025-03-16T16:15:00+00:00
1213974,61,2024,1063,Saint Etienne,179856,B. Old,Missing Fixture,Knee Injury,2025-03-16T16:15:00+00:00
1213978,61,2024,95,Strasbourg,129695,D. Bakwa,Missing Fixture,Yellow Cards,2025-03-16T16:15:00+00:00
1213978,61,2024,95,Strasbourg,309920,M. S. Dion,Missing Fixture,Achilles Tendon Injury,2025-03-16T16:15:00+00:00
1213978,61,2024,95,Strasbourg,147835,A. Omobamidele,Missing Fixture,Achilles Tendon Injury,2025-03-16T16:15:00+00:00
1213978,61,2024,95,Strasbourg,358166,A. Ouattara,Missing Fixture,Injury,2025-03-16T16:15:00+00:00
1213978,61,2024,95,Strasbourg,364810,A. Sylla,Missing Fixture,Red Card,2025-03-16T16:15:00+00:00
1213978,61,2024,95,Strasbourg,327631,H. Diarra,Questionable,Ankle Injury,2025-03-16T16:15:00+00:00
1213978,61,2024,96,Toulouse,243,Z. Aboukhlal,Missing Fixture,Thigh Injury,2025-03-16T16:15:00+00:00
1213978,61,2024,96,Toulouse,15793,R. Nicolaisen,Missing Fixture,Ankle Injury,2025-03-16T16:15:00+00:00
1213978,61,2024,96,Toulouse,325346,G. Restes,Missing Fixture,Thigh Injury,2025-03-16T16:15:00+00:00
1213978,61,2024,96,Toulouse,25533,N. Schmidt,Missing Fixture,Knee Injury,2025-03-16T16:15:00+00:00
1213972,61,2024,85,Paris Saint Germain,162473,A. Tenas,Missing Fixture,Shoulder Injury,2025-03-16T19:45:00+00:00
1213972,61,2024,81,Marseille,47426,R. Blanco,Missing Fixture,Ankle Injury,2025-03-16T19:45:00+00:00
1213972,61,2024,81,Marseille,412,A. Harit,Missing Fixture,Calf Injury,2025-03-16T19:45:00+00:00
1213972,61,2024,81,Marseille,2735,P. Hojbjerg,Missing Fixture,Calf Injury,2025-03-16T19:45:00+00:00
1213972,61,2024,81,Marseille,375,C. Mbemba,Missing Fixture,Injury,2025-03-16T19:45:00+00:00
1213972,61,2024,81,Marseille,102447,F. Moumbagna,Missing Fixture,Knee Injury,2025-03-16T19:45:00+00:00
1213972,61,2024,81,Marseille,2973,M. Murillo,Missing Fixture,Injury,2025-03-16T19:45:00+00:00
1213984,61,2024,95,Strasbourg,284795,A. Bellaarouch,Missing Fixture,Groin Injury,2025-03-28T19:45:00+00:00
1213984,61,2024,95,Strasbourg,327631,H. Diarra,Missing Fixture,Ankle Injury,2025-03-28T19:45:00+00:00
1213984,61,2024,95,Strasbourg,309920,M. S. Dion,Missing Fixture,Achilles Tendon Injury,2025-03-28T19:45:00+00:00
1213984,61,2024,95,Strasbourg,147835,A. Omobamidele,Missing Fixture,Achilles Tendon Injury,2025-03-28T19:45:00+00:00
1213984,61,2024,95,Strasbourg,358166,A. Ouattara,Missing Fixture,Injury,2025-03-28T19:45:00+00:00
1213984,61,2024,80,Lyon,361348,M. Fofana,Missing Fixture,Knee Injury,2025-03-28T19:45:00+00:00
1213984,61,2024,80,Lyon,334914,S. Kumbedi,Missing Fixture,Yellow Cards,2025-03-28T19:45:00+00:00
1213987,61,2024,93,Reims,1300,M. Daramy,Missing Fixture,Knee Injury,2025-03-29T16:00:00+00:00
1213987,61,2024,93,Reims,384489,Y. Fofana,Missing Fixture,Ankle Injury,2025-03-29T16:00:00+00:00
1213987,61,2024,93,Reims,415089,Gabriel Moscardo,Missing Fixture,Injury,2025-03-29T16:00:00+00:00
1213987,61,2024,93,Reims,145476,R. Khadra,Missing Fixture,Knee Injury,2025-03-29T16:00:00+00:00
1213987,61,2024,93,Reims,389322,N. Sangui,Missing Fixture,Thigh Injury,2025-03-29T16:00:00+00:00
1213987,61,2024,93,Reims,2219,J. Siebatcheu,Missing Fixture,Hamstring Injury,2025-03-29T16:00:00+00:00
1213987,61,2024,81,Marseille,47426,R. Blanco,Missing Fixture,Ankle Injury,2025-03-29T16:00:00+00:00
1213987,61,2024,81,Marseille,412,A. Harit,Missing Fixture,Calf Injury,2025-03-29T16:00:00+00:00
1213987,61,2024,81,Marseille,2735,P. Hojbjerg,Missing Fixture,Foot Injury,2025-03-29T16:00:00+00:00
1213987,61,2024,81,Marseille,1847,Luiz Felipe,Missing Fixture,Thigh Injury,2025-03-29T16:00:00+00:00
1213987,61,2024,81,Marseille,375,C. Mbemba,Missing Fixture,Inactive,2025-03-29T16:00:00+00:00
1213987,61,2024,81,Marseille,102447,F. Moumbagna,Missing Fixture,Knee Injury,2025-03-29T16:00:00+00:00
1213986,61,2024,1063,Saint Etienne,90599,M. Bernauer,Missing Fixture,Red Card,2025-03-29T18:00:00+00:00
1213986,61,2024,1063,Saint Etienne,337426,A. Boakye,Missing Fixture,Ankle Injury,2025-03-29T18:00:00+00:00
1213986,61,2024,85,Paris Saint Germain,9,A. Hakimi,Missing Fixture,Rest,2025-03-29T18:00:00+00:00
1213986,61,2024,85,Paris Saint Germain,927,Lee Kang-In,Missing Fixture,Ankle Injury,2025-03-29T18:00:00+00:00
1213986,61,2024,85,Paris Saint Germain,409216,S. Mayulu,Missing Fixture,Yellow Cards,2025-03-29T18:00:00+00:00
1213986,61,2024,85,Paris Saint Germain,162473,A. Tenas,Missing Fixture,Shoulder Injury,2025-03-29T18:00:00+00:00
1213989,61,2024,91,Monaco,326176,S. Magassa,Missing Fixture,Face Injury,2025-03-29T20:05:00+00:00
1213989,61,2024,91,Monaco,333137,K. Ouattara,Missing Fixture,Calf Injury,2025-03-29T20:05:00+00:00
1213989,61,2024,91,Monaco,231,J. Teze,Missing Fixture,Thigh Injury,2025-03-29T20:05:00+00:00
1213989,61,2024,84,Nice,162465,M. Bard,Missing Fixture,Red Card,2025-03-29T20:05:00+00:00
1213989,61,2024,84,Nice,662,T. Ndombele,Missing Fixture,Groin Injury,2025-03-29T20:05:00+00:00
1213985,61,2024,96,Toulouse,243,Z. Aboukhlal,Missing Fixture,Hamstring Injury,2025-03-30T13:00:00+00:00
1213985,61,2024,96,Toulouse,174724,F. Magri,Missing Fixture,Yellow Cards,2025-03-30T13:00:00+00:00
1213985,61,2024,96,Toulouse,15793,R. Nicolaisen,Missing Fixture,Calf Injury,2025-03-30T13:00:00+00:00
1213985,61,2024,96,Toulouse,25533,N. Schmidt,Missing Fixture,Knee Injury,2025-03-30T13:00:00+00:00
1213985,61,2024,106,Stade Brestois 29,1901,J. Amavi,Missing Fixture,Calf Injury,2025-03-30T13:00:00+00:00
1213985,61,2024,106,Stade Brestois 29,162568,S. Coulibaly,Missing Fixture,Injury,2025-03-30T13:00:00+00:00
1213985,61,2024,106,Stade Brestois 29,3333,M. Haidara,Missing Fixture,Red Card,2025-03-30T13:00:00+00:00
1213985,61,2024,106,Stade Brestois 29,274267,B. Locko,Missing Fixture,Achilles Tendon Injury,2025-03-30T13:00:00+00:00
1213985,61,2024,106,Stade Brestois 29,20558,H. Magnetti,Missing Fixture,Yellow Cards,2025-03-30T13:00:00+00:00
1213985,61,2024,106,Stade Brestois 29,22258,J. Martin,Missing Fixture,Hip Injury,2025-03-30T13:00:00+00:00
1213985,61,2024,106,Stade Brestois 29,375000,I. Salah,Missing Fixture,Foot Injury,2025-03-30T13:00:00+00:00
1213985,61,2024,106,Stade Brestois 29,20546,B. Chardonnet,Questionable,Chest Injury,2025-03-30T13:00:00+00:00
1213981,61,2024,77,Angers,20692,H. Abdelli,Missing Fixture,Yellow Cards,2025-03-30T15:15:00+00:00
1213981,61,2024,77,Angers,385569,E. Biumla,Missing Fixture,Injury,2025-03-30T15:15:00+00:00
1213981,61,2024,77,Angers,421875,S. Cherif,Missing Fixture,Thigh Injury,2025-03-30T15:15:00+00:00
1213981,61,2024,77,Angers,3379,C. Hountondji,Missing Fixture,Achilles Tendon Injury,2025-03-30T15:15:00+00:00
1213981,61,2024,77,Angers,76904,H. Sabanovic,Missing Fixture,Injury,2025-03-30T15:15:00+00:00
1213981,61,2024,94,Rennes,50104,D. Alemdar,Missing Fixture,Knee Injury,2025-03-30T15:15:00+00:00
1213981,61,2024,94,Rennes,21497,L. Blas,Missing Fixture,Leg Injury,2025-03-30T15:15:00+00:00
1213981,61,2024,94,Rennes,345748,C. A. Gomez,Missing Fixture,Ankle Injury,2025-03-30T15:15:00+00:00
1213981,61,2024,94,Rennes,196187,A. Seidu,Missing Fixture,Knee Injury,2025-03-30T15:15:00+00:00
1213982,61,2024,108,Auxerre,335064,N. Buayi-Kiala,Missing Fixture,Knee Injury,2025-03-30T15:15:00+00:00
1213982,61,2024,108,Auxerre,322595,L. Coulibaly,Missing Fixture,Knee Injury,2025-03-30T15:15:00+00:00
1213982,61,2024,108,Auxerre,490095,A. Zossou,Missing Fixture,Hip Injury,2025-03-30T15:15:00+00:00
1213982,61,2024,82,Montpellier,355076,A. Gueguin,Missing Fixture,Ribs Injury,2025-03-30T15:15:00+00:00
1213982,61,2024,82,Montpellier,395760,Y. Issoufou,Missing Fixture,Injury,2025-03-30T15:15:00+00:00
1213982,61,2024,82,Montpellier,22138,C. Jullien,Missing Fixture,Knee Injury,2025-03-30T15:15:00+00:00
1213982,61,2024,82,Montpellier,3335,K. Kouyate,Missing Fixture,Yellow Cards,2025-03-30T15:15:00+00:00
1213982,61,2024,82,Montpellier,320,N. Maksimovic,Missing Fixture,Thigh Injury,2025-03-30T15:15:00+00:00
1213982,61,2024,82,Montpellier,999,B. Omeragic,Missing Fixture,Knee Injury,2025-03-30T15:15:00+00:00
1213982,61,2024,82,Montpellier,21434,T. Sainte-Luce,Missing Fixture,Yellow Cards,2025-03-30T15:15:00+00:00
1213982,61,2024,82,Montpellier,179399,E. Tchato,Missing Fixture,Thigh Injury,2025-03-30T15:15:00+00:00
1213983,61,2024,111,LE Havre,143830,Y. Kitala,Missing Fixture,Ankle Injury,2025-03-30T15:15:00+00:00
1213983,61,2024,111,LE Havre,339633,A. Logbo,Missing Fixture,Shoulder Injury,2025-03-30T15:15:00+00:00
1213983,61,2024,111,LE Havre,460805,D. N. Mosengo,Missing Fixture,Knee Injury,2025-03-30T15:15:00+00:00
1213983,61,2024,111,LE Havre,23637,Y. Zouaoui,Missing Fixture,Calf Injury,2025-03-30T15:15:00+00:00
1213983,61,2024,83,Nantes,20545,J. Castelletto,Missing Fixture,Red Card,2025-03-30T15:15:00+00:00
1213983,61,2024,83,Nantes,20654,F. Centonze,Missing Fixture,Injury,2025-03-30T15:15:00+00:00
1213983,61,2024,83,Nantes,21498,M. Coco,Missing Fixture,Muscle Injury,2025-03-30T15:15:00+00:00
1213983,61,2024,83,Nantes,3084,T. Kadewere,Missing Fixture,Muscle Injury,2025-03-30T15:15:00+00:00
1213983,61,2024,83,Nantes,30393,A. Lafont,Missing Fixture,Inactive,2025-03-30T15:15:00+00:00
1213983,61,2024,83,Nantes,349636,A. Mahamoud,Missing Fixture,Knee Injury,2025-03-30T15:15:00+00:00
1213983,61,2024,83,Nantes,343359,N. Zeze,Missing Fixture,Ankle Injury,2025-03-30T15:15:00+00:00
1213988,61,2024,79,Lille,142691,Alexsandro,Missing Fixture,Yellow Cards,2025-03-30T18:45:00+00:00
1213988,61,2024,79,Lille,386287,E. Mbappe,Missing Fixture,Illness,2025-03-30T18:45:00+00:00
1213988,61,2024,79,Lille,379329,T. Santos,Missing Fixture,Knee Injury,2025-03-30T18:45:00+00:00
1213988,61,2024,79,Lille,139,S. Umtiti,Missing Fixture,Knee Injury,2025-03-30T18:45:00+00:00
1213988,61,2024,79,Lille,48392,E. Zhegrova,Missing Fixture,Groin Injury,2025-03-30T18:45:00+00:00
1213988,61,2024,116,Lens,237191,Jhoanner Chavez,Missing Fixture,Ankle Injury,2025-03-30T18:45:00+00:00
1213988,61,2024,116,Lens,326073,R. Labeau Lascary,Missing Fixture,Knee Injury,2025-03-30T18:45:00+00:00
1213988,61,2024,116,Lens,21484,D. Petric,Missing Fixture,Back Injury,2025-03-30T18:45:00+00:00
1213988,61,2024,116,Lens,326976,T. Pouilly,Missing Fixture,Coach's decision,2025-03-30T18:45:00+00:00
1213988,61,2024,116,Lens,195512,M. Satriano,Missing Fixture,Knee Injury,2025-03-30T18:45:00+00:00
1213991,61,2024,84,Nice,162465,M. Bard,Missing Fixture,Red Card,2025-04-04T18:45:00+00:00
1213991,61,2024,84,Nice,22163,Dante,Missing Fixture,Red Card,2025-04-04T18:45:00+00:00
1213991,61,2024,84,Nice,662,T. Ndombele,Missing Fixture,Groin Injury,2025-04-04T18:45:00+00:00
1213991,61,2024,83,Nantes,20545,J. Castelletto,Missing Fixture,Red Card,2025-04-04T18:45:00+00:00
1213991,61,2024,83,Nantes,20654,F. Centonze,Missing Fixture,Injury,2025-04-04T18:45:00+00:00
1213991,61,2024,83,Nantes,93671,P. Chirivella,Missing Fixture,Hip Injury,2025-04-04T18:45:00+00:00
1213991,61,2024,83,Nantes,924,F. Coquelin,Missing Fixture,Hamstring Injury,2025-04-04T18:45:00+00:00
1213991,61,2024,83,Nantes,349636,A. Mahamoud,Missing Fixture,Knee Injury,2025-04-04T18:45:00+00:00
1213991,61,2024,83,Nantes,343359,N. Zeze,Missing Fixture,Ankle Injury,2025-04-04T18:45:00+00:00
1213996,61,2024,85,Paris Saint Germain,927,Lee Kang-In,Missing Fixture,Ankle Injury,2025-04-05T15:00:00+00:00
1213996,61,2024,77,Angers,20554,H. Belkebla,Missing Fixture,Foot Injury,2025-04-05T15:00:00+00:00
1213996,61,2024,77,Angers,385569,E. Biumla,Missing Fixture,Injury,2025-04-05T15:00:00+00:00
1213996,61,2024,77,Angers,421875,S. Cherif,Missing Fixture,Thigh Injury,2025-04-05T15:00:00+00:00
1213996,61,2024,77,Angers,3379,C. Hountondji,Missing Fixture,Achilles Tendon Injury,2025-04-05T15:00:00+00:00
1213996,61,2024,77,Angers,76904,H. Sabanovic,Missing Fixture,Injury,2025-04-05T15:00:00+00:00
1213992,61,2024,106,Stade Brestois 29,369556,J. Bourgault,Missing Fixture,Foot Injury,2025-04-05T17:00:00+00:00
1213992,61,2024,106,Stade Brestois 29,162568,S. Coulibaly,Missing Fixture,Injury,2025-04-05T17:00:00+00:00
1213992,61,2024,106,Stade Brestois 29,84082,R. Faivre,Missing Fixture,Inactive,2025-04-05T17:00:00+00:00
1213992,61,2024,106,Stade Brestois 29,274267,B. Locko,Missing Fixture,Achilles Tendon Injury,2025-04-05T17:00:00+00:00
1213992,61,2024,106,Stade Brestois 29,22258,J. Martin,Missing Fixture,Hip Injury,2025-04-05T17:00:00+00:00
1213992,61,2024,106,Stade Brestois 29,375000,I. Salah,Missing Fixture,Foot Injury,2025-04-05T17:00:00+00:00
1213992,61,2024,91,Monaco,326176,S. Magassa,Missing Fixture,Face Injury,2025-04-05T17:00:00+00:00
1213992,61,2024,91,Monaco,333137,K. Ouattara,Missing Fixture,Calf Injury,2025-04-05T17:00:00+00:00
1213992,61,2024,91,Monaco,231,J. Teze,Missing Fixture,Thigh Injury,2025-04-05T17:00:00+00:00
1213994,61,2024,80,Lyon,1902,D. Caleta-Car,Missing Fixture,Injury,2025-04-05T19:05:00+00:00
1213994,61,2024,80,Lyon,361348,M. Fofana,Missing Fixture,Knee Injury,2025-04-05T19:05:00+00:00
1213994,61,2024,79,Lille,386287,E. Mbappe,Missing Fixture,Illness,2025-04-05T19:05:00+00:00
1213994,61,2024,79,Lille,379329,T. Santos,Missing Fixture,Knee Injury,2025-04-05T19:05:00+00:00
1213994,61,2024,79,Lille,139,S. Umtiti,Missing Fixture,Knee Injury,2025-04-05T19:05:00+00:00
1213994,61,2024,79,Lille,48392,E. Zhegrova,Missing Fixture,Groin Injury,2025-04-05T19:05:00+00:00
1213995,61,2024,116,Lens,386852,J. Agbonifo,Missing Fixture,Illness,2025-04-06T13:00:00+00:00
1213995,61,2024,116,Lens,21635,J. Gradit,Missing Fixture,Face Injury,2025-04-06T13:00:00+00:00
1213995,61,2024,116,Lens,237191,Jhoanner Chavez,Missing Fixture,Ankle Injury,2025-04-06T13:00:00+00:00
1213995,61,2024,116,Lens,326073,R. Labeau Lascary,Missing Fixture,Knee Injury,2025-04-06T13:00:00+00:00
1213995,61,2024,116,Lens,31318,M. Nzola,Missing Fixture,Coach's decision,2025-04-06T13:00:00+00:00
1213995,61,2024,116,Lens,21484,D. Petric,Missing Fixture,Back Injury,2025-04-06T13:00:00+00:00
1213995,61,2024,116,Lens,195512,M. Satriano,Missing Fixture,Knee Injury,2025-04-06T13:00:00+00:00
1213995,61,2024,1063,Saint Etienne,337426,A. Boakye,Missing Fixture,Ankle Injury,2025-04-06T13:00:00+00:00
1213995,61,2024,1063,Saint Etienne,363053,I. Miladinovic,Missing Fixture,Red Card,2025-04-06T13:00:00+00:00
1213993,61,2024,82,Montpellier,355076,A. Gueguin,Missing Fixture,Ribs Injury,2025-04-06T15:15:00+00:00
1213993,61,2024,82,Montpellier,395760,Y. Issoufou,Missing Fixture,Injury,2025-04-06T15:15:00+00:00
1213993,61,2024,82,Montpellier,22138,C. Jullien,Missing Fixture,Knee Injury,2025-04-06T15:15:00+00:00
1213993,61,2024,82,Montpellier,320,N. Maksimovic,Missing Fixture,Thigh Injury,2025-04-06T15:15:00+00:00
1213993,61,2024,82,Montpellier,999,B. Omeragic,Missing Fixture,Knee Injury,2025-04-06T15:15:00+00:00
1213993,61,2024,82,Montpellier,179399,E. Tchato,Missing Fixture,Thigh Injury,2025-04-06T15:15:00+00:00
1213993,61,2024,111,LE Havre,143830,Y. Kitala,Missing Fixture,Ankle Injury,2025-04-06T15:15:00+00:00
1213993,61,2024,111,LE Havre,339633,A. Logbo,Missing Fixture,Shoulder Injury,2025-04-06T15:15:00+00:00
1213993,61,2024,111,LE Havre,460805,D. N. Mosengo,Missing Fixture,Knee Injury,2025-04-06T15:15:00+00:00
1213997,61,2024,93,Reims,1300,M. Daramy,Missing Fixture,Knee Injury,2025-04-06T15:15:00+00:00
1213997,61,2024,93,Reims,384489,Y. Fofana,Missing Fixture,Ankle Injury,2025-04-06T15:15:00+00:00
1213997,61,2024,93,Reims,415089,Gabriel Moscardo,Missing Fixture,Injury,2025-04-06T15:15:00+00:00
1213997,61,2024,93,Reims,145476,R. Khadra,Missing Fixture,Knee Injury,2025-04-06T15:15:00+00:00
1213997,61,2024,95,Strasbourg,284795,A. Bellaarouch,Missing Fixture,Groin Injury,2025-04-06T15:15:00+00:00
1213997,61,2024,95,Strasbourg,309920,M. S. Dion,Missing Fixture,Achilles Tendon Injury,2025-04-06T15:15:00+00:00
1213998,61,2024,94,Rennes,50104,D. Alemdar,Missing Fixture,Knee Injury,2025-04-06T15:15:00+00:00
1213998,61,2024,94,Rennes,21497,L. Blas,Missing Fixture,Leg Injury,2025-04-06T15:15:00+00:00
1213998,61,2024,94,Rennes,196187,A. Seidu,Missing Fixture,Knee Injury,2025-04-06T15:15:00+00:00
1213998,61,2024,94,Rennes,237249,M. Faye,Questionable,Injury,2025-04-06T15:15:00+00:00
1213998,61,2024,94,Rennes,345748,C. A. Gomez,Questionable,Ankle Injury,2025-04-06T15:15:00+00:00
1213998,61,2024,108,Auxerre,335064,N. Buayi-Kiala,Missing Fixture,Knee Injury,2025-04-06T15:15:00+00:00
1213998,61,2024,108,Auxerre,322595,L. Coulibaly,Missing Fixture,Knee Injury,2025-04-06T15:15:00+00:00
1213998,61,2024,108,Auxerre,323625,K. Danois,Missing Fixture,Injury,2025-04-06T15:15:00+00:00
1213998,61,2024,108,Auxerre,21010,E. Owusu,Missing Fixture,Injury,2025-04-06T15:15:00+00:00
1213998,61,2024,108,Auxerre,31057,H. J. Traore,Missing Fixture,Injury,2025-04-06T15:15:00+00:00
1213998,61,2024,108,Auxerre,490095,A. Zossou,Missing Fixture,Hip Injury,2025-04-06T15:15:00+00:00
1213990,61,2024,81,Marseille,6,L. Balerdi,Missing Fixture,Knee Injury,2025-04-06T18:45:00+00:00
1213990,61,2024,81,Marseille,47426,R. Blanco,Missing Fixture,Ankle Injury,2025-04-06T18:45:00+00:00
1213990,61,2024,81,Marseille,85041,A. Gouiri,Missing Fixture,Muscle Injury,2025-04-06T18:45:00+00:00
1213990,61,2024,81,Marseille,1847,Luiz Felipe,Missing Fixture,Thigh Injury,2025-04-06T18:45:00+00:00
1213990,61,2024,81,Marseille,375,C. Mbemba,Missing Fixture,Inactive,2025-04-06T18:45:00+00:00
1213990,61,2024,96,Toulouse,243,Z. Aboukhlal,Missing Fixture,Hamstring Injury,2025-04-06T18:45:00+00:00
1213990,61,2024,96,Toulouse,15793,R. Nicolaisen,Missing Fixture,Calf Injury,2025-04-06T18:45:00+00:00
1213990,61,2024,96,Toulouse,25533,N. Schmidt,Missing Fixture,Knee Injury,2025-04-06T18:45:00+00:00
1214006,61,2024,116,Lens,21568,R. Aguilar,Missing Fixture,Muscle Injury,2025-04-11T18:45:00+00:00
1214006,61,2024,116,Lens,277003,N. El Aynaoui,Missing Fixture,Yellow Cards,2025-04-11T18:45:00+00:00
1214006,61,2024,116,Lens,237191,Jhoanner Chavez,Missing Fixture,Ankle Injury,2025-04-11T18:45:00+00:00
1214006,61,2024,116,Lens,326073,R. Labeau Lascary,Missing Fixture,Knee Injury,2025-04-11T18:45:00+00:00
1214006,61,2024,116,Lens,21484,D. Petric,Missing Fixture,Back Injury,2025-04-11T18:45:00+00:00
1214006,61,2024,116,Lens,195512,M. Satriano,Missing Fixture,Knee Injury,2025-04-11T18:45:00+00:00
1214006,61,2024,93,Reims,1300,M. Daramy,Missing Fixture,Knee Injury,2025-04-11T18:45:00+00:00
1214006,61,2024,93,Reims,384489,Y. Fofana,Missing Fixture,Ankle Injury,2025-04-11T18:45:00+00:00
1214006,61,2024,93,Reims,145476,R. Khadra,Missing Fixture,Knee Injury,2025-04-11T18:45:00+00:00
1214006,61,2024,93,Reims,19546,C. Kipre,Missing Fixture,Red Card,2025-04-11T18:45:00+00:00
1214006,61,2024,93,Reims,71545,J. Okumu,Missing Fixture,Shoulder Injury,2025-04-11T18:45:00+00:00
1214007,61,2024,91,Monaco,371916,C. Mawissa Elebi,Missing Fixture,Yellow Cards,2025-04-12T15:00:00+00:00
1214007,61,2024,91,Monaco,333137,K. Ouattara,Missing Fixture,Calf Injury,2025-04-12T15:00:00+00:00
1214007,61,2024,91,Monaco,231,J. Teze,Missing Fixture,Thigh Injury,2025-04-12T15:00:00+00:00
1214007,61,2024,81,Marseille,6,L. Balerdi,Missing Fixture,Knee Injury,2025-04-12T15:00:00+00:00
1214007,61,2024,81,Marseille,47426,R. Blanco,Missing Fixture,Ankle Injury,2025-04-12T15:00:00+00:00
1214007,61,2024,81,Marseille,1847,Luiz Felipe,Missing Fixture,Thigh Injury,2025-04-12T15:00:00+00:00
1214007,61,2024,81,Marseille,375,C. Mbemba,Missing Fixture,Inactive,2025-04-12T15:00:00+00:00
1213999,61,2024,96,Toulouse,243,Z. Aboukhlal,Missing Fixture,Hamstring Injury,2025-04-12T17:00:00+00:00
1213999,61,2024,96,Toulouse,15793,R. Nicolaisen,Missing Fixture,Calf Injury,2025-04-12T17:00:00+00:00
1213999,61,2024,96,Toulouse,25533,N. Schmidt,Missing Fixture,Knee Injury,2025-04-12T17:00:00+00:00
1213999,61,2024,79,Lille,896,A. Gomes,Missing Fixture,Back Injury,2025-04-12T17:00:00+00:00
1213999,61,2024,79,Lille,379329,T. Santos,Missing Fixture,Knee Injury,2025-04-12T17:00:00+00:00
1213999,61,2024,79,Lille,139,S. Umtiti,Missing Fixture,Knee Injury,2025-04-12T17:00:00+00:00
1213999,61,2024,79,Lille,48392,E. Zhegrova,Missing Fixture,Groin Injury,2025-04-12T17:00:00+00:00
1214003,61,2024,95,Strasbourg,284795,A. Bellaarouch,Missing Fixture,Groin Injury,2025-04-12T19:05:00+00:00
1214003,61,2024,95,Strasbourg,309920,M. S. Dion,Missing Fixture,Achilles Tendon Injury,2025-04-12T19:05:00+00:00
1214003,61,2024,95,Strasbourg,335056,D. Moreira,Missing Fixture,Red Card,2025-04-12T19:05:00+00:00
1214003,61,2024,95,Strasbourg,276184,M. Sarr,Missing Fixture,Thigh Injury,2025-04-12T19:05:00+00:00
1214003,61,2024,84,Nice,196343,M. Abdelmonem,Missing Fixture,Calf Injury,2025-04-12T19:05:00+00:00
1214003,61,2024,84,Nice,274312,M. Cho,Missing Fixture,Injury,2025-04-12T19:05:00+00:00
1214003,61,2024,84,Nice,662,T. Ndombele,Missing Fixture,Groin Injury,2025-04-12T19:05:00+00:00
1214004,61,2024,1063,Saint Etienne,337426,A. Boakye,Missing Fixture,Ankle Injury,2025-04-13T13:00:00+00:00
1214004,61,2024,1063,Saint Etienne,107199,P. Cornud,Missing Fixture,Groin Injury,2025-04-13T13:00:00+00:00
1214004,61,2024,106,Stade Brestois 29,369556,J. Bourgault,Missing Fixture,Foot Injury,2025-04-13T13:00:00+00:00
1214004,61,2024,106,Stade Brestois 29,162568,S. Coulibaly,Missing Fixture,Injury,2025-04-13T13:00:00+00:00
1214004,61,2024,106,Stade Brestois 29,84082,R. Faivre,Missing Fixture,Knee Injury,2025-04-13T13:00:00+00:00
1214004,61,2024,106,Stade Brestois 29,30405,E. Fernandes,Missing Fixture,Knee Injury,2025-04-13T13:00:00+00:00
1214004,61,2024,106,Stade Brestois 29,274267,B. Locko,Missing Fixture,Achilles Tendon Injury,2025-04-13T13:00:00+00:00
1214004,61,2024,106,Stade Brestois 29,375000,I. Salah,Missing Fixture,Foot Injury,2025-04-13T13:00:00+00:00
1214005,61,2024,77,Angers,20554,H. Belkebla,Missing Fixture,Foot Injury,2025-04-13T15:15:00+00:00
1214005,61,2024,77,Angers,385569,E. Biumla,Missing Fixture,Muscle Injury,2025-04-13T15:15:00+00:00
1214005,61,2024,77,Angers,21145,P. Capelle,Missing Fixture,Personal Reasons,2025-04-13T15:15:00+00:00
1214005,61,2024,77,Angers,421875,S. Cherif,Missing Fixture,Thigh Injury,2025-04-13T15:15:00+00:00
1214005,61,2024,77,Angers,3379,C. Hountondji,Missing Fixture,Achilles Tendon Injury,2025-04-13T15:15:00+00:00
1214005,61,2024,82,Montpellier,21591,A. Delort,Missing Fixture,Illness,2025-04-13T15:15:00+00:00
1214005,61,2024,82,Montpellier,355076,A. Gueguin,Missing Fixture,Ribs Injury,2025-04-13T15:15:00+00:00
1214005,61,2024,82,Montpellier,395760,Y. Issoufou,Missing Fixture,Injury,2025-04-13T15:15:00+00:00
1214005,61,2024,82,Montpellier,22138,C. Jullien,Missing Fixture,Knee Injury,2025-04-13T15:15:00+00:00
1214005,61,2024,82,Montpellier,399906,O. Maamma,Missing Fixture,Inactive,2025-04-13T15:15:00+00:00
1214005,61,2024,82,Montpellier,320,N. Maksimovic,Missing Fixture,Thigh Injury,2025-04-13T15:15:00+00:00
1214005,61,2024,82,Montpellier,193501,A. Meite,Missing Fixture,Red Card,2025-04-13T15:15:00+00:00
1214005,61,2024,82,Montpellier,179399,E. Tchato,Missing Fixture,Thigh Injury,2025-04-13T15:15:00+00:00
1214000,61,2024,111,LE Havre,289304,A. Joujou,Missing Fixture,Ankle Injury,2025-04-13T15:15:00+00:00
1214000,61,2024,111,LE Havre,143830,Y. Kitala,Missing Fixture,Ankle Injury,2025-04-13T15:15:00+00:00
1214000,61,2024,111,LE Havre,339633,A. Logbo,Missing Fixture,Shoulder Injury,2025-04-13T15:15:00+00:00
1214000,61,2024,111,LE Havre,460805,D. N. Mosengo,Missing Fixture,Knee Injury,2025-04-13T15:15:00+00:00
1214000,61,2024,94,Rennes,21497,L. Blas,Missing Fixture,Leg Injury,2025-04-13T15:15:00+00:00
1214000,61,2024,94,Rennes,237249,M. Faye,Missing Fixture,Inactive,2025-04-13T15:15:00+00:00
1214000,61,2024,94,Rennes,196187,A. Seidu,Missing Fixture,Knee Injury,2025-04-13T15:15:00+00:00
1214001,61,2024,108,Auxerre,335064,N. Buayi-Kiala,Missing Fixture,Knee Injury,2025-04-13T18:45:00+00:00
1214001,61,2024,108,Auxerre,322595,L. Coulibaly,Missing Fixture,Knee Injury,2025-04-13T18:45:00+00:00
1214001,61,2024,108,Auxerre,110,H. Massengo,Missing Fixture,Yellow Cards,2025-04-13T18:45:00+00:00
1214001,61,2024,108,Auxerre,21010,E. Owusu,Missing Fixture,Yellow Cards,2025-04-13T18:45:00+00:00
1214001,61,2024,108,Auxerre,31057,H. J. Traore,Missing Fixture,Injury,2025-04-13T18:45:00+00:00
1214001,61,2024,108,Auxerre,490095,A. Zossou,Missing Fixture,Hip Injury,2025-04-13T18:45:00+00:00
1214001,61,2024,80,Lyon,361348,M. Fofana,Missing Fixture,Knee Injury,2025-04-13T18:45:00+00:00
1214001,61,2024,80,Lyon,350856,E. Nuamah,Missing Fixture,Knee Injury,2025-04-13T18:45:00+00:00
1214016,61,2024,94,Rennes,237249,M. Faye,Missing Fixture,Inactive,2025-04-18T18:45:00+00:00
1214016,61,2024,94,Rennes,196187,A. Seidu,Missing Fixture,Knee Injury,2025-04-18T18:45:00+00:00
1214016,61,2024,83,Nantes,20654,F. Centonze,Missing Fixture,Lacking Match Fitness,2025-04-18T18:45:00+00:00
1214016,61,2024,83,Nantes,924,F. Coquelin,Missing Fixture,Hamstring Injury,2025-04-18T18:45:00+00:00
1214016,61,2024,83,Nantes,392569,S. Doucoure,Missing Fixture,Shoulder Injury,2025-04-18T18:45:00+00:00
1214016,61,2024,83,Nantes,349636,A. Mahamoud,Missing Fixture,Knee Injury,2025-04-18T18:45:00+00:00
1214012,61,2024,85,Paris Saint Germain,153,O. Dembele,Missing Fixture,Rest,2025-04-19T15:00:00+00:00
1214012,61,2024,85,Paris Saint Germain,16367,W. Pacho,Missing Fixture,Illness,2025-04-19T15:00:00+00:00
1214012,61,2024,111,LE Havre,143830,Y. Kitala,Missing Fixture,Ankle Injury,2025-04-19T15:00:00+00:00
1214012,61,2024,111,LE Havre,339633,A. Logbo,Missing Fixture,Shoulder Injury,2025-04-19T15:00:00+00:00
1214012,61,2024,111,LE Havre,460805,D. N. Mosengo,Missing Fixture,Knee Injury,2025-04-19T15:00:00+00:00
1214012,61,2024,111,LE Havre,174927,A. Sangante,Missing Fixture,Groin Injury,2025-04-19T15:00:00+00:00
1214012,61,2024,111,LE Havre,23637,Y. Zouaoui,Missing Fixture,Calf Injury,2025-04-19T15:00:00+00:00
1214015,61,2024,91,Monaco,42006,Al Musrati,Missing Fixture,Coach's decision,2025-04-19T17:00:00+00:00
1214015,61,2024,91,Monaco,333137,K. Ouattara,Missing Fixture,Calf Injury,2025-04-19T17:00:00+00:00
1214015,61,2024,91,Monaco,231,J. Teze,Missing Fixture,Thigh Injury,2025-04-19T17:00:00+00:00
1214015,61,2024,95,Strasbourg,284795,A. Bellaarouch,Missing Fixture,Groin Injury,2025-04-19T17:00:00+00:00
1214015,61,2024,95,Strasbourg,309920,M. S. Dion,Missing Fixture,Achilles Tendon Injury,2025-04-19T17:00:00+00:00
1214013,61,2024,81,Marseille,6,L. Balerdi,Missing Fixture,Knee Injury,2025-04-19T19:05:00+00:00
1214013,61,2024,81,Marseille,47426,R. Blanco,Missing Fixture,Ankle Injury,2025-04-19T19:05:00+00:00
1214013,61,2024,81,Marseille,375,C. Mbemba,Missing Fixture,Inactive,2025-04-19T19:05:00+00:00
1214013,61,2024,82,Montpellier,21591,A. Delort,Missing Fixture,Illness,2025-04-19T19:05:00+00:00
1214013,61,2024,82,Montpellier,355076,A. Gueguin,Missing Fixture,Ribs Injury,2025-04-19T19:05:00+00:00
1214013,61,2024,82,Montpellier,395760,Y. Issoufou,Missing Fixture,Injury,2025-04-19T19:05:00+00:00
1214013,61,2024,82,Montpellier,22138,C. Jullien,Missing Fixture,Knee Injury,2025-04-19T19:05:00+00:00
1214013,61,2024,82,Montpellier,320,N. Maksimovic,Missing Fixture,Thigh Injury,2025-04-19T19:05:00+00:00
1214013,61,2024,82,Montpellier,193501,A. Meite,Missing Fixture,Red Card,2025-04-19T19:05:00+00:00
1214013,61,2024,82,Montpellier,20661,M. Sagnan,Missing Fixture,Thigh Injury,2025-04-19T19:05:00+00:00
1214013,61,2024,82,Montpellier,179399,E. Tchato,Missing Fixture,Thigh Injury,2025-04-19T19:05:00+00:00
1214011,61,2024,79,Lille,896,A. Gomes,Missing Fixture,Back Injury,2025-04-20T13:00:00+00:00
1214011,61,2024,79,Lille,379329,T. Santos,Missing Fixture,Knee Injury,2025-04-20T13:00:00+00:00
1214011,61,2024,79,Lille,139,S. Umtiti,Missing Fixture,Knee Injury,2025-04-20T13:00:00+00:00
1214011,61,2024,79,Lille,48392,E. Zhegrova,Missing Fixture,Groin Injury,2025-04-20T13:00:00+00:00
1214011,61,2024,108,Auxerre,335064,N. Buayi-Kiala,Missing Fixture,Knee Injury,2025-04-20T13:00:00+00:00
1214011,61,2024,108,Auxerre,322595,L. Coulibaly,Missing Fixture,Knee Injury,2025-04-20T13:00:00+00:00
1214011,61,2024,108,Auxerre,323625,K. Danois,Missing Fixture,Injury,2025-04-20T13:00:00+00:00
1214011,61,2024,108,Auxerre,215827,F. Oppegard,Missing Fixture,Injury,2025-04-20T13:00:00+00:00
1214011,61,2024,108,Auxerre,20206,G. Osho,Missing Fixture,Injury,2025-04-20T13:00:00+00:00
1214011,61,2024,108,Auxerre,21010,E. Owusu,Missing Fixture,Inactive,2025-04-20T13:00:00+00:00
1214011,61,2024,108,Auxerre,31057,H. J. Traore,Missing Fixture,Injury,2025-04-20T13:00:00+00:00
1214010,61,2024,106,Stade Brestois 29,369556,J. Bourgault,Missing Fixture,Foot Injury,2025-04-20T15:15:00+00:00
1214010,61,2024,106,Stade Brestois 29,162568,S. Coulibaly,Missing Fixture,Injury,2025-04-20T15:15:00+00:00
1214010,61,2024,106,Stade Brestois 29,22247,K. Lala,Missing Fixture,Yellow Cards,2025-04-20T15:15:00+00:00
1214010,61,2024,106,Stade Brestois 29,274267,B. Locko,Missing Fixture,Achilles Tendon Injury,2025-04-20T15:15:00+00:00
1214010,61,2024,106,Stade Brestois 29,375000,I. Salah,Missing Fixture,Foot Injury,2025-04-20T15:15:00+00:00
1214010,61,2024,116,Lens,237191,Jhoanner Chavez,Missing Fixture,Ankle Injury,2025-04-20T15:15:00+00:00
1214010,61,2024,116,Lens,22220,H. Koffi,Missing Fixture,Coach's decision,2025-04-20T15:15:00+00:00
1214010,61,2024,116,Lens,326073,R. Labeau Lascary,Missing Fixture,Knee Injury,2025-04-20T15:15:00+00:00
1214010,61,2024,116,Lens,2483,D. Machado,Missing Fixture,Yellow Cards,2025-04-20T15:15:00+00:00
1214010,61,2024,116,Lens,31318,M. Nzola,Missing Fixture,Coach's decision,2025-04-20T15:15:00+00:00
1214010,61,2024,116,Lens,21484,D. Petric,Missing Fixture,Back Injury,2025-04-20T15:15:00+00:00
1214010,61,2024,116,Lens,195512,M. Satriano,Missing Fixture,Knee Injury,2025-04-20T15:15:00+00:00
1214009,61,2024,84,Nice,407017,M. Bombito,Missing Fixture,Wrist Injury,2025-04-20T15:15:00+00:00
1214009,61,2024,84,Nice,662,T. Ndombele,Missing Fixture,Groin Injury,2025-04-20T15:15:00+00:00
1214009,61,2024,77,Angers,20554,H. Belkebla,Missing Fixture,Foot Injury,2025-04-20T15:15:00+00:00
1214009,61,2024,77,Angers,385569,E. Biumla,Missing Fixture,Muscle Injury,2025-04-20T15:15:00+00:00
1214009,61,2024,77,Angers,21145,P. Capelle,Missing Fixture,Personal Reasons,2025-04-20T15:15:00+00:00
1214009,61,2024,77,Angers,421875,S. Cherif,Missing Fixture,Thigh Injury,2025-04-20T15:15:00+00:00
1214009,61,2024,77,Angers,284072,B. Dieng,Missing Fixture,Inactive,2025-04-20T15:15:00+00:00
1214009,61,2024,77,Angers,3379,C. Hountondji,Missing Fixture,Achilles Tendon Injury,2025-04-20T15:15:00+00:00
1214014,61,2024,93,Reims,1300,M. Daramy,Missing Fixture,Knee Injury,2025-04-20T15:15:00+00:00
1214014,61,2024,93,Reims,384489,Y. Fofana,Missing Fixture,Ankle Injury,2025-04-20T15:15:00+00:00
1214014,61,2024,93,Reims,156992,M. Gbane,Missing Fixture,Suspended,2025-04-20T15:15:00+00:00
1214014,61,2024,93,Reims,145476,R. Khadra,Missing Fixture,Knee Injury,2025-04-20T15:15:00+00:00
1214014,61,2024,93,Reims,71545,J. Okumu,Missing Fixture,Shoulder Injury,2025-04-20T15:15:00+00:00
1214014,61,2024,96,Toulouse,15793,R. Nicolaisen,Missing Fixture,Calf Injury,2025-04-20T15:15:00+00:00
1214014,61,2024,96,Toulouse,25533,N. Schmidt,Missing Fixture,Knee Injury,2025-04-20T15:15:00+00:00
1214008,61,2024,1063,Saint Etienne,337426,A. Boakye,Missing Fixture,Ankle Injury,2025-04-20T18:45:00+00:00
1214008,61,2024,1063,Saint Etienne,274355,B. Bouchouari,Missing Fixture,Back Injury,2025-04-20T18:45:00+00:00
1214008,61,2024,1063,Saint Etienne,107199,P. Cornud,Missing Fixture,Groin Injury,2025-04-20T18:45:00+00:00
1214008,61,2024,1063,Saint Etienne,24284,Y. Macon,Missing Fixture,Yellow Cards,2025-04-20T18:45:00+00:00
1214008,61,2024,80,Lyon,80296,Lucas Perri,Missing Fixture,Personal Reasons,2025-04-20T18:45:00+00:00
1214008,61,2024,80,Lyon,902,N. Matic,Missing Fixture,Hip Injury,2025-04-20T18:45:00+00:00
1214008,61,2024,80,Lyon,471106,E. Molebe,Missing Fixture,Muscle Injury,2025-04-20T18:45:00+00:00
1214008,61,2024,80,Lyon,350856,E. Nuamah,Missing Fixture,Knee Injury,2025-04-20T18:45:00+00:00
1214002,61,2024,83,Nantes,21498,M. Coco,Missing Fixture,Red Card,2025-04-22T18:45:00+00:00
1214002,61,2024,83,Nantes,924,F. Coquelin,Missing Fixture,Hamstring Injury,2025-04-22T18:45:00+00:00
1214002,61,2024,83,Nantes,392569,S. Doucoure,Missing Fixture,Shoulder Injury,2025-04-22T18:45:00+00:00
1214002,61,2024,83,Nantes,647,A. Lopes,Missing Fixture,Injury,2025-04-22T18:45:00+00:00
1214002,61,2024,83,Nantes,349636,A. Mahamoud,Missing Fixture,Knee Injury,2025-04-22T18:45:00+00:00
1214002,61,2024,85,Paris Saint Germain,9,A. Hakimi,Missing Fixture,Rest,2025-04-22T18:45:00+00:00
1214023,61,2024,84,Nice,22163,Dante,Missing Fixture,Knee Injury,2025-04-25T18:45:00+00:00
1214023,61,2024,84,Nice,662,T. Ndombele,Missing Fixture,Groin Injury,2025-04-25T18:45:00+00:00
1214018,61,2024,95,Strasbourg,309920,M. S. Dion,Missing Fixture,Achilles Tendon Injury,2025-04-26T15:00:00+00:00
1214018,61,2024,1063,Saint Etienne,337426,A. Boakye,Missing Fixture,Ankle Injury,2025-04-26T15:00:00+00:00
1214018,61,2024,1063,Saint Etienne,274355,B. Bouchouari,Missing Fixture,Back Injury,2025-04-26T15:00:00+00:00
1214018,61,2024,1063,Saint Etienne,107199,P. Cornud,Missing Fixture,Groin Injury,2025-04-26T15:00:00+00:00
1214017,61,2024,111,Le Havre,386275,I. Housni,Missing Fixture,Ankle Injury,2025-04-26T17:00:00+00:00
1214017,61,2024,111,Le Havre,143830,Y. Kitala,Missing Fixture,Ankle Injury,2025-04-26T17:00:00+00:00
1214017,61,2024,111,Le Havre,339633,A. Logbo,Missing Fixture,Shoulder Injury,2025-04-26T17:00:00+00:00
1214017,61,2024,111,Le Havre,460805,D. N. Mosengo,Missing Fixture,Knee Injury,2025-04-26T17:00:00+00:00
1214017,61,2024,111,Le Havre,174927,A. Sangante,Missing Fixture,Yellow Cards,2025-04-26T17:00:00+00:00
1214017,61,2024,111,Le Havre,23637,Y. Zouaoui,Missing Fixture,Yellow Cards,2025-04-26T17:00:00+00:00
1214017,61,2024,91,Monaco,109,A. Golovin,Missing Fixture,Groin Injury,2025-04-26T17:00:00+00:00
1214025,61,2024,80,Lyon,350856,E. Nuamah,Missing Fixture,Knee Injury,2025-04-26T19:05:00+00:00
1214025,61,2024,94,Rennes,237249,M. Faye,Missing Fixture,Inactive,2025-04-26T19:05:00+00:00
1214025,61,2024,94,Rennes,196187,A. Seidu,Missing Fixture,Knee Injury,2025-04-26T19:05:00+00:00
1214025,61,2024,94,Rennes,352999,A. Sishuba,Missing Fixture,Muscle Injury,2025-04-26T19:05:00+00:00
1214022,61,2024,77,Angers,103,J. Aholou,Missing Fixture,Injury,2025-04-27T13:00:00+00:00
1214022,61,2024,77,Angers,20554,H. Belkebla,Missing Fixture,Foot Injury,2025-04-27T13:00:00+00:00
1214022,61,2024,77,Angers,385569,E. Biumla,Missing Fixture,Hamstring Injury,2025-04-27T13:00:00+00:00
1214022,61,2024,77,Angers,21145,P. Capelle,Missing Fixture,Personal Reasons,2025-04-27T13:00:00+00:00
1214022,61,2024,77,Angers,421875,S. Cherif,Missing Fixture,Thigh Injury,2025-04-27T13:00:00+00:00
1214022,61,2024,77,Angers,284072,B. Dieng,Missing Fixture,Inactive,2025-04-27T13:00:00+00:00
1214022,61,2024,77,Angers,3379,C. Hountondji,Missing Fixture,Achilles Tendon Injury,2025-04-27T13:00:00+00:00
1214022,61,2024,77,Angers,405074,J. Kalumba,Missing Fixture,Inactive,2025-04-27T13:00:00+00:00
1214022,61,2024,79,Lille,896,A. Gomes,Missing Fixture,Back Injury,2025-04-27T13:00:00+00:00
1214022,61,2024,79,Lille,379329,T. Santos,Missing Fixture,Knee Injury,2025-04-27T13:00:00+00:00
1214022,61,2024,79,Lille,139,S. Umtiti,Missing Fixture,Knee Injury,2025-04-27T13:00:00+00:00
1214022,61,2024,79,Lille,48392,E. Zhegrova,Missing Fixture,Groin Injury,2025-04-27T13:00:00+00:00
1214021,61,2024,116,Lens,237191,Jhoanner Chavez,Missing Fixture,Ankle Injury,2025-04-27T15:15:00+00:00
1214021,61,2024,116,Lens,326073,R. Labeau Lascary,Missing Fixture,Knee Injury,2025-04-27T15:15:00+00:00
1214021,61,2024,116,Lens,6231,F. Medina,Missing Fixture,Yellow Cards,2025-04-27T15:15:00+00:00
1214021,61,2024,116,Lens,31318,M. Nzola,Missing Fixture,Coach's decision,2025-04-27T15:15:00+00:00
1214021,61,2024,116,Lens,237232,H. Ojediran,Missing Fixture,Coach's decision,2025-04-27T15:15:00+00:00
1214021,61,2024,116,Lens,21484,D. Petric,Missing Fixture,Back Injury,2025-04-27T15:15:00+00:00
1214021,61,2024,116,Lens,195512,M. Satriano,Missing Fixture,Knee Injury,2025-04-27T15:15:00+00:00
1214021,61,2024,108,Auxerre,335064,N. Buayi-Kiala,Missing Fixture,Knee Injury,2025-04-27T15:15:00+00:00
1214021,61,2024,108,Auxerre,322595,L. Coulibaly,Missing Fixture,Knee Injury,2025-04-27T15:15:00+00:00
1214021,61,2024,108,Auxerre,323625,K. Danois,Missing Fixture,Injury,2025-04-27T15:15:00+00:00
1214021,61,2024,108,Auxerre,20206,G. Osho,Missing Fixture,Injury,2025-04-27T15:15:00+00:00
1214021,61,2024,108,Auxerre,21010,E. Owusu,Missing Fixture,Inactive,2025-04-27T15:15:00+00:00
1214021,61,2024,108,Auxerre,31057,H. J. Traore,Missing Fixture,Injury,2025-04-27T15:15:00+00:00
1214020,61,2024,82,Montpellier,21591,A. Delort,Missing Fixture,Illness,2025-04-27T15:15:00+00:00
1214020,61,2024,82,Montpellier,355076,A. Gueguin,Missing Fixture,Ribs Injury,2025-04-27T15:15:00+00:00
1214020,61,2024,82,Montpellier,395760,Y. Issoufou,Missing Fixture,Injury,2025-04-27T15:15:00+00:00
1214020,61,2024,82,Montpellier,22138,C. Jullien,Missing Fixture,Knee Injury,2025-04-27T15:15:00+00:00
1214020,61,2024,82,Montpellier,399906,O. Maamma,Missing Fixture,International duty,2025-04-27T15:15:00+00:00
1214020,61,2024,82,Montpellier,320,N. Maksimovic,Missing Fixture,Thigh Injury,2025-04-27T15:15:00+00:00
1214020,61,2024,82,Montpellier,349616,N. Pays,Missing Fixture,Foot Injury,2025-04-27T15:15:00+00:00
1214020,61,2024,82,Montpellier,20661,M. Sagnan,Missing Fixture,Thigh Injury,2025-04-27T15:15:00+00:00
1214020,61,2024,82,Montpellier,179399,E. Tchato,Missing Fixture,Thigh Injury,2025-04-27T15:15:00+00:00
1214020,61,2024,93,Reims,1300,M. Daramy,Missing Fixture,Knee Injury,2025-04-27T15:15:00+00:00
1214020,61,2024,93,Reims,384489,Y. Fofana,Missing Fixture,Ankle Injury,2025-04-27T15:15:00+00:00
1214020,61,2024,93,Reims,145476,R. Khadra,Missing Fixture,Knee Injury,2025-04-27T15:15:00+00:00
1214019,61,2024,83,Nantes,21498,M. Coco,Missing Fixture,Red Card,2025-04-27T15:15:00+00:00
1214019,61,2024,83,Nantes,924,F. Coquelin,Missing Fixture,Hamstring Injury,2025-04-27T15:15:00+00:00
1214019,61,2024,83,Nantes,392569,S. Doucoure,Missing Fixture,Shoulder Injury,2025-04-27T15:15:00+00:00
1214019,61,2024,83,Nantes,349636,A. Mahamoud,Missing Fixture,Knee Injury,2025-04-27T15:15:00+00:00
1214019,61,2024,83,Nantes,274328,S. Sow,Missing Fixture,Knee Injury,2025-04-27T15:15:00+00:00
1214019,61,2024,83,Nantes,18599,S. Thomas,Missing Fixture,Injury,2025-04-27T15:15:00+00:00
1214019,61,2024,96,Toulouse,243,Z. Aboukhlal,Missing Fixture,Injury,2025-04-27T15:15:00+00:00
1214019,61,2024,96,Toulouse,367637,U. Akdag,Missing Fixture,Inactive,2025-04-27T15:15:00+00:00
1214019,61,2024,96,Toulouse,50735,M. McKenzie,Missing Fixture,Red Card,2025-04-27T15:15:00+00:00
1214019,61,2024,96,Toulouse,15793,R. Nicolaisen,Missing Fixture,Calf Injury,2025-04-27T15:15:00+00:00
1214019,61,2024,96,Toulouse,25533,N. Schmidt,Missing Fixture,Knee Injury,2025-04-27T15:15:00+00:00
1214019,61,2024,96,Toulouse,366572,E. Zuliani,Missing Fixture,Inactive,2025-04-27T15:15:00+00:00
1214024,61,2024,81,Marseille,47426,R. Blanco,Missing Fixture,Ankle Injury,2025-04-27T18:45:00+00:00
1214024,61,2024,81,Marseille,1847,Luiz Felipe,Missing Fixture,Eye injury,2025-04-27T18:45:00+00:00
1214024,61,2024,81,Marseille,375,C. Mbemba,Missing Fixture,Inactive,2025-04-27T18:45:00+00:00
1214024,61,2024,106,Stade Brestois 29,1901,J. Amavi,Missing Fixture,Injury,2025-04-27T18:45:00+00:00
1214024,61,2024,106,Stade Brestois 29,36878,M. Bizot,Missing Fixture,Yellow Cards,2025-04-27T18:45:00+00:00
1214024,61,2024,106,Stade Brestois 29,369556,J. Bourgault,Missing Fixture,Foot Injury,2025-04-27T18:45:00+00:00
1214024,61,2024,106,Stade Brestois 29,162568,S. Coulibaly,Missing Fixture,Injury,2025-04-27T18:45:00+00:00
1214024,61,2024,106,Stade Brestois 29,274267,B. Locko,Missing Fixture,Achilles Tendon Injury,2025-04-27T18:45:00+00:00
1214024,61,2024,106,Stade Brestois 29,203483,A. Ndiaye,Missing Fixture,Red Card,2025-04-27T18:45:00+00:00
1214024,61,2024,106,Stade Brestois 29,375000,I. Salah,Missing Fixture,Foot Injury,2025-04-27T18:45:00+00:00
1214028,61,2024,84,Nice,196343,M. Abdelmonem,Missing Fixture,Knee Injury,2025-05-02T18:45:00+00:00
1214028,61,2024,84,Nice,3099,Y. Ndayishimiye,Missing Fixture,Knee Injury,2025-05-02T18:45:00+00:00
1214028,61,2024,84,Nice,662,T. Ndombele,Missing Fixture,Groin Injury,2025-05-02T18:45:00+00:00
1214028,61,2024,93,Reims,1300,M. Daramy,Missing Fixture,Knee Injury,2025-05-02T18:45:00+00:00
1214028,61,2024,93,Reims,384489,Y. Fofana,Missing Fixture,Ankle Injury,2025-05-02T18:45:00+00:00
1214028,61,2024,93,Reims,1942,J. Ito,Missing Fixture,Injury,2025-05-02T18:45:00+00:00
1214028,61,2024,93,Reims,145476,R. Khadra,Missing Fixture,Knee Injury,2025-05-02T18:45:00+00:00
1214033,61,2024,95,Strasbourg,309920,M. S. Dion,Missing Fixture,Achilles Tendon Injury,2025-05-03T15:00:00+00:00
1214033,61,2024,85,Paris Saint Germain,153,O. Dembele,Missing Fixture,Hamstring Injury,2025-05-03T15:00:00+00:00
1214033,61,2024,85,Paris Saint Germain,262,P. Kimpembe,Missing Fixture,Leg Injury,2025-05-03T15:00:00+00:00
1214032,61,2024,96,Toulouse,243,Z. Aboukhlal,Missing Fixture,Injury,2025-05-03T17:00:00+00:00
1214032,61,2024,96,Toulouse,430816,N. Edjouma,Missing Fixture,Red Card,2025-05-03T17:00:00+00:00
1214032,61,2024,96,Toulouse,50735,M. McKenzie,Missing Fixture,Red Card,2025-05-03T17:00:00+00:00
1214032,61,2024,96,Toulouse,15793,R. Nicolaisen,Missing Fixture,Calf Injury,2025-05-03T17:00:00+00:00
1214032,61,2024,96,Toulouse,25533,N. Schmidt,Missing Fixture,Knee Injury,2025-05-03T17:00:00+00:00
1214032,61,2024,96,Toulouse,11421,G. Suazo,Missing Fixture,Personal Reasons,2025-05-03T17:00:00+00:00
1214032,61,2024,94,Rennes,50104,D. Alemdar,Missing Fixture,Head Injury,2025-05-03T17:00:00+00:00
1214032,61,2024,94,Rennes,367636,J. Jacquet,Missing Fixture,Calf Injury,2025-05-03T17:00:00+00:00
1214032,61,2024,94,Rennes,196187,A. Seidu,Missing Fixture,Knee Injury,2025-05-03T17:00:00+00:00
1214032,61,2024,94,Rennes,352999,A. Sishuba,Missing Fixture,Muscle Injury,2025-05-03T17:00:00+00:00
1214030,61,2024,1063,Saint Etienne,337426,A. Boakye,Missing Fixture,Ankle Injury,2025-05-03T19:05:00+00:00
1214030,61,2024,1063,Saint Etienne,274355,B. Bouchouari,Missing Fixture,Back Injury,2025-05-03T19:05:00+00:00
1214030,61,2024,1063,Saint Etienne,107199,P. Cornud,Missing Fixture,Groin Injury,2025-05-03T19:05:00+00:00
1214030,61,2024,1063,Saint Etienne,322560,L. Stassin,Missing Fixture,Muscle Injury,2025-05-03T19:05:00+00:00
1214030,61,2024,91,Monaco,374058,L. Camara,Missing Fixture,Yellow Cards,2025-05-03T19:05:00+00:00
1214030,61,2024,91,Monaco,109,A. Golovin,Missing Fixture,Groin Injury,2025-05-03T19:05:00+00:00
1214031,61,2024,83,Nantes,21498,M. Coco,Missing Fixture,Red Card,2025-05-04T13:00:00+00:00
1214031,61,2024,83,Nantes,392569,S. Doucoure,Missing Fixture,Shoulder Injury,2025-05-04T13:00:00+00:00
1214031,61,2024,83,Nantes,10036,Douglas Augusto,Missing Fixture,Yellow Cards,2025-05-04T13:00:00+00:00
1214031,61,2024,83,Nantes,349636,A. Mahamoud,Missing Fixture,Knee Injury,2025-05-04T13:00:00+00:00
1214031,61,2024,83,Nantes,274328,S. Sow,Missing Fixture,Knee Injury,2025-05-04T13:00:00+00:00
1214031,61,2024,77,Angers,20554,H. Belkebla,Missing Fixture,Foot Injury,2025-05-04T13:00:00+00:00
1214031,61,2024,77,Angers,385569,E. Biumla,Missing Fixture,Hamstring Injury,2025-05-04T13:00:00+00:00
1214031,61,2024,77,Angers,21145,P. Capelle,Missing Fixture,Personal Reasons,2025-05-04T13:00:00+00:00
1214031,61,2024,77,Angers,421875,S. Cherif,Missing Fixture,Thigh Injury,2025-05-04T13:00:00+00:00
1214034,61,2024,108,Auxerre,335064,N. Buayi-Kiala,Missing Fixture,Knee Injury,2025-05-04T15:15:00+00:00
1214034,61,2024,108,Auxerre,322595,L. Coulibaly,Missing Fixture,Knee Injury,2025-05-04T15:15:00+00:00
1214034,61,2024,108,Auxerre,323625,K. Danois,Missing Fixture,Injury,2025-05-04T15:15:00+00:00
1214034,61,2024,108,Auxerre,21010,E. Owusu,Missing Fixture,Inactive,2025-05-04T15:15:00+00:00
1214034,61,2024,108,Auxerre,31057,H. J. Traore,Missing Fixture,Injury,2025-05-04T15:15:00+00:00
1214034,61,2024,111,Le Havre,386275,I. Housni,Missing Fixture,Ankle Injury,2025-05-04T15:15:00+00:00
1214034,61,2024,111,Le Havre,143830,Y. Kitala,Missing Fixture,Ankle Injury,2025-05-04T15:15:00+00:00
1214034,61,2024,111,Le Havre,64255,G. Lloris,Missing Fixture,Injury,2025-05-04T15:15:00+00:00
1214034,61,2024,111,Le Havre,339633,A. Logbo,Missing Fixture,Shoulder Injury,2025-05-04T15:15:00+00:00
1214034,61,2024,111,Le Havre,460805,D. N. Mosengo,Missing Fixture,Knee Injury,2025-05-04T15:15:00+00:00
1214029,61,2024,106,Stade Brestois 29,1901,J. Amavi,Missing Fixture,Injury,2025-05-04T15:15:00+00:00
1214029,61,2024,106,Stade Brestois 29,369556,J. Bourgault,Missing Fixture,Foot Injury,2025-05-04T15:15:00+00:00
1214029,61,2024,106,Stade Brestois 29,162568,S. Coulibaly,Missing Fixture,Injury,2025-05-04T15:15:00+00:00
1214029,61,2024,106,Stade Brestois 29,85914,J. Le Cardinal,Missing Fixture,Hamstring Injury,2025-05-04T15:15:00+00:00
1214029,61,2024,106,Stade Brestois 29,375000,I. Salah,Missing Fixture,Foot Injury,2025-05-04T15:15:00+00:00
1214029,61,2024,82,Montpellier,21591,A. Delort,Missing Fixture,Illness,2025-05-04T15:15:00+00:00
1214029,61,2024,82,Montpellier,355076,A. Gueguin,Missing Fixture,Ribs Injury,2025-05-04T15:15:00+00:00
1214029,61,2024,82,Montpellier,395760,Y. Issoufou,Missing Fixture,Injury,2025-05-04T15:15:00+00:00
1214029,61,2024,82,Montpellier,22138,C. Jullien,Missing Fixture,Knee Injury,2025-05-04T15:15:00+00:00
1214029,61,2024,82,Montpellier,399906,O. Maamma,Missing Fixture,International duty,2025-05-04T15:15:00+00:00
1214029,61,2024,82,Montpellier,320,N. Maksimovic,Missing Fixture,Thigh Injury,2025-05-04T15:15:00+00:00
1214029,61,2024,82,Montpellier,349616,N. Pays,Missing Fixture,Foot Injury,2025-05-04T15:15:00+00:00
1214029,61,2024,82,Montpellier,20661,M. Sagnan,Missing Fixture,Thigh Injury,2025-05-04T15:15:00+00:00
1214029,61,2024,82,Montpellier,22141,I. Sylla,Missing Fixture,Calf Injury,2025-05-04T15:15:00+00:00
1214026,61,2024,80,Lyon,1467,A. Lacazette,Missing Fixture,Yellow Cards,2025-05-04T15:15:00+00:00
1214026,61,2024,80,Lyon,471106,E. Molebe,Missing Fixture,Lacking Match Fitness,2025-05-04T15:15:00+00:00
1214026,61,2024,80,Lyon,350856,E. Nuamah,Missing Fixture,Knee Injury,2025-05-04T15:15:00+00:00
1214026,61,2024,116,Lens,21568,R. Aguilar,Missing Fixture,Hamstring Injury,2025-05-04T15:15:00+00:00
1214026,61,2024,116,Lens,237191,Jhoanner Chavez,Missing Fixture,Ankle Injury,2025-05-04T15:15:00+00:00
1214026,61,2024,116,Lens,326073,R. Labeau Lascary,Missing Fixture,Knee Injury,2025-05-04T15:15:00+00:00
1214026,61,2024,116,Lens,31318,M. Nzola,Missing Fixture,Coach's decision,2025-05-04T15:15:00+00:00
1214026,61,2024,116,Lens,21484,D. Petric,Missing Fixture,Back Injury,2025-05-04T15:15:00+00:00
1214026,61,2024,116,Lens,20761,F. Sotoca,Missing Fixture,Red Card,2025-05-04T15:15:00+00:00
1214027,61,2024,79,Lille,22136,B. Diakite,Missing Fixture,Red Card,2025-05-04T18:45:00+00:00
1214027,61,2024,79,Lille,896,A. Gomes,Missing Fixture,Back Injury,2025-05-04T18:45:00+00:00
1214027,61,2024,79,Lille,386287,E. Mbappe,Missing Fixture,Muscle Injury,2025-05-04T18:45:00+00:00
1214027,61,2024,79,Lille,379329,T. Santos,Missing Fixture,Knee Injury,2025-05-04T18:45:00+00:00
1214027,61,2024,79,Lille,48392,E. Zhegrova,Missing Fixture,Groin Injury,2025-05-04T18:45:00+00:00
1214027,61,2024,81,Marseille,47426,R. Blanco,Missing Fixture,Ankle Injury,2025-05-04T18:45:00+00:00
1214027,61,2024,81,Marseille,375,C. Mbemba,Missing Fixture,Inactive,2025-05-04T18:45:00+00:00
1214040,61,2024,82,Montpellier,21591,A. Delort,Missing Fixture,Lacking Match Fitness,2025-05-10T19:00:00+00:00
1214040,61,2024,82,Montpellier,355076,A. Gueguin,Missing Fixture,Ribs Injury,2025-05-10T19:00:00+00:00
1214040,61,2024,82,Montpellier,395760,Y. Issoufou,Missing Fixture,Injury,2025-05-10T19:00:00+00:00
1214040,61,2024,82,Montpellier,22138,C. Jullien,Missing Fixture,Knee Injury,2025-05-10T19:00:00+00:00
1214040,61,2024,82,Montpellier,399906,O. Maamma,Missing Fixture,International duty,2025-05-10T19:00:00+00:00
1214040,61,2024,82,Montpellier,320,N. Maksimovic,Missing Fixture,Thigh Injury,2025-05-10T19:00:00+00:00
1214040,61,2024,82,Montpellier,349616,N. Pays,Missing Fixture,Foot Injury,2025-05-10T19:00:00+00:00
1214040,61,2024,82,Montpellier,20661,M. Sagnan,Missing Fixture,Thigh Injury,2025-05-10T19:00:00+00:00
1214040,61,2024,82,Montpellier,21434,T. Sainte-Luce,Missing Fixture,Muscle Injury,2025-05-10T19:00:00+00:00
1214040,61,2024,82,Montpellier,22141,I. Sylla,Missing Fixture,Calf Injury,2025-05-10T19:00:00+00:00
1214040,61,2024,85,Paris Saint Germain,153,O. Dembele,Missing Fixture,Inactive,2025-05-10T19:00:00+00:00
1214040,61,2024,85,Paris Saint Germain,1622,G. Donnarumma,Missing Fixture,Rest,2025-05-10T19:00:00+00:00
1214040,61,2024,85,Paris Saint Germain,9,A. Hakimi,Missing Fixture,Rest,2025-05-10T19:00:00+00:00
1214040,61,2024,85,Paris Saint Germain,262,P. Kimpembe,Missing Fixture,Leg Injury,2025-05-10T19:00:00+00:00
1214040,61,2024,85,Paris Saint Germain,257,Marquinhos,Missing Fixture,Rest,2025-05-10T19:00:00+00:00
1214040,61,2024,85,Paris Saint Germain,263482,N. Mendes,Missing Fixture,Rest,2025-05-10T19:00:00+00:00
1214040,61,2024,85,Paris Saint Germain,16367,W. Pacho,Missing Fixture,Rest,2025-05-10T19:00:00+00:00
1214040,61,2024,85,Paris Saint Germain,328,F. Ruiz,Missing Fixture,Rest,2025-05-10T19:00:00+00:00
1214040,61,2024,85,Paris Saint Germain,128384,Vitinha,Missing Fixture,Rest,2025-05-10T19:00:00+00:00
1214037,61,2024,77,Angers,103,J. Aholou,Missing Fixture,Injury,2025-05-10T19:00:00+00:00
1214037,61,2024,77,Angers,3234,A. Bamba,Missing Fixture,Injury,2025-05-10T19:00:00+00:00
1214037,61,2024,77,Angers,20554,H. Belkebla,Missing Fixture,Foot Injury,2025-05-10T19:00:00+00:00
1214037,61,2024,77,Angers,21145,P. Capelle,Missing Fixture,Personal Reasons,2025-05-10T19:00:00+00:00
1214037,61,2024,77,Angers,421875,S. Cherif,Missing Fixture,Thigh Injury,2025-05-10T19:00:00+00:00
1214037,61,2024,77,Angers,3175,Z. Ferhat,Missing Fixture,Injury,2025-05-10T19:00:00+00:00
1214037,61,2024,95,Strasbourg,309920,M. S. Dion,Missing Fixture,Achilles Tendon Injury,2025-05-10T19:00:00+00:00
1214037,61,2024,95,Strasbourg,147835,A. Omobamidele,Missing Fixture,Yellow Cards,2025-05-10T19:00:00+00:00
1214036,61,2024,108,Auxerre,335064,N. Buayi-Kiala,Missing Fixture,Knee Injury,2025-05-10T19:00:00+00:00
1214036,61,2024,108,Auxerre,322595,L. Coulibaly,Missing Fixture,Knee Injury,2025-05-10T19:00:00+00:00
1214036,61,2024,108,Auxerre,323625,K. Danois,Missing Fixture,Injury,2025-05-10T19:00:00+00:00
1214036,61,2024,83,Nantes,21570,N. Cozza,Missing Fixture,Yellow Cards,2025-05-10T19:00:00+00:00
1214036,61,2024,83,Nantes,392569,S. Doucoure,Missing Fixture,Shoulder Injury,2025-05-10T19:00:00+00:00
1214036,61,2024,83,Nantes,274328,S. Sow,Missing Fixture,Knee Injury,2025-05-10T19:00:00+00:00
1214042,61,2024,106,Stade Brestois 29,1901,J. Amavi,Missing Fixture,Injury,2025-05-10T19:00:00+00:00
1214042,61,2024,106,Stade Brestois 29,41323,M. Balde,Missing Fixture,Inactive,2025-05-10T19:00:00+00:00
1214042,61,2024,106,Stade Brestois 29,369556,J. Bourgault,Missing Fixture,Foot Injury,2025-05-10T19:00:00+00:00
1214042,61,2024,106,Stade Brestois 29,20546,B. Chardonnet,Missing Fixture,Yellow Cards,2025-05-10T19:00:00+00:00
1214042,61,2024,106,Stade Brestois 29,162568,S. Coulibaly,Missing Fixture,Injury,2025-05-10T19:00:00+00:00
1214042,61,2024,106,Stade Brestois 29,84082,R. Faivre,Missing Fixture,Inactive,2025-05-10T19:00:00+00:00
1214042,61,2024,106,Stade Brestois 29,85914,J. Le Cardinal,Missing Fixture,Hamstring Injury,2025-05-10T19:00:00+00:00
1214042,61,2024,106,Stade Brestois 29,22170,P. Lees-Melou,Missing Fixture,Yellow Cards,2025-05-10T19:00:00+00:00
1214042,61,2024,79,Lille,2204,B. Andre,Missing Fixture,Yellow Cards,2025-05-10T19:00:00+00:00
1214042,61,2024,79,Lille,22136,B. Diakite,Missing Fixture,Red Card,2025-05-10T19:00:00+00:00
1214042,61,2024,79,Lille,386287,E. Mbappe,Missing Fixture,Muscle Injury,2025-05-10T19:00:00+00:00
1214042,61,2024,79,Lille,379329,T. Santos,Missing Fixture,Knee Injury,2025-05-10T19:00:00+00:00
1214042,61,2024,79,Lille,48392,E. Zhegrova,Missing Fixture,Groin Injury,2025-05-10T19:00:00+00:00
1214038,61,2024,111,Le Havre,143830,Y. Kitala,Missing Fixture,Ankle Injury,2025-05-10T19:00:00+00:00
1214038,61,2024,111,Le Havre,1617,Koka,Missing Fixture,Hamstring Injury,2025-05-10T19:00:00+00:00
1214038,61,2024,111,Le Havre,339633,A. Logbo,Missing Fixture,Shoulder Injury,2025-05-10T19:00:00+00:00
1214038,61,2024,111,Le Havre,460805,D. N. Mosengo,Missing Fixture,Knee Injury,2025-05-10T19:00:00+00:00
1214038,61,2024,81,Marseille,3173,I. Bennacer,Missing Fixture,Groin Injury,2025-05-10T19:00:00+00:00
1214038,61,2024,81,Marseille,47426,R. Blanco,Missing Fixture,Ankle Injury,2025-05-10T19:00:00+00:00
1214038,61,2024,81,Marseille,926,G. Kondogbia,Missing Fixture,Inactive,2025-05-10T19:00:00+00:00
1214038,61,2024,81,Marseille,375,C. Mbemba,Missing Fixture,Inactive,2025-05-10T19:00:00+00:00
1214043,61,2024,91,Monaco,42006,Al Musrati,Missing Fixture,Calf Injury,2025-05-10T19:00:00+00:00
1214043,61,2024,91,Monaco,109,A. Golovin,Missing Fixture,Groin Injury,2025-05-10T19:00:00+00:00
1214043,61,2024,80,Lyon,350856,E. Nuamah,Missing Fixture,Knee Injury,2025-05-10T19:00:00+00:00
1214043,61,2024,80,Lyon,519,C. Tolisso,Missing Fixture,Injury,2025-05-10T19:00:00+00:00
1214035,61,2024,93,Reims,1300,M. Daramy,Missing Fixture,Knee Injury,2025-05-10T19:00:00+00:00
1214035,61,2024,93,Reims,384489,Y. Fofana,Missing Fixture,Ankle Injury,2025-05-10T19:00:00+00:00
1214035,61,2024,93,Reims,145476,R. Khadra,Missing Fixture,Knee Injury,2025-05-10T19:00:00+00:00
1214035,61,2024,1063,Saint Etienne,337426,A. Boakye,Missing Fixture,Ankle Injury,2025-05-10T19:00:00+00:00
1214035,61,2024,1063,Saint Etienne,322560,L. Stassin,Missing Fixture,Muscle Injury,2025-05-10T19:00:00+00:00
1214039,61,2024,94,Rennes,196187,A. Seidu,Missing Fixture,Knee Injury,2025-05-10T19:00:00+00:00
1214039,61,2024,94,Rennes,352999,A. Sishuba,Missing Fixture,Muscle Injury,2025-05-10T19:00:00+00:00
1214039,61,2024,84,Nice,196343,M. Abdelmonem,Missing Fixture,Knee Injury,2025-05-10T19:00:00+00:00
1214039,61,2024,84,Nice,3099,Y. Ndayishimiye,Missing Fixture,Knee Injury,2025-05-10T19:00:00+00:00
1214039,61,2024,84,Nice,662,T. Ndombele,Missing Fixture,Groin Injury,2025-05-10T19:00:00+00:00
1214039,61,2024,84,Nice,477124,V. Orakpo,Missing Fixture,Inactive,2025-05-10T19:00:00+00:00
1214039,61,2024,84,Nice,21153,B. Santamaria,Missing Fixture,Loan agreement,2025-05-10T19:00:00+00:00
1214041,61,2024,96,Toulouse,278392,C. Cresswell,Missing Fixture,Yellow Cards,2025-05-10T19:00:00+00:00
1214041,61,2024,96,Toulouse,430816,N. Edjouma,Missing Fixture,Red Card,2025-05-10T19:00:00+00:00
1214041,61,2024,96,Toulouse,15793,R. Nicolaisen,Missing Fixture,Calf Injury,2025-05-10T19:00:00+00:00
1214041,61,2024,96,Toulouse,25533,N. Schmidt,Missing Fixture,Knee Injury,2025-05-10T19:00:00+00:00
1214041,61,2024,116,Lens,21568,R. Aguilar,Missing Fixture,Yellow Cards,2025-05-10T19:00:00+00:00
1214041,61,2024,116,Lens,441264,K. Antonio,Missing Fixture,Suspended,2025-05-10T19:00:00+00:00
1214041,61,2024,116,Lens,237191,Jhoanner Chavez,Missing Fixture,Ankle Injury,2025-05-10T19:00:00+00:00
1214041,61,2024,116,Lens,22220,H. Koffi,Missing Fixture,Illness,2025-05-10T19:00:00+00:00
1214041,61,2024,116,Lens,326073,R. Labeau Lascary,Missing Fixture,Knee Injury,2025-05-10T19:00:00+00:00
1214041,61,2024,116,Lens,31318,M. Nzola,Missing Fixture,Knee Injury,2025-05-10T19:00:00+00:00
1214041,61,2024,116,Lens,21484,D. Petric,Missing Fixture,Back Injury,2025-05-10T19:00:00+00:00
1214051,61,2024,116,Lens,441264,K. Antonio,Missing Fixture,Coach's decision,2025-05-17T19:00:00+00:00
1214051,61,2024,116,Lens,237191,Jhoanner Chavez,Missing Fixture,Ankle Injury,2025-05-17T19:00:00+00:00
1214051,61,2024,116,Lens,326073,R. Labeau Lascary,Missing Fixture,Knee Injury,2025-05-17T19:00:00+00:00
1214051,61,2024,116,Lens,2483,D. Machado,Missing Fixture,Muscle Injury,2025-05-17T19:00:00+00:00
1214051,61,2024,116,Lens,31318,M. Nzola,Missing Fixture,Knee Injury,2025-05-17T19:00:00+00:00
1214051,61,2024,116,Lens,21484,D. Petric,Missing Fixture,Back Injury,2025-05-17T19:00:00+00:00
1214051,61,2024,91,Monaco,42006,Al Musrati,Missing Fixture,Calf Injury,2025-05-17T19:00:00+00:00
1214051,61,2024,91,Monaco,138835,F. Balogun,Missing Fixture,Injury,2025-05-17T19:00:00+00:00
1214051,61,2024,91,Monaco,109,A. Golovin,Missing Fixture,Groin Injury,2025-05-17T19:00:00+00:00
1214048,61,2024,79,Lille,679,Ismaily,Missing Fixture,Hamstring Injury,2025-05-17T19:00:00+00:00
1214048,61,2024,79,Lille,386287,E. Mbappe,Missing Fixture,Muscle Injury,2025-05-17T19:00:00+00:00
1214048,61,2024,79,Lille,379329,T. Santos,Missing Fixture,Knee Injury,2025-05-17T19:00:00+00:00
1214048,61,2024,79,Lille,48392,E. Zhegrova,Missing Fixture,Groin Injury,2025-05-17T19:00:00+00:00
1214048,61,2024,93,Reims,1300,M. Daramy,Missing Fixture,Knee Injury,2025-05-17T19:00:00+00:00
1214048,61,2024,93,Reims,386481,M. Diakhon,Missing Fixture,Ankle Injury,2025-05-17T19:00:00+00:00
1214048,61,2024,93,Reims,384489,Y. Fofana,Missing Fixture,Ankle Injury,2025-05-17T19:00:00+00:00
1214048,61,2024,93,Reims,145476,R. Khadra,Missing Fixture,Knee Injury,2025-05-17T19:00:00+00:00
1214048,61,2024,93,Reims,33321,K. Nakamura,Missing Fixture,Yellow Cards,2025-05-17T19:00:00+00:00
1214045,61,2024,80,Lyon,68,Clinton Mata,Missing Fixture,Ankle Injury,2025-05-17T19:00:00+00:00
1214045,61,2024,80,Lyon,350856,E. Nuamah,Missing Fixture,Knee Injury,2025-05-17T19:00:00+00:00
1214045,61,2024,77,Angers,103,J. Aholou,Missing Fixture,Injury,2025-05-17T19:00:00+00:00
1214045,61,2024,77,Angers,21618,J. Allevinah,Missing Fixture,Injury,2025-05-17T19:00:00+00:00
1214045,61,2024,77,Angers,3234,A. Bamba,Missing Fixture,Injury,2025-05-17T19:00:00+00:00
1214045,61,2024,77,Angers,20554,H. Belkebla,Missing Fixture,Foot Injury,2025-05-17T19:00:00+00:00
1214045,61,2024,77,Angers,174708,Y. Belkhdim,Missing Fixture,Yellow Cards,2025-05-17T19:00:00+00:00
1214045,61,2024,77,Angers,21145,P. Capelle,Missing Fixture,Personal Reasons,2025-05-17T19:00:00+00:00
1214045,61,2024,77,Angers,421875,S. Cherif,Missing Fixture,Thigh Injury,2025-05-17T19:00:00+00:00
1214045,61,2024,77,Angers,3175,Z. Ferhat,Missing Fixture,Injury,2025-05-17T19:00:00+00:00
1214044,61,2024,81,Marseille,47426,R. Blanco,Missing Fixture,Ankle Injury,2025-05-17T19:00:00+00:00
1214044,61,2024,81,Marseille,926,G. Kondogbia,Missing Fixture,Inactive,2025-05-17T19:00:00+00:00
1214044,61,2024,81,Marseille,375,C. Mbemba,Missing Fixture,Inactive,2025-05-17T19:00:00+00:00
1214044,61,2024,81,Marseille,21102,V. Rongier,Missing Fixture,Muscle Injury,2025-05-17T19:00:00+00:00
1214044,61,2024,94,Rennes,196187,A. Seidu,Missing Fixture,Knee Injury,2025-05-17T19:00:00+00:00
1214044,61,2024,94,Rennes,352999,A. Sishuba,Missing Fixture,Muscle Injury,2025-05-17T19:00:00+00:00
1214044,61,2024,94,Rennes,20916,C. Wooh,Missing Fixture,Yellow Cards,2025-05-17T19:00:00+00:00
1214050,61,2024,83,Nantes,392569,S. Doucoure,Missing Fixture,Shoulder Injury,2025-05-17T19:00:00+00:00
1214050,61,2024,83,Nantes,349636,A. Mahamoud,Missing Fixture,Knee Injury,2025-05-17T19:00:00+00:00
1214050,61,2024,83,Nantes,2668,Mostafa Mohamed,Missing Fixture,Injury,2025-05-17T19:00:00+00:00
1214050,61,2024,83,Nantes,274328,S. Sow,Missing Fixture,Knee Injury,2025-05-17T19:00:00+00:00
1214050,61,2024,82,Montpellier,21591,A. Delort,Missing Fixture,Lacking Match Fitness,2025-05-17T19:00:00+00:00
1214050,61,2024,82,Montpellier,326088,K. Fayad,Missing Fixture,Yellow Cards,2025-05-17T19:00:00+00:00
1214050,61,2024,82,Montpellier,355076,A. Gueguin,Missing Fixture,Ribs Injury,2025-05-17T19:00:00+00:00
1214050,61,2024,82,Montpellier,395760,Y. Issoufou,Missing Fixture,Injury,2025-05-17T19:00:00+00:00
1214050,61,2024,82,Montpellier,399906,O. Maamma,Missing Fixture,International duty,2025-05-17T19:00:00+00:00
1214050,61,2024,82,Montpellier,320,N. Maksimovic,Missing Fixture,Thigh Injury,2025-05-17T19:00:00+00:00
1214050,61,2024,82,Montpellier,387120,R. Nzingoula,Missing Fixture,Yellow Cards,2025-05-17T19:00:00+00:00
1214050,61,2024,82,Montpellier,349616,N. Pays,Missing Fixture,Foot Injury,2025-05-17T19:00:00+00:00
1214050,61,2024,82,Montpellier,21434,T. Sainte-Luce,Missing Fixture,Muscle Injury,2025-05-17T19:00:00+00:00
1214050,61,2024,82,Montpellier,22141,I. Sylla,Missing Fixture,Calf Injury,2025-05-17T19:00:00+00:00
1214046,61,2024,84,Nice,196343,M. Abdelmonem,Missing Fixture,Knee Injury,2025-05-17T19:00:00+00:00
1214046,61,2024,84,Nice,3099,Y. Ndayishimiye,Missing Fixture,Knee Injury,2025-05-17T19:00:00+00:00
1214046,61,2024,84,Nice,662,T. Ndombele,Missing Fixture,Groin Injury,2025-05-17T19:00:00+00:00
1214046,61,2024,84,Nice,240,P. Rosario,Missing Fixture,Yellow Cards,2025-05-17T19:00:00+00:00
1214046,61,2024,106,Stade Brestois 29,1901,J. Amavi,Missing Fixture,Injury,2025-05-17T19:00:00+00:00
1214046,61,2024,106,Stade Brestois 29,369556,J. Bourgault,Missing Fixture,Foot Injury,2025-05-17T19:00:00+00:00
1214046,61,2024,106,Stade Brestois 29,162568,S. Coulibaly,Missing Fixture,Injury,2025-05-17T19:00:00+00:00
1214046,61,2024,106,Stade Brestois 29,84082,R. Faivre,Missing Fixture,Inactive,2025-05-17T19:00:00+00:00
1214046,61,2024,106,Stade Brestois 29,85914,J. Le Cardinal,Questionable,Hamstring Injury,2025-05-17T19:00:00+00:00
1214052,61,2024,85,Paris Saint Germain,262,P. Kimpembe,Missing Fixture,Leg Injury,2025-05-17T19:00:00+00:00
1214052,61,2024,108,Auxerre,335064,N. Buayi-Kiala,Missing Fixture,Knee Injury,2025-05-17T19:00:00+00:00
1214052,61,2024,108,Auxerre,323625,K. Danois,Missing Fixture,Injury,2025-05-17T19:00:00+00:00
1214052,61,2024,108,Auxerre,285,K. Hoever,Missing Fixture,Groin Injury,2025-05-17T19:00:00+00:00
1214052,61,2024,108,Auxerre,41300,Jubal Junior,Missing Fixture,Injury,2025-05-17T19:00:00+00:00
1214047,61,2024,1063,Saint Etienne,337426,A. Boakye,Missing Fixture,Ankle Injury,2025-05-17T19:00:00+00:00
1214047,61,2024,1063,Saint Etienne,322560,L. Stassin,Missing Fixture,Muscle Injury,2025-05-17T19:00:00+00:00
1214047,61,2024,96,Toulouse,39115,A. Donnum,Missing Fixture,Injury,2025-05-17T19:00:00+00:00
1214047,61,2024,96,Toulouse,15793,R. Nicolaisen,Missing Fixture,Calf Injury,2025-05-17T19:00:00+00:00
1214047,61,2024,96,Toulouse,25533,N. Schmidt,Missing Fixture,Knee Injury,2025-05-17T19:00:00+00:00
1214047,61,2024,96,Toulouse,11421,G. Suazo,Missing Fixture,Injury,2025-05-17T19:00:00+00:00
1214049,61,2024,95,Strasbourg,309920,M. S. Dion,Missing Fixture,Achilles Tendon Injury,2025-05-17T19:00:00+00:00
1214049,61,2024,95,Strasbourg,203762,E. Emegha,Missing Fixture,Injury,2025-05-17T19:00:00+00:00
1214049,61,2024,111,Le Havre,2707,O. El Hajjam,Missing Fixture,Tooth injury,2025-05-17T19:00:00+00:00
1214049,61,2024,111,Le Havre,143830,Y. Kitala,Missing Fixture,Ankle Injury,2025-05-17T19:00:00+00:00
1214049,61,2024,111,Le Havre,339633,A. Logbo,Missing Fixture,Shoulder Injury,2025-05-17T19:00:00+00:00
1214049,61,2024,111,Le Havre,282549,J. Mwanga,Missing Fixture,Loan agreement,2025-05-17T19:00:00+00:00
1375858,61,2024,112,Metz,19323,J. Asoro,Missing Fixture,Injury,2025-05-21T18:00:00+00:00
1375858,61,2024,112,Metz,2096,A. Bodart,Missing Fixture,Inactive,2025-05-21T18:00:00+00:00
1375858,61,2024,93,Reims,1300,M. Daramy,Missing Fixture,Knee Injury,2025-05-21T18:00:00+00:00
1375858,61,2024,93,Reims,384489,Y. Fofana,Missing Fixture,Ankle Injury,2025-05-21T18:00:00+00:00
1375858,61,2024,93,Reims,145476,R. Khadra,Missing Fixture,Knee Injury,2025-05-21T18:00:00+00:00
1375858,61,2024,93,Reims,8966,T. Teuma,Missing Fixture,Inactive,2025-05-21T18:00:00+00:00
1375859,61,2024,93,Reims,1300,M. Daramy,Missing Fixture,Knee Injury,2025-05-29T18:30:00+00:00
1375859,61,2024,93,Reims,384489,Y. Fofana,Missing Fixture,Ankle Injury,2025-05-29T18:30:00+00:00
1375859,61,2024,93,Reims,415089,Gabriel Moscardo,Missing Fixture,Inactive,2025-05-29T18:30:00+00:00
1375859,61,2024,93,Reims,145476,R. Khadra,Missing Fixture,Knee Injury,2025-05-29T18:30:00+00:00
1375859,61,2024,93,Reims,8966,T. Teuma,Missing Fixture,Injury,2025-05-29T18:30:00+00:00
1375859,61,2024,112,Metz,19323,J. Asoro,Missing Fixture,Injury,2025-05-29T18:30:00+00:00
1375859,61,2024,112,Metz,2096,A. Bodart,Missing Fixture,Inactive,2025-05-29T18:30:00+00:00
