fixture_id,date,league_id,season,home_team_id,home_team_name,away_team_id,away_team_name,goals_home,goals_away,status_short,home_formation,away_formation,formation_matchup,home_injuries_count,away_injuries_count,injuries_diff,home_formation_stability_5,home_recent_formations_count,home_api_possession_5,home_api_yellow_cards_5,home_api_red_cards_5,home_api_shots_on_goal_for_5,home_api_shots_on_goal_against_5,home_api_total_shots_for_5,home_api_total_shots_against_5,home_api_expected_goals_for_5,home_api_expected_goals_against_5,home_api_corners_for_5,home_api_corners_against_5,away_formation_stability_5,away_recent_formations_count,away_api_possession_5,away_api_yellow_cards_5,away_api_red_cards_5,away_api_shots_on_goal_for_5,away_api_shots_on_goal_against_5,away_api_total_shots_for_5,away_api_total_shots_against_5,away_api_expected_goals_for_5,away_api_expected_goals_against_5,away_api_corners_for_5,away_api_corners_against_5,api_shots_on_goal_diff_5,api_total_shots_diff_5,api_expected_goals_diff_5,api_corners_diff_5,api_possession_diff_5,formation_stability_diff_5
1213754,2024-08-16 18:45:00+00:00,61,2024,111,Le Havre,85,Paris Saint Germain,1,4,FT,4-3-3,4-3-3,4-3-3 vs 4-3-3,1,3,-2,,0,,,,,,,,,,,,,0,,,,,,,,,,,,,,,,,
1213747,2024-08-17 15:00:00+00:00,61,2024,106,Stade Brestois 29,81,Marseille,1,5,FT,4-3-3,4-2-3-1,4-3-3 vs 4-2-3-1,2,6,-4,,0,,,,,,,,,,,,,0,,,,,,,,,,,,,,,,,
1213752,2024-08-17 17:00:00+00:00,61,2024,93,Reims,79,Lille,0,2,FT,4-3-3,5-4-1,4-3-3 vs 5-4-1,3,5,-2,,0,,,,,,,,,,,,,0,,,,,,,,,,,,,,,,,
1213751,2024-08-17 19:00:00+00:00,61,2024,91,Monaco,1063,Saint Etienne,1,0,FT,4-4-2,4-1-4-1,4-4-2 vs 4-1-4-1,2,1,1,,0,,,,,,,,,,,,,0,,,,,,,,,,,,,,,,,
1213753,2024-08-18 13:00:00+00:00,61,2024,108,Auxerre,84,Nice,2,1,FT,4-4-2,3-4-3,4-4-2 vs 3-4-3,1,4,-3,,0,,,,,,,,,,,,,0,,,,,,,,,,,,,,,,,
1213748,2024-08-18 15:00:00+00:00,61,2024,82,Montpellier,95,Strasbourg,1,1,FT,4-2-3-1,3-4-2-1,4-2-3-1 vs 3-4-2-1,3,1,2,,0,,,,,,,,,,,,,0,,,,,,,,,,,,,,,,,
1213749,2024-08-18 15:00:00+00:00,61,2024,96,Toulouse,83,Nantes,0,0,FT,3-4-3,4-2-3-1,3-4-3 vs 4-2-3-1,0,0,0,,0,,,,,,,,,,,,,0,,,,,,,,,,,,,,,,,
1213750,2024-08-18 15:00:00+00:00,61,2024,77,Angers,116,Lens,0,1,FT,5-3-2,3-4-1-2,5-3-2 vs 3-4-1-2,4,5,-1,,0,,,,,,,,,,,,,0,,,,,,,,,,,,,,,,,
1213755,2024-08-18 18:45:00+00:00,61,2024,94,Rennes,80,Lyon,3,0,FT,4-3-1-2,4-3-3,4-3-1-2 vs 4-3-3,1,2,-1,,0,,,,,,,,,,,,,0,,,,,,,,,,,,,,,,,
1213756,2024-08-23 18:45:00+00:00,61,2024,85,Paris Saint Germain,82,Montpellier,6,0,FT,4-3-3,5-3-2,4-3-3 vs 5-3-2,8,2,6,1.0,1,76.0,0.0,,10.0,2.0,15.0,5.0,2.87,0.21,8.0,2.0,1.0,1,42.0,4.0,,5.0,4.0,8.0,11.0,1.41,0.91,6.0,4.0,5.0,7.0,1.4600000000000002,2.0,34.0,0.0
1213763,2024-08-24 15:00:00+00:00,61,2024,80,Lyon,91,Monaco,0,2,FT,4-2-3-1,4-2-3-1,4-2-3-1 vs 4-2-3-1,0,2,-2,1.0,1,52.0,1.0,,2.0,8.0,16.0,22.0,2.06,2.05,7.0,7.0,1.0,1,62.0,1.0,,6.0,4.0,17.0,11.0,1.96,0.45,5.0,4.0,-4.0,-1.0,0.10000000000000009,2.0,-10.0,0.0
1213760,2024-08-24 17:00:00+00:00,61,2024,79,Lille,77,Angers,2,0,FT,3-4-2-1,5-3-2,3-4-2-1 vs 5-3-2,6,2,4,1.0,1,69.0,2.0,0.0,6.0,0.0,22.0,2.0,2.1,0.07,8.0,0.0,1.0,1,41.0,1.0,,3.0,4.0,8.0,10.0,0.39,1.23,7.0,3.0,3.0,14.0,1.71,1.0,28.0,0.0
1213759,2024-08-24 19:00:00+00:00,61,2024,1063,Saint Etienne,111,Le Havre,0,2,FT,4-1-4-1,5-4-1,4-1-4-1 vs 5-4-1,0,1,-1,1.0,1,38.0,1.0,,4.0,6.0,11.0,17.0,0.45,1.96,4.0,5.0,1.0,1,24.0,3.0,,2.0,10.0,5.0,15.0,0.21,2.87,2.0,8.0,2.0,6.0,0.24000000000000002,2.0,14.0,0.0
1213762,2024-08-25 13:00:00+00:00,61,2024,116,Lens,106,Stade Brestois 29,2,0,FT,3-4-1-2,4-3-3,3-4-1-2 vs 4-3-3,4,1,3,1.0,1,59.0,0.0,,4.0,3.0,10.0,8.0,1.23,0.39,3.0,7.0,1.0,1,50.0,4.0,,7.0,5.0,10.0,7.0,1.32,2.38,5.0,0.0,-3.0,0.0,-0.09000000000000008,-2.0,9.0,0.0
1213757,2024-08-25 15:00:00+00:00,61,2024,95,Strasbourg,94,Rennes,3,1,FT,3-4-1-2,4-3-1-2,3-4-1-2 vs 4-3-1-2,3,1,2,1.0,1,58.0,3.0,,4.0,5.0,11.0,8.0,0.91,1.41,4.0,6.0,1.0,1,48.0,2.0,,8.0,2.0,22.0,16.0,2.05,2.06,7.0,7.0,-4.0,-11.0,-1.1399999999999997,-3.0,10.0,0.0
1213758,2024-08-25 15:00:00+00:00,61,2024,83,Nantes,108,Auxerre,2,0,FT,4-2-3-1,4-2-3-1,4-2-3-1 vs 4-2-3-1,4,5,-1,1.0,1,46.0,3.0,,2.0,6.0,10.0,12.0,0.47,1.71,5.0,10.0,1.0,1,45.0,,,7.0,2.0,16.0,9.0,1.96,0.71,3.0,5.0,-5.0,-6.0,-1.49,2.0,1.0,0.0
1213761,2024-08-25 15:00:00+00:00,61,2024,84,Nice,96,Toulouse,1,1,FT,3-5-2,3-4-2-1,3-5-2 vs 3-4-2-1,4,0,4,1.0,1,55.0,,,2.0,7.0,9.0,16.0,0.71,1.96,5.0,3.0,1.0,1,54.0,1.0,,6.0,2.0,12.0,10.0,1.71,0.47,10.0,5.0,-4.0,-3.0,-1.0,-5.0,1.0,0.0
1213764,2024-08-25 18:45:00+00:00,61,2024,81,Marseille,93,Reims,2,2,FT,4-2-3-1,4-3-3,4-2-3-1 vs 4-3-3,3,2,1,1.0,1,50.0,1.0,,5.0,7.0,7.0,10.0,2.38,1.32,0.0,5.0,1.0,1,31.0,2.0,1.0,0.0,6.0,2.0,22.0,0.07,2.1,0.0,8.0,5.0,5.0,2.31,0.0,19.0,0.0
1213766,2024-08-30 18:45:00+00:00,61,2024,80,Lyon,95,Strasbourg,4,3,FT,3-5-2,3-2-4-1,3-5-2 vs 3-2-4-1,2,3,-1,0.5,2,45.5,1.5,0.0,1.0,7.0,8.5,21.5,1.045,2.155,3.5,6.5,0.5,2,59.0,2.5,,4.5,5.0,11.0,11.0,0.815,1.25,3.0,5.5,-3.5,-2.5,0.22999999999999998,0.5,-13.5,0.0
1213767,2024-08-31 15:00:00+00:00,61,2024,106,Stade Brestois 29,1063,Saint Etienne,4,0,FT,4-3-3,4-2-3-1,4-3-3 vs 4-2-3-1,2,2,0,1.0,1,49.0,3.5,0.0,4.5,7.0,10.5,13.5,1.09,2.675,3.5,2.5,1.0,1,48.5,2.0,,4.5,5.5,15.0,15.5,0.78,2.17,3.0,4.5,0.0,-4.5,0.31000000000000005,0.5,0.5,0.0
1213768,2024-08-31 17:00:00+00:00,61,2024,82,Montpellier,83,Nantes,1,3,FT,4-2-3-1,4-2-3-1,4-2-3-1 vs 4-2-3-1,6,5,1,0.5,2,36.5,4.0,,4.0,7.5,8.0,19.0,1.02,2.3649999999999998,4.0,7.0,1.0,1,40.5,2.5,0.0,3.5,4.5,9.5,12.0,0.955,1.4100000000000001,4.0,11.0,0.5,-1.5,0.06500000000000006,0.0,-4.0,-0.5
1213773,2024-08-31 19:00:00+00:00,61,2024,96,Toulouse,81,Marseille,1,3,FT,3-4-2-1,4-2-3-1,3-4-2-1 vs 4-2-3-1,0,3,-3,0.5,2,48.0,1.5,,4.5,2.5,13.5,10.5,1.345,0.875,7.0,4.5,1.0,1,58.0,1.0,,8.0,5.0,14.0,11.5,2.775,1.1,1.0,4.5,-3.5,-0.5,-1.43,6.0,-10.0,-0.5
1213770,2024-09-01 13:00:00+00:00,61,2024,91,Monaco,116,Lens,1,1,FT,4-2-3-1,3-4-1-2,4-2-3-1 vs 3-4-1-2,3,3,0,0.5,2,61.5,2.0,1.0,6.0,2.0,19.0,6.0,2.11,0.24,5.5,2.0,1.0,1,55.5,1.0,1.0,6.5,2.5,15.0,9.5,2.1,0.625,4.0,4.5,-0.5,4.0,0.009999999999999787,1.5,6.0,-0.5
1213769,2024-09-01 15:00:00+00:00,61,2024,77,Angers,84,Nice,1,4,FT,5-3-2,3-4-3,5-3-2 vs 3-4-3,3,5,-2,1.0,1,38.0,1.5,,2.5,5.0,7.0,10.5,0.485,1.055,4.5,3.0,0.5,2,56.5,4.0,,2.5,5.0,10.0,15.5,0.995,1.47,4.5,3.5,0.0,-3.0,-0.51,0.0,-18.5,0.5
1213771,2024-09-01 15:00:00+00:00,61,2024,111,Le Havre,108,Auxerre,3,1,FT,5-4-1,4-2-3-1,5-4-1 vs 4-2-3-1,1,4,-3,0.5,2,32.5,3.0,,3.5,7.5,9.5,17.0,1.295,1.9900000000000002,3.0,5.0,0.5,2,55.0,1.0,1.0,5.0,3.5,14.0,9.0,1.5350000000000001,1.075,7.5,4.0,-1.5,-4.5,-0.2400000000000002,-4.5,-22.5,0.0
1213772,2024-09-01 15:00:00+00:00,61,2024,93,Reims,94,Rennes,2,1,FT,4-3-3,4-4-2,4-3-3 vs 4-4-2,3,1,2,1.0,1,32.5,1.5,1.0,1.5,8.5,7.5,21.5,0.475,2.635,2.0,5.0,1.0,1,44.0,3.0,,6.5,3.5,18.0,13.5,1.5699999999999998,1.3900000000000001,6.0,4.5,-5.0,-10.5,-1.0949999999999998,-4.0,-11.5,0.0
1213765,2024-09-01 18:45:00+00:00,61,2024,79,Lille,85,Paris Saint Germain,1,3,FT,3-4-2-1,4-3-3,3-4-2-1 vs 4-3-3,5,5,0,0.5,2,67.0,1.5,0.0,6.0,1.0,16.5,4.0,1.49,0.32499999999999996,5.5,1.0,1.0,1,72.5,0.5,,10.5,2.5,21.0,6.5,3.3449999999999998,0.42,9.0,2.0,-4.5,-4.5,-1.8549999999999998,-3.5,-5.5,-0.5
1213780,2024-09-13 18:45:00+00:00,61,2024,1063,Saint Etienne,79,Lille,1,0,FT,4-1-4-1,5-4-1,4-1-4-1 vs 5-4-1,3,6,-3,0.6666666666666666,2,50.0,3.0,,3.0,6.666666666666667,12.0,17.666666666666668,0.5766666666666667,2.486666666666667,2.6666666666666665,5.333333333333333,0.6666666666666666,2,58.666666666666664,2.0,0.0,5.333333333333333,3.0,13.666666666666666,6.333333333333333,1.46,1.0833333333333333,4.666666666666667,1.0,-2.333333333333333,-1.666666666666666,-0.8833333333333333,-2.0000000000000004,-8.666666666666664,0.0
1213781,2024-09-14 15:00:00+00:00,61,2024,81,Marseille,84,Nice,2,0,FT,4-2-3-1,3-4-3,4-2-3-1 vs 3-4-3,2,5,-3,1.0,1,64.0,1.3333333333333333,0.0,6.666666666666667,3.6666666666666665,13.333333333333334,8.666666666666666,2.13,1.0633333333333335,1.6666666666666667,3.6666666666666665,0.6666666666666666,2,53.0,4.0,1.0,4.666666666666667,5.666666666666667,11.333333333333334,15.0,1.4100000000000001,1.4533333333333331,5.333333333333333,3.6666666666666665,2.0,2.0,0.7199999999999998,-3.666666666666666,11.0,0.33333333333333337
1213774,2024-09-14 17:00:00+00:00,61,2024,108,Auxerre,91,Monaco,0,3,FT,3-4-2-1,4-2-3-1,3-4-2-1 vs 4-2-3-1,4,3,1,0.6666666666666666,2,53.666666666666664,3.0,1.0,4.333333333333333,5.0,11.666666666666666,13.333333333333334,1.2166666666666668,1.6366666666666667,5.666666666666667,3.3333333333333335,0.6666666666666666,2,61.333333333333336,1.6666666666666667,1.0,5.0,2.6666666666666665,17.333333333333332,8.0,1.75,0.9066666666666667,6.0,3.6666666666666665,-0.666666666666667,-5.666666666666666,-0.5333333333333332,-0.33333333333333304,-7.666666666666671,0.0
1213782,2024-09-14 19:00:00+00:00,61,2024,85,Paris Saint Germain,106,Stade Brestois 29,3,1,FT,4-3-3,4-3-3,4-3-3 vs 4-3-3,5,2,3,1.0,1,67.66666666666667,1.0,,9.333333333333334,3.0,17.666666666666668,7.0,3.0966666666666662,0.7466666666666666,6.333333333333333,2.3333333333333335,1.0,1,48.333333333333336,2.3333333333333335,0.0,6.0,4.666666666666667,14.333333333333334,11.0,1.7666666666666668,1.8399999999999999,4.666666666666667,2.3333333333333335,3.333333333333334,3.333333333333334,1.3299999999999994,1.666666666666666,19.333333333333336,0.0
1213775,2024-09-15 13:00:00+00:00,61,2024,94,Rennes,82,Montpellier,3,0,FT,3-4-3,4-2-3-1,3-4-3 vs 4-2-3-1,2,6,-4,0.6666666666666666,2,45.0,2.3333333333333335,,6.0,4.666666666666667,16.333333333333332,12.666666666666666,1.3099999999999998,1.39,5.666666666666667,4.0,0.6666666666666666,2,47.333333333333336,3.3333333333333335,,4.0,6.333333333333333,8.666666666666666,15.666666666666666,0.9866666666666667,2.07,5.333333333333333,5.666666666666667,2.0,7.666666666666666,0.32333333333333314,0.3333333333333339,-2.3333333333333357,0.0
1213777,2024-09-15 15:00:00+00:00,61,2024,83,Nantes,93,Reims,1,2,FT,4-2-3-1,4-3-3,4-2-3-1 vs 4-3-3,3,4,-1,1.0,1,37.333333333333336,2.3333333333333335,0.0,3.6666666666666665,4.333333333333333,9.333333333333334,11.333333333333334,1.13,1.2466666666666668,3.6666666666666665,10.0,1.0,1,39.333333333333336,1.6666666666666667,1.0,3.3333333333333335,7.333333333333333,8.666666666666666,18.666666666666668,0.7799999999999999,2.02,2.3333333333333335,5.0,0.33333333333333304,0.6666666666666679,0.35,1.333333333333333,-2.0,0.0
1213778,2024-09-15 15:00:00+00:00,61,2024,96,Toulouse,111,Le Havre,2,0,FT,3-4-2-1,5-4-1,3-4-2-1 vs 5-4-1,2,1,1,0.6666666666666666,2,40.0,2.3333333333333335,1.0,3.3333333333333335,3.0,10.0,11.0,1.2266666666666666,0.8633333333333333,5.333333333333333,4.0,0.6666666666666666,2,38.0,2.3333333333333335,0.0,5.0,6.0,13.666666666666666,13.666666666666666,1.7833333333333332,1.5200000000000002,2.6666666666666665,4.0,-1.6666666666666665,-3.666666666666666,-0.5566666666666666,2.6666666666666665,2.0,0.0
1213779,2024-09-15 15:00:00+00:00,61,2024,95,Strasbourg,77,Angers,1,1,FT,4-4-2,4-2-3-1,4-4-2 vs 4-2-3-1,5,2,3,0.3333333333333333,3,56.666666666666664,2.3333333333333335,,5.666666666666667,7.333333333333333,12.333333333333334,14.0,1.45,1.8066666666666666,2.6666666666666665,6.666666666666667,1.0,1,43.333333333333336,3.0,0.0,4.0,6.333333333333333,9.333333333333334,11.666666666666666,0.7966666666666665,1.45,4.333333333333333,4.333333333333333,1.666666666666667,3.0,0.6533333333333334,-1.6666666666666665,13.333333333333329,-0.6666666666666667
1213776,2024-09-15 18:45:00+00:00,61,2024,116,Lens,80,Lyon,0,0,FT,3-4-1-2,3-5-2,3-4-1-2 vs 3-5-2,1,0,1,1.0,1,50.0,2.0,1.0,5.666666666666667,2.6666666666666665,14.0,11.0,2.146666666666667,0.7600000000000001,5.0,5.333333333333333,0.3333333333333333,3,46.333333333333336,2.0,0.0,4.666666666666667,7.333333333333333,12.333333333333334,19.333333333333332,1.67,2.3433333333333333,5.333333333333333,5.0,1.0,1.666666666666666,0.476666666666667,-0.33333333333333304,3.6666666666666643,0.6666666666666667
1213784,2024-09-20 18:45:00+00:00,61,2024,84,Nice,1063,Saint Etienne,8,0,FT,3-4-3,4-3-3,3-4-3 vs 4-3-3,3,4,-1,0.75,2,50.75,3.3333333333333335,0.5,4.5,5.5,11.5,13.75,1.57,1.2574999999999998,4.5,3.0,0.75,2,44.75,2.5,,3.5,6.0,11.5,17.5,0.745,2.175,2.5,5.75,1.0,0.0,0.8250000000000001,2.0,6.0,0.0
1213789,2024-09-21 15:00:00+00:00,61,2024,79,Lille,95,Strasbourg,3,3,FT,4-2-3-1,4-1-4-1,4-2-3-1 vs 4-1-4-1,6,5,1,0.5,2,61.75,1.75,0.0,5.0,3.5,14.5,7.25,1.405,1.125,5.25,1.25,0.25,4,55.25,2.75,,5.5,6.0,11.75,13.5,1.6524999999999999,1.585,3.5,7.25,-0.5,2.75,-0.24749999999999983,1.75,6.5,0.25
1213790,2024-09-21 17:00:00+00:00,61,2024,94,Rennes,116,Lens,1,1,FT,3-4-2-1,3-4-1-2,3-4-2-1 vs 3-4-1-2,3,3,0,0.5,3,46.5,2.0,,6.0,4.5,15.0,12.5,1.305,1.125,5.0,4.0,1.0,1,51.0,2.0,1.0,5.5,2.75,13.5,10.25,1.8725,0.7100000000000001,5.0,6.0,0.5,1.5,-0.5675000000000001,0.0,-4.5,-0.5
1213785,2024-09-21 19:00:00+00:00,61,2024,93,Reims,85,Paris Saint Germain,1,1,FT,4-3-3,4-3-3,4-3-3 vs 4-3-3,3,6,-3,1.0,1,43.25,1.5,1.0,3.5,7.0,9.25,18.5,0.7124999999999999,1.8975,2.5,5.25,1.0,1,67.5,1.25,,9.25,3.0,18.75,6.5,3.0424999999999995,0.8025,7.0,2.0,-5.75,-9.5,-2.3299999999999996,-4.5,-24.25,0.0
1213791,2024-09-22 13:00:00+00:00,61,2024,91,Monaco,111,Le Havre,3,1,FT,4-4-2,3-5-1-1,4-4-2 vs 3-5-1-1,3,1,2,0.75,2,60.75,1.25,1.0,6.0,2.75,17.75,9.25,2.185,0.8200000000000001,6.0,3.0,0.75,2,40.0,2.0,0.0,4.5,6.25,11.5,14.0,1.39,1.4700000000000002,3.25,4.5,1.5,6.25,0.7950000000000002,2.75,20.75,0.0
1213786,2024-09-22 15:00:00+00:00,61,2024,106,Stade Brestois 29,96,Toulouse,2,0,FT,4-3-1-2,3-4-2-1,4-3-1-2 vs 3-4-2-1,2,1,1,1.0,1,44.5,2.5,0.0,5.25,5.75,12.0,13.75,1.5675000000000001,2.0999999999999996,3.75,4.0,0.75,2,43.5,2.0,1.0,4.25,3.0,11.25,9.5,1.25,0.7,5.5,4.25,1.0,0.75,0.3175000000000001,-1.75,1.0,0.25
1213787,2024-09-22 15:00:00+00:00,61,2024,77,Angers,83,Nantes,1,1,FT,4-2-3-1,4-2-3-1,4-2-3-1 vs 4-2-3-1,4,4,0,0.75,2,44.75,2.5,0.0,3.5,6.0,10.0,11.25,0.8274999999999999,1.6524999999999999,5.5,4.75,1.0,1,39.25,2.5,0.0,4.25,4.25,11.5,11.25,1.23,1.0625,4.25,8.25,-0.75,-1.5,-0.4025000000000001,1.25,5.5,-0.25
1213788,2024-09-22 15:00:00+00:00,61,2024,82,Montpellier,108,Auxerre,3,2,FT,4-2-3-1,5-4-1,4-2-3-1 vs 5-4-1,7,3,4,0.75,2,47.75,3.25,,4.0,6.25,9.5,14.5,0.8225,1.8749999999999998,5.0,5.0,0.5,3,50.5,3.0,1.0,4.0,6.0,12.0,14.75,1.0525000000000002,2.1,4.5,4.0,0.0,-2.5,-0.2300000000000002,0.5,-2.75,0.25
1213783,2024-09-22 18:45:00+00:00,61,2024,80,Lyon,81,Marseille,2,3,FT,3-5-2,4-2-3-1,3-5-2 vs 4-2-3-1,0,5,-5,0.5,3,46.25,2.0,0.0,4.25,6.75,11.25,17.5,1.3925,2.02,6.0,5.0,1.0,1,62.0,2.25,0.5,6.25,3.75,12.5,9.5,1.765,1.31,1.5,3.25,-2.0,-1.25,-0.37249999999999983,4.5,-15.75,-0.5
1213794,2024-09-27 17:00:00+00:00,61,2024,108,Auxerre,106,Stade Brestois 29,3,0,FT,5-3-2,4-3-3,5-3-2 vs 4-3-3,0,0,0,0.4,4,49.6,3.25,1.0,4.4,5.8,11.8,14.6,1.096,2.088,4.6,5.4,0.8,2,44.2,2.2,0.0,5.2,4.8,11.2,13.2,1.34,2.2339999999999995,3.8,3.8,-0.7999999999999998,0.6000000000000014,-0.244,0.7999999999999998,5.399999999999999,-0.4
1213793,2024-09-27 19:00:00+00:00,61,2024,85,Paris Saint Germain,94,Rennes,3,1,FT,4-3-3,3-4-2-1,4-3-3 vs 3-4-2-1,0,0,0,1.0,1,69.6,1.2,,8.2,2.6,17.2,6.8,2.752,0.704,6.6,2.2,0.4,4,45.2,2.0,,6.0,4.0,14.2,12.0,1.318,1.012,4.8,3.8,2.1999999999999993,3.0,1.4339999999999997,1.7999999999999998,24.39999999999999,0.6
1213795,2024-09-28 15:00:00+00:00,61,2024,116,Lens,84,Nice,0,0,FT,4-2-3-1,3-4-2-1,4-2-3-1 vs 3-4-2-1,0,0,0,1.0,1,52.8,2.5,1.0,4.8,3.4,12.8,10.4,1.61,0.8420000000000002,4.6,5.6,0.8,2,52.4,2.5,0.5,6.0,4.8,12.8,12.6,2.2020000000000004,1.0699999999999998,4.2,2.8,-1.2000000000000002,0.0,-0.5920000000000003,0.39999999999999947,0.3999999999999986,0.19999999999999996
1213797,2024-09-28 17:00:00+00:00,61,2024,111,Le Havre,79,Lille,0,3,FT,5-4-1,4-2-3-1,5-4-1 vs 4-2-3-1,0,0,0,0.6,3,39.6,2.2,0.0,4.0,5.8,10.8,13.6,1.226,1.5720000000000003,3.4,4.8,0.4,3,62.2,1.8,0.0,5.4,4.6,14.6,8.2,1.6740000000000002,1.546,6.0,2.0,-1.4000000000000004,-3.799999999999999,-0.4480000000000002,-2.6,-22.6,0.19999999999999996
1213799,2024-09-28 19:00:00+00:00,61,2024,91,Monaco,82,Montpellier,2,1,FT,4-2-2-2,4-2-3-1,4-2-2-2 vs 4-2-3-1,0,0,0,0.6,2,61.0,1.2,1.0,5.6,2.6,16.6,9.0,2.144,0.77,6.0,3.2,0.8,2,49.0,3.2,,4.2,6.2,10.4,13.8,1.066,1.754,6.2,5.0,1.3999999999999995,6.200000000000001,1.078,-0.20000000000000018,12.0,-0.20000000000000007
1213798,2024-09-29 13:00:00+00:00,61,2024,96,Toulouse,80,Lyon,1,2,FT,3-4-2-1,4-3-3,3-4-2-1 vs 4-3-3,0,0,0,0.8,2,46.2,1.8,1.0,3.6,3.4,11.2,9.2,1.5539999999999998,0.646,5.0,4.2,0.6,3,49.6,2.5,0.0,5.2,6.4,13.4,15.8,1.716,1.7740000000000002,6.8,4.6,-1.6,-2.200000000000001,-0.16200000000000014,-1.7999999999999998,-3.3999999999999986,0.20000000000000007
1213796,2024-09-29 15:00:00+00:00,61,2024,83,Nantes,1063,Saint Etienne,2,2,FT,4-2-3-1,4-3-3,4-2-3-1 vs 4-3-3,0,0,0,1.0,1,41.4,2.8,0.0,4.0,3.6,11.0,9.8,1.108,1.02,4.6,7.2,0.6,3,44.0,2.2,,3.2,7.2,10.8,17.6,0.6599999999999999,2.686,2.4,5.2,0.7999999999999998,0.1999999999999993,0.4480000000000002,2.1999999999999997,-2.6000000000000014,0.4
1213800,2024-09-29 15:00:00+00:00,61,2024,77,Angers,93,Reims,1,3,FT,4-2-3-1,4-2-3-1,4-2-3-1 vs 4-2-3-1,0,0,0,0.6,2,45.8,2.2,0.0,3.0,5.4,8.8,10.8,0.8319999999999999,1.446,5.0,5.0,1.0,1,39.0,1.6,1.0,3.0,6.4,9.0,17.0,0.6319999999999999,1.8359999999999999,2.6,5.2,0.0,-0.1999999999999993,0.19999999999999996,2.4,6.799999999999997,-0.4
1213792,2024-09-29 18:45:00+00:00,61,2024,95,Strasbourg,81,Marseille,1,0,FT,4-2-3-1,4-2-3-1,4-2-3-1 vs 4-2-3-1,0,0,0,0.2,5,51.4,2.6,,6.2,6.2,11.8,13.8,1.968,1.818,3.8,7.6,1.0,1,57.0,2.4,0.6666666666666666,6.0,4.8,11.8,12.0,1.5699999999999998,1.65,1.8,4.6,0.20000000000000018,0.0,0.39800000000000013,1.9999999999999998,-5.600000000000001,-0.8
1213806,2024-10-04 18:45:00+00:00,61,2024,81,Marseille,77,Angers,1,1,FT,4-2-3-1,4-2-3-1,4-2-3-1 vs 4-2-3-1,5,4,1,1.0,1,58.8,2.4,0.6666666666666666,5.6,4.6,12.4,12.8,1.194,1.6480000000000001,2.4,5.2,0.6,2,48.2,2.0,0.0,3.0,6.6,10.0,13.0,0.9780000000000001,1.782,4.6,5.2,2.5999999999999996,2.4000000000000004,0.21599999999999986,-2.1999999999999997,10.599999999999994,0.4
1213804,2024-10-05 15:00:00+00:00,61,2024,1063,Saint Etienne,108,Auxerre,3,1,FT,4-3-3,3-4-2-1,4-3-3 vs 3-4-2-1,5,3,2,0.4,3,44.2,2.4,0.0,3.0,6.6,9.6,17.4,0.774,2.6540000000000004,2.4,5.8,0.4,4,48.2,3.0,1.0,3.8,6.2,11.6,14.4,1.218,2.1060000000000003,4.4,5.0,-0.7999999999999998,-2.0,-0.44399999999999995,-2.0000000000000004,-4.0,0.0
1213803,2024-10-05 17:00:00+00:00,61,2024,79,Lille,96,Toulouse,2,1,FT,4-2-3-1,3-4-2-1,4-2-3-1 vs 3-4-2-1,6,2,4,0.4,3,60.8,1.6,,6.2,5.4,13.8,9.2,1.97,1.614,5.4,2.2,1.0,1,44.4,2.0,1.0,3.2,3.2,10.8,8.0,1.4,0.636,3.6,4.0,3.0,3.0,0.5700000000000001,1.8000000000000003,16.4,-0.6
1213807,2024-10-05 19:00:00+00:00,61,2024,94,Rennes,91,Monaco,1,2,FT,3-4-3,3-4-2-1,3-4-3 vs 3-4-2-1,2,2,0,0.4,4,43.2,2.2,,5.4,5.2,12.2,13.4,1.208,1.21,4.2,3.6,0.6,3,61.6,1.8,0.5,5.8,2.6,17.4,8.6,2.402,0.8560000000000001,6.2,2.8,-0.39999999999999947,-5.199999999999999,-1.1940000000000002,-2.0,-18.4,-0.19999999999999996
1213801,2024-10-06 13:00:00+00:00,61,2024,80,Lyon,83,Nantes,2,0,FT,4-2-3-1,4-2-3-1,4-2-3-1 vs 4-2-3-1,5,8,-3,0.6,3,50.2,2.75,0.0,5.0,5.6,11.0,13.4,1.388,1.552,6.2,3.8,1.0,1,44.4,2.6,0.5,4.2,3.0,12.2,8.4,1.374,0.882,5.2,6.0,0.7999999999999998,-1.1999999999999993,0.01399999999999979,1.0,5.800000000000004,-0.4
1213805,2024-10-06 15:00:00+00:00,61,2024,106,Stade Brestois 29,111,Le Havre,2,0,FT,4-2-3-1,3-1-4-2,4-2-3-1 vs 3-1-4-2,2,4,-2,0.8,2,46.6,1.4,0.0,4.6,4.6,10.8,14.8,1.236,2.272,3.4,4.2,0.8,2,42.4,2.0,0.0,4.4,5.8,11.2,14.2,1.266,1.714,3.2,4.2,0.1999999999999993,-0.3999999999999986,-0.030000000000000027,0.19999999999999973,4.200000000000003,0.0
1213808,2024-10-06 15:00:00+00:00,61,2024,95,Strasbourg,116,Lens,2,2,FT,4-2-3-1,3-4-1-2,4-2-3-1 vs 3-4-1-2,7,8,-1,0.2,5,48.0,2.4,,6.6,5.8,12.4,14.2,2.048,1.636,4.6,7.0,0.8,2,52.0,3.25,1.0,5.4,3.6,15.2,11.8,1.762,0.9940000000000001,6.2,5.0,1.1999999999999993,-2.799999999999999,0.28600000000000003,-1.6000000000000005,-4.0,-0.6000000000000001
1213809,2024-10-06 15:00:00+00:00,61,2024,93,Reims,82,Montpellier,4,2,FT,4-2-3-1,4-2-3-1,4-2-3-1 vs 4-2-3-1,2,8,-6,0.8,2,42.2,1.8,,5.0,5.8,12.8,15.4,1.2,1.64,3.4,4.6,0.8,2,47.6,3.0,1.0,4.0,6.8,10.6,15.8,0.96,2.222,5.4,5.4,1.0,2.200000000000001,0.24,-2.0000000000000004,-5.399999999999999,0.0
1213802,2024-10-06 18:45:00+00:00,61,2024,84,Nice,85,Paris Saint Germain,1,1,FT,3-4-2-1,4-3-3,3-4-2-1 vs 4-3-3,4,3,1,0.6,3,50.4,2.4,0.3333333333333333,6.4,4.8,14.0,13.8,2.29,1.076,4.0,4.4,1.0,1,66.8,1.4,,7.8,3.2,18.8,8.2,2.7880000000000003,0.9620000000000001,6.2,2.6,-1.3999999999999995,-4.800000000000001,-0.4980000000000002,-2.2,-16.4,-0.4
1213815,2024-10-18 18:45:00+00:00,61,2024,91,Monaco,79,Lille,0,0,FT,4-2-3-1,4-2-3-1,4-2-3-1 vs 4-2-3-1,4,7,-3,0.4,4,57.8,2.0,0.0,5.0,3.2,14.2,11.2,2.066,1.0,5.8,4.8,0.6,3,59.4,2.0,,5.6,5.6,13.6,9.8,2.1159999999999997,1.72,5.6,3.0,-0.5999999999999996,0.5999999999999996,-0.04999999999999982,0.20000000000000018,-1.6000000000000014,-0.19999999999999996
1213817,2024-10-19 15:00:00+00:00,61,2024,106,Stade Brestois 29,94,Rennes,1,1,FT,4-3-3,3-4-2-1,4-3-3 vs 3-4-2-1,4,4,0,0.6,3,47.8,1.6,1.0,4.8,3.0,10.2,13.6,1.214,1.8900000000000001,3.2,5.0,0.4,3,46.8,1.8,,5.0,4.6,12.2,12.2,1.1400000000000001,1.182,5.2,4.0,-0.20000000000000018,-2.0,0.07399999999999984,-2.0,1.0,0.19999999999999996
1213816,2024-10-19 17:00:00+00:00,61,2024,1063,Saint Etienne,116,Lens,0,2,FT,4-3-3,3-4-2-1,4-3-3 vs 3-4-2-1,5,8,-3,0.6,3,40.8,2.4,0.0,3.0,6.2,8.4,16.8,1.098,2.336,3.0,5.8,0.8,2,54.2,3.75,1.0,4.6,4.2,13.6,11.2,1.366,1.0699999999999998,6.2,5.2,-1.5999999999999996,-5.199999999999999,-0.268,-3.2,-13.400000000000006,-0.20000000000000007
1213818,2024-10-19 19:00:00+00:00,61,2024,85,Paris Saint Germain,95,Strasbourg,4,2,FT,4-3-3,4-2-3-1,4-3-3 vs 4-2-3-1,3,7,-4,1.0,1,67.2,1.6,,7.4,3.2,17.2,8.2,2.2840000000000003,0.9059999999999999,7.2,3.2,0.4,4,43.4,2.4,,6.6,5.8,11.8,13.8,2.152,1.616,4.8,7.0,0.8000000000000007,5.399999999999999,0.13200000000000012,2.4000000000000004,23.800000000000004,0.6
1213812,2024-10-20 13:00:00+00:00,61,2024,111,Le Havre,80,Lyon,0,4,FT,3-1-4-2,4-3-3,3-1-4-2 vs 4-3-3,7,3,4,0.6,3,43.4,1.4,0.5,3.6,5.4,11.2,12.0,1.002,1.6420000000000001,4.2,4.0,0.6,3,54.8,2.5,0.0,6.2,5.6,14.2,11.4,2.038,1.276,7.4,4.4,-2.6,-3.0,-1.0359999999999998,-3.2,-11.399999999999999,0.0
1213810,2024-10-20 15:00:00+00:00,61,2024,108,Auxerre,93,Reims,2,1,FT,3-4-2-1,4-2-3-1,3-4-2-1 vs 4-2-3-1,4,4,0,0.4,4,46.8,3.0,1.0,3.8,6.2,11.4,15.2,1.1540000000000001,2.364,2.8,5.4,0.6,2,45.0,2.2,,5.4,4.2,13.8,13.2,1.6300000000000001,1.106,3.4,5.0,-1.6000000000000005,-2.4000000000000004,-0.476,-0.6000000000000001,1.7999999999999972,-0.19999999999999996
1213811,2024-10-20 15:00:00+00:00,61,2024,96,Toulouse,77,Angers,1,1,FT,4-2-3-1,4-2-3-1,4-2-3-1 vs 4-2-3-1,4,8,-4,1.0,1,44.4,2.0,1.0,3.2,3.2,9.6,7.8,1.426,0.702,4.0,4.0,0.8,2,46.0,1.6,0.5,3.2,6.2,10.8,14.0,1.028,1.7840000000000003,4.8,6.4,0.0,-1.200000000000001,0.3979999999999999,-0.7999999999999998,-1.6000000000000014,0.19999999999999996
1213813,2024-10-20 15:00:00+00:00,61,2024,83,Nantes,84,Nice,1,1,FT,4-3-3,3-4-2-1,4-3-3 vs 3-4-2-1,6,7,-1,1.0,1,45.0,2.6,1.0,4.4,3.6,12.6,9.4,1.262,1.316,6.4,4.8,0.6,2,44.6,1.8,0.3333333333333333,6.4,6.0,13.4,14.6,2.104,1.14,4.2,6.6,-2.0,-0.8000000000000007,-0.8420000000000001,2.2,0.3999999999999986,0.4
1213814,2024-10-20 18:45:00+00:00,61,2024,82,Montpellier,81,Marseille,0,5,FT,4-2-3-1,4-2-3-1,4-2-3-1 vs 4-2-3-1,8,6,2,1.0,1,51.8,3.2,1.0,4.0,5.6,11.0,14.0,0.9339999999999999,2.064,5.8,4.2,1.0,1,60.8,3.0,0.75,4.2,4.6,11.4,12.2,0.738,1.638,3.8,5.0,-0.20000000000000018,-0.40000000000000036,0.19599999999999995,2.0,-9.0,0.0
1213825,2024-10-25 18:45:00+00:00,61,2024,94,Rennes,111,Le Havre,1,0,FT,4-2-3-1,3-1-4-2,4-2-3-1 vs 3-1-4-2,2,6,-4,0.6,2,46.2,2.0,,4.8,3.6,10.8,12.4,1.214,1.198,5.0,3.8,0.4,3,41.2,1.8,1.0,2.2,6.4,8.2,13.8,0.548,2.07,4.6,4.8,2.5999999999999996,2.6000000000000014,0.6659999999999999,0.40000000000000036,5.0,0.19999999999999996
1213826,2024-10-26 15:00:00+00:00,61,2024,77,Angers,1063,Saint Etienne,4,2,FT,4-2-3-1,4-1-4-1,4-2-3-1 vs 4-1-4-1,7,6,1,1.0,1,42.0,1.2,1.0,2.6,5.6,9.6,14.8,1.02,1.73,4.4,6.6,0.8,2,37.6,1.6,0.0,3.2,5.4,10.2,15.0,1.2200000000000002,1.9560000000000002,3.0,5.8,-0.6000000000000001,-0.5999999999999996,-0.20000000000000018,1.4000000000000004,4.399999999999999,0.19999999999999996
1213827,2024-10-26 17:00:00+00:00,61,2024,93,Reims,106,Stade Brestois 29,1,2,FT,4-3-3,4-2-3-1,4-3-3 vs 4-2-3-1,4,1,3,0.6,2,47.2,2.4,,4.6,4.8,14.6,12.6,1.568,1.53,4.6,5.0,0.6,3,49.6,2.0,1.0,3.4,3.8,8.2,13.6,0.884,2.088,2.2,5.4,1.1999999999999997,6.4,0.684,2.3999999999999995,-2.3999999999999986,0.0
1213820,2024-10-26 19:00:00+00:00,61,2024,116,Lens,79,Lille,0,2,FT,3-4-1-2,4-2-3-1,3-4-1-2 vs 4-2-3-1,5,8,-3,0.6,3,59.0,3.25,1.0,4.8,3.8,13.8,11.4,1.162,1.02,6.2,4.2,0.8,2,60.8,2.4,0.0,5.0,5.0,12.6,10.4,1.886,1.4460000000000002,5.2,4.0,-0.20000000000000018,1.200000000000001,-0.724,1.0,-1.7999999999999972,-0.20000000000000007
1213822,2024-10-27 13:00:00+00:00,61,2024,80,Lyon,108,Auxerre,2,2,FT,4-3-3,3-4-2-1,4-3-3 vs 3-4-2-1,1,5,-4,0.4,3,57.6,2.75,0.0,5.4,4.2,13.4,9.8,1.998,0.8300000000000001,6.8,4.8,0.6,3,43.8,2.4,,4.8,5.2,12.0,13.8,1.6200000000000003,2.028,3.4,6.8,0.6000000000000005,1.4000000000000004,0.37799999999999967,3.4,13.800000000000004,-0.19999999999999996
1213819,2024-10-27 15:00:00+00:00,61,2024,84,Nice,91,Monaco,2,1,FT,3-4-2-1,4-2-3-1,3-4-2-1 vs 4-2-3-1,4,5,-1,0.6,2,47.0,1.2,0.0,6.0,6.0,13.2,14.0,1.8259999999999998,0.9540000000000001,4.4,6.6,0.4,4,55.8,2.0,0.5,5.2,2.6,14.2,9.4,2.1060000000000003,0.602,5.6,3.6,0.7999999999999998,-1.0,-0.28000000000000047,-1.1999999999999993,-8.799999999999997,0.19999999999999996
1213823,2024-10-27 15:00:00+00:00,61,2024,82,Montpellier,96,Toulouse,0,3,FT,4-1-4-1,3-4-3,4-1-4-1 vs 3-4-3,8,1,7,1.0,1,45.0,3.0,1.0,4.2,6.8,11.6,16.4,0.9879999999999999,2.44,4.8,4.0,0.8,2,52.8,1.6,,4.2,3.2,12.6,7.0,1.6219999999999999,0.8099999999999999,5.2,3.8,0.0,-1.0,-0.634,-0.40000000000000036,-7.799999999999997,0.19999999999999996
1213824,2024-10-27 15:00:00+00:00,61,2024,95,Strasbourg,83,Nantes,3,1,FT,3-4-1-2,4-2-3-1,3-4-1-2 vs 4-2-3-1,6,2,4,0.6,3,41.8,2.4,,6.6,5.4,12.0,13.4,2.0,1.73,5.4,6.2,0.8,2,47.2,2.6,1.0,5.0,4.2,13.0,10.0,1.064,1.302,6.6,4.8,1.5999999999999996,-1.0,0.9359999999999999,-1.1999999999999993,-5.400000000000006,-0.20000000000000007
1213821,2024-10-27 19:45:00+00:00,61,2024,81,Marseille,85,Paris Saint Germain,0,3,FT,4-2-3-1,4-3-3,4-2-3-1 vs 4-3-3,7,3,4,1.0,1,58.6,3.2,0.75,5.4,5.4,13.2,14.2,1.242,1.6779999999999997,3.6,5.2,1.0,1,66.8,1.6,,8.0,4.0,18.6,9.8,2.462,1.018,8.0,3.6,-2.5999999999999996,-5.400000000000002,-1.2200000000000002,-4.4,-8.199999999999996,0.0
1213830,2024-11-01 18:00:00+00:00,61,2024,91,Monaco,77,Angers,0,1,FT,4-4-2,4-2-3-1,4-4-2 vs 4-2-3-1,7,6,1,0.4,4,56.0,3.0,0.6666666666666666,4.4,3.8,12.6,10.2,1.4880000000000002,0.8160000000000001,5.6,4.6,1.0,1,40.6,1.2,1.0,3.8,6.0,9.8,16.6,1.428,1.5719999999999998,3.0,6.0,0.6000000000000005,2.799999999999999,0.060000000000000275,2.5999999999999996,15.399999999999999,-0.6
1213833,2024-11-01 20:00:00+00:00,61,2024,79,Lille,80,Lyon,1,1,FT,4-2-3-1,4-3-3,4-2-3-1 vs 4-3-3,9,3,6,1.0,1,55.0,3.2,0.0,4.8,4.8,11.4,10.6,1.9820000000000004,1.4140000000000001,4.2,5.2,0.6,3,61.0,2.2,0.0,6.4,4.4,14.2,11.2,2.2960000000000003,0.9279999999999999,6.2,4.8,-1.6000000000000005,-2.799999999999999,-0.31399999999999983,-2.0,-6.0,0.4
1213836,2024-11-02 16:00:00+00:00,61,2024,85,Paris Saint Germain,116,Lens,1,0,FT,4-3-3,3-4-3,4-3-3 vs 3-4-3,4,6,-2,1.0,1,68.4,1.2,0.0,7.8,3.6,18.0,9.8,2.506,0.868,6.6,3.6,0.6,3,59.8,3.4,1.0,4.6,3.8,13.6,12.0,1.17,1.252,6.8,3.0,3.2,4.4,1.3359999999999999,-0.20000000000000018,8.600000000000009,0.4
1213835,2024-11-02 18:00:00+00:00,61,2024,106,Stade Brestois 29,84,Nice,0,1,FT,4-3-3,3-4-2-1,4-3-3 vs 3-4-2-1,3,3,0,0.4,3,52.4,1.8,1.0,3.6,2.6,9.8,11.4,0.99,1.6700000000000004,2.6,5.0,0.8,2,46.2,1.2,0.0,7.0,6.0,14.2,14.2,1.7420000000000002,0.9000000000000001,5.2,7.6,-3.4,-4.399999999999999,-0.7520000000000002,-2.6,6.199999999999996,-0.4
1213834,2024-11-02 20:00:00+00:00,61,2024,1063,Saint Etienne,95,Strasbourg,2,0,FT,4-1-4-1,3-4-1-2,4-1-4-1 vs 3-4-1-2,5,5,0,0.8,2,43.4,2.0,0.0,3.6,6.2,12.0,14.2,1.264,2.3,3.2,4.8,0.6,3,41.8,2.0,,6.6,6.2,11.8,12.6,1.8940000000000001,1.698,5.2,5.2,-2.9999999999999996,0.1999999999999993,-0.6300000000000001,-2.0,1.6000000000000014,0.20000000000000007
1213829,2024-11-03 14:00:00+00:00,61,2024,96,Toulouse,93,Reims,1,0,FT,3-4-3,4-3-3,3-4-3 vs 4-3-3,1,5,-4,0.6,3,51.6,1.8,0.0,4.0,3.0,12.6,7.8,1.734,0.8099999999999999,4.6,3.0,0.6,2,46.8,2.8,,4.4,4.4,14.6,11.6,1.624,1.524,5.4,4.4,-0.40000000000000036,-2.0,0.10999999999999988,-0.8000000000000007,4.800000000000004,0.0
1213828,2024-11-03 16:00:00+00:00,61,2024,108,Auxerre,94,Rennes,4,0,FT,3-4-2-1,4-1-4-1,3-4-2-1 vs 4-1-4-1,5,2,3,0.6,3,43.0,2.6,,5.4,5.0,13.2,12.4,1.816,1.7399999999999998,4.2,6.6,0.6,3,48.2,2.2,0.0,4.4,3.0,12.6,11.0,1.274,1.2179999999999997,7.2,3.0,1.0,0.5999999999999996,0.542,-3.0,-5.200000000000003,0.0
1213831,2024-11-03 16:00:00+00:00,61,2024,111,Le Havre,82,Montpellier,1,0,FT,3-1-4-2,3-4-3,3-1-4-2 vs 3-4-3,8,8,0,0.6,3,39.8,2.4,1.0,1.8,5.8,8.2,14.8,0.5920000000000001,2.124,3.6,6.4,0.8,2,45.6,2.6,1.0,3.8,6.8,11.0,17.2,0.9639999999999999,2.558,4.2,4.0,-1.9999999999999998,-2.8000000000000007,-0.3719999999999998,-0.6000000000000001,-5.800000000000004,-0.20000000000000007
1213832,2024-11-03 19:45:00+00:00,61,2024,83,Nantes,81,Marseille,1,2,FT,4-2-3-1,4-2-3-1,4-2-3-1 vs 4-2-3-1,3,7,-4,0.8,2,48.0,2.6,1.0,5.0,4.4,11.0,9.6,0.9099999999999999,1.546,6.2,5.2,1.0,1,52.4,2.4,0.75,4.6,6.2,12.2,15.6,1.152,1.888,3.6,5.2,0.40000000000000036,-1.1999999999999993,-0.242,2.6,-4.399999999999999,-0.19999999999999996
1213837,2024-11-08 19:45:00+00:00,61,2024,81,Marseille,108,Auxerre,1,3,FT,4-2-3-1,3-4-2-1,4-2-3-1 vs 3-4-2-1,5,7,-2,1.0,1,59.8,2.0,0.6666666666666666,4.4,5.0,12.2,12.6,1.238,1.558,4.0,3.6,0.8,2,41.6,1.8,,5.8,4.8,14.2,11.0,2.12,1.492,3.8,6.0,-1.3999999999999995,-2.0,-0.8820000000000001,0.20000000000000018,18.199999999999996,0.19999999999999996
1213841,2024-11-09 16:00:00+00:00,61,2024,95,Strasbourg,91,Monaco,1,3,FT,3-4-3,4-2-3-1,3-4-3 vs 4-2-3-1,5,4,1,0.6,2,47.6,1.8,,5.4,5.4,11.2,12.2,1.354,1.6780000000000002,4.8,3.8,0.4,4,56.4,3.0,0.6666666666666666,4.2,4.0,12.4,10.6,1.37,0.7939999999999999,5.2,4.6,1.2000000000000002,-1.200000000000001,-0.016000000000000014,-0.40000000000000036,-8.799999999999997,0.19999999999999996
1213842,2024-11-09 18:00:00+00:00,61,2024,116,Lens,83,Nantes,3,2,FT,3-4-2-1,3-4-3,3-4-2-1 vs 3-4-3,6,4,2,0.4,4,54.0,3.4,1.0,4.6,4.2,14.2,13.4,1.224,1.5539999999999998,7.0,3.6,0.8,2,43.2,2.0,1.0,5.0,5.0,10.6,10.6,1.058,1.6199999999999999,5.4,5.6,-0.40000000000000036,3.5999999999999996,0.16599999999999993,1.5999999999999996,10.799999999999997,-0.4
1213845,2024-11-09 20:00:00+00:00,61,2024,77,Angers,85,Paris Saint Germain,2,4,FT,4-2-3-1,4-3-3,4-2-3-1 vs 4-3-3,5,4,1,1.0,1,37.8,1.2,1.0,4.2,6.0,11.0,17.0,1.35,1.7260000000000002,3.2,5.6,1.0,1,66.6,1.2,0.0,8.6,3.8,19.4,10.8,2.7640000000000002,0.9720000000000001,7.0,3.8,-4.3999999999999995,-8.399999999999999,-1.4140000000000001,-3.8,-28.799999999999997,0.0
1213844,2024-11-10 14:00:00+00:00,61,2024,84,Nice,79,Lille,2,2,FT,3-4-3,4-3-3,3-4-3 vs 4-3-3,3,9,-6,1.0,1,41.6,1.6,0.0,5.2,6.8,13.0,15.8,1.1,1.0400000000000003,5.0,8.4,1.0,1,51.6,3.4,0.0,3.8,3.6,11.2,11.0,1.766,1.016,3.2,6.0,1.4000000000000004,1.8000000000000007,-0.6659999999999999,1.7999999999999998,-10.0,0.0
1213839,2024-11-10 16:00:00+00:00,61,2024,82,Montpellier,106,Stade Brestois 29,3,1,FT,4-2-3-1,4-3-3,4-2-3-1 vs 4-3-3,8,1,7,0.6,3,45.2,2.2,1.0,3.0,6.4,11.2,17.4,0.758,2.7399999999999998,4.0,3.4,0.6,2,56.6,1.6,1.0,3.8,3.0,11.4,11.6,1.1079999999999999,1.42,3.0,4.8,-0.7999999999999998,-0.20000000000000107,-0.34999999999999987,1.0,-11.399999999999999,0.0
1213840,2024-11-10 16:00:00+00:00,61,2024,111,Le Havre,93,Reims,0,3,FT,3-4-2-1,4-3-3,3-4-2-1 vs 4-3-3,6,2,4,0.8,2,41.8,2.2,1.0,2.2,5.2,9.0,15.4,0.914,1.9300000000000002,3.2,7.2,0.6,2,52.2,3.0,,4.6,4.8,15.6,12.0,1.78,1.3820000000000001,6.2,4.6,-2.3999999999999995,-6.6,-0.866,-3.0,-10.400000000000006,0.20000000000000007
1213843,2024-11-10 16:00:00+00:00,61,2024,94,Rennes,96,Toulouse,0,2,FT,4-2-3-1,3-4-2-1,4-2-3-1 vs 3-4-2-1,1,1,0,0.4,4,52.4,2.2,0.0,4.0,4.2,11.8,12.2,1.16,1.6640000000000001,8.0,3.0,0.4,3,50.4,1.6,0.0,5.0,2.4,13.0,8.8,1.3559999999999999,0.942,5.2,3.6,-1.0,-1.1999999999999993,-0.19599999999999995,2.8,2.0,0.0
1213838,2024-11-10 19:45:00+00:00,61,2024,80,Lyon,1063,Saint Etienne,1,0,FT,4-3-3,4-1-4-1,4-3-3 vs 4-1-4-1,1,4,-3,0.8,2,59.0,1.6,,5.2,3.8,12.6,12.2,1.9419999999999997,1.1039999999999999,6.0,5.0,0.6,2,42.2,2.2,0.0,3.8,4.4,13.0,12.4,1.73,1.46,3.2,4.8,1.4000000000000004,-0.40000000000000036,0.21199999999999974,2.8,16.799999999999997,0.20000000000000007
1213852,2024-11-22 18:00:00+00:00,61,2024,91,Monaco,106,Stade Brestois 29,3,2,FT,4-2-3-1,4-3-3,4-2-3-1 vs 4-3-3,5,4,1,0.6,3,55.0,2.6,1.0,4.4,3.6,12.0,9.8,1.498,0.776,4.4,4.4,0.6,2,57.6,1.8,1.0,4.2,3.8,13.6,11.4,1.134,1.4,3.8,5.0,0.20000000000000018,-1.5999999999999996,0.3640000000000001,0.6000000000000005,-2.6000000000000014,0.0
1213846,2024-11-22 20:00:00+00:00,61,2024,85,Paris Saint Germain,96,Toulouse,3,0,FT,4-2-3-1,3-4-2-1,4-2-3-1 vs 3-4-2-1,5,1,4,1.0,1,68.2,1.6,0.0,9.4,3.4,20.0,10.4,2.854,0.8780000000000001,7.4,4.2,0.4,3,48.0,1.4,0.0,4.6,2.4,12.8,9.4,1.46,0.958,5.2,3.8,4.800000000000001,7.199999999999999,1.3940000000000001,2.2,20.200000000000003,0.6
1213847,2024-11-23 16:00:00+00:00,61,2024,116,Lens,81,Marseille,1,3,FT,3-4-2-1,3-5-2,3-4-2-1 vs 3-5-2,7,7,0,0.4,3,56.6,3.2,1.0,3.8,4.0,12.8,12.2,1.424,1.6079999999999999,6.0,3.0,1.0,1,62.8,2.4,0.6666666666666666,4.8,5.0,14.0,11.8,1.656,1.6800000000000002,4.4,2.6,-1.0,-1.1999999999999993,-0.23199999999999998,1.5999999999999996,-6.199999999999996,-0.6
1213849,2024-11-23 18:00:00+00:00,61,2024,1063,Saint Etienne,82,Montpellier,1,0,FT,5-4-1,4-2-3-1,5-4-1 vs 4-2-3-1,4,8,-4,0.6,2,42.0,2.2,,4.4,5.2,14.0,12.6,1.6619999999999997,1.334,3.6,4.6,0.6,3,44.8,2.6,1.0,3.8,6.2,12.2,17.0,1.076,2.276,4.2,3.6,0.6000000000000005,1.8000000000000007,0.5859999999999996,-0.6000000000000001,-2.799999999999997,0.0
1213854,2024-11-23 20:00:00+00:00,61,2024,93,Reims,80,Lyon,1,1,FT,4-2-3-1,4-2-3-1,4-2-3-1 vs 4-2-3-1,6,3,3,0.6,2,51.8,3.2,,4.0,4.8,15.0,11.2,1.7279999999999998,1.484,6.8,5.2,0.8,2,60.4,1.8,,6.4,4.2,15.2,12.2,2.092,1.052,6.6,5.6,-2.4000000000000004,-0.1999999999999993,-0.3640000000000003,0.20000000000000018,-8.600000000000001,-0.20000000000000007
1213850,2024-11-24 14:00:00+00:00,61,2024,79,Lille,94,Rennes,1,0,FT,4-2-3-1,3-4-2-1,4-2-3-1 vs 3-4-2-1,6,2,4,0.8,2,50.6,3.6,0.0,3.0,3.8,10.2,13.0,1.386,1.3559999999999999,2.6,7.0,0.4,4,58.2,2.2,0.0,3.2,3.0,10.8,9.4,0.96,1.3459999999999999,8.2,2.4,-0.20000000000000018,-0.6000000000000014,0.42599999999999993,-5.6,-7.600000000000001,0.4
1213851,2024-11-24 16:00:00+00:00,61,2024,83,Nantes,111,Le Havre,0,2,FT,4-2-3-1,3-4-2-1,4-2-3-1 vs 3-4-2-1,3,7,-4,0.6,3,37.4,1.6,,5.0,5.0,9.2,12.6,0.982,2.0140000000000002,4.0,6.0,0.8,2,45.2,2.0,1.0,2.0,4.6,9.6,15.4,1.158,1.7440000000000002,4.6,7.6,3.0,-0.40000000000000036,-0.17599999999999993,-0.5999999999999996,-7.800000000000004,-0.20000000000000007
1213853,2024-11-24 16:00:00+00:00,61,2024,108,Auxerre,77,Angers,1,0,FT,3-4-2-1,4-2-3-1,3-4-2-1 vs 4-2-3-1,3,4,-1,1.0,1,39.2,1.8,,6.2,5.0,13.2,13.2,1.9900000000000002,1.85,4.0,6.4,1.0,1,33.2,1.2,1.0,4.2,6.4,10.2,18.0,1.332,1.8439999999999999,3.4,6.4,2.0,3.0,0.6580000000000001,0.6000000000000001,6.0,0.0
1213848,2024-11-24 19:45:00+00:00,61,2024,84,Nice,95,Strasbourg,2,1,FT,4-4-2,4-4-2,4-4-2 vs 4-4-2,5,5,0,0.8,2,41.2,1.6,0.0,5.4,6.6,13.4,14.0,1.2919999999999998,0.978,5.4,6.6,0.4,3,47.8,2.4,,4.6,6.4,9.4,14.0,1.25,2.3560000000000003,3.4,3.6,0.8000000000000007,4.0,0.041999999999999815,2.0000000000000004,-6.599999999999994,0.4
1213855,2024-11-29 19:45:00+00:00,61,2024,93,Reims,116,Lens,0,2,FT,4-3-3,4-2-3-1,4-3-3 vs 4-2-3-1,5,5,0,0.6,2,50.2,3.0,,4.2,5.6,14.2,11.8,1.3239999999999998,1.7239999999999998,6.8,4.8,0.6,3,53.0,3.0,1.0,4.2,3.8,13.6,12.6,1.7700000000000002,1.6019999999999999,6.2,2.4,0.0,0.5999999999999996,-0.4460000000000004,0.5999999999999996,-2.799999999999997,0.0
1213856,2024-11-30 16:00:00+00:00,61,2024,94,Rennes,1063,Saint Etienne,5,0,FT,3-4-2-1,5-4-1,3-4-2-1 vs 5-4-1,2,5,-3,0.4,3,56.0,2.2,0.0,2.8,3.0,8.8,9.4,0.8459999999999999,1.3119999999999998,6.8,2.2,0.6,3,40.2,2.2,,4.2,5.2,13.6,12.6,1.4140000000000001,1.366,3.6,6.0,-1.4000000000000004,-4.799999999999999,-0.5680000000000003,3.1999999999999997,15.799999999999997,-0.19999999999999996
1213859,2024-11-30 18:00:00+00:00,61,2024,106,Stade Brestois 29,95,Strasbourg,3,1,FT,4-2-3-1,4-2-3-1,4-2-3-1 vs 4-2-3-1,4,6,-2,0.8,2,56.4,1.4,,4.4,4.4,14.4,10.6,1.192,1.7280000000000002,5.2,3.6,0.4,4,49.6,2.0,,4.2,6.4,9.8,14.6,1.066,2.582,4.2,3.4,0.20000000000000018,4.6,0.1259999999999999,1.0,6.799999999999997,0.4
1213861,2024-11-30 20:00:00+00:00,61,2024,85,Paris Saint Germain,83,Nantes,1,1,FT,4-3-3,5-3-2,4-3-3 vs 5-3-2,2,1,1,0.8,2,68.6,1.4,0.0,9.2,3.2,19.6,11.0,2.8259999999999996,1.0859999999999999,5.8,4.2,0.6,3,44.0,1.6,,4.6,4.8,10.6,10.6,0.9800000000000001,1.52,4.2,5.2,4.6,9.000000000000002,1.8459999999999996,1.5999999999999996,24.599999999999994,0.20000000000000007
1213860,2024-12-01 14:00:00+00:00,61,2024,82,Montpellier,79,Lille,2,2,FT,4-2-3-1,4-2-3-1,4-2-3-1 vs 4-2-3-1,7,5,2,0.6,3,47.8,2.6,1.0,3.8,6.0,12.4,15.6,1.1660000000000001,1.968,5.6,3.8,0.8,2,49.6,3.6,0.0,2.8,3.4,9.2,12.0,1.146,1.17,2.4,6.4,1.0,3.200000000000001,0.02000000000000024,3.1999999999999997,-1.8000000000000043,-0.20000000000000007
1213857,2024-12-01 16:00:00+00:00,61,2024,111,Le Havre,77,Angers,0,1,FT,3-4-2-1,4-2-3-1,3-4-2-1 vs 4-2-3-1,5,4,1,0.6,2,41.8,2.2,1.0,2.8,4.8,8.2,17.4,1.108,1.768,3.2,9.4,1.0,1,38.8,1.4,,4.6,6.8,10.2,16.8,1.342,1.784,3.2,5.0,-1.7999999999999998,-2.0,-0.23399999999999999,0.0,3.0,-0.4
1213858,2024-12-01 16:00:00+00:00,61,2024,96,Toulouse,108,Auxerre,2,0,FT,3-4-2-1,5-4-1,3-4-2-1 vs 5-4-1,1,3,-2,0.4,3,45.0,1.4,0.0,4.4,3.4,13.2,10.8,1.5159999999999998,0.868,5.0,4.4,1.0,1,37.2,2.4,,6.8,5.0,13.0,12.6,1.95,1.48,3.6,5.8,-2.3999999999999995,0.1999999999999993,-0.43400000000000016,1.4,7.799999999999997,-0.6
1213863,2024-12-01 16:00:00+00:00,61,2024,80,Lyon,84,Nice,4,1,FT,4-3-3,4-3-3,4-3-3 vs 4-3-3,1,9,-8,0.8,2,60.0,1.6,,6.6,4.2,14.4,12.8,1.7759999999999998,1.0779999999999998,5.8,4.6,0.6,3,46.2,1.8,0.0,5.8,5.4,14.8,12.2,1.6460000000000001,0.7819999999999999,5.2,5.0,0.7999999999999998,-0.40000000000000036,0.12999999999999967,0.5999999999999996,13.799999999999997,0.20000000000000007
1213862,2024-12-01 19:45:00+00:00,61,2024,81,Marseille,91,Monaco,2,1,FT,3-4-2-1,4-2-3-1,3-4-2-1 vs 4-2-3-1,6,4,2,0.8,2,58.6,2.2,0.5,4.8,5.8,12.8,13.0,1.72,2.0580000000000003,2.6,3.2,0.8,2,57.0,2.2,1.0,4.8,3.8,13.0,9.4,1.922,0.834,4.0,4.0,0.0,-0.1999999999999993,-0.20199999999999996,-1.4,1.6000000000000014,0.0
1213868,2024-12-06 18:00:00+00:00,61,2024,79,Lille,106,Stade Brestois 29,3,1,FT,4-2-3-1,4-2-3-1,4-2-3-1 vs 4-2-3-1,6,5,1,0.8,2,51.4,3.6,1.0,3.4,3.6,11.2,11.4,1.5399999999999998,1.2179999999999997,2.6,6.6,0.6,2,52.8,1.6,,5.6,4.4,14.2,11.8,1.3900000000000001,1.7,5.6,3.4,-2.1999999999999997,-3.0,0.1499999999999997,-2.9999999999999996,-1.3999999999999986,0.20000000000000007
1213865,2024-12-06 20:00:00+00:00,61,2024,108,Auxerre,85,Paris Saint Germain,0,0,FT,3-4-2-1,4-3-3,3-4-2-1 vs 4-3-3,3,2,1,0.8,2,39.8,2.5,,5.2,5.8,11.8,12.0,1.392,1.7299999999999998,3.0,5.2,0.8,2,74.2,1.25,0.0,9.2,2.0,20.8,8.8,2.6740000000000004,0.8240000000000001,6.6,3.8,-3.999999999999999,-9.0,-1.2820000000000005,-3.5999999999999996,-34.400000000000006,0.0
1213872,2024-12-07 16:00:00+00:00,61,2024,91,Monaco,96,Toulouse,2,0,FT,4-2-3-1,3-4-2-1,4-2-3-1 vs 3-4-2-1,4,1,3,0.8,2,54.2,2.2,1.0,4.8,4.4,11.6,10.6,1.8799999999999997,1.172,3.4,4.8,0.6,2,42.0,1.25,0.0,4.6,2.6,12.0,10.0,1.5879999999999999,0.616,4.6,4.4,0.20000000000000018,-0.40000000000000036,0.2919999999999998,-1.1999999999999997,12.200000000000003,0.20000000000000007
1213864,2024-12-07 18:00:00+00:00,61,2024,84,Nice,111,Le Havre,2,1,FT,4-3-1-2,3-5-1-1,4-3-1-2 vs 3-5-1-1,9,3,6,0.4,4,44.0,2.0,0.0,5.8,5.6,15.4,13.2,1.908,1.2559999999999998,4.4,5.2,0.6,2,45.4,2.0,1.0,2.8,3.8,7.8,16.8,1.044,1.654,2.8,9.0,3.0,7.6000000000000005,0.8639999999999999,1.6000000000000005,-1.3999999999999986,-0.19999999999999996
1213867,2024-12-07 20:00:00+00:00,61,2024,77,Angers,80,Lyon,0,3,FT,4-2-3-1,4-3-3,4-2-3-1 vs 4-3-3,3,2,1,1.0,1,40.8,0.6,,4.4,5.8,11.2,14.2,1.496,1.424,3.6,3.8,0.8,2,58.2,1.0,,6.6,5.4,14.4,14.6,1.8039999999999998,1.4120000000000001,5.6,4.6,-2.1999999999999993,-3.200000000000001,-0.30799999999999983,-1.9999999999999996,-17.400000000000006,0.19999999999999996
1213869,2024-12-08 14:00:00+00:00,61,2024,116,Lens,82,Montpellier,2,0,FT,4-2-3-1,3-4-1-2,4-2-3-1 vs 3-4-1-2,4,8,-4,0.4,4,50.0,3.0,1.0,4.4,4.2,13.2,12.8,1.8900000000000001,1.616,5.0,2.6,0.6,3,49.2,3.2,1.0,3.8,4.8,12.0,14.0,1.222,1.7400000000000002,6.4,3.8,0.6000000000000005,1.1999999999999993,0.6680000000000001,-1.4000000000000004,0.7999999999999972,-0.19999999999999996
1213870,2024-12-08 16:00:00+00:00,61,2024,95,Strasbourg,93,Reims,0,0,FT,4-2-3-1,4-2-3-1,4-2-3-1 vs 4-2-3-1,5,5,0,0.4,4,53.2,2.0,,3.4,6.0,9.0,13.2,0.8779999999999999,2.3760000000000003,3.8,3.2,0.8,2,47.8,2.6,,4.2,5.2,14.4,12.0,1.278,1.506,5.6,4.0,-0.8000000000000003,-5.4,-0.40000000000000013,-1.7999999999999998,5.400000000000006,-0.4
1213871,2024-12-08 16:00:00+00:00,61,2024,83,Nantes,94,Rennes,1,0,FT,5-3-2,3-4-2-1,5-3-2 vs 3-4-2-1,1,2,-1,0.6,3,38.8,1.5,,3.6,5.4,9.4,12.8,1.012,1.8960000000000001,4.0,5.4,0.4,3,61.6,1.8,0.0,3.8,2.6,11.2,7.4,1.286,1.04,7.2,2.0,-0.19999999999999973,-1.799999999999999,-0.274,-3.2,-22.800000000000004,0.19999999999999996
1213866,2024-12-08 19:45:00+00:00,61,2024,1063,Saint Etienne,81,Marseille,0,2,FT,5-4-1,3-4-2-1,5-4-1 vs 3-4-2-1,8,6,2,0.6,2,38.4,2.2,1.0,4.0,6.0,11.0,13.6,1.28,1.794,3.4,5.8,0.6,3,58.2,1.6,1.0,3.6,5.6,10.4,11.8,1.436,2.024,3.2,3.2,0.3999999999999999,0.5999999999999996,-0.15599999999999992,0.19999999999999973,-19.800000000000004,0.0
1213877,2024-12-13 19:45:00+00:00,61,2024,96,Toulouse,1063,Saint Etienne,2,1,FT,3-4-2-1,3-5-2,3-4-2-1 vs 3-5-2,1,9,-8,0.8,2,40.8,1.25,,4.0,3.2,10.2,12.0,1.3139999999999998,1.22,4.6,4.6,0.6,2,33.0,1.8,1.0,3.0,6.4,7.8,15.2,1.0180000000000002,1.704,2.8,7.2,1.0,2.3999999999999995,0.2959999999999996,1.7999999999999998,7.799999999999997,0.20000000000000007
1213880,2024-12-14 16:00:00+00:00,61,2024,81,Marseille,79,Lille,1,1,FT,3-4-2-1,4-2-3-1,3-4-2-1 vs 4-2-3-1,5,5,0,0.4,3,67.0,1.6,,5.4,4.4,13.6,8.6,1.8939999999999997,1.436,4.8,2.8,0.8,2,55.4,2.8,1.0,4.0,3.4,11.0,10.6,1.698,1.1300000000000001,2.6,5.2,1.4000000000000004,2.5999999999999996,0.19599999999999973,2.1999999999999997,11.600000000000001,-0.4
1213876,2024-12-14 18:00:00+00:00,61,2024,108,Auxerre,116,Lens,2,2,FT,3-4-2-1,4-2-3-1,3-4-2-1 vs 4-2-3-1,5,5,0,0.8,2,37.8,2.0,,4.4,6.4,9.2,14.4,1.142,1.8219999999999998,2.6,7.2,0.4,3,49.4,2.6,1.0,4.2,4.4,14.4,12.0,1.9260000000000002,1.4919999999999998,4.6,2.8,0.20000000000000018,-5.200000000000001,-0.7840000000000003,-1.9999999999999996,-11.600000000000001,0.4
1213875,2024-12-14 20:00:00+00:00,61,2024,93,Reims,91,Monaco,0,0,FT,4-2-3-1,3-4-2-1,4-2-3-1 vs 3-4-2-1,5,7,-2,0.6,2,47.6,2.4,,4.2,4.8,14.2,10.8,1.342,1.366,4.6,4.0,0.8,2,53.8,1.6,,4.8,3.2,13.2,8.4,2.446,0.9480000000000001,2.6,4.2,-0.5999999999999996,1.0,-1.104,1.9999999999999996,-6.199999999999996,-0.20000000000000007
1213878,2024-12-15 14:00:00+00:00,61,2024,82,Montpellier,84,Nice,2,2,FT,4-2-3-1,4-1-4-1,4-2-3-1 vs 4-1-4-1,4,9,-5,0.6,3,47.8,3.6,1.0,4.2,4.2,11.6,14.4,1.4,1.6179999999999999,6.8,4.4,0.2,5,46.2,2.2,,5.0,5.0,15.4,13.4,1.988,1.378,4.2,5.6,-0.7999999999999998,-3.8000000000000007,-0.5880000000000001,2.5999999999999996,1.5999999999999943,0.39999999999999997
1213873,2024-12-15 16:00:00+00:00,61,2024,94,Rennes,77,Angers,2,0,FT,3-5-1-1,4-2-3-1,3-5-1-1 vs 4-2-3-1,3,3,0,0.6,3,60.2,1.6,0.5,3.6,2.8,8.2,9.2,1.0459999999999998,1.1920000000000002,5.4,3.0,1.0,1,39.6,0.4,,3.2,6.4,10.6,13.6,1.0299999999999998,1.536,3.6,4.6,0.3999999999999999,-2.4000000000000004,0.016000000000000014,1.8000000000000003,20.6,-0.4
1213874,2024-12-15 16:00:00+00:00,61,2024,111,Le Havre,95,Strasbourg,0,3,FT,3-3-3-1,4-4-2,3-3-3-1 vs 4-4-2,5,3,2,0.6,3,47.4,1.6,,3.0,4.0,9.2,16.2,1.16,1.7419999999999998,4.4,7.2,0.4,4,52.6,1.8,,2.8,5.4,8.6,13.6,0.692,2.446,3.4,2.8,0.20000000000000018,0.5999999999999996,0.46799999999999997,1.0000000000000004,-5.200000000000003,0.19999999999999996
1213879,2024-12-15 16:00:00+00:00,61,2024,106,Stade Brestois 29,83,Nantes,4,1,FT,4-3-1-2,5-3-2,4-3-1-2 vs 5-3-2,6,1,5,0.6,2,51.0,1.4,,5.4,5.0,13.0,11.6,1.2200000000000002,2.044,5.2,2.4,0.4,3,38.2,1.0,0.0,2.8,5.0,10.6,12.0,1.098,1.6280000000000001,4.2,5.4,2.6000000000000005,2.4000000000000004,0.12200000000000011,1.0,12.799999999999997,0.19999999999999996
1213881,2024-12-15 19:45:00+00:00,61,2024,85,Paris Saint Germain,80,Lyon,3,1,FT,4-3-3,4-1-4-1,4-3-3 vs 4-1-4-1,2,0,2,0.8,2,73.8,1.5,0.0,9.8,2.2,21.8,9.0,2.556,0.8379999999999999,9.2,4.2,0.8,2,58.4,1.4,,7.0,4.6,15.2,12.8,1.8,1.23,6.0,4.0,2.8000000000000007,6.600000000000001,0.756,3.1999999999999993,15.399999999999999,0.0
1213882,2024-12-18 20:00:00+00:00,61,2024,91,Monaco,85,Paris Saint Germain,2,4,FT,4-2-3-1,4-3-3,4-2-3-1 vs 4-3-3,8,3,5,0.8,2,53.6,2.0,,4.8,2.6,13.8,8.0,2.428,1.158,2.6,3.6,0.8,2,73.6,1.75,,9.4,2.4,20.8,7.8,2.556,0.9640000000000001,8.6,4.0,-4.6000000000000005,-7.0,-0.1280000000000001,-6.0,-19.999999999999993,0.0
1213890,2025-01-03 20:00:00+00:00,61,2024,84,Nice,94,Rennes,3,2,FT,4-2-3-1,3-4-2-1,4-2-3-1 vs 3-4-2-1,7,2,5,0.2,5,48.6,2.2,,5.6,5.4,16.6,14.4,1.908,1.5679999999999998,4.6,6.2,0.6,3,57.0,1.8,0.5,3.6,1.2,8.2,6.6,0.998,0.706,4.2,2.6,1.9999999999999996,8.400000000000002,0.9099999999999999,0.39999999999999947,-8.399999999999999,-0.39999999999999997
1213885,2025-01-04 16:00:00+00:00,61,2024,1063,Saint Etienne,93,Reims,3,1,FT,4-3-3,4-3-3,4-3-3 vs 4-3-3,7,4,3,0.6,3,38.2,2.2,1.0,2.8,6.6,5.8,15.6,0.592,1.8800000000000001,3.0,7.0,0.6,2,45.2,2.0,,3.8,4.2,13.2,11.0,1.426,1.45,3.4,3.6,-1.0,-7.3999999999999995,-0.834,-0.3999999999999999,-7.0,0.0
1213887,2025-01-04 18:00:00+00:00,61,2024,79,Lille,83,Nantes,1,1,FT,4-2-3-1,4-1-4-1,4-2-3-1 vs 4-1-4-1,6,2,4,0.8,2,54.8,2.8,0.5,4.6,3.4,10.2,9.6,1.652,1.136,3.4,4.0,0.6,3,42.6,1.5,0.0,3.6,5.8,12.4,12.8,1.0559999999999998,1.782,4.8,4.4,0.9999999999999996,-2.200000000000001,0.5960000000000001,-1.4,12.199999999999996,0.20000000000000007
1213883,2025-01-04 20:00:00+00:00,61,2024,80,Lyon,82,Montpellier,1,0,FT,4-3-3,3-4-2-1,4-3-3 vs 3-4-2-1,2,8,-6,0.6,3,54.2,1.8,,7.0,5.4,13.8,12.6,1.8439999999999999,1.472,4.8,4.0,0.8,2,47.8,3.6,1.0,5.6,4.6,12.8,15.6,1.592,1.4060000000000001,6.6,4.8,1.4000000000000004,1.0,0.2519999999999998,-1.7999999999999998,6.400000000000006,-0.20000000000000007
1213884,2025-01-05 14:00:00+00:00,61,2024,116,Lens,96,Toulouse,0,1,FT,4-2-3-1,3-4-2-1,4-2-3-1 vs 3-4-2-1,8,2,6,0.6,2,55.4,2.0,,4.8,3.4,15.0,10.4,2.082,1.032,4.8,2.0,1.0,1,38.4,2.0,,3.6,3.2,9.8,10.0,1.42,1.1059999999999999,3.8,3.8,1.1999999999999997,5.199999999999999,0.6619999999999999,1.0,17.0,-0.4
1213886,2025-01-05 14:00:00+00:00,61,2024,77,Angers,106,Stade Brestois 29,2,0,FT,4-2-3-1,4-3-3,4-2-3-1 vs 4-3-3,3,5,-2,1.0,1,43.4,0.4,,2.6,6.6,9.2,12.8,1.0100000000000002,1.3699999999999999,3.0,4.2,0.4,3,48.6,2.0,,5.8,5.8,12.4,12.4,1.4140000000000001,1.97,4.0,3.0,-3.1999999999999997,-3.200000000000001,-0.4039999999999999,-1.0,-5.200000000000003,0.6
1213889,2025-01-05 14:00:00+00:00,61,2024,95,Strasbourg,108,Auxerre,3,1,FT,4-4-2,3-4-3,4-4-2 vs 3-4-3,5,6,-1,0.4,3,48.4,1.8,,3.2,5.0,8.6,13.0,0.784,2.0879999999999996,3.2,3.0,0.8,2,37.8,2.75,,3.4,6.6,8.0,16.2,0.7,1.9839999999999995,2.6,6.6,-0.19999999999999973,0.5999999999999996,0.08400000000000007,0.6000000000000001,10.600000000000001,-0.4
1213888,2025-01-05 19:45:00+00:00,61,2024,81,Marseille,111,Le Havre,5,1,FT,3-4-2-1,3-5-2,3-4-2-1 vs 3-5-2,6,4,2,0.6,3,63.4,1.6,1.0,5.2,4.8,13.6,9.2,1.904,1.452,4.4,4.0,0.6,3,49.0,1.2,,2.4,4.8,8.8,15.0,0.8960000000000001,1.738,4.6,5.6,2.8000000000000003,4.799999999999999,1.0079999999999998,-0.1999999999999993,14.399999999999999,0.0
1213892,2025-01-10 18:00:00+00:00,61,2024,83,Nantes,91,Monaco,2,2,FT,4-1-4-1,3-4-2-1,4-1-4-1 vs 3-4-2-1,2,3,-1,0.6,3,42.0,2.0,0.0,3.4,5.8,11.8,12.4,1.0379999999999998,1.422,4.6,3.6,0.8,2,50.0,2.0,,4.2,4.6,13.0,10.4,2.146,1.3539999999999999,2.4,5.2,-0.8000000000000003,-1.1999999999999993,-1.108,2.1999999999999997,-8.0,-0.20000000000000007
1213893,2025-01-10 20:05:00+00:00,61,2024,108,Auxerre,79,Lille,0,0,FT,5-4-1,4-2-3-1,5-4-1 vs 4-2-3-1,6,6,0,0.6,3,40.6,2.75,,3.6,6.4,8.8,14.6,0.592,1.95,2.6,6.4,1.0,1,57.6,2.6,0.5,4.0,2.8,10.2,7.4,1.5539999999999998,0.9800000000000001,3.4,2.8,-0.3999999999999999,-1.3999999999999986,-0.9619999999999999,-0.7999999999999998,-17.0,-0.4
1213897,2025-01-11 16:00:00+00:00,61,2024,106,Stade Brestois 29,80,Lyon,2,1,FT,4-3-1-2,4-1-4-1,4-3-1-2 vs 4-1-4-1,5,2,3,0.4,3,47.6,2.0,,5.4,4.6,11.0,11.0,1.4240000000000002,1.832,3.4,2.8,0.6,3,53.4,1.4,,6.0,5.4,12.8,13.8,1.8800000000000001,1.5699999999999998,4.0,3.8,-0.5999999999999996,-1.8000000000000007,-0.45599999999999996,-0.6000000000000001,-5.799999999999997,-0.19999999999999996
1213894,2025-01-11 18:00:00+00:00,61,2024,93,Reims,84,Nice,2,4,FT,4-2-3-1,4-2-3-1,4-2-3-1 vs 4-2-3-1,3,4,-1,0.6,2,45.6,1.4,,2.6,4.4,11.8,11.8,1.1179999999999999,1.568,3.8,3.2,0.2,5,49.2,2.4,1.0,5.8,5.2,15.0,13.8,1.786,1.5739999999999998,4.0,6.4,-3.1999999999999997,-3.1999999999999993,-0.6680000000000001,-0.20000000000000018,-3.6000000000000014,0.39999999999999997
1213899,2025-01-11 20:05:00+00:00,61,2024,94,Rennes,81,Marseille,1,2,FT,3-4-2-1,3-4-2-1,3-4-2-1 vs 3-4-2-1,3,5,-2,0.8,2,54.4,1.8,0.3333333333333333,4.4,2.0,8.8,6.6,1.24,0.714,3.8,2.6,0.8,2,62.6,1.2,1.0,6.0,3.8,12.8,8.0,2.032,1.158,4.2,3.4,-1.5999999999999996,-4.0,-0.792,-0.40000000000000036,-8.200000000000003,0.0
1213895,2025-01-12 14:00:00+00:00,61,2024,111,Le Havre,116,Lens,1,2,FT,4-4-1-1,4-2-3-1,4-4-1-1 vs 4-2-3-1,1,6,-5,0.4,4,44.0,1.0,,2.0,5.2,7.6,14.4,0.66,1.8539999999999999,3.0,5.0,0.8,2,55.0,2.6,1.0,4.4,3.6,14.8,10.2,1.766,1.154,5.0,2.0,-2.4000000000000004,-7.200000000000001,-1.1059999999999999,-2.0,-11.0,-0.4
1213891,2025-01-12 16:15:00+00:00,61,2024,96,Toulouse,95,Strasbourg,1,2,FT,3-4-2-1,4-4-1-1,3-4-2-1 vs 4-4-1-1,3,4,-1,1.0,1,38.6,2.25,0.0,4.0,3.2,9.6,11.4,1.534,1.2879999999999998,3.4,4.2,0.6,2,52.0,1.0,,3.6,4.8,9.8,12.0,1.1099999999999999,1.586,3.8,3.2,0.3999999999999999,-0.20000000000000107,0.42400000000000015,-0.3999999999999999,-13.399999999999999,0.4
1213896,2025-01-12 16:15:00+00:00,61,2024,82,Montpellier,77,Angers,1,3,FT,4-1-4-1,4-2-3-1,4-1-4-1 vs 4-2-3-1,4,3,1,0.6,3,49.6,3.0,1.0,5.2,3.8,13.2,14.2,1.332,1.4900000000000002,7.0,4.0,1.0,1,45.0,0.8,,2.4,5.0,8.6,10.0,1.16,0.866,2.2,3.4,2.8000000000000003,4.6,0.17200000000000015,4.8,4.600000000000001,-0.4
1213898,2025-01-12 19:45:00+00:00,61,2024,85,Paris Saint Germain,1063,Saint Etienne,2,1,FT,4-3-3,4-3-3,4-3-3 vs 4-3-3,1,5,-4,0.8,2,71.6,1.0,,9.4,2.8,19.0,8.8,2.21,1.254,8.8,3.0,0.6,3,41.2,2.2,1.0,2.4,5.4,6.6,14.4,0.9,1.8679999999999997,3.0,7.4,7.0,12.4,1.31,5.800000000000001,30.39999999999999,0.20000000000000007
1213905,2025-01-17 18:00:00+00:00,61,2024,82,Montpellier,91,Monaco,2,1,FT,5-3-2,4-2-3-1,5-3-2 vs 4-2-3-1,6,4,2,0.4,4,47.8,3.2,1.5,5.2,4.6,12.6,16.2,1.402,1.9540000000000002,5.4,3.6,0.6,2,53.4,1.6,,4.8,4.6,14.0,10.0,2.324,1.3080000000000003,4.2,4.2,0.40000000000000036,-1.4000000000000004,-0.9219999999999999,1.2000000000000002,-5.600000000000001,-0.19999999999999996
1213902,2025-01-17 20:05:00+00:00,61,2024,79,Lille,84,Nice,2,1,FT,4-2-3-1,4-2-3-1,4-2-3-1 vs 4-2-3-1,6,5,1,1.0,1,61.2,2.8,0.3333333333333333,4.6,3.2,11.8,9.2,1.766,1.108,4.8,3.4,0.4,4,47.4,2.4,1.0,6.8,5.2,15.0,14.2,1.8559999999999999,1.668,3.8,6.2,-2.2,-3.1999999999999993,-0.08999999999999986,1.0,13.800000000000004,0.6
1213901,2025-01-18 16:00:00+00:00,61,2024,116,Lens,85,Paris Saint Germain,1,2,FT,5-3-2,3-4-3,5-3-2 vs 3-4-3,4,5,-1,1.0,1,60.0,2.4,1.0,4.4,3.6,16.6,9.8,1.78,1.31,5.4,2.6,1.0,1,68.8,1.0,,9.6,3.0,20.6,8.2,2.7920000000000003,1.024,8.8,2.6,-5.199999999999999,-4.0,-1.0120000000000002,-3.4000000000000004,-8.799999999999997,0.0
1213908,2025-01-18 18:00:00+00:00,61,2024,94,Rennes,106,Stade Brestois 29,1,2,FT,3-4-2-1,4-2-2-2,3-4-2-1 vs 4-2-2-2,2,4,-2,0.8,2,52.2,1.8,0.3333333333333333,5.0,3.0,9.0,8.2,1.53,0.9640000000000001,3.6,2.6,0.4,3,44.6,1.8,,5.8,4.4,10.8,11.0,1.4300000000000002,1.5779999999999998,2.6,3.8,-0.7999999999999998,-1.8000000000000007,0.09999999999999987,1.0,7.600000000000001,0.4
1213903,2025-01-18 20:05:00+00:00,61,2024,80,Lyon,96,Toulouse,0,0,FT,4-3-3,3-4-2-1,4-3-3 vs 3-4-2-1,1,3,-2,0.6,2,54.8,1.8,,5.2,5.4,12.2,13.2,1.8259999999999998,1.582,5.0,3.8,1.0,1,43.8,2.0,0.0,4.6,2.0,11.2,9.6,1.504,1.5260000000000002,3.0,3.2,0.6000000000000005,1.0,0.32199999999999984,2.0,11.0,-0.4
1213904,2025-01-19 14:00:00+00:00,61,2024,1063,Saint Etienne,83,Nantes,1,1,FT,4-3-3,4-1-4-1,4-3-3 vs 4-1-4-1,6,3,3,0.4,3,42.8,2.0,1.0,2.2,6.6,6.0,17.2,0.65,2.492,2.6,6.6,0.6,2,34.0,2.25,0.0,3.4,6.2,10.2,14.0,1.0260000000000002,1.9780000000000002,3.2,5.4,-1.1999999999999997,-4.199999999999999,-0.3760000000000002,-0.6000000000000001,8.799999999999997,-0.19999999999999996
1213906,2025-01-19 16:15:00+00:00,61,2024,93,Reims,111,Le Havre,1,1,FT,4-2-3-1,4-4-2,4-2-3-1 vs 4-4-2,4,3,1,0.6,2,48.6,1.8,,2.0,5.0,11.4,12.2,1.074,1.7220000000000002,4.2,3.4,0.2,5,44.2,1.2,,1.8,5.8,7.8,15.8,0.8960000000000001,2.2380000000000004,3.2,4.6,0.19999999999999996,3.6000000000000005,0.17799999999999994,1.0,4.399999999999999,0.39999999999999997
1213907,2025-01-19 16:15:00+00:00,61,2024,77,Angers,108,Auxerre,2,0,FT,4-2-3-1,5-4-1,4-2-3-1 vs 5-4-1,2,3,-1,1.0,1,43.0,1.0,0.0,3.0,4.4,10.8,9.6,1.746,1.008,2.4,3.6,0.4,3,36.8,1.75,1.0,3.0,6.4,9.4,15.2,0.638,2.0680000000000005,3.4,8.0,0.0,1.4000000000000004,1.108,-1.0,6.200000000000003,0.6
1213900,2025-01-19 19:45:00+00:00,61,2024,81,Marseille,95,Strasbourg,1,1,FT,3-4-2-1,4-1-4-1,3-4-2-1 vs 4-1-4-1,6,3,3,1.0,1,64.4,1.0,1.0,6.6,3.2,13.4,5.8,2.122,0.9400000000000001,4.8,2.6,0.4,3,52.2,1.8,,3.4,4.8,9.4,12.8,1.516,1.4100000000000001,2.8,3.0,3.1999999999999997,4.0,0.6059999999999999,2.0,12.200000000000003,0.6
1213914,2025-01-24 19:45:00+00:00,61,2024,108,Auxerre,1063,Saint Etienne,1,1,FT,5-4-1,4-3-3,5-4-1 vs 4-3-3,5,8,-3,0.4,3,37.4,1.6,1.0,3.8,5.8,10.6,15.2,0.7539999999999999,1.7879999999999998,3.4,7.6,0.6,3,52.2,2.2,,2.6,5.6,8.0,15.2,0.792,2.0900000000000003,3.8,6.8,1.1999999999999997,2.5999999999999996,-0.038000000000000145,-0.3999999999999999,-14.800000000000004,-0.19999999999999996
1213911,2025-01-25 16:00:00+00:00,61,2024,91,Monaco,94,Rennes,3,2,FT,4-2-3-1,3-4-2-1,4-2-3-1 vs 3-4-2-1,3,4,-1,0.6,2,59.4,1.8,,6.2,4.6,17.8,10.6,2.4899999999999998,1.402,6.8,4.0,0.8,2,51.4,2.2,0.5,5.0,3.6,9.8,9.8,1.15,1.1400000000000001,3.2,3.2,1.2000000000000002,8.0,1.3399999999999999,3.5999999999999996,8.0,-0.20000000000000007
1213909,2025-01-25 18:00:00+00:00,61,2024,95,Strasbourg,79,Lille,2,1,FT,4-2-3-1,3-4-2-1,4-2-3-1 vs 3-4-2-1,5,7,-2,0.4,4,45.8,2.0,,3.2,3.8,8.4,14.2,1.472,1.502,2.8,4.0,1.0,1,60.6,2.0,0.0,4.6,2.8,11.4,9.2,1.5459999999999998,1.4,5.8,3.4,-1.3999999999999995,-3.0,-0.07399999999999984,-3.0,-14.800000000000004,-0.6
1213916,2025-01-25 20:05:00+00:00,61,2024,85,Paris Saint Germain,93,Reims,1,1,FT,4-3-3,4-2-3-1,4-3-3 vs 4-2-3-1,1,4,-3,0.8,2,65.4,1.2,,9.0,3.6,17.6,9.2,2.492,1.038,7.2,3.2,0.8,2,49.2,2.0,,2.0,4.2,10.4,11.4,1.06,1.546,4.8,4.4,7.0,7.200000000000001,1.432,2.4000000000000004,16.200000000000003,0.0
1213913,2025-01-26 14:00:00+00:00,61,2024,111,Le Havre,106,Stade Brestois 29,0,1,FT,4-2-3-1,4-2-3-1,4-2-3-1 vs 4-2-3-1,5,5,0,0.2,5,42.0,1.2,,2.0,5.8,8.2,15.4,1.05,1.9639999999999997,4.0,5.0,0.4,4,43.4,1.8,,4.8,5.4,10.6,13.0,1.1360000000000001,1.6659999999999997,2.6,4.0,-2.8,-2.4000000000000004,-0.08600000000000008,1.4,-1.3999999999999986,-0.2
1213910,2025-01-26 16:15:00+00:00,61,2024,83,Nantes,80,Lyon,1,1,FT,4-2-3-1,4-3-3,4-2-3-1 vs 4-3-3,3,1,2,0.6,2,35.8,2.0,0.0,3.8,4.6,10.8,11.6,1.166,1.596,4.0,5.0,0.6,2,56.6,1.8,,4.2,4.8,11.2,12.6,1.402,1.3960000000000001,5.6,4.0,-0.40000000000000036,-0.3999999999999986,-0.236,-1.5999999999999996,-20.800000000000004,0.0
1213912,2025-01-26 16:15:00+00:00,61,2024,96,Toulouse,82,Montpellier,1,2,FT,3-4-2-1,4-3-1-2,3-4-2-1 vs 4-3-1-2,4,4,0,1.0,1,41.2,1.6,0.0,4.0,2.6,11.4,11.0,1.284,1.65,2.8,4.4,0.2,5,46.0,2.6,2.0,5.0,6.0,12.8,18.8,1.59,1.8800000000000001,4.8,6.4,-1.0,-1.4000000000000004,-0.30600000000000005,-2.0,-4.799999999999997,0.8
1213915,2025-01-26 16:15:00+00:00,61,2024,116,Lens,77,Angers,1,0,FT,5-3-2,4-2-3-1,5-3-2 vs 4-2-3-1,4,3,1,0.8,2,57.0,2.4,1.0,4.2,4.4,16.4,8.4,1.56,1.386,6.4,2.2,1.0,1,43.8,1.4,0.0,3.2,5.0,10.6,10.6,1.502,1.114,2.4,3.6,1.0,5.799999999999999,0.05800000000000005,4.0,13.200000000000003,-0.19999999999999996
1213917,2025-01-26 19:45:00+00:00,61,2024,84,Nice,81,Marseille,2,0,FT,3-4-2-1,3-4-2-1,3-4-2-1 vs 3-4-2-1,5,5,0,0.6,3,47.0,2.6,1.0,6.0,4.4,14.0,13.2,2.0100000000000002,1.3199999999999998,4.4,6.6,1.0,1,65.8,1.6,1.0,6.4,3.0,15.2,5.8,2.318,0.8959999999999999,5.6,2.6,-0.40000000000000036,-1.1999999999999993,-0.30799999999999983,-1.1999999999999993,-18.799999999999997,-0.4
1213920,2025-01-31 19:45:00+00:00,61,2024,82,Montpellier,116,Lens,0,2,FT,4-3-1-2,5-3-2,4-3-1-2 vs 5-3-2,3,7,-4,0.2,5,43.6,2.4,2.0,5.0,6.6,12.6,18.4,1.486,1.8220000000000003,4.6,6.4,0.6,2,59.0,2.2,1.0,4.4,3.6,16.2,7.4,1.688,1.198,6.0,2.4,0.5999999999999996,-3.5999999999999996,-0.20199999999999996,-1.4000000000000004,-15.399999999999999,-0.39999999999999997
1213919,2025-02-01 16:00:00+00:00,61,2024,106,Stade Brestois 29,85,Paris Saint Germain,2,5,FT,4-2-3-1,4-3-3,4-2-3-1 vs 4-3-3,4,3,1,0.4,4,47.0,2.2,,6.0,4.4,12.6,13.2,1.416,1.3559999999999999,3.6,4.8,0.8,2,66.4,1.4,,8.2,3.8,16.4,9.2,2.24,1.174,5.8,2.8,-2.1999999999999993,-3.799999999999999,-0.8240000000000003,-2.1999999999999997,-19.400000000000006,-0.4
1213926,2025-02-01 18:00:00+00:00,61,2024,91,Monaco,108,Auxerre,4,2,FT,4-2-3-1,5-4-1,4-2-3-1 vs 5-4-1,3,2,1,0.6,2,58.2,2.0,,7.2,5.0,18.0,12.2,2.55,1.654,7.2,3.8,0.6,3,39.4,1.6,1.0,4.4,4.2,11.6,12.0,0.8639999999999999,1.52,3.4,5.4,2.8,6.4,1.686,3.8000000000000003,18.800000000000004,0.0
1213921,2025-02-01 20:05:00+00:00,61,2024,79,Lille,1063,Saint Etienne,4,1,FT,4-2-3-1,4-3-3,4-2-3-1 vs 4-3-3,7,5,2,0.8,2,59.8,2.2,0.0,4.6,3.6,12.4,10.0,1.396,1.482,6.8,4.4,0.8,2,58.6,2.0,,2.8,4.6,9.0,13.2,0.9940000000000001,1.7559999999999998,4.6,5.6,1.7999999999999998,3.4000000000000004,0.4019999999999998,2.2,1.1999999999999957,0.0
1213924,2025-02-02 14:00:00+00:00,61,2024,96,Toulouse,84,Nice,1,1,FT,3-4-2-1,3-4-2-1,3-4-2-1 vs 3-4-2-1,4,4,0,1.0,1,46.2,1.4,0.0,4.6,2.4,13.2,8.4,1.3780000000000001,1.12,3.4,4.4,0.6,3,42.6,2.2,1.0,6.0,5.2,13.4,14.4,1.8299999999999996,1.284,4.6,7.4,-1.4000000000000004,-0.20000000000000107,-0.4519999999999995,-1.1999999999999997,3.6000000000000014,0.4
1213922,2025-02-02 16:15:00+00:00,61,2024,93,Reims,83,Nantes,1,2,FT,4-2-3-1,4-3-3,4-2-3-1 vs 4-3-3,4,4,0,0.8,2,43.2,2.0,,2.0,5.2,9.6,13.6,1.032,1.636,4.6,5.4,0.6,3,34.0,2.4,,4.4,4.8,9.4,13.6,1.1800000000000002,1.7399999999999998,3.8,5.6,-2.4000000000000004,0.1999999999999993,-0.14800000000000013,0.7999999999999998,9.200000000000003,0.20000000000000007
1213923,2025-02-02 16:15:00+00:00,61,2024,77,Angers,111,Le Havre,1,1,FT,4-2-3-1,4-1-4-1,4-2-3-1 vs 4-1-4-1,3,4,-1,1.0,1,43.6,1.6,0.0,2.8,3.8,9.0,10.6,1.408,1.09,2.8,3.0,0.2,5,41.0,1.2,,1.8,6.6,8.0,15.4,1.04,1.968,3.6,5.2,0.9999999999999998,1.0,0.3679999999999999,-0.8000000000000003,2.6000000000000014,0.8
1213925,2025-02-02 16:15:00+00:00,61,2024,94,Rennes,95,Strasbourg,1,0,FT,3-4-3,3-4-3,3-4-3 vs 3-4-3,2,5,-3,0.8,2,50.2,2.6,0.0,5.4,5.2,11.6,11.0,1.4259999999999997,1.6079999999999999,2.6,3.0,0.4,4,44.6,2.6,,4.2,4.4,9.2,15.2,1.5239999999999998,1.6320000000000001,3.4,5.0,1.2000000000000002,2.4000000000000004,-0.09800000000000009,-0.7999999999999998,5.600000000000001,0.4
1213918,2025-02-02 19:45:00+00:00,61,2024,81,Marseille,80,Lyon,3,2,FT,3-4-2-1,4-2-3-1,3-4-2-1 vs 4-2-3-1,5,1,4,1.0,1,66.2,1.6,1.0,5.6,3.6,14.6,8.0,1.982,1.0899999999999999,6.2,3.8,0.6,2,56.4,1.6,,3.0,5.4,11.0,12.0,1.2180000000000002,1.5219999999999998,5.8,4.4,2.5999999999999996,3.5999999999999996,0.7639999999999998,0.40000000000000036,9.800000000000004,0.4
1213928,2025-02-07 18:00:00+00:00,61,2024,83,Nantes,106,Stade Brestois 29,0,2,FT,4-3-3,4-3-3,4-3-3 vs 4-3-3,4,3,1,0.6,3,33.6,2.4,0.0,4.2,3.6,8.4,13.6,1.334,1.55,3.4,7.4,0.4,4,43.4,1.8,,5.8,4.4,12.8,12.8,1.192,1.8439999999999999,4.4,5.2,-1.5999999999999996,-4.4,0.14200000000000013,-1.0000000000000004,-9.799999999999997,0.19999999999999996
1213932,2025-02-07 20:05:00+00:00,61,2024,85,Paris Saint Germain,91,Monaco,4,1,FT,4-3-3,4-4-2,4-3-3 vs 4-4-2,2,4,-2,0.8,2,66.0,1.0,,8.4,4.6,16.6,10.6,2.382,1.0559999999999998,6.4,3.0,0.8,2,57.0,1.8,,7.8,6.4,17.4,13.0,2.814,1.6480000000000001,7.4,4.4,0.6000000000000005,-0.7999999999999972,-0.43199999999999994,-1.0,9.0,0.0
1213935,2025-02-08 16:00:00+00:00,61,2024,84,Nice,116,Lens,2,0,FT,3-4-2-1,5-3-2,3-4-2-1 vs 5-3-2,3,6,-3,0.6,2,42.4,2.2,1.0,5.4,4.4,12.4,13.2,1.9440000000000002,1.184,4.2,7.0,0.6,2,56.8,2.6,1.0,4.4,3.4,16.8,8.2,1.782,1.248,6.0,2.6,1.0,-4.4,0.16200000000000014,-1.7999999999999998,-14.399999999999999,0.0
1213930,2025-02-08 18:00:00+00:00,61,2024,79,Lille,111,Le Havre,1,2,FT,4-2-3-1,4-1-4-1,4-2-3-1 vs 4-1-4-1,5,6,-1,0.8,2,64.4,1.8,0.0,6.2,3.4,16.2,10.0,1.7899999999999998,1.65,6.6,4.0,0.2,5,38.0,2.0,1.0,2.6,6.2,8.6,17.0,1.282,2.066,3.4,5.6,3.6,7.6,0.5079999999999998,3.1999999999999997,26.400000000000006,0.6000000000000001
1213931,2025-02-08 20:05:00+00:00,61,2024,1063,Saint Etienne,94,Rennes,0,2,FT,4-3-3,3-4-2-1,4-3-3 vs 3-4-2-1,5,5,0,1.0,1,53.0,1.4,1.0,2.8,6.4,10.2,16.8,1.3119999999999998,2.156,4.2,6.6,0.8,2,50.2,2.6,0.0,5.2,5.8,12.8,11.8,1.496,1.7739999999999998,3.4,3.2,-2.4000000000000004,-2.6000000000000014,-0.18400000000000016,0.8000000000000003,2.799999999999997,0.19999999999999996
1213933,2025-02-09 14:00:00+00:00,61,2024,80,Lyon,93,Reims,4,0,FT,4-2-3-1,4-3-3,4-2-3-1 vs 4-3-3,1,5,-4,0.6,3,57.2,1.2,,3.2,6.4,11.6,13.4,1.2760000000000002,1.594,5.6,4.8,0.8,2,46.6,2.6,1.0,2.4,5.8,10.6,13.0,0.9380000000000001,1.7600000000000002,6.2,5.2,0.8000000000000003,1.0,0.3380000000000002,-0.6000000000000005,10.600000000000001,-0.20000000000000007
1213927,2025-02-09 16:15:00+00:00,61,2024,108,Auxerre,96,Toulouse,2,2,FT,3-4-2-1,3-4-2-1,3-4-2-1 vs 3-4-2-1,2,3,-1,0.8,2,40.2,1.4,1.0,5.2,4.4,12.0,11.0,1.0439999999999998,1.722,3.6,5.4,1.0,1,49.0,1.2,0.0,4.6,2.6,14.0,10.4,1.3900000000000001,1.3539999999999999,4.4,4.2,0.6000000000000005,-2.0,-0.3460000000000003,-0.8000000000000003,-8.799999999999997,-0.19999999999999996
1213929,2025-02-09 16:15:00+00:00,61,2024,95,Strasbourg,82,Montpellier,2,0,FT,3-4-2-1,3-4-1-2,3-4-2-1 vs 3-4-1-2,3,4,-1,0.2,5,46.8,3.0,,3.8,4.8,8.8,15.8,1.5639999999999996,1.642,3.4,5.6,0.4,4,43.2,3.0,2.0,3.8,6.4,11.2,18.6,1.258,2.0140000000000002,3.6,6.6,0.0,-2.3999999999999986,0.3059999999999996,-0.20000000000000018,3.5999999999999943,-0.2
1213934,2025-02-09 19:45:00+00:00,61,2024,77,Angers,81,Marseille,0,2,FT,4-2-3-1,3-4-1-2,4-2-3-1 vs 3-4-1-2,4,5,-1,1.0,1,44.4,1.8,0.3333333333333333,3.4,4.0,11.8,11.8,1.6320000000000001,1.3920000000000001,3.4,3.0,1.0,1,67.8,2.2,,7.2,3.4,16.8,8.0,2.376,1.152,6.8,2.6,-3.8000000000000003,-5.0,-0.7439999999999998,-3.4,-23.4,0.0
1213940,2025-02-14 19:45:00+00:00,61,2024,106,Stade Brestois 29,108,Auxerre,2,2,FT,4-2-3-1,4-2-3-1,4-2-3-1 vs 4-2-3-1,4,4,0,0.4,4,39.2,2.0,,6.2,4.4,12.4,14.4,1.4979999999999998,1.7079999999999997,4.4,7.2,0.8,2,43.0,1.2,1.0,4.4,4.2,11.0,10.2,0.9480000000000001,1.42,3.6,5.6,1.7999999999999998,1.4000000000000004,0.5499999999999997,0.8000000000000003,-3.799999999999997,-0.4
1213937,2025-02-15 16:00:00+00:00,61,2024,81,Marseille,1063,Saint Etienne,5,1,FT,3-4-1-2,4-3-3,3-4-1-2 vs 4-3-3,3,3,0,0.8,2,69.4,2.4,,7.4,3.2,17.4,8.2,2.224,1.16,7.4,2.8,1.0,1,53.0,1.2,1.0,2.6,8.0,9.2,18.8,0.9640000000000001,2.684,3.4,5.6,4.800000000000001,8.2,1.2600000000000002,4.0,16.400000000000006,-0.19999999999999996
1213944,2025-02-15 18:00:00+00:00,61,2024,91,Monaco,83,Nantes,7,1,FT,4-2-3-1,5-3-2,4-2-3-1 vs 5-3-2,3,3,0,0.6,3,56.2,1.4,,7.4,5.4,16.2,12.8,2.518,1.9220000000000002,7.4,2.8,0.4,3,39.6,2.6,0.0,4.2,4.2,10.2,13.0,1.2879999999999998,1.814,5.8,7.8,3.2,6.0,1.23,1.6000000000000005,16.6,0.19999999999999996
1213936,2025-02-15 20:05:00+00:00,61,2024,96,Toulouse,85,Paris Saint Germain,0,1,FT,5-4-1,4-3-3,5-4-1 vs 4-3-3,1,3,-2,1.0,1,51.4,1.0,,4.4,3.0,13.8,9.4,1.166,1.252,5.2,3.4,0.8,2,66.8,1.2,,7.4,4.2,16.4,9.4,2.656,0.76,4.8,3.0,-3.0,-2.599999999999998,-1.4900000000000002,0.40000000000000036,-15.399999999999999,0.19999999999999996
1213938,2025-02-16 14:00:00+00:00,61,2024,82,Montpellier,80,Lyon,1,4,FT,4-3-1-2,4-2-3-1,4-3-1-2 vs 4-2-3-1,8,2,6,0.4,4,43.0,3.4,2.0,3.0,7.2,10.2,20.6,1.3900000000000001,2.294,3.0,7.2,0.4,3,59.2,1.4,0.0,4.6,5.6,12.2,12.0,1.666,1.43,6.2,5.0,-1.5999999999999996,-2.0,-0.2759999999999998,-3.2,-16.200000000000003,0.0
1213939,2025-02-16 16:15:00+00:00,61,2024,116,Lens,95,Strasbourg,0,2,FT,4-2-3-1,3-4-2-1,4-2-3-1 vs 3-4-2-1,6,4,2,0.8,2,51.4,2.4,1.0,4.8,4.2,16.4,9.8,1.734,1.298,5.2,3.8,0.2,5,46.6,3.0,,4.2,3.8,11.0,15.2,1.6300000000000001,1.732,3.8,5.4,0.5999999999999996,5.399999999999999,0.10399999999999987,1.4000000000000004,4.799999999999997,0.6000000000000001
1213942,2025-02-16 16:15:00+00:00,61,2024,93,Reims,77,Angers,0,1,FT,4-3-3,4-2-3-1,4-3-3 vs 4-2-3-1,5,5,0,0.8,2,43.6,2.8,1.0,2.6,6.8,10.2,13.2,0.786,1.9759999999999998,5.6,5.2,1.0,1,41.2,1.6,0.3333333333333333,3.0,5.2,11.4,13.0,1.374,1.6900000000000002,3.2,3.6,-0.3999999999999999,-1.200000000000001,-0.5880000000000001,2.3999999999999995,2.3999999999999986,-0.19999999999999996
1213943,2025-02-16 16:15:00+00:00,61,2024,111,Le Havre,84,Nice,1,3,FT,4-1-4-1,3-4-2-1,4-1-4-1 vs 3-4-2-1,4,4,0,0.4,4,38.6,2.2,1.0,3.6,5.4,10.6,16.8,1.5999999999999999,1.7239999999999998,5.4,6.4,0.6,2,45.4,1.8,0.0,5.8,4.0,13.8,13.6,2.1,1.076,5.0,7.0,-2.1999999999999997,-3.200000000000001,-0.5000000000000002,0.40000000000000036,-6.799999999999997,-0.19999999999999996
1213941,2025-02-16 19:45:00+00:00,61,2024,94,Rennes,79,Lille,0,2,FT,3-4-2-1,4-2-3-1,3-4-2-1 vs 4-2-3-1,4,5,-1,0.8,2,48.8,3.0,,6.0,5.2,15.0,11.8,1.904,1.5699999999999998,3.6,3.0,0.8,2,63.6,2.0,0.0,6.6,4.2,16.4,11.6,1.8559999999999999,1.7920000000000003,7.8,6.0,-0.5999999999999996,-1.3999999999999986,0.04800000000000004,-4.199999999999999,-14.800000000000004,0.0
1213945,2025-02-21 19:45:00+00:00,61,2024,94,Rennes,93,Reims,1,0,FT,3-5-2,4-2-3-1,3-5-2 vs 4-2-3-1,6,7,-1,0.8,2,49.0,3.0,1.0,5.2,5.2,14.8,12.8,1.67,1.8739999999999999,4.0,4.0,0.6,2,45.2,2.4,1.0,2.8,5.4,11.0,12.2,0.9640000000000001,1.8039999999999998,4.6,5.4,2.4000000000000004,3.8000000000000007,0.7059999999999998,-0.5999999999999996,3.799999999999997,0.20000000000000007
1213947,2025-02-22 16:00:00+00:00,61,2024,79,Lille,91,Monaco,2,1,FT,4-4-2,4-2-3-1,4-4-2 vs 4-2-3-1,5,4,1,0.8,2,62.0,1.4,0.0,7.0,3.6,17.4,9.8,2.198,1.7200000000000002,7.4,5.6,0.8,2,55.4,1.6,0.0,8.2,5.0,17.6,12.0,2.688,1.996,7.0,2.4,-1.1999999999999993,-0.20000000000000284,-0.4900000000000002,0.40000000000000036,6.600000000000001,0.0
1213950,2025-02-22 18:00:00+00:00,61,2024,1063,Saint Etienne,77,Angers,3,3,FT,4-3-3,4-2-3-1,4-3-3 vs 4-2-3-1,3,6,-3,1.0,1,50.6,1.0,1.0,2.4,9.0,9.0,19.4,1.108,3.1559999999999997,3.4,7.0,1.0,1,40.2,1.4,0.5,2.0,5.4,9.2,14.6,0.9340000000000002,1.766,3.4,3.2,0.3999999999999999,-0.1999999999999993,0.17399999999999993,0.0,10.399999999999999,0.0
1213951,2025-02-22 20:05:00+00:00,61,2024,108,Auxerre,81,Marseille,3,0,FT,5-4-1,3-4-2-1,5-4-1 vs 3-4-2-1,3,3,0,0.6,3,44.4,1.6,1.0,5.0,4.4,10.6,11.2,1.014,1.562,3.2,4.8,0.6,2,70.8,2.2,,8.8,2.8,20.4,8.6,3.178,1.026,9.6,3.0,-3.8000000000000007,-9.799999999999999,-2.1639999999999997,-6.3999999999999995,-26.4,0.0
1213949,2025-02-23 14:00:00+00:00,61,2024,83,Nantes,116,Lens,3,1,FT,4-3-3,4-2-3-1,4-3-3 vs 4-2-3-1,5,6,-1,0.4,4,40.4,2.2,0.5,3.8,5.0,9.4,14.4,1.362,1.9840000000000004,5.4,7.4,0.8,2,48.6,2.8,1.0,3.4,4.4,12.8,10.8,1.248,1.3699999999999999,5.0,3.8,0.3999999999999999,-3.4000000000000004,0.1140000000000001,0.40000000000000036,-8.200000000000003,-0.4
1213946,2025-02-23 16:15:00+00:00,61,2024,111,Le Havre,96,Toulouse,1,4,FT,4-1-4-1,3-4-2-1,4-1-4-1 vs 3-4-2-1,2,2,0,0.6,3,42.4,2.2,0.5,3.6,4.6,11.8,13.6,1.342,1.45,6.0,5.2,0.8,2,45.4,1.2,,4.2,3.8,12.8,11.8,1.0939999999999999,1.27,5.6,3.4,-0.6000000000000001,-1.0,0.24800000000000022,0.40000000000000036,-3.0,-0.20000000000000007
1213948,2025-02-23 16:15:00+00:00,61,2024,95,Strasbourg,106,Stade Brestois 29,0,0,FT,3-4-2-1,4-2-3-1,3-4-2-1 vs 4-2-3-1,3,4,-1,0.4,4,46.0,2.6,0.0,4.8,2.8,12.0,12.8,1.6300000000000001,1.556,4.0,6.2,0.6,3,45.4,2.2,,6.2,5.0,13.8,14.6,1.72,1.652,4.8,6.6,-1.4000000000000004,-1.8000000000000007,-0.08999999999999986,-0.7999999999999998,0.6000000000000014,-0.19999999999999996
1213952,2025-02-23 16:15:00+00:00,61,2024,84,Nice,82,Montpellier,2,0,FT,3-4-2-1,5-3-2,3-4-2-1 vs 5-3-2,3,8,-5,0.8,2,46.6,1.8,0.5,4.4,4.2,12.6,14.0,1.89,1.058,4.8,7.0,0.6,3,38.8,2.8,,3.2,6.8,10.8,18.2,1.4100000000000001,1.722,3.8,7.4,1.2000000000000002,1.799999999999999,0.47999999999999976,1.0,7.800000000000004,0.20000000000000007
1213953,2025-02-23 19:45:00+00:00,61,2024,80,Lyon,85,Paris Saint Germain,2,3,FT,4-3-3,4-3-3,4-3-3 vs 4-3-3,0,2,-2,0.6,2,58.4,1.2,0.0,5.2,5.2,12.0,12.0,1.57,1.496,5.6,5.6,0.8,2,70.4,1.0,,6.8,4.4,15.4,10.6,2.33,0.8880000000000001,3.8,3.4,-1.5999999999999996,-3.4000000000000004,-0.76,1.7999999999999998,-12.000000000000007,-0.20000000000000007
1213961,2025-02-28 19:45:00+00:00,61,2024,91,Monaco,93,Reims,3,0,FT,4-2-3-1,5-3-2,4-2-3-1 vs 5-3-2,4,7,-3,0.8,2,53.4,1.6,0.0,6.6,5.4,15.0,11.4,2.786,1.736,5.0,1.8,0.6,2,42.4,2.4,1.3333333333333333,2.2,6.0,9.4,16.0,0.844,2.092,3.8,6.0,4.3999999999999995,5.6,1.9420000000000002,1.2000000000000002,11.0,0.20000000000000007
1213958,2025-03-01 16:00:00+00:00,61,2024,1063,Saint Etienne,84,Nice,1,3,FT,4-2-3-1,3-4-2-1,4-2-3-1 vs 3-4-2-1,2,3,-1,1.0,1,48.0,1.2,1.0,3.6,9.0,10.4,20.4,1.282,3.474,2.8,6.2,1.0,1,49.0,1.4,0.5,5.0,3.6,13.6,14.4,1.658,0.9460000000000001,5.0,6.6,-1.4,-3.1999999999999993,-0.3759999999999999,-2.2,-1.0,0.0
1213959,2025-03-01 18:00:00+00:00,61,2024,116,Lens,111,Le Havre,3,4,FT,5-3-2,4-4-2,5-3-2 vs 4-4-2,5,4,1,0.6,2,55.0,3.2,1.0,3.2,4.6,13.6,12.4,1.4580000000000002,2.006,6.0,4.0,0.8,2,44.2,1.8,0.6666666666666666,3.8,5.0,12.6,13.6,1.3080000000000003,1.77,5.8,4.6,-0.5999999999999996,1.0,0.1499999999999999,0.20000000000000018,10.799999999999997,-0.20000000000000007
1213954,2025-03-01 20:05:00+00:00,61,2024,85,Paris Saint Germain,79,Lille,4,1,FT,4-3-3,4-2-3-1,4-3-3 vs 4-2-3-1,0,3,-3,1.0,1,70.0,0.8,,7.0,4.8,16.6,11.4,2.5759999999999996,1.1,4.4,3.2,0.6,3,59.6,2.0,0.0,7.4,3.6,17.0,10.2,2.1959999999999997,1.6019999999999999,6.2,5.4,-0.40000000000000036,-0.3999999999999986,0.3799999999999999,-1.7999999999999998,10.399999999999999,0.4
1213956,2025-03-02 14:00:00+00:00,61,2024,80,Lyon,106,Stade Brestois 29,2,1,FT,4-2-3-1,4-4-1-1,4-2-3-1 vs 4-4-1-1,1,8,-7,0.6,2,53.0,1.2,0.0,6.0,6.0,12.6,12.4,1.778,1.7420000000000002,5.0,5.4,0.8,2,47.6,1.8,,6.0,3.4,14.2,10.8,1.634,1.4680000000000002,5.6,6.0,0.0,-1.5999999999999996,0.14400000000000013,-0.5999999999999996,5.399999999999999,-0.20000000000000007
1213957,2025-03-02 16:15:00+00:00,61,2024,82,Montpellier,94,Rennes,0,4,FT,5-3-2,3-5-2,5-3-2 vs 3-5-2,8,4,4,0.6,3,40.8,2.8,,2.6,5.8,11.0,16.2,1.0400000000000003,1.7060000000000002,4.0,5.8,0.6,3,47.2,2.8,0.5,4.4,4.6,15.6,11.4,1.8539999999999999,1.7119999999999997,5.0,3.6,-1.8000000000000003,-4.6,-0.8139999999999996,-1.0,-6.400000000000006,0.0
1213960,2025-03-02 16:15:00+00:00,61,2024,108,Auxerre,95,Strasbourg,0,1,FT,3-4-2-1,3-4-2-1,3-4-2-1 vs 3-4-2-1,2,3,-1,0.6,3,38.2,1.6,0.0,5.2,4.0,10.4,10.4,1.2659999999999998,1.5080000000000002,3.2,5.0,0.6,3,51.4,2.6,0.0,4.4,2.6,11.2,11.6,1.5779999999999998,1.084,3.6,6.0,0.7999999999999998,-0.7999999999999989,-0.31200000000000006,-0.3999999999999999,-13.199999999999996,0.0
1213962,2025-03-02 16:15:00+00:00,61,2024,77,Angers,96,Toulouse,0,4,FT,4-2-3-1,3-4-2-1,4-2-3-1 vs 3-4-2-1,7,5,2,1.0,1,38.2,1.0,1.0,2.0,6.2,9.4,16.4,1.3359999999999999,1.9639999999999997,3.2,3.6,0.8,2,47.0,1.6,0.0,4.4,3.8,12.4,11.8,1.324,1.2759999999999998,5.2,2.8,-2.4000000000000004,-3.0,0.011999999999999789,-2.0,-8.799999999999997,0.19999999999999996
1213955,2025-03-02 19:45:00+00:00,61,2024,81,Marseille,83,Nantes,2,0,FT,3-4-2-1,5-4-1,3-4-2-1 vs 5-4-1,5,6,-1,0.6,2,72.6,2.2,1.0,8.6,3.2,18.4,9.0,2.726,1.258,8.8,2.8,0.6,3,42.4,2.4,0.3333333333333333,4.6,5.4,11.2,14.8,1.9739999999999998,2.1740000000000004,4.4,8.2,4.0,7.199999999999999,0.7520000000000002,4.4,30.199999999999996,0.0
1213966,2025-03-07 19:45:00+00:00,61,2024,96,Toulouse,91,Monaco,1,1,FT,3-4-2-1,4-2-3-1,3-4-2-1 vs 4-2-3-1,5,5,0,0.8,2,44.4,2.0,0.0,5.8,3.2,13.2,11.6,1.8359999999999999,1.2299999999999998,5.8,3.2,0.8,2,54.2,1.25,0.0,6.4,5.4,15.6,10.4,2.866,1.508,5.6,1.8,-0.6000000000000005,-2.4000000000000004,-1.0300000000000002,0.20000000000000018,-9.800000000000004,0.0
1213970,2025-03-08 16:00:00+00:00,61,2024,94,Rennes,85,Paris Saint Germain,1,4,FT,3-4-2-1,4-3-3,3-4-2-1 vs 4-3-3,4,1,3,0.4,3,48.6,2.4,0.5,5.2,3.6,15.8,10.6,1.9920000000000002,1.3339999999999999,5.6,4.0,1.0,1,66.0,0.4,,7.8,4.6,18.2,11.4,3.0439999999999996,1.12,4.6,3.6,-2.5999999999999996,-2.3999999999999986,-1.0519999999999994,1.0,-17.4,-0.6
1213969,2025-03-08 18:00:00+00:00,61,2024,79,Lille,82,Montpellier,1,0,FT,4-3-3,5-4-1,4-3-3 vs 5-4-1,4,7,-3,0.8,2,56.4,2.0,0.0,6.6,4.4,15.2,13.2,2.058,2.1079999999999997,5.4,6.0,0.4,3,43.2,2.8,,2.8,6.4,13.0,16.2,1.2520000000000002,2.0020000000000002,4.8,5.6,3.8,2.1999999999999993,0.8059999999999996,0.6000000000000005,13.199999999999996,0.4
1213971,2025-03-08 20:05:00+00:00,61,2024,81,Marseille,116,Lens,0,1,FT,3-4-2-1,5-4-1,3-4-2-1 vs 5-4-1,6,9,-3,0.6,2,73.4,2.2,1.0,8.4,2.6,19.0,7.8,2.99,1.208,7.0,2.0,0.6,2,55.8,3.4,1.0,3.8,5.4,14.4,13.6,1.452,2.262,7.0,3.6,4.6000000000000005,4.6,1.5380000000000003,0.0,17.60000000000001,0.0
1213968,2025-03-09 14:00:00+00:00,61,2024,106,Stade Brestois 29,77,Angers,2,0,FT,4-4-1-1,4-2-3-1,4-4-1-1 vs 4-2-3-1,5,2,3,0.6,3,43.2,1.4,,5.2,4.0,13.8,10.6,1.624,1.5539999999999998,5.4,5.2,1.0,1,40.4,1.4,1.0,2.2,8.0,10.0,17.0,1.3739999999999999,2.29,3.2,4.6,3.0,3.8000000000000007,0.2500000000000002,2.2,2.8000000000000043,-0.4
1213963,2025-03-09 16:15:00+00:00,61,2024,111,Le Havre,1063,Saint Etienne,1,1,FT,4-2-3-1,4-2-3-1,4-2-3-1 vs 4-2-3-1,5,3,2,0.8,2,41.6,1.8,0.6666666666666666,4.4,4.6,12.0,14.2,1.404,1.736,5.0,5.2,0.8,2,47.8,1.6,1.0,3.6,9.8,11.2,21.4,1.226,3.688,2.6,6.4,0.8000000000000003,0.8000000000000007,0.17799999999999994,2.4,-6.199999999999996,0.0
1213964,2025-03-09 16:15:00+00:00,61,2024,93,Reims,108,Auxerre,0,2,FT,4-2-3-1,5-4-1,4-2-3-1 vs 5-4-1,6,3,3,0.4,3,46.8,2.5,1.3333333333333333,2.6,6.4,10.0,17.0,0.776,2.628,4.0,5.8,0.4,3,39.8,1.4,0.0,5.2,4.0,11.0,10.0,1.546,1.4640000000000002,3.6,4.8,-2.6,-1.0,-0.77,0.3999999999999999,7.0,0.0
1213965,2025-03-09 16:15:00+00:00,61,2024,83,Nantes,95,Strasbourg,0,1,FT,5-3-2,3-4-2-1,5-3-2 vs 3-4-2-1,5,7,-2,0.6,3,40.0,2.2,0.3333333333333333,4.0,5.6,11.4,16.0,1.8980000000000001,2.382,4.0,7.2,0.8,2,54.0,2.4,0.5,3.6,2.4,10.2,11.4,1.556,1.1800000000000002,3.0,5.6,0.3999999999999999,1.200000000000001,0.3420000000000001,1.0,-14.0,-0.20000000000000007
1213967,2025-03-09 19:45:00+00:00,61,2024,84,Nice,80,Lyon,0,2,FT,3-4-2-1,4-2-3-1,3-4-2-1 vs 4-2-3-1,3,0,3,1.0,1,50.8,1.4,0.5,5.8,3.0,14.0,13.2,1.814,0.958,4.6,4.8,0.8,2,53.6,1.4,0.0,6.0,6.0,11.6,14.0,1.834,1.89,3.8,5.6,-0.20000000000000018,2.4000000000000004,-0.020000000000000018,0.7999999999999998,-2.8000000000000043,0.19999999999999996
1213973,2025-03-14 19:45:00+00:00,61,2024,84,Nice,108,Auxerre,1,1,FT,3-4-3,5-4-1,3-4-3 vs 5-4-1,4,4,0,1.0,1,48.8,1.2,0.5,6.0,3.2,15.0,11.8,1.764,0.8779999999999999,6.0,3.8,0.4,3,39.8,1.2,0.0,5.6,3.6,11.2,11.2,1.6780000000000002,1.25,5.2,5.0,0.40000000000000036,3.8000000000000007,0.08599999999999985,0.7999999999999998,9.0,0.6
1213979,2025-03-15 16:00:00+00:00,61,2024,83,Nantes,79,Lille,1,0,FT,4-3-3,4-2-3-1,4-3-3 vs 4-2-3-1,6,5,1,0.4,3,38.6,1.8,0.5,3.2,5.4,11.4,15.2,1.6780000000000002,2.37,4.0,7.2,0.6,3,58.4,2.2,0.0,5.6,4.6,13.0,13.4,1.6840000000000004,1.752,5.4,6.0,-2.3999999999999995,-1.5999999999999996,-0.006000000000000227,-1.4000000000000004,-19.799999999999997,-0.19999999999999996
1213980,2025-03-15 18:00:00+00:00,61,2024,77,Angers,91,Monaco,0,2,FT,4-2-3-1,4-2-3-1,4-2-3-1 vs 4-2-3-1,7,5,2,1.0,1,38.6,1.2,,1.8,8.4,8.0,18.2,1.152,2.59,3.6,5.4,0.8,2,52.8,1.5,0.0,5.8,4.6,16.0,9.6,2.8280000000000003,1.326,5.6,1.6,-4.0,-8.0,-1.6760000000000004,-1.9999999999999996,-14.199999999999996,0.19999999999999996
1213977,2025-03-15 20:05:00+00:00,61,2024,116,Lens,94,Rennes,1,0,FT,3-4-3,3-5-2,3-4-3 vs 3-5-2,5,5,0,0.4,3,50.6,3.0,1.0,3.2,6.2,11.2,13.8,1.21,2.2979999999999996,6.0,4.2,0.6,2,46.0,2.2,0.5,5.2,4.8,15.8,13.0,2.16,1.866,5.0,4.0,-2.0,-4.600000000000001,-0.9500000000000002,1.0,4.600000000000001,-0.19999999999999996
1213976,2025-03-16 14:00:00+00:00,61,2024,80,Lyon,111,Le Havre,4,2,FT,4-2-3-1,4-2-3-1,4-2-3-1 vs 4-2-3-1,0,6,-6,0.8,2,59.0,1.6,0.0,6.2,4.6,11.2,13.6,1.698,1.53,3.8,6.2,0.6,3,42.8,1.4,0.5,4.8,4.6,12.0,13.2,1.4060000000000001,1.7420000000000002,5.6,5.6,1.4000000000000004,-0.8000000000000007,0.2919999999999998,-1.7999999999999998,16.200000000000003,0.20000000000000007
1213974,2025-03-16 16:15:00+00:00,61,2024,82,Montpellier,1063,Saint Etienne,0,2,FT,4-2-3-1,4-3-3,4-2-3-1 vs 4-3-3,7,3,4,0.4,4,37.8,2.6,,3.0,7.0,12.2,16.0,1.152,1.8940000000000001,4.2,6.0,0.6,2,51.8,2.0,,3.8,8.6,11.8,18.2,1.1059999999999999,3.4219999999999997,3.6,6.0,-0.7999999999999998,0.3999999999999986,0.04600000000000004,0.6000000000000001,-14.0,-0.19999999999999996
1213975,2025-03-16 16:15:00+00:00,61,2024,106,Stade Brestois 29,93,Reims,0,0,FT,4-3-3,4-5-1,4-3-3 vs 4-5-1,7,6,1,0.4,3,46.4,1.4,,5.2,2.8,14.8,9.2,2.164,0.9099999999999999,5.8,5.0,0.4,3,47.4,1.75,1.5,3.0,7.0,10.8,17.4,0.8779999999999999,2.672,3.4,7.6,2.2,4.0,1.2860000000000003,2.4,-1.0,0.0
1213978,2025-03-16 16:15:00+00:00,61,2024,95,Strasbourg,96,Toulouse,2,1,FT,3-4-2-1,3-4-2-1,3-4-2-1 vs 3-4-2-1,6,4,2,1.0,1,55.2,2.0,0.5,3.2,2.2,10.6,11.0,1.514,1.1620000000000001,4.4,5.0,0.8,2,43.8,1.8,0.0,5.6,3.2,11.8,11.6,1.656,1.3779999999999997,5.0,3.8,-2.3999999999999995,-1.200000000000001,-0.1419999999999999,-0.5999999999999996,11.400000000000006,0.19999999999999996
1213972,2025-03-16 19:45:00+00:00,61,2024,85,Paris Saint Germain,81,Marseille,3,1,FT,4-3-3,3-4-2-1,4-3-3 vs 3-4-2-1,1,6,-5,1.0,1,66.4,1.0,,8.2,3.8,19.2,11.2,3.0959999999999996,1.296,3.6,3.4,0.6,2,75.8,2.0,1.0,7.4,2.2,18.0,6.4,2.544,1.032,7.2,1.6,0.7999999999999989,1.1999999999999993,0.5519999999999996,-3.6,-9.399999999999991,0.4
1213984,2025-03-28 19:45:00+00:00,61,2024,95,Strasbourg,80,Lyon,4,2,FT,4-2-3-1,4-2-3-1,4-2-3-1 vs 4-2-3-1,5,2,3,1.0,1,54.8,1.8,0.5,2.6,3.2,8.4,11.0,1.302,1.1480000000000001,4.0,5.2,0.8,2,58.8,1.6,,5.8,5.2,11.4,14.6,1.8060000000000003,1.8039999999999998,3.4,5.2,-3.1999999999999997,-3.0,-0.5040000000000002,0.6000000000000001,-4.0,0.19999999999999996
1213987,2025-03-29 16:00:00+00:00,61,2024,93,Reims,81,Marseille,3,1,FT,5-4-1,3-4-2-1,5-4-1 vs 3-4-2-1,6,6,0,0.4,4,46.6,2.0,1.0,3.0,5.2,11.4,16.6,1.04,2.084,3.0,7.2,0.8,2,68.2,1.6,1.0,5.8,3.2,16.6,8.6,2.246,1.48,6.8,2.4,-2.8,-5.200000000000001,-1.206,-3.8,-21.6,-0.4
1213986,2025-03-29 18:00:00+00:00,61,2024,1063,Saint Etienne,85,Paris Saint Germain,1,6,FT,4-3-3,4-3-3,4-3-3 vs 4-3-3,2,4,-2,0.6,2,53.0,2.4,1.0,4.4,7.4,12.2,16.6,1.252,2.856,4.4,6.0,1.0,1,65.6,1.0,,7.8,3.6,19.2,11.6,3.0140000000000002,1.2920000000000003,4.4,4.2,-3.3999999999999995,-7.0,-1.7620000000000002,0.0,-12.599999999999994,-0.4
1213989,2025-03-29 20:05:00+00:00,61,2024,91,Monaco,84,Nice,2,1,FT,4-4-2,3-4-3,4-4-2 vs 3-4-3,3,2,1,1.0,1,57.0,2.0,0.0,6.2,3.6,17.4,7.6,3.0380000000000003,0.7959999999999999,7.2,1.4,0.8,2,46.8,1.2,1.0,5.6,3.4,15.8,11.4,1.7419999999999998,0.7939999999999999,6.0,3.8,0.6000000000000005,1.5999999999999979,1.2960000000000005,1.2000000000000002,10.200000000000003,0.19999999999999996
1213985,2025-03-30 13:00:00+00:00,61,2024,96,Toulouse,106,Stade Brestois 29,2,4,FT,3-4-2-1,4-3-3,3-4-2-1 vs 4-3-3,4,8,-4,0.8,2,43.2,2.0,0.0,6.4,3.2,12.6,12.0,1.826,1.536,4.6,4.0,0.4,3,52.6,1.2,1.0,4.0,2.8,15.0,8.6,1.734,0.922,5.8,3.4,2.4000000000000004,-2.4000000000000004,0.09200000000000008,-1.2000000000000002,-9.399999999999999,0.4
1213981,2025-03-30 15:15:00+00:00,61,2024,77,Angers,94,Rennes,0,3,FT,4-3-3,3-4-2-1,4-3-3 vs 3-4-2-1,5,4,1,1.0,1,42.8,1.2,,2.2,7.4,8.2,17.8,1.152,2.5060000000000002,3.4,5.8,0.6,2,47.6,1.4,0.5,4.4,5.0,14.0,13.0,1.528,1.92,5.0,4.6,-2.2,-5.800000000000001,-0.3760000000000001,-1.6,-4.800000000000004,0.4
1213982,2025-03-30 15:15:00+00:00,61,2024,108,Auxerre,82,Montpellier,1,0,FT,3-4-2-1,4-2-3-1,3-4-2-1 vs 4-2-3-1,3,8,-5,0.6,3,38.8,1.6,0.0,5.8,4.2,11.4,13.8,1.6480000000000001,1.502,5.2,5.4,0.4,4,37.8,2.0,0.0,3.2,7.0,12.6,13.8,0.97,1.5859999999999999,4.6,6.0,2.5999999999999996,-1.1999999999999993,0.6780000000000002,0.6000000000000005,1.0,0.19999999999999996
1213983,2025-03-30 15:15:00+00:00,61,2024,111,Le Havre,83,Nantes,3,2,FT,4-2-3-1,4-3-3,4-2-3-1 vs 4-3-3,4,7,-3,0.4,3,42.8,1.8,0.5,4.6,5.0,12.0,13.6,1.342,2.206,3.8,4.8,0.4,3,33.2,1.6,0.6666666666666666,3.4,5.0,10.4,15.8,1.7,2.184,2.2,7.4,1.1999999999999997,1.5999999999999996,-0.3579999999999999,1.5999999999999996,9.599999999999994,0.0
1213988,2025-03-30 18:45:00+00:00,61,2024,79,Lille,116,Lens,1,0,FT,4-3-3,3-4-3,4-3-3 vs 3-4-3,5,5,0,0.6,3,58.6,2.4,0.0,5.4,4.0,12.8,12.6,1.6960000000000002,1.5859999999999999,4.8,4.6,0.4,4,51.8,2.4,1.0,3.4,5.6,10.6,13.0,1.126,1.9599999999999997,6.4,3.6,2.0000000000000004,2.200000000000001,0.5700000000000003,-1.6000000000000005,6.800000000000004,0.19999999999999996
1213991,2025-04-04 18:45:00+00:00,61,2024,84,Nice,83,Nantes,1,2,FT,3-4-2-1,3-4-3,3-4-2-1 vs 3-4-3,3,6,-3,0.6,2,45.2,1.6,1.0,5.8,3.8,15.8,12.0,1.5599999999999998,1.1440000000000001,6.4,4.0,0.6,3,35.8,1.8,0.5,3.4,3.8,10.6,14.6,1.6440000000000001,2.162,2.8,6.2,2.4,5.200000000000001,-0.0840000000000003,3.6000000000000005,9.400000000000006,0.0
1213996,2025-04-05 15:00:00+00:00,61,2024,85,Paris Saint Germain,77,Angers,1,0,FT,4-3-3,5-3-2,4-3-3 vs 5-3-2,1,5,-4,1.0,1,60.8,1.0,,8.6,3.2,19.6,11.0,3.18,1.31,5.2,3.8,0.8,2,43.8,1.2,,2.4,7.8,8.0,17.4,0.9920000000000002,2.478,3.8,6.6,6.199999999999999,11.600000000000001,2.1879999999999997,1.4000000000000004,17.0,0.19999999999999996
1213992,2025-04-05 17:00:00+00:00,61,2024,106,Stade Brestois 29,91,Monaco,2,1,FT,4-3-3,4-4-2,4-3-3 vs 4-4-2,6,3,3,0.4,3,49.2,1.8,1.0,3.8,2.4,13.4,9.8,1.57,1.1039999999999999,5.2,4.6,0.8,2,55.4,2.25,0.0,5.2,4.0,16.4,8.2,2.6399999999999997,0.6619999999999999,6.8,2.0,-1.4000000000000004,-2.9999999999999982,-1.0699999999999996,-1.5999999999999996,-6.199999999999996,-0.4
1213994,2025-04-05 19:05:00+00:00,61,2024,80,Lyon,79,Lille,2,1,FT,4-2-3-1,4-2-3-1,4-2-3-1 vs 4-2-3-1,2,4,-2,0.8,2,58.2,1.8,,6.8,5.8,12.8,15.2,2.0140000000000002,1.7420000000000002,3.6,5.0,0.4,3,55.0,2.4,0.0,5.0,4.4,11.4,12.8,1.4320000000000002,1.576,4.4,4.2,1.7999999999999998,1.4000000000000004,0.5820000000000001,-0.8000000000000003,3.200000000000003,0.4
1213995,2025-04-06 13:00:00+00:00,61,2024,116,Lens,1063,Saint Etienne,1,0,FT,3-4-1-2,4-3-3,3-4-1-2 vs 4-3-3,7,2,5,0.4,4,51.6,2.2,1.0,3.8,5.6,10.2,12.6,1.136,1.8619999999999997,5.4,4.2,0.6,2,56.6,2.6,1.0,4.4,6.6,13.0,15.4,1.254,2.2239999999999998,4.4,4.4,-0.6000000000000005,-2.8000000000000007,-0.1180000000000001,1.0,-5.0,-0.19999999999999996
1213993,2025-04-06 15:15:00+00:00,61,2024,82,Montpellier,111,Le Havre,0,2,FT,4-2-3-1,4-2-3-1,4-2-3-1 vs 4-2-3-1,6,3,3,0.4,3,39.8,1.6,0.0,2.6,7.0,12.8,16.2,0.796,1.816,4.4,7.2,0.6,3,43.4,1.6,1.0,4.8,4.8,12.4,13.2,2.068,2.102,3.2,5.2,-2.1999999999999997,0.40000000000000036,-1.272,1.2000000000000002,-3.6000000000000014,-0.19999999999999996
1213997,2025-04-06 15:15:00+00:00,61,2024,93,Reims,95,Strasbourg,0,1,FT,5-4-1,3-4-3,5-4-1 vs 3-4-3,4,2,2,0.4,4,38.0,2.0,1.0,3.2,6.2,9.6,18.6,0.9,1.98,2.8,8.8,0.8,2,54.0,1.8,1.0,3.0,5.4,8.6,12.8,1.05,1.474,4.6,4.8,0.20000000000000018,1.0,-0.15000000000000002,-1.7999999999999998,-16.0,-0.4
1213998,2025-04-06 15:15:00+00:00,61,2024,94,Rennes,108,Auxerre,0,1,FT,3-4-2-1,5-4-1,3-4-2-1 vs 5-4-1,5,6,-1,0.6,2,51.8,1.0,0.0,5.6,4.4,16.0,11.2,1.7439999999999998,1.4460000000000002,5.2,4.2,0.6,2,42.2,1.8,0.0,5.8,3.2,13.4,12.6,1.8379999999999999,1.1720000000000002,6.4,5.4,-0.20000000000000018,2.5999999999999996,-0.09400000000000008,-1.2000000000000002,9.599999999999994,0.0
1213990,2025-04-06 18:45:00+00:00,61,2024,81,Marseille,96,Toulouse,3,2,FT,3-4-2-1,3-4-2-1,3-4-2-1 vs 3-4-2-1,5,3,2,1.0,1,70.0,1.75,1.0,4.6,3.8,15.0,8.6,1.1780000000000002,1.484,6.4,1.8,1.0,1,49.2,1.6,0.0,6.4,3.0,13.2,10.0,2.0620000000000003,1.32,5.6,4.2,-1.8000000000000007,1.8000000000000007,-0.8840000000000001,0.8000000000000007,20.799999999999997,0.0
1214006,2025-04-11 18:45:00+00:00,61,2024,116,Lens,93,Reims,0,2,FT,3-4-3,5-4-1,3-4-3 vs 5-4-1,6,5,1,0.4,4,50.8,2.0,,4.0,4.6,11.4,10.8,1.218,1.264,4.4,4.4,0.4,4,39.4,2.0,0.5,4.6,6.0,11.8,16.0,1.1540000000000001,2.0140000000000002,3.2,8.4,-0.5999999999999996,-0.40000000000000036,0.06399999999999983,1.2000000000000002,11.399999999999999,0.0
1214007,2025-04-12 15:00:00+00:00,61,2024,91,Monaco,81,Marseille,3,0,FT,4-4-2,3-4-2-1,4-4-2 vs 3-4-2-1,3,4,-1,0.6,2,55.8,2.25,0.0,5.2,3.6,15.8,9.0,2.504,0.6220000000000001,7.4,2.2,1.0,1,67.6,1.5,,5.0,3.4,15.2,8.4,1.248,1.3380000000000003,6.4,1.6,0.20000000000000018,0.6000000000000014,1.256,1.0,-11.799999999999997,-0.4
1213999,2025-04-12 17:00:00+00:00,61,2024,96,Toulouse,79,Lille,1,2,FT,3-4-2-1,4-2-3-1,3-4-2-1 vs 4-2-3-1,3,4,-1,1.0,1,46.6,1.8,,6.0,3.2,12.6,9.6,1.832,1.368,5.2,4.2,0.6,2,55.2,2.0,0.0,4.6,4.6,11.6,12.2,1.3920000000000001,1.472,4.8,3.2,1.4000000000000004,1.0,0.43999999999999995,0.40000000000000036,-8.600000000000001,0.4
1214003,2025-04-12 19:05:00+00:00,61,2024,95,Strasbourg,84,Nice,2,2,FT,3-4-2-1,3-4-2-1,3-4-2-1 vs 3-4-2-1,4,3,1,0.6,3,53.0,1.6,1.0,3.6,6.4,10.6,13.2,1.452,1.652,5.8,4.0,0.6,2,49.0,1.6,1.0,6.4,4.4,16.8,11.0,1.5859999999999999,1.1460000000000001,7.0,3.4,-2.8000000000000003,-6.200000000000001,-0.1339999999999999,-1.2000000000000002,4.0,0.0
1214004,2025-04-13 13:00:00+00:00,61,2024,1063,Saint Etienne,106,Stade Brestois 29,3,3,FT,4-3-3,4-2-3-1,4-3-3 vs 4-2-3-1,2,6,-4,0.6,2,52.0,2.4,1.0,3.4,6.8,10.8,16.8,1.2,2.072,4.2,5.0,0.6,2,48.8,2.2,1.0,4.2,2.8,13.6,11.2,1.6400000000000001,1.328,4.0,6.2,-0.8000000000000003,-2.799999999999999,-0.44000000000000017,0.20000000000000018,3.200000000000003,0.0
1214000,2025-04-13 15:15:00+00:00,61,2024,111,Le Havre,94,Rennes,1,5,FT,4-2-3-1,3-5-2,4-2-3-1 vs 3-5-2,4,3,1,0.8,2,41.8,1.8,0.0,5.0,5.0,12.8,13.8,2.188,1.8299999999999996,2.6,5.6,0.6,2,52.6,1.0,,5.6,5.0,14.4,12.8,1.51,1.5660000000000003,5.0,4.8,-0.5999999999999996,-1.5999999999999996,0.6780000000000002,-2.4,-10.800000000000004,0.20000000000000007
1214005,2025-04-13 15:15:00+00:00,61,2024,77,Angers,82,Montpellier,2,0,FT,5-3-2,5-4-1,5-3-2 vs 5-4-1,5,8,-3,0.6,3,40.0,1.8,,1.6,7.4,6.2,17.6,0.44000000000000006,2.524,3.4,6.8,0.6,3,42.0,1.6,0.5,3.6,6.6,13.0,15.6,0.8879999999999999,1.736,4.4,6.0,-2.0,-6.8,-0.44799999999999984,-1.0000000000000004,-2.0,0.0
1214001,2025-04-13 18:45:00+00:00,61,2024,108,Auxerre,80,Lyon,1,3,FT,5-4-1,4-2-3-1,5-4-1 vs 4-2-3-1,6,2,4,0.6,2,45.4,2.0,0.0,5.4,3.8,13.8,14.6,1.6019999999999999,1.282,7.0,6.0,1.0,1,62.4,2.2,,6.2,5.0,12.0,14.2,2.022,1.432,2.8,4.8,-0.7999999999999998,1.8000000000000007,-0.41999999999999993,4.2,-17.0,-0.4
1214016,2025-04-18 18:45:00+00:00,61,2024,94,Rennes,83,Nantes,2,1,FT,3-5-2,3-4-3,3-5-2 vs 3-4-3,2,4,-2,0.6,2,50.4,1.5,,5.0,4.4,13.4,11.8,1.576,1.362,4.6,4.4,0.4,4,33.6,1.6,1.0,2.6,4.8,8.8,16.0,0.876,2.1879999999999997,2.8,6.2,2.4,4.6,0.7000000000000001,1.7999999999999998,16.799999999999997,0.19999999999999996
1214012,2025-04-19 15:00:00+00:00,61,2024,85,Paris Saint Germain,111,Le Havre,2,1,FT,3-4-3,4-3-3,3-4-3 vs 4-3-3,2,5,-3,1.0,1,64.0,0.8,,8.2,1.8,20.6,9.0,3.072,0.99,5.4,3.0,1.0,1,46.8,1.8,0.0,4.6,4.8,13.4,11.8,2.024,2.0119999999999996,3.0,4.4,3.5999999999999996,7.200000000000001,1.048,2.4000000000000004,17.200000000000003,0.0
1214015,2025-04-19 17:00:00+00:00,61,2024,91,Monaco,95,Strasbourg,0,0,FT,4-2-3-1,3-5-2,4-2-3-1 vs 3-5-2,3,2,1,0.6,2,52.8,2.2,0.0,5.4,3.4,14.2,8.8,2.252,0.708,6.8,2.6,0.6,3,51.4,1.2,1.0,3.8,6.6,11.6,15.0,1.404,1.554,5.6,4.8,1.6000000000000005,2.5999999999999996,0.8479999999999999,1.2000000000000002,1.3999999999999986,0.0
1214013,2025-04-19 19:05:00+00:00,61,2024,81,Marseille,82,Montpellier,5,1,FT,3-4-2-1,5-4-1,3-4-2-1 vs 5-4-1,3,8,-5,1.0,1,64.4,1.5,,4.8,5.0,12.6,9.8,1.03,1.6960000000000002,6.6,2.0,0.6,2,45.6,1.6,0.5,3.0,5.6,10.8,14.6,0.6359999999999999,1.514,3.4,6.2,1.7999999999999998,1.799999999999999,0.39400000000000013,3.1999999999999997,18.800000000000004,0.4
1214011,2025-04-20 13:00:00+00:00,61,2024,79,Lille,108,Auxerre,3,1,FT,4-4-2,5-4-1,4-4-2 vs 5-4-1,4,7,-3,0.6,2,58.2,2.0,0.0,4.8,3.4,11.6,8.8,1.2580000000000002,0.9359999999999999,4.6,2.2,0.8,2,44.6,2.5,0.0,5.0,4.6,13.8,16.0,1.302,1.7100000000000002,6.6,6.6,-0.20000000000000018,-2.200000000000001,-0.04399999999999982,-2.0,13.600000000000001,-0.20000000000000007
1214009,2025-04-20 15:15:00+00:00,61,2024,84,Nice,77,Angers,2,1,FT,3-4-2-1,5-3-2,3-4-2-1 vs 5-3-2,2,6,-4,0.6,2,52.0,1.8,1.0,5.8,4.6,18.2,10.8,1.5539999999999998,1.11,8.0,3.2,0.4,3,38.2,1.2,,2.2,5.2,7.2,14.8,0.64,1.892,3.8,5.2,3.5999999999999996,11.0,0.9139999999999998,4.2,13.799999999999997,0.19999999999999996
1214010,2025-04-20 15:15:00+00:00,61,2024,106,Stade Brestois 29,116,Lens,1,3,FT,4-3-3,3-4-2-1,4-3-3 vs 3-4-2-1,5,7,-2,0.6,3,50.0,2.8,1.0,4.4,2.8,13.2,11.0,1.546,1.19,4.8,7.2,0.6,3,51.0,1.8,,5.4,4.2,14.8,11.2,1.4820000000000002,1.244,4.4,4.4,-1.0,-1.6000000000000014,0.06399999999999983,0.39999999999999947,-1.0,0.0
1214014,2025-04-20 15:15:00+00:00,61,2024,93,Reims,96,Toulouse,1,0,FT,5-4-1,3-4-2-1,5-4-1 vs 3-4-2-1,5,2,3,0.6,3,36.6,1.5,0.5,4.0,7.0,12.0,18.8,1.2959999999999998,1.8679999999999999,3.2,8.8,1.0,1,44.4,1.4,,4.4,3.6,10.6,9.8,1.3060000000000003,1.3780000000000001,4.2,3.8,-0.40000000000000036,1.4000000000000004,-0.010000000000000453,-1.0,-7.799999999999997,-0.4
1214008,2025-04-20 18:45:00+00:00,61,2024,1063,Saint Etienne,80,Lyon,2,1,FT,4-3-3,4-2-2-2,4-3-3 vs 4-2-2-2,4,4,0,0.8,2,51.6,2.4,1.0,3.6,6.2,10.2,16.2,1.162,1.9959999999999998,5.0,6.0,1.0,1,61.0,2.0,,6.8,4.6,12.6,14.0,2.362,1.1800000000000002,3.6,4.4,-3.1999999999999997,-2.4000000000000004,-1.2000000000000002,1.4,-9.399999999999999,-0.19999999999999996
1214002,2025-04-22 18:45:00+00:00,61,2024,83,Nantes,85,Paris Saint Germain,1,1,FT,5-3-2,4-3-3,5-3-2 vs 4-3-3,5,1,4,0.4,3,35.4,2.2,1.0,2.4,4.8,8.0,15.6,0.836,2.3120000000000003,2.8,7.6,0.8,2,66.4,1.0,,8.2,1.6,19.0,9.6,2.982,0.866,5.0,3.0,-5.799999999999999,-11.0,-2.1460000000000004,-2.2,-31.000000000000007,-0.4
1214023,2025-04-25 18:45:00+00:00,61,2024,85,Paris Saint Germain,84,Nice,1,3,FT,4-3-3,3-5-2,4-3-3 vs 3-5-2,0,2,-2,0.8,2,67.8,0.25,,7.4,1.4,17.2,8.6,2.532,0.6140000000000001,5.4,3.2,0.6,2,55.2,1.8,1.0,6.6,4.2,19.0,10.4,1.8379999999999999,0.9640000000000001,7.0,3.2,0.8000000000000007,-1.8000000000000007,0.6940000000000002,-1.5999999999999996,12.599999999999994,0.20000000000000007
1214018,2025-04-26 15:00:00+00:00,61,2024,95,Strasbourg,1063,Saint Etienne,3,1,FT,3-4-2-1,4-3-3,3-4-2-1 vs 4-3-3,1,3,-2,0.4,4,49.8,1.6,1.0,4.0,7.0,10.8,15.2,1.286,1.576,4.2,4.8,1.0,1,49.2,2.4,1.0,4.2,5.2,11.4,16.4,1.1800000000000002,1.7320000000000004,5.4,6.2,-0.20000000000000018,-0.5999999999999996,0.10599999999999987,-1.2000000000000002,0.5999999999999943,-0.6
1214017,2025-04-26 17:00:00+00:00,61,2024,111,Le Havre,91,Monaco,1,1,FT,4-2-3-1,4-4-2,4-2-3-1 vs 4-4-2,6,1,5,0.8,2,43.4,1.75,0.0,3.4,6.4,12.6,13.0,1.6979999999999997,2.338,2.6,4.6,0.6,2,52.2,2.2,0.0,5.6,3.2,14.0,8.2,1.952,0.672,6.4,2.4,-2.1999999999999997,-1.4000000000000004,-0.2540000000000002,-3.8000000000000003,-8.800000000000004,0.20000000000000007
1214025,2025-04-26 19:05:00+00:00,61,2024,80,Lyon,94,Rennes,4,1,FT,4-2-3-1,3-5-2,4-2-3-1 vs 3-5-2,1,3,-2,0.8,2,60.2,2.4,,6.2,5.0,13.8,14.0,2.3,1.2120000000000002,4.4,4.2,0.6,2,57.2,1.75,0.0,5.4,2.8,14.6,8.8,1.78,0.728,6.0,4.4,0.7999999999999998,-0.7999999999999989,0.5199999999999998,-1.5999999999999996,3.0,0.20000000000000007
1214022,2025-04-27 13:00:00+00:00,61,2024,77,Angers,79,Lille,0,2,FT,4-2-3-1,4-4-2,4-2-3-1 vs 4-4-2,8,4,4,0.6,3,37.6,1.2,,2.6,5.4,7.0,15.4,0.634,1.75,3.0,4.8,0.6,3,54.2,1.8,0.0,5.0,3.2,11.0,8.0,1.358,0.9199999999999999,4.8,2.8,-2.4,-4.0,-0.7240000000000001,-1.7999999999999998,-16.6,0.0
1214019,2025-04-27 15:15:00+00:00,61,2024,83,Nantes,96,Toulouse,0,0,FT,5-3-2,3-4-2-1,5-3-2 vs 3-4-2-1,6,6,0,0.4,3,32.6,2.4,1.0,2.4,5.6,7.4,15.8,0.7699999999999999,2.436,3.0,6.6,1.0,1,44.0,1.2,1.0,5.0,3.4,12.6,8.8,1.4500000000000002,1.04,5.4,2.8,-2.6,-5.199999999999999,-0.6800000000000003,-2.4000000000000004,-11.399999999999999,-0.6
1214020,2025-04-27 15:15:00+00:00,61,2024,82,Montpellier,93,Reims,0,0,FT,5-4-1,5-4-1,5-4-1 vs 5-4-1,9,3,6,0.6,2,47.4,1.4,0.5,2.6,5.6,10.0,14.6,0.618,1.952,3.6,6.2,0.8,2,35.6,1.5,0.3333333333333333,3.6,6.4,10.2,19.8,1.134,1.698,2.0,8.2,-1.0,-0.1999999999999993,-0.5159999999999999,1.6,11.799999999999997,-0.20000000000000007
1214021,2025-04-27 15:15:00+00:00,61,2024,116,Lens,108,Auxerre,0,4,FT,3-4-2-1,5-4-1,3-4-2-1 vs 5-4-1,7,6,1,0.6,3,57.4,2.0,0.0,6.8,4.0,17.6,10.4,1.812,1.188,5.6,4.4,0.8,2,44.6,2.75,0.0,3.6,5.6,12.4,15.6,0.924,1.8079999999999998,5.0,7.0,3.1999999999999997,5.200000000000001,0.888,0.5999999999999996,12.799999999999997,-0.20000000000000007
1214024,2025-04-27 18:45:00+00:00,61,2024,81,Marseille,106,Stade Brestois 29,4,1,FT,4-2-3-1,4-2-3-1,4-2-3-1 vs 4-2-3-1,3,7,-4,1.0,1,62.8,1.25,,5.2,4.8,13.2,10.4,1.5740000000000003,1.5699999999999998,6.6,2.4,0.8,2,48.8,3.25,1.0,4.0,4.4,11.6,13.0,0.9780000000000001,1.6199999999999999,5.0,7.2,1.2000000000000002,1.5999999999999996,0.5960000000000002,1.5999999999999996,14.0,0.19999999999999996
1214028,2025-05-02 18:45:00+00:00,61,2024,84,Nice,93,Reims,1,0,FT,3-5-2,5-4-1,3-5-2 vs 5-4-1,3,4,-1,0.6,3,49.8,1.8,1.0,6.0,6.0,16.4,14.8,1.5959999999999999,1.4460000000000002,5.6,6.0,1.0,1,39.2,1.5,0.5,3.8,6.8,9.4,20.0,1.0219999999999998,1.7439999999999998,2.2,8.4,2.2,6.999999999999998,0.5740000000000001,3.3999999999999995,10.599999999999994,-0.4
1214033,2025-05-03 15:00:00+00:00,61,2024,95,Strasbourg,85,Paris Saint Germain,2,1,FT,3-4-2-1,3-4-3,3-4-2-1 vs 3-4-3,1,2,-1,0.4,4,48.6,1.8,1.0,4.8,6.8,12.2,16.4,1.5139999999999998,1.636,4.4,5.8,0.8,2,71.0,0.75,,9.0,1.6,20.4,7.8,2.618,0.61,7.8,2.2,-4.2,-8.2,-1.104,-3.3999999999999995,-22.4,-0.4
1214032,2025-05-03 17:00:00+00:00,61,2024,96,Toulouse,94,Rennes,2,1,FT,3-4-2-1,3-4-3,3-4-2-1 vs 3-4-3,6,4,2,1.0,1,43.6,1.4,1.0,4.2,3.4,11.6,8.8,1.168,0.9119999999999999,5.8,2.6,0.6,2,55.4,2.0,0.0,5.2,3.6,14.2,9.8,1.826,0.954,5.6,4.8,-1.0,-2.5999999999999996,-0.6580000000000001,0.20000000000000018,-11.799999999999997,0.4
1214030,2025-05-03 19:05:00+00:00,61,2024,1063,Saint Etienne,91,Monaco,1,3,FT,4-3-3,4-4-2,4-3-3 vs 4-4-2,4,2,2,1.0,1,47.2,1.8,,4.2,6.0,12.6,17.4,1.35,2.114,5.8,6.4,0.8,2,53.0,1.8,0.0,6.0,3.4,14.8,8.8,2.182,0.6759999999999999,5.8,3.0,-1.7999999999999998,-2.200000000000001,-0.8319999999999999,0.0,-5.799999999999997,0.19999999999999996
1214031,2025-05-04 13:00:00+00:00,61,2024,83,Nantes,77,Angers,0,1,FT,4-3-3,4-4-1-1,4-3-3 vs 4-4-1-1,5,4,1,0.4,3,38.0,2.4,0.5,2.4,5.4,7.6,14.4,0.7379999999999999,2.19,3.0,6.6,0.6,3,36.4,1.2,0.0,2.8,5.4,7.0,14.0,0.6799999999999999,1.626,4.4,3.4,-0.3999999999999999,0.5999999999999996,0.05799999999999994,-1.4000000000000004,1.6000000000000014,-0.19999999999999996
1214026,2025-05-04 15:15:00+00:00,61,2024,80,Lyon,116,Lens,1,2,FT,4-2-3-1,5-4-1,4-2-3-1 vs 5-4-1,3,6,-3,0.8,2,57.6,2.5,,6.4,4.8,13.4,13.2,1.908,1.032,5.0,4.4,0.4,3,61.6,2.75,0.5,7.0,4.6,19.0,10.4,1.95,1.6,6.2,3.8,-0.5999999999999996,-5.6,-0.04200000000000004,-1.2000000000000002,-4.0,0.4
1214029,2025-05-04 15:15:00+00:00,61,2024,106,Stade Brestois 29,82,Montpellier,1,0,FT,4-3-3,5-4-1,4-3-3 vs 5-4-1,5,9,-4,0.6,2,43.6,4.0,1.0,4.8,5.4,11.2,12.8,1.268,1.5699999999999998,4.8,7.2,0.6,2,50.0,1.8,1.0,2.4,5.0,9.8,14.0,0.5519999999999999,1.83,3.8,6.0,2.4,1.3999999999999986,0.7160000000000001,1.0,-6.399999999999999,0.0
1214034,2025-05-04 15:15:00+00:00,61,2024,108,Auxerre,111,Le Havre,1,2,FT,5-4-1,4-1-4-1,5-4-1 vs 4-1-4-1,5,5,0,0.8,2,41.6,3.0,0.0,4.4,5.4,12.8,14.8,1.3039999999999998,1.6620000000000001,4.6,7.2,0.8,2,44.6,1.25,0.0,3.0,6.4,11.6,13.8,1.456,2.21,3.0,5.0,1.4000000000000004,1.200000000000001,-0.15200000000000014,1.5999999999999996,-3.0,0.0
1214027,2025-05-04 18:45:00+00:00,61,2024,79,Lille,81,Marseille,1,1,FT,4-4-2,4-2-3-1,4-4-2 vs 4-2-3-1,5,2,3,0.4,3,53.2,2.2,1.0,5.2,3.2,10.2,7.2,1.3279999999999998,0.8220000000000001,4.2,3.6,0.8,2,65.6,1.5,,6.2,4.6,13.2,9.0,1.56,1.386,6.4,2.0,-1.0,-3.0,-0.2320000000000002,-2.2,-12.399999999999991,-0.4
1214035,2025-05-10 19:00:00+00:00,61,2024,93,Reims,1063,Saint Etienne,0,2,FT,5-4-1,4-3-3,5-4-1 vs 4-3-3,3,2,1,1.0,1,44.2,1.6,0.5,3.4,5.6,11.2,17.6,1.082,1.828,2.8,7.0,1.0,1,49.8,1.75,,4.0,5.2,12.6,15.4,1.276,1.8559999999999999,6.4,6.2,-0.6000000000000001,-1.4000000000000004,-0.19399999999999995,-3.6000000000000005,-5.599999999999994,0.0
1214036,2025-05-10 19:00:00+00:00,61,2024,108,Auxerre,83,Nantes,1,1,FT,5-4-1,5-3-2,5-4-1 vs 5-3-2,3,3,0,1.0,1,40.4,2.75,0.0,3.4,6.2,9.4,14.6,0.932,1.864,2.6,7.8,0.4,3,40.0,2.4,0.5,2.6,4.8,7.8,14.0,0.662,1.5479999999999998,3.0,7.2,0.7999999999999998,1.6000000000000005,0.27,-0.3999999999999999,0.3999999999999986,0.6
1214037,2025-05-10 19:00:00+00:00,61,2024,77,Angers,95,Strasbourg,2,1,FT,4-5-1,3-4-2-1,4-5-1 vs 3-4-2-1,6,2,4,0.6,3,36.4,1.6,0.0,2.4,4.8,8.0,12.8,0.742,1.422,4.4,3.2,0.6,3,47.8,1.6,1.0,3.8,5.4,11.2,17.2,1.4420000000000002,1.584,4.4,5.2,-1.4,-3.1999999999999993,-0.7000000000000002,0.0,-11.399999999999999,0.0
1214038,2025-05-10 19:00:00+00:00,61,2024,111,Le Havre,81,Marseille,1,3,FT,4-3-3,4-2-3-1,4-3-3 vs 4-2-3-1,4,4,0,0.6,3,44.8,1.25,0.0,3.0,6.2,10.6,13.2,0.898,2.0780000000000003,4.2,4.2,0.6,2,61.6,1.6,,5.8,3.8,11.8,8.6,1.6060000000000003,1.2819999999999998,5.0,2.4,-2.8,-1.200000000000001,-0.7080000000000003,-0.7999999999999998,-16.800000000000004,0.0
1214039,2025-05-10 19:00:00+00:00,61,2024,94,Rennes,84,Nice,2,0,FT,4-3-3,3-5-2,4-3-3 vs 3-5-2,2,5,-3,0.6,3,56.2,2.6666666666666665,0.0,5.2,3.4,14.4,9.8,1.814,0.954,5.6,4.8,0.6,2,52.2,1.4,,5.6,5.4,16.2,14.6,1.796,1.2120000000000002,5.8,5.2,-0.39999999999999947,-1.799999999999999,0.018000000000000016,-0.20000000000000018,4.0,0.0
1214040,2025-05-10 19:00:00+00:00,61,2024,82,Montpellier,85,Paris Saint Germain,1,4,FT,5-3-2,3-3-1-3,5-3-2 vs 3-3-1-3,10,9,1,0.8,2,47.8,2.0,1.0,2.4,4.8,8.6,13.0,0.558,1.6300000000000001,3.8,4.8,0.6,2,73.2,1.25,,7.8,1.6,20.0,7.4,2.31,0.562,7.0,2.8,-5.4,-11.4,-1.752,-3.2,-25.400000000000006,0.20000000000000007
1214041,2025-05-10 19:00:00+00:00,61,2024,96,Toulouse,116,Lens,1,1,FT,3-4-2-1,5-4-1,3-4-2-1 vs 5-4-1,4,7,-3,1.0,1,40.6,1.8,1.0,4.0,3.6,10.0,9.8,0.9179999999999999,0.9359999999999999,5.0,3.0,0.4,4,56.8,2.75,0.5,7.2,4.4,19.6,11.8,2.0140000000000002,1.436,6.2,4.2,-3.2,-9.600000000000001,-1.0960000000000003,-1.2000000000000002,-16.199999999999996,0.6
1214042,2025-05-10 19:00:00+00:00,61,2024,106,Stade Brestois 29,79,Lille,2,0,FT,4-3-3,4-4-2,4-3-3 vs 4-4-2,8,5,3,0.6,2,47.0,3.0,1.0,4.8,4.8,12.4,10.6,1.216,1.27,5.0,6.4,0.6,2,52.2,2.4,1.0,4.4,4.0,9.0,8.8,1.048,1.004,3.4,4.2,0.39999999999999947,3.4000000000000004,0.16799999999999993,1.6,-5.200000000000003,0.0
1214043,2025-05-10 19:00:00+00:00,61,2024,91,Monaco,80,Lyon,2,0,FT,4-4-2,4-3-1-2,4-4-2 vs 4-3-1-2,2,2,0,0.8,2,49.6,1.75,,6.0,2.8,13.8,9.2,2.088,0.6940000000000001,5.4,3.4,0.8,2,59.4,2.5,,5.0,4.0,13.8,12.0,1.718,0.9600000000000002,5.6,3.6,1.0,0.0,0.3700000000000001,-0.1999999999999993,-9.799999999999997,0.0
1214044,2025-05-17 19:00:00+00:00,61,2024,81,Marseille,94,Rennes,4,2,FT,4-3-3,4-1-4-1,4-3-3 vs 4-1-4-1,4,3,1,0.6,2,59.0,1.6,,6.0,4.0,14.4,9.0,1.918,1.2280000000000002,5.8,2.6,0.6,3,53.8,2.25,0.0,5.0,4.0,12.8,10.4,1.8080000000000003,1.008,4.2,4.8,1.0,1.5999999999999996,0.10999999999999965,1.5999999999999996,5.200000000000003,0.0
1214045,2025-05-17 19:00:00+00:00,61,2024,80,Lyon,77,Angers,2,0,FT,4-2-3-1,4-5-1,4-2-3-1 vs 4-5-1,2,8,-6,0.6,3,58.0,2.75,,5.0,4.2,13.6,12.2,1.432,1.01,6.4,3.6,0.4,4,38.2,1.4,0.0,2.8,4.2,8.2,11.8,0.8560000000000001,1.236,4.6,3.4,2.2,5.4,0.5759999999999998,1.8000000000000007,19.799999999999997,0.19999999999999996
1214046,2025-05-17 19:00:00+00:00,61,2024,84,Nice,106,Stade Brestois 29,6,0,FT,3-4-2-1,4-3-1-2,3-4-2-1 vs 4-3-1-2,4,5,-1,0.6,2,46.8,1.4,,5.0,5.4,14.8,15.0,1.626,1.334,4.6,5.0,0.6,2,46.6,2.5,1.0,4.8,4.6,12.2,12.2,1.274,1.35,5.2,6.0,0.20000000000000018,2.6000000000000014,0.35199999999999987,-0.6000000000000005,0.19999999999999574,0.0
1214047,2025-05-17 19:00:00+00:00,61,2024,1063,Saint Etienne,96,Toulouse,2,3,FT,4-3-3,3-4-3,4-3-3 vs 3-4-3,2,4,-2,1.0,1,52.4,1.25,,4.2,4.8,12.8,15.2,1.1239999999999999,1.802,6.8,5.8,1.0,1,42.0,1.6,1.0,4.6,3.2,10.2,10.4,0.874,0.8920000000000001,5.2,2.2,-0.39999999999999947,2.6000000000000014,0.2499999999999999,1.5999999999999996,10.399999999999999,0.0
1214048,2025-05-17 19:00:00+00:00,61,2024,79,Lille,93,Reims,2,1,FT,4-2-3-1,5-4-1,4-2-3-1 vs 5-4-1,4,5,-1,0.8,2,55.6,2.2,1.0,4.0,4.0,10.6,9.2,1.278,0.8800000000000001,4.2,4.6,1.0,1,44.2,1.4,0.0,2.6,5.6,12.2,16.8,1.174,1.45,2.8,6.6,1.4,-1.5999999999999996,0.10400000000000009,1.4000000000000004,11.399999999999999,-0.19999999999999996
1214049,2025-05-17 19:00:00+00:00,61,2024,95,Strasbourg,111,Le Havre,2,3,FT,3-4-2-1,3-4-3,3-4-2-1 vs 3-4-3,2,4,-2,0.8,2,51.8,1.6,,3.6,4.4,11.6,15.4,1.1300000000000001,1.4440000000000002,4.2,4.8,0.4,3,44.8,1.5,,3.0,6.0,10.0,14.8,0.8160000000000001,2.388,4.2,5.0,0.6000000000000001,1.5999999999999996,0.31400000000000006,0.0,7.0,0.4
1214050,2025-05-17 19:00:00+00:00,61,2024,83,Nantes,82,Montpellier,3,0,FT,3-5-2,5-3-2,3-5-2 vs 5-3-2,4,10,-6,0.6,3,42.8,2.4,0.5,2.2,3.6,7.6,11.6,0.6819999999999999,1.254,3.2,6.4,0.8,2,43.2,2.0,,2.0,5.6,7.6,12.4,0.476,1.656,3.8,5.2,0.20000000000000018,0.0,0.20599999999999996,-0.5999999999999996,-0.4000000000000057,-0.20000000000000007
1214051,2025-05-17 19:00:00+00:00,61,2024,116,Lens,91,Monaco,4,0,FT,3-1-4-2,4-2-3-1,3-1-4-2 vs 4-2-3-1,6,3,3,0.4,3,56.6,3.25,0.5,6.6,5.0,18.0,12.0,1.736,1.354,5.2,4.0,0.8,2,48.0,1.75,,6.4,2.8,14.0,8.4,1.9880000000000002,0.5900000000000001,4.2,4.0,0.1999999999999993,4.0,-0.2520000000000002,1.0,8.600000000000001,-0.4
1214052,2025-05-17 19:00:00+00:00,61,2024,85,Paris Saint Germain,108,Auxerre,3,1,FT,4-3-3,5-4-1,4-3-3 vs 5-4-1,1,4,-3,0.4,3,70.8,1.5,,8.2,2.4,18.0,8.4,2.226,0.6479999999999999,6.8,3.6,1.0,1,45.4,2.8,0.0,3.4,5.6,9.0,12.4,0.8619999999999999,1.7559999999999998,3.0,6.8,4.799999999999999,9.0,1.364,3.8,25.4,-0.6
1375858,2025-05-21 18:00:00+00:00,61,2024,112,Metz,93,Reims,1,1,FT,4-4-2,4-4-2,4-4-2 vs 4-4-2,2,4,-2,,0,,,,,,,,,,,,1.0,1,42.6,1.6,0.0,2.6,3.8,11.2,13.6,0.9280000000000002,1.222,3.0,6.8,,,,,,
1375859,2025-05-29 18:30:00+00:00,61,2024,93,Reims,112,Metz,1,3,AET,4-4-2,4-1-4-1,4-4-2 vs 4-1-4-1,5,2,3,0.8,2,40.0,2.0,,2.4,3.2,11.6,12.4,0.975,1.205,4.2,6.2,1.0,1,61.0,1.0,,3.0,1.0,12.0,10.0,,,6.0,6.0,-0.6000000000000001,-0.40000000000000036,,-1.7999999999999998,-21.0,-0.19999999999999996
