fixture_id,date,league_id,season,home_team_id,home_team_name,away_team_id,away_team_name,goals_home,goals_away,status_short,home_formation,away_formation,formation_matchup,home_injuries_count,away_injuries_count,injuries_diff,home_formation_stability_5,home_recent_formations_count,home_api_possession_5,home_api_yellow_cards_5,home_api_red_cards_5,home_api_shots_on_goal_for_5,home_api_shots_on_goal_against_5,home_api_total_shots_for_5,home_api_total_shots_against_5,home_api_expected_goals_for_5,home_api_expected_goals_against_5,home_api_corners_for_5,home_api_corners_against_5,away_formation_stability_5,away_recent_formations_count,away_api_possession_5,away_api_yellow_cards_5,away_api_red_cards_5,away_api_shots_on_goal_for_5,away_api_shots_on_goal_against_5,away_api_total_shots_for_5,away_api_total_shots_against_5,away_api_expected_goals_for_5,away_api_expected_goals_against_5,away_api_corners_for_5,away_api_corners_against_5,api_shots_on_goal_diff_5,api_total_shots_diff_5,api_expected_goals_diff_5,api_corners_diff_5,api_possession_diff_5,formation_stability_diff_5,home_expected_goals,away_expected_goals,home_team_formation_matches_before,home_team_formation_win_rate_before,home_team_formation_draw_rate_before,home_team_formation_loss_rate_before,home_team_formation_xg_for_avg_before,home_team_formation_xg_against_avg_before,home_team_formation_goal_diff_avg_before,away_team_formation_matches_before,away_team_formation_win_rate_before,away_team_formation_draw_rate_before,away_team_formation_loss_rate_before,away_team_formation_xg_for_avg_before,away_team_formation_xg_against_avg_before,away_team_formation_goal_diff_avg_before,formation_matchup_matches_before,formation_matchup_home_win_rate_before,formation_matchup_draw_rate_before,formation_matchup_away_win_rate_before,formation_matchup_avg_total_goals_before,formation_matchup_avg_xg_total_before,home_formation_signal_strength,away_formation_signal_strength,matchup_signal_strength
1387706,2025-08-15 18:45:00+00:00,61,2025,94,Rennes,81,Marseille,1,0,FT,5-3-2,3-2-4-1,5-3-2 vs 3-2-4-1,2,2,0,,0,,,,,,,,,,,,,0,,,,,,,,,,,,,,,,,,1.47,1.71,0,,,,,,,0,,,,,,,0,,,,,,weak,weak,weak
1387701,2025-08-16 15:00:00+00:00,61,2025,116,Lens,80,Lyon,0,1,FT,3-4-2-1,4-2-3-1,3-4-2-1 vs 4-2-3-1,3,4,-1,,0,,,,,,,,,,,,,0,,,,,,,,,,,,,,,,,,1.38,1.41,0,,,,,,,0,,,,,,,0,,,,,,weak,weak,weak
1387703,2025-08-16 17:00:00+00:00,61,2025,91,Monaco,111,Le Havre,3,1,FT,4-2-3-1,4-1-4-1,4-2-3-1 vs 4-1-4-1,3,3,0,,0,,,,,,,,,,,,,0,,,,,,,,,,,,,,,,,,1.76,0.6,0,,,,,,,0,,,,,,,0,,,,,,weak,weak,weak
1387705,2025-08-16 19:05:00+00:00,61,2025,84,Nice,96,Toulouse,0,1,FT,3-4-2-1,3-4-3,3-4-2-1 vs 3-4-3,8,6,2,,0,,,,,,,,,,,,,0,,,,,,,,,,,,,,,,,,0.79,0.61,0,,,,,,,0,,,,,,,0,,,,,,weak,weak,weak
1387700,2025-08-17 13:00:00+00:00,61,2025,106,Stade Brestois 29,79,Lille,3,3,FT,4-3-3,4-2-3-1,4-3-3 vs 4-2-3-1,3,4,-1,,0,,,,,,,,,,,,,0,,,,,,,,,,,,,,,,,,2.01,1.62,0,,,,,,,0,,,,,,,0,,,,,,weak,weak,weak
1387698,2025-08-17 15:15:00+00:00,61,2025,77,Angers,114,Paris FC,1,0,FT,3-4-2-1,4-4-2,3-4-2-1 vs 4-4-2,0,1,-1,,0,,,,,,,,,,,,,0,,,,,,,,,,,,,,,,,,0.97,0.92,0,,,,,,,0,,,,,,,0,,,,,,weak,weak,weak
1387699,2025-08-17 15:15:00+00:00,61,2025,108,Auxerre,97,Lorient,1,0,FT,5-4-1,3-4-3,5-4-1 vs 3-4-3,2,4,-2,,0,,,,,,,,,,,,,0,,,,,,,,,,,,,,,,,,1.44,1.37,0,,,,,,,0,,,,,,,0,,,,,,weak,weak,weak
1387702,2025-08-17 15:15:00+00:00,61,2025,112,Metz,95,Strasbourg,0,1,FT,5-3-2,5-3-2,5-3-2 vs 5-3-2,3,7,-4,,0,,,,,,,,,,,,,0,,,,,,,,,,,,,,,,,,0.3,0.62,0,,,,,,,0,,,,,,,0,,,,,,weak,weak,weak
1387704,2025-08-17 18:45:00+00:00,61,2025,83,Nantes,85,Paris Saint Germain,0,1,FT,4-1-4-1,4-3-3,4-1-4-1 vs 4-3-3,0,2,-2,,0,,,,,,,,,,,,,0,,,,,,,,,,,,,,,,,,0.14,1.43,0,,,,,,,0,,,,,,,0,,,,,,weak,weak,weak
1387713,2025-08-22 18:45:00+00:00,61,2025,85,Paris Saint Germain,77,Angers,1,0,FT,4-3-3,3-5-2,4-3-3 vs 3-5-2,2,1,1,1.0,1,71.0,1.0,,4.0,0.0,18.0,5.0,1.43,0.14,7.0,2.0,1.0,1,32.0,2.0,1.0,2.0,7.0,8.0,17.0,0.97,0.92,3.0,7.0,2.0,10.0,0.4599999999999999,4.0,39.0,0.0,1.85,0.24,1,1.0,0.0,0.0,1.43,0.14,1.0,0,,,,,,,0,,,,,,weak,weak,weak
1387711,2025-08-23 15:00:00+00:00,61,2025,81,Marseille,114,Paris FC,5,2,FT,4-2-3-1,4-3-3,4-2-3-1 vs 4-3-3,4,0,4,1.0,1,72.0,3.0,0.0,2.0,5.0,24.0,12.0,1.71,1.47,12.0,1.0,1.0,1,68.0,1.0,0.0,7.0,2.0,17.0,8.0,0.92,0.97,7.0,3.0,-5.0,7.0,0.7899999999999999,5.0,4.0,0.0,2.83,1.09,0,,,,,,,0,,,,,,,0,,,,,,weak,weak,weak
1387712,2025-08-23 17:00:00+00:00,61,2025,84,Nice,108,Auxerre,3,1,FT,3-4-2-1,3-4-3,3-4-2-1 vs 3-4-3,8,1,7,1.0,1,57.0,2.0,,2.0,2.0,13.0,10.0,0.79,0.61,9.0,4.0,1.0,1,44.0,3.0,,3.0,3.0,7.0,14.0,1.44,1.37,4.0,4.0,-1.0,6.0,-0.6499999999999999,5.0,13.0,0.0,1.94,1.51,1,0.0,0.0,1.0,0.79,0.61,-1.0,0,,,,,,,1,0.0,0.0,1.0,1.0,1.4,weak,weak,weak
1387710,2025-08-23 19:05:00+00:00,61,2025,80,Lyon,112,Metz,3,0,FT,4-2-3-1,4-2-3-1,4-2-3-1 vs 4-2-3-1,4,2,2,1.0,1,45.0,3.0,,3.0,5.0,11.0,18.0,1.41,1.38,8.0,12.0,1.0,1,38.0,2.0,,0.0,4.0,2.0,9.0,0.3,0.62,3.0,3.0,3.0,9.0,1.11,5.0,7.0,0.0,2.77,0.56,1,1.0,0.0,0.0,1.41,1.38,1.0,0,,,,,,,0,,,,,,weak,weak,weak
1387709,2025-08-24 13:00:00+00:00,61,2025,97,Lorient,94,Rennes,4,0,FT,3-4-3,3-5-2,3-4-3 vs 3-5-2,3,3,0,1.0,1,56.0,2.0,,3.0,3.0,14.0,7.0,1.37,1.44,4.0,4.0,1.0,1,28.0,2.0,1.0,5.0,2.0,12.0,24.0,1.47,1.71,1.0,12.0,-2.0,2.0,-0.0999999999999998,3.0,28.0,0.0,3.04,0.08,1,0.0,0.0,1.0,1.37,1.44,-1.0,0,,,,,,,0,,,,,,weak,weak,weak
1387707,2025-08-24 15:15:00+00:00,61,2025,111,Le Havre,116,Lens,1,2,FT,4-1-4-1,3-4-2-1,4-1-4-1 vs 3-4-2-1,2,0,2,1.0,1,26.0,1.0,,4.0,3.0,9.0,13.0,0.6,1.76,4.0,5.0,1.0,1,55.0,2.0,,5.0,3.0,18.0,11.0,1.38,1.41,12.0,8.0,-1.0,-9.0,-0.7799999999999999,-8.0,-29.0,0.0,1.89,1.07,1,0.0,0.0,1.0,0.6,1.76,-2.0,1,0.0,0.0,1.0,1.38,1.41,-1.0,0,,,,,,weak,weak,weak
1387714,2025-08-24 15:15:00+00:00,61,2025,95,Strasbourg,83,Nantes,1,0,FT,3-4-2-1,4-1-4-1,3-4-2-1 vs 4-1-4-1,7,1,6,1.0,1,62.0,2.0,,4.0,0.0,9.0,2.0,0.62,0.3,3.0,3.0,1.0,1,29.0,1.0,,0.0,4.0,5.0,18.0,0.14,1.43,2.0,7.0,4.0,4.0,0.48,1.0,33.0,0.0,1.78,0.44,0,,,,,,,1,0.0,0.0,1.0,0.14,1.43,-1.0,0,,,,,,weak,weak,weak
1387715,2025-08-24 15:15:00+00:00,61,2025,96,Toulouse,106,Stade Brestois 29,2,0,FT,3-4-3,4-3-3,3-4-3 vs 4-3-3,3,2,1,1.0,1,43.0,3.0,,2.0,2.0,10.0,13.0,0.61,0.79,4.0,9.0,1.0,1,46.0,2.0,,5.0,6.0,18.0,10.0,2.01,1.62,2.0,2.0,-3.0,-8.0,-1.4,2.0,-3.0,0.0,1.28,0.97,1,1.0,0.0,0.0,0.61,0.79,1.0,1,0.0,1.0,0.0,2.01,1.62,0.0,0,,,,,,weak,weak,weak
1387708,2025-08-24 18:45:00+00:00,61,2025,79,Lille,91,Monaco,1,0,FT,4-2-3-1,4-3-3,4-2-3-1 vs 4-3-3,8,6,2,1.0,1,54.0,1.0,,6.0,5.0,10.0,18.0,1.62,2.01,2.0,2.0,1.0,1,74.0,0.0,,3.0,4.0,13.0,9.0,1.76,0.6,5.0,4.0,3.0,-3.0,-0.1399999999999999,-3.0,-20.0,0.0,2.92,1.25,1,0.0,1.0,0.0,1.62,2.01,0.0,0,,,,,,,1,1.0,0.0,0.0,7.0,3.92,weak,weak,weak
1387718,2025-08-29 18:45:00+00:00,61,2025,116,Lens,106,Stade Brestois 29,3,1,FT,3-4-2-1,4-3-3,3-4-2-1 vs 4-3-3,1,2,-1,1.0,1,49.0,1.5,,4.0,4.5,12.0,14.5,1.225,1.65,6.0,7.5,1.0,1,49.5,1.5,,3.5,4.5,17.0,8.0,1.4899999999999998,1.4500000000000002,5.5,2.5,0.5,-5.0,-0.2649999999999997,0.5,-0.5,0.0,3.99,1.08,2,0.5,0.0,0.5,1.225,1.65,0.0,2,0.0,0.5,0.5,1.4899999999999998,1.4500000000000002,-1.0,0,,,,,,weak,weak,weak
1387719,2025-08-30 15:00:00+00:00,61,2025,97,Lorient,79,Lille,1,7,FT,3-4-2-1,4-2-3-1,3-4-2-1 vs 4-2-3-1,6,9,-3,1.0,1,53.5,4.0,0.0,5.0,2.0,18.0,5.5,2.205,0.76,3.5,3.0,1.0,1,52.0,1.0,,3.5,3.0,14.0,12.0,2.27,1.63,5.0,2.5,1.5,4.0,-0.0649999999999999,-1.5,1.5,0.0,1.5,3.49,0,,,,,,,2,0.5,0.5,0.0,2.27,1.63,0.5,1,0.0,0.0,1.0,1.0,2.79,weak,weak,weak
1387722,2025-08-30 17:00:00+00:00,61,2025,83,Nantes,108,Auxerre,1,0,FT,4-3-3,4-4-1-1,4-3-3 vs 4-4-1-1,2,4,-2,1.0,1,40.0,1.5,,1.0,4.0,7.0,16.5,0.29,1.605,4.0,7.0,0.5,2,44.5,2.5,1.0,5.5,4.5,9.5,15.0,1.475,1.655,4.0,4.5,-4.5,-2.5,-1.185,0.0,-4.5,0.5,0.48,0.68,0,,,,,,,0,,,,,,,0,,,,,,weak,weak,weak
1387724,2025-08-30 19:05:00+00:00,61,2025,96,Toulouse,85,Paris Saint Germain,3,6,FT,5-4-1,4-3-3,5-4-1 vs 4-3-3,4,4,0,1.0,1,45.0,1.5,,2.5,2.0,8.0,14.5,0.945,0.88,3.5,9.0,1.0,1,77.5,1.0,,4.0,0.0,19.5,4.0,1.64,0.19,9.5,1.0,-1.5,-11.5,-0.6950000000000001,-6.0,-32.5,0.0,2.22,2.62,0,,,,,,,2,1.0,0.0,0.0,1.6400000000000001,0.19,1.0,0,,,,,,weak,weak,weak
1387716,2025-08-31 13:00:00+00:00,61,2025,77,Angers,94,Rennes,1,1,FT,4-2-3-1,3-5-2,4-2-3-1 vs 3-5-2,1,4,-3,0.5,2,24.0,2.0,1.0,1.0,5.5,5.5,19.0,0.605,1.385,1.5,9.5,0.5,2,38.5,1.0,1.5,3.0,4.5,8.0,23.0,0.775,2.375,1.5,7.5,-2.0,-2.5,-0.17,0.0,-14.5,0.0,1.23,1.46,0,,,,,,,1,0.0,0.0,1.0,0.08,3.04,-4.0,0,,,,,,weak,weak,weak
1387717,2025-08-31 15:15:00+00:00,61,2025,111,Le Havre,84,Nice,3,1,FT,4-1-4-1,3-4-2-1,4-1-4-1 vs 3-4-2-1,2,8,-6,1.0,1,41.5,2.0,,5.0,3.0,13.5,9.5,1.245,1.415,5.5,2.5,1.0,1,56.0,2.0,0.0,4.0,5.0,14.5,11.0,1.365,1.06,7.0,4.0,1.0,-1.0,-0.1200000000000001,-1.5,-14.5,0.0,2.56,0.63,2,0.0,0.0,1.0,1.2449999999999999,1.415,-1.5,2,0.5,0.0,0.5,1.365,1.06,0.5,1,0.0,0.0,1.0,3.0,2.96,weak,weak,weak
1387721,2025-08-31 15:15:00+00:00,61,2025,91,Monaco,95,Strasbourg,3,2,FT,4-2-3-1,3-4-2-1,4-2-3-1 vs 3-4-2-1,4,6,-2,0.5,2,62.0,1.0,,2.0,2.5,9.5,13.5,1.505,1.76,4.0,6.0,0.5,2,55.5,2.0,,4.0,1.0,12.0,5.5,1.2,0.37,5.0,4.5,-2.0,-2.5,0.3049999999999999,-1.0,6.5,0.0,1.94,1.62,1,1.0,0.0,0.0,1.76,0.6,2.0,1,1.0,0.0,0.0,1.78,0.44,1.0,0,,,,,,weak,weak,weak
1387723,2025-08-31 15:15:00+00:00,61,2025,114,Paris FC,112,Metz,3,2,FT,4-3-3,4-2-3-1,4-3-3 vs 4-2-3-1,1,5,-4,0.5,2,53.5,0.5,0.0,5.5,4.5,12.5,9.5,1.005,1.9,4.5,4.0,0.5,2,42.5,2.0,,1.0,6.0,6.5,11.0,0.43,1.695,3.0,3.5,4.5,6.0,0.5750000000000001,1.5,11.0,0.0,3.21,1.84,1,0.0,0.0,1.0,1.09,2.83,-3.0,1,0.0,0.0,1.0,0.56,2.77,-3.0,1,0.0,1.0,0.0,6.0,3.63,weak,weak,weak
1387720,2025-08-31 18:45:00+00:00,61,2025,80,Lyon,81,Marseille,1,0,FT,4-2-3-1,4-2-3-1,4-2-3-1 vs 4-2-3-1,6,6,0,1.0,1,49.0,1.5,,5.5,3.5,12.0,14.5,2.09,0.97,6.0,7.5,0.5,2,66.5,2.0,0.0,4.5,4.5,17.5,10.0,2.27,1.28,8.5,1.5,1.0,-5.5,-0.1800000000000001,-2.5,-17.5,0.5,3.04,0.77,2,1.0,0.0,0.0,2.09,0.97,2.0,1,1.0,0.0,0.0,2.83,1.09,3.0,1,1.0,0.0,0.0,3.0,3.33,weak,weak,weak
1387728,2025-09-12 18:45:00+00:00,61,2025,81,Marseille,97,Lorient,4,0,FT,4-2-3-1,3-4-2-1,4-2-3-1 vs 3-4-2-1,2,6,-4,0.6666666666666666,2,58.333333333333336,2.0,0.5,3.6666666666666665,5.0,13.333333333333334,12.666666666666666,1.7700000000000002,1.8666666666666665,7.0,4.0,0.6666666666666666,2,49.333333333333336,3.6666666666666665,0.0,4.0,5.0,14.0,10.333333333333334,1.97,1.67,3.333333333333333,4.666666666666667,-0.3333333333333335,-0.6666666666666661,-0.1999999999999997,3.6666666666666665,9.0,0.0,2.26,0.14,2,0.5,0.0,0.5,1.8,2.065,1.0,1,0.0,0.0,1.0,1.5,3.49,-6.0,1,1.0,0.0,0.0,5.0,3.56,weak,weak,weak
1387730,2025-09-13 15:00:00+00:00,61,2025,84,Nice,83,Nantes,1,0,FT,3-4-2-1,4-1-4-1,3-4-2-1 vs 4-1-4-1,3,0,3,1.0,1,57.0,2.6666666666666665,0.0,3.6666666666666665,6.0,12.0,11.333333333333334,1.12,1.5599999999999998,6.333333333333333,2.6666666666666665,0.6666666666666666,2,41.0,1.3333333333333333,,1.6666666666666667,4.0,6.0,15.666666666666666,0.3533333333333333,1.2966666666666666,3.6666666666666665,7.666666666666667,2.0,6.0,0.7666666666666666,2.6666666666666665,16.0,0.3333333333333333,1.75,0.75,3,0.3333333333333333,0.0,0.6666666666666666,1.1199999999999999,1.5599999999999998,-0.3333333333333333,2,0.0,0.0,1.0,0.29000000000000004,1.605,-1.0,1,1.0,0.0,0.0,1.0,2.22,weak,weak,weak
1387725,2025-09-13 19:05:00+00:00,61,2025,108,Auxerre,91,Monaco,1,2,FT,5-4-1,4-4-2,5-4-1 vs 4-4-2,0,4,-4,0.3333333333333333,3,48.66666666666666,2.6666666666666665,1.0,5.0,4.0,11.0,11.333333333333334,1.2100000000000002,1.2633333333333334,5.666666666666667,4.0,0.6666666666666666,2,55.66666666666666,1.3333333333333333,0.0,2.6666666666666665,3.0,10.333333333333334,13.0,1.6499999999999997,1.7133333333333336,4.666666666666667,5.666666666666667,2.333333333333333,0.6666666666666661,-0.4399999999999995,1.0,-7.0,-0.3333333333333333,0.67,1.42,1,1.0,0.0,0.0,1.44,1.37,1.0,0,,,,,,,0,,,,,,weak,weak,weak
1387727,2025-09-14 13:00:00+00:00,61,2025,79,Lille,96,Toulouse,2,1,FT,4-2-3-1,3-4-3,4-2-3-1 vs 3-4-3,5,0,5,1.0,1,54.333333333333336,1.6666666666666667,,6.0,2.6666666666666665,16.0,10.0,2.676666666666667,1.586666666666667,6.0,2.6666666666666665,0.6666666666666666,2,38.0,1.3333333333333333,,3.6666666666666665,4.0,10.0,14.0,1.37,1.46,4.0,8.333333333333334,2.333333333333333,6.0,1.306666666666667,2.0,16.333333333333336,0.3333333333333333,2.21,0.81,3,0.6666666666666666,0.3333333333333333,0.0,2.676666666666667,1.5866666666666667,2.3333333333333335,2,1.0,0.0,0.0,0.9450000000000001,0.88,1.5,0,,,,,,weak,weak,weak
1387726,2025-09-14 15:15:00+00:00,61,2025,106,Stade Brestois 29,114,Paris FC,1,2,FT,4-3-3,4-1-4-1,4-3-3 vs 4-1-4-1,2,0,2,1.0,1,43.66666666666666,2.0,1.0,3.0,6.333333333333333,14.333333333333334,15.333333333333334,1.3533333333333333,2.296666666666667,4.0,6.666666666666667,0.6666666666666666,2,52.66666666666666,0.6666666666666666,0.0,6.666666666666667,3.6666666666666665,16.333333333333332,11.0,1.7400000000000002,1.88,7.666666666666667,4.666666666666667,-3.666666666666667,-1.9999999999999984,-0.3866666666666669,-3.666666666666667,-9.0,0.3333333333333333,2.57,1.55,3,0.0,0.3333333333333333,0.6666666666666666,1.3533333333333333,2.296666666666667,-1.3333333333333333,0,,,,,,,0,,,,,,weak,weak,weak
1387729,2025-09-14 15:15:00+00:00,61,2025,112,Metz,77,Angers,1,1,FT,4-2-3-1,4-2-3-1,4-2-3-1 vs 4-2-3-1,4,0,4,0.6666666666666666,2,44.66666666666666,1.6666666666666667,1.0,1.3333333333333333,7.0,9.0,15.333333333333334,0.9,2.2,4.0,7.0,0.3333333333333333,3,28.33333333333333,2.0,1.0,3.0,6.0,7.0,17.666666666666668,0.8133333333333334,1.41,1.3333333333333333,8.666666666666666,-1.6666666666666667,2.0,0.0866666666666666,2.666666666666667,16.333333333333332,0.3333333333333333,1.71,2.27,2,0.0,0.0,1.0,1.2000000000000002,2.99,-2.0,1,0.0,1.0,0.0,1.23,1.46,0.0,2,1.0,0.0,0.0,2.0,3.5700000000000003,weak,weak,weak
1387731,2025-09-14 15:15:00+00:00,61,2025,85,Paris Saint Germain,116,Lens,2,0,FT,4-3-3,3-4-2-1,4-3-3 vs 3-4-2-1,3,0,3,1.0,1,77.0,0.5,,5.333333333333333,2.0,17.333333333333332,7.333333333333333,1.9666666666666668,0.8666666666666667,8.666666666666666,2.333333333333333,1.0,1,55.333333333333336,1.3333333333333333,0.0,6.0,3.6666666666666665,18.0,12.666666666666666,2.146666666666667,1.46,9.0,5.333333333333333,-0.666666666666667,-0.6666666666666679,-0.1800000000000001,-0.3333333333333339,21.666666666666664,0.0,1.07,1.16,3,1.0,0.0,0.0,1.9666666666666668,0.8666666666666667,1.6666666666666667,3,0.6666666666666666,0.0,0.3333333333333333,2.146666666666667,1.46,0.6666666666666666,0,,,,,,weak,weak,weak
1387733,2025-09-14 15:15:00+00:00,61,2025,95,Strasbourg,111,Le Havre,1,0,FT,3-1-4-2,4-1-4-1,3-1-4-2 vs 4-1-4-1,6,0,6,0.6666666666666666,2,56.0,1.6666666666666667,1.0,4.0,2.0,12.0,7.666666666666667,1.34,0.8933333333333332,5.0,5.0,1.0,1,41.333333333333336,1.6666666666666667,,6.0,3.0,13.0,8.666666666666666,1.6833333333333331,1.153333333333333,3.6666666666666665,3.333333333333333,-2.0,-1.0,-0.3433333333333335,1.3333333333333337,14.666666666666664,-0.3333333333333333,1.36,0.65,0,,,,,,,3,0.3333333333333333,0.0,0.6666666666666666,1.6833333333333333,1.1533333333333333,-0.3333333333333333,0,,,,,,weak,weak,weak
1387732,2025-09-14 18:45:00+00:00,61,2025,94,Rennes,80,Lyon,3,1,FT,3-5-2,4-2-3-1,3-5-2 vs 4-2-3-1,0,4,-4,0.6666666666666666,2,46.66666666666666,1.3333333333333333,1.5,4.333333333333333,5.333333333333333,10.333333333333334,18.666666666666668,1.0033333333333332,1.9933333333333332,3.333333333333333,5.333333333333333,1.0,1,52.0,1.6666666666666667,0.0,5.666666666666667,3.0,14.0,11.333333333333334,2.4066666666666667,0.9033333333333332,7.0,6.333333333333333,-1.333333333333334,-3.666666666666666,-1.4033333333333335,-3.6666666666666665,-5.333333333333336,-0.3333333333333333,2.19,1.71,2,0.0,0.5,0.5,0.77,2.135,-2.0,3,1.0,0.0,0.0,2.4066666666666667,0.9033333333333333,1.6666666666666667,0,,,,,,weak,weak,weak
1387738,2025-09-19 18:45:00+00:00,61,2025,80,Lyon,77,Angers,1,0,FT,4-2-3-1,4-3-3,4-2-3-1 vs 4-3-3,5,1,4,1.0,1,52.0,1.75,0.5,5.5,3.5,12.5,14.25,2.2325,1.225,6.25,6.0,0.5,3,32.5,1.6666666666666667,1.0,3.25,5.75,7.75,15.5,1.1775,1.485,1.75,7.5,2.25,4.75,1.055,4.5,19.5,0.5,1.81,1.18,4,0.75,0.0,0.25,2.2325,1.225,0.75,0,,,,,,,2,1.0,0.0,0.0,4.0,4.045,weak,weak,weak
1387741,2025-09-20 15:00:00+00:00,61,2025,83,Nantes,94,Rennes,2,2,FT,4-1-4-1,3-5-2,4-1-4-1 vs 3-5-2,3,2,1,0.75,2,41.0,1.0,,2.0,5.0,8.0,16.5,0.4525,1.41,3.75,7.5,0.75,2,47.0,1.5,1.0,4.5,5.25,13.5,16.0,1.2999999999999998,1.9225,3.75,5.0,-2.5,-5.5,-0.8474999999999998,0.0,-6.0,0.0,2.11,1.37,3,0.0,0.0,1.0,0.44333333333333336,1.6533333333333333,-1.0,3,0.3333333333333333,0.3333333333333333,0.3333333333333333,1.2433333333333334,1.9933333333333332,-0.6666666666666666,0,,,,,,weak,weak,weak
1387735,2025-09-20 17:00:00+00:00,61,2025,106,Stade Brestois 29,84,Nice,4,1,FT,4-2-3-1,3-4-2-1,4-2-3-1 vs 3-4-2-1,3,6,-3,1.0,1,44.25,1.5,0.5,4.25,5.75,16.5,13.25,1.6574999999999998,2.1100000000000003,4.5,5.25,1.0,1,57.5,2.5,0.0,4.75,5.25,13.75,12.0,1.2775,1.3575,6.5,3.0,-0.5,2.75,0.3799999999999999,-2.0,-13.25,0.0,2.03,2.33,0,,,,,,,4,0.5,0.0,0.5,1.2774999999999999,1.3575,0.0,2,1.0,0.0,0.0,4.5,2.98,weak,weak,weak
1387737,2025-09-20 19:05:00+00:00,61,2025,116,Lens,79,Lille,3,0,FT,3-4-2-1,4-2-3-1,3-4-2-1 vs 4-2-3-1,2,4,-2,1.0,1,49.5,1.5,0.0,5.25,4.25,16.25,13.0,1.9,1.3625,7.5,5.0,1.0,1,58.25,1.75,0.0,5.75,3.0,17.0,9.75,2.5600000000000005,1.3925,6.25,3.5,-0.5,-0.75,-0.6600000000000004,1.25,-8.75,0.0,3.54,1.9,4,0.5,0.0,0.5,1.9000000000000001,1.3625,0.0,4,0.75,0.25,0.0,2.5600000000000005,1.3925,2.0,2,0.0,0.0,1.0,4.5,3.89,weak,weak,weak
1387742,2025-09-21 13:00:00+00:00,61,2025,114,Paris FC,95,Strasbourg,2,3,FT,4-1-4-1,4-4-2,4-1-4-1 vs 4-4-2,3,7,-4,0.5,3,53.0,1.25,0.3333333333333333,6.0,4.75,14.0,14.0,1.6925,2.0525,6.0,5.0,0.5,3,54.25,1.75,1.0,4.75,1.75,11.25,8.25,1.345,0.8324999999999999,4.75,4.5,1.25,2.75,0.3475000000000001,1.25,-1.25,0.0,1.6,2.38,1,1.0,0.0,0.0,1.55,2.57,1.0,0,,,,,,,0,,,,,,weak,weak,weak
1387734,2025-09-21 15:15:00+00:00,61,2025,108,Auxerre,96,Toulouse,1,0,FT,5-4-1,3-4-3,5-4-1 vs 3-4-3,4,4,0,0.5,3,44.75,2.75,1.0,4.25,3.75,10.5,11.75,1.0750000000000002,1.3025,5.5,5.0,0.75,2,36.0,2.0,1.0,3.75,4.25,9.75,15.5,1.23,1.6475,4.5,8.0,0.5,0.75,-0.1549999999999998,1.0,8.75,-0.25,0.75,2.33,2,0.5,0.0,0.5,1.055,1.395,0.0,3,0.6666666666666666,0.0,0.3333333333333333,0.9,1.3233333333333333,0.6666666666666666,1,1.0,0.0,0.0,1.0,2.81,weak,weak,weak
1387736,2025-09-21 15:15:00+00:00,61,2025,111,Le Havre,97,Lorient,1,1,FT,4-2-3-1,3-4-2-1,4-2-3-1 vs 3-4-2-1,1,6,-5,1.0,1,43.75,1.75,0.0,4.75,4.0,12.25,8.75,1.425,1.205,3.5,3.5,0.5,2,44.0,3.25,0.5,3.25,5.75,11.5,11.5,1.5125,1.8175,2.5,6.0,1.5,0.75,-0.0874999999999999,1.0,-0.25,0.5,2.47,1.21,0,,,,,,,2,0.0,0.0,1.0,0.8200000000000001,2.875,-5.0,3,1.0,0.0,0.0,4.666666666666667,3.44,weak,weak,weak
1387740,2025-09-21 15:15:00+00:00,61,2025,91,Monaco,112,Metz,5,2,FT,4-4-2,3-4-2-1,4-4-2 vs 3-4-2-1,5,4,1,0.5,3,58.5,2.5,0.0,2.75,2.75,11.0,12.0,1.5924999999999998,1.4525,5.5,5.5,0.75,2,47.25,1.25,1.0,2.25,6.25,9.0,14.0,1.1025,2.2175,4.0,6.0,0.5,2.0,0.4899999999999997,1.5,11.25,-0.25,3.5,2.16,1,1.0,0.0,0.0,1.42,0.67,1.0,0,,,,,,,0,,,,,,weak,weak,weak
1387739,2025-09-22 18:00:00+00:00,61,2025,81,Marseille,85,Paris Saint Germain,1,0,FT,3-4-2-1,3-5-2,3-4-2-1 vs 3-5-2,2,4,-2,0.75,2,61.75,2.25,0.3333333333333333,4.75,4.0,13.75,10.5,1.8925,1.4349999999999998,7.75,3.0,1.0,1,74.75,0.6666666666666666,,5.5,2.25,16.5,8.25,1.7425000000000002,0.94,7.5,2.5,-0.75,-2.75,0.1499999999999999,0.25,-13.0,-0.25,1.14,0.67,0,,,,,,,0,,,,,,,0,,,,,,weak,weak,weak
1387750,2025-09-26 18:45:00+00:00,61,2025,95,Strasbourg,81,Marseille,1,2,FT,4-2-3-1,4-2-3-1,4-2-3-1 vs 4-2-3-1,5,3,2,0.4,4,51.2,2.4,1.0,4.6,2.6,10.6,10.2,1.552,0.986,4.2,4.4,0.6,3,55.8,2.4,0.3333333333333333,4.0,4.2,12.8,10.8,1.7420000000000002,1.2819999999999998,7.2,3.0,0.5999999999999996,-2.200000000000001,-0.1900000000000001,-3.0,-4.599999999999994,-0.1999999999999999,1.36,2.02,0,,,,,,,3,0.6666666666666666,0.0,0.3333333333333333,1.9533333333333331,1.4233333333333331,2.0,3,0.6666666666666666,0.3333333333333333,0.0,2.0,3.706666666666667,weak,weak,weak
1387745,2025-09-27 15:00:00+00:00,61,2025,97,Lorient,91,Monaco,3,1,FT,3-4-2-1,3-5-2,3-4-2-1 vs 3-5-2,6,7,-1,0.6,2,43.2,3.8,0.5,3.4,5.0,10.8,11.8,1.452,1.948,2.4,6.0,0.4,3,55.4,2.2,0.0,3.4,2.8,12.0,11.2,1.974,1.594,5.2,5.4,0.0,-1.1999999999999993,-0.5219999999999998,-2.8000000000000003,-12.199999999999996,0.1999999999999999,1.98,0.92,3,0.0,0.3333333333333333,0.6666666666666666,0.9500000000000001,2.74,-3.3333333333333335,0,,,,,,,1,1.0,0.0,0.0,1.0,1.81,weak,weak,weak
1387751,2025-09-27 17:00:00+00:00,61,2025,96,Toulouse,83,Nantes,2,2,FT,3-4-2-1,4-3-3,3-4-2-1 vs 4-3-3,4,1,3,0.8,2,40.8,2.8,0.5,3.6,3.6,10.4,13.6,1.45,1.468,4.4,7.0,0.8,2,41.4,1.2,,2.4,4.8,9.6,14.8,0.784,1.402,3.8,6.8,1.2000000000000002,0.8000000000000007,0.6659999999999999,0.6000000000000005,-0.6000000000000014,0.0,2.1,1.46,0,,,,,,,1,1.0,0.0,0.0,0.48,0.68,1.0,1,1.0,0.0,0.0,4.0,5.07,weak,weak,weak
1387748,2025-09-27 19:05:00+00:00,61,2025,85,Paris Saint Germain,108,Auxerre,2,0,FT,4-3-3,5-4-1,4-3-3 vs 5-4-1,5,4,1,0.8,2,73.4,0.75,,5.4,2.0,15.6,8.4,1.528,0.98,6.6,3.0,0.6,3,43.8,2.4,1.0,3.6,3.6,9.6,12.0,1.0100000000000002,1.508,5.0,4.8,1.8000000000000005,6.0,0.5179999999999998,1.5999999999999996,29.60000000000001,0.2,1.77,0.71,4,1.0,0.0,0.0,1.7425000000000002,0.94,1.75,3,0.6666666666666666,0.0,0.3333333333333333,0.9533333333333333,1.7066666666666668,0.3333333333333333,0,,,,,,weak,weak,weak
1387747,2025-09-28 13:00:00+00:00,61,2025,84,Nice,114,Paris FC,1,1,FT,3-4-1-2,4-3-3,3-4-1-2 vs 4-3-3,4,4,0,1.0,1,58.4,2.6,0.0,4.6,5.2,15.2,11.8,1.488,1.4919999999999998,6.6,2.8,0.4,3,54.6,1.2,0.3333333333333333,6.0,4.6,14.8,12.8,1.6740000000000002,2.118,5.6,4.4,-1.4000000000000004,0.3999999999999986,-0.1860000000000001,1.0,3.799999999999997,0.6,0.96,1.84,0,,,,,,,2,0.5,0.0,0.5,2.15,2.335,-1.0,0,,,,,,weak,weak,weak
1387743,2025-09-28 15:15:00+00:00,61,2025,77,Angers,106,Stade Brestois 29,0,2,FT,4-4-2,4-2-3-1,4-4-2 vs 4-2-3-1,1,3,-2,0.4,4,32.6,1.75,1.0,3.0,5.6,8.2,15.6,1.178,1.55,2.2,7.4,0.8,2,43.0,1.4,0.5,4.4,5.4,15.4,14.8,1.7319999999999998,2.1540000000000004,4.0,5.6,-1.4000000000000004,-7.200000000000001,-0.5539999999999998,-1.7999999999999998,-10.4,-0.4,0.48,1.56,0,,,,,,,1,1.0,0.0,0.0,2.03,2.33,3.0,0,,,,,,weak,weak,weak
1387744,2025-09-28 15:15:00+00:00,61,2025,79,Lille,80,Lyon,0,1,FT,4-2-3-1,4-3-3,4-2-3-1 vs 4-3-3,4,4,0,1.0,1,59.0,2.0,0.0,5.2,3.6,17.0,10.8,2.4280000000000004,1.822,7.0,3.6,1.0,1,55.0,1.8,0.5,5.4,3.2,13.2,13.4,2.148,1.216,6.4,5.6,-0.2000000000000001,3.8000000000000007,0.2800000000000002,0.5999999999999996,4.0,0.0,1.47,0.52,5,0.6,0.2,0.2,2.4280000000000004,1.8219999999999998,1.0,0,,,,,,,3,1.0,0.0,0.0,3.0,3.6933333333333334,medium,weak,weak
1387746,2025-09-28 15:15:00+00:00,61,2025,112,Metz,111,Le Havre,0,0,FT,3-4-2-1,4-3-3,3-4-2-1 vs 4-3-3,4,1,3,0.6,3,49.2,1.0,1.0,2.4,6.2,8.8,14.4,1.314,2.474,4.2,5.6,0.8,2,47.0,2.0,0.0,4.2,4.0,12.4,8.6,1.634,1.206,4.0,3.2,-1.8000000000000005,-3.6,-0.3199999999999998,0.2000000000000001,2.200000000000003,-0.2,0.47,0.27,1,0.0,0.0,1.0,2.16,3.5,-3.0,0,,,,,,,2,0.5,0.5,0.0,4.0,4.315,weak,weak,weak
1387749,2025-09-28 18:45:00+00:00,61,2025,94,Rennes,116,Lens,0,0,FT,3-5-2,3-4-2-1,3-5-2 vs 3-4-2-1,2,3,-1,0.8,2,49.0,1.6,1.0,4.4,5.0,12.4,16.0,1.3139999999999998,1.96,3.8,4.8,1.0,1,47.2,1.4,0.0,5.4,4.0,16.0,13.8,2.228,1.47,6.8,6.0,-1.0,-3.6,-0.9140000000000004,-3.0,1.7999999999999972,-0.1999999999999999,1.19,1.04,4,0.25,0.5,0.25,1.275,2.0225,-0.5,5,0.6,0.0,0.4,2.228,1.47,0.6,0,,,,,,weak,medium,weak
1387759,2025-10-03 18:45:00+00:00,61,2025,114,Paris FC,97,Lorient,2,0,FT,4-3-3,3-4-2-1,4-3-3 vs 3-4-2-1,5,5,0,0.6,2,52.2,1.2,0.5,5.2,5.2,14.0,13.4,1.858,2.1160000000000005,5.2,4.8,0.8,2,41.4,3.8,0.3333333333333333,4.4,4.8,11.8,11.4,1.5739999999999998,1.844,2.0,6.0,0.7999999999999998,2.1999999999999997,0.284,3.2,10.800000000000004,-0.2,1.02,0.97,3,0.3333333333333333,0.3333333333333333,0.3333333333333333,2.0466666666666664,1.8766666666666667,-0.6666666666666666,4,0.25,0.25,0.5,1.2075,2.285,-2.0,1,1.0,0.0,0.0,2.0,2.23,weak,weak,weak
1387757,2025-10-04 15:00:00+00:00,61,2025,112,Metz,81,Marseille,0,3,FT,3-4-2-1,4-2-3-1,3-4-2-1 vs 4-2-3-1,4,3,1,0.6,2,52.2,1.0,1.0,2.4,5.8,9.8,14.6,1.348,2.404,4.4,6.2,0.8,2,53.4,2.6,0.5,5.4,3.4,11.2,10.2,1.804,1.26,5.6,3.8,-3.0000000000000004,-1.3999999999999986,-0.4559999999999997,-1.1999999999999993,-1.1999999999999955,-0.2,0.16,2.71,2,0.0,0.5,0.5,1.315,1.885,-1.5,4,0.75,0.0,0.25,1.9699999999999998,1.4075,1.75,3,0.3333333333333333,0.0,0.6666666666666666,4.0,4.406666666666666,weak,weak,weak
1387753,2025-10-04 17:00:00+00:00,61,2025,106,Stade Brestois 29,83,Nantes,0,0,FT,4-2-3-1,4-1-4-1,4-2-3-1 vs 4-1-4-1,5,2,3,0.6,2,42.4,1.2,0.5,4.0,4.6,13.2,15.0,1.642,1.926,4.4,7.4,0.6,2,46.4,1.6,,2.8,5.4,11.0,15.2,1.048,1.536,4.2,5.6,1.2000000000000002,2.1999999999999997,0.5939999999999999,0.2000000000000001,-4.0,0.0,1.51,0.15,2,1.0,0.0,0.0,1.795,1.405,2.5,4,0.0,0.25,0.75,0.86,1.5825,-0.75,1,1.0,0.0,0.0,4.0,2.36,weak,weak,weak
1387752,2025-10-04 19:05:00+00:00,61,2025,108,Auxerre,116,Lens,1,2,FT,5-4-1,3-4-2-1,5-4-1 vs 3-4-2-1,5,4,1,0.6,3,41.8,2.2,1.0,3.6,4.6,10.6,12.2,0.8640000000000001,1.588,5.2,5.0,1.0,1,42.8,1.6,0.5,4.8,3.8,15.0,14.4,2.16,1.4259999999999995,5.2,6.0,-1.1999999999999995,-4.4,-1.296,0.0,-1.0,-0.4,1.71,0.41,4,0.5,0.0,0.5,0.8925,1.7225000000000001,-0.25,6,0.5,0.16666666666666666,0.3333333333333333,2.03,1.4233333333333331,0.5,0,,,,,,weak,medium,weak
1387756,2025-10-05 13:00:00+00:00,61,2025,80,Lyon,96,Toulouse,1,2,FT,4-2-3-1,3-4-3,4-2-3-1 vs 3-4-3,4,3,1,0.8,2,55.2,2.0,0.5,5.2,2.8,12.0,12.6,1.97,1.234,5.6,3.8,0.6,3,41.4,2.6,0.5,4.6,3.6,12.4,13.4,1.748,1.602,3.8,6.0,0.6000000000000005,-0.4000000000000003,0.2219999999999999,1.7999999999999998,13.800000000000004,0.2,1.17,1.18,5,0.8,0.0,0.2,2.148,1.216,0.8,4,0.5,0.0,0.5,1.2575,1.18,0.25,1,1.0,0.0,0.0,3.0,3.02,medium,weak,weak
1387754,2025-10-05 15:15:00+00:00,61,2025,111,Le Havre,94,Rennes,2,2,FT,4-3-3,3-5-2,4-3-3 vs 3-5-2,4,3,1,0.6,3,51.2,2.2,0.0,3.8,3.4,12.6,7.4,1.568,0.948,4.4,3.0,1.0,1,56.8,1.8,0.6666666666666666,3.8,5.0,12.8,13.8,1.2579999999999998,1.826,5.2,3.2,0.0,-0.200000000000001,0.3100000000000003,-0.7999999999999998,-5.599999999999994,-0.4,1.71,1.11,1,0.0,1.0,0.0,0.27,0.47,0.0,5,0.2,0.6,0.2,1.2579999999999998,1.8259999999999998,-0.4,1,1.0,0.0,0.0,1.0,2.09,weak,medium,weak
1387758,2025-10-05 15:15:00+00:00,61,2025,91,Monaco,84,Nice,2,2,FT,4-2-3-1,3-4-3,4-2-3-1 vs 3-4-3,10,5,5,0.4,4,51.2,2.8,0.3333333333333333,3.2,3.6,10.4,13.2,1.806,1.87,5.0,5.0,0.8,2,55.8,2.4,0.0,5.2,5.4,14.8,12.4,1.522,1.738,5.8,3.0,-2.0,-4.4,0.2839999999999998,-0.7999999999999998,-4.599999999999994,-0.4,2.98,1.15,2,1.0,0.0,0.0,1.85,1.11,1.5,0,,,,,,,2,0.5,0.0,0.5,3.0,2.6849999999999996,weak,weak,weak
1387760,2025-10-05 15:15:00+00:00,61,2025,95,Strasbourg,77,Angers,5,0,FT,3-4-2-1,4-3-3,3-4-2-1 vs 4-3-3,4,1,3,0.4,4,46.8,2.4,1.0,4.0,4.4,10.6,13.0,1.7,1.33,4.6,4.6,0.4,4,37.6,1.5,,3.0,4.8,8.8,13.6,1.08,1.6780000000000002,3.8,6.8,1.0,1.799999999999999,0.6199999999999999,0.7999999999999998,9.199999999999996,0.0,4.73,0.32,2,0.5,0.0,0.5,1.7000000000000002,1.19,0.0,1,0.0,0.0,1.0,1.18,1.81,-1.0,3,0.3333333333333333,0.6666666666666666,0.0,2.6666666666666665,3.1233333333333335,weak,weak,weak
1387755,2025-10-05 18:45:00+00:00,61,2025,79,Lille,85,Paris Saint Germain,1,1,FT,4-3-3,4-3-3,4-3-3 vs 4-3-3,2,7,-5,1.0,1,59.0,2.6,0.0,4.6,3.0,17.8,8.2,2.398000000000001,1.5239999999999998,7.2,4.0,0.8,2,72.4,0.75,,6.2,2.6,15.0,9.8,1.596,1.094,6.2,3.6,-1.6000000000000003,2.8000000000000007,0.8020000000000005,1.0,-13.400000000000006,0.1999999999999999,0.65,1.5,0,,,,,,,5,1.0,0.0,0.0,1.748,0.8939999999999999,1.8,0,,,,,,weak,medium,weak
1387767,2025-10-17 18:45:00+00:00,61,2025,85,Paris Saint Germain,95,Strasbourg,3,3,FT,4-3-3,3-4-2-1,4-3-3 vs 3-4-2-1,4,4,0,0.8,2,68.0,0.8,,6.4,3.2,14.2,11.0,1.5260000000000002,1.176,4.8,4.2,0.4,4,50.2,2.4,1.0,5.6,4.2,11.2,12.2,2.29,1.3059999999999998,3.6,4.4,0.8000000000000007,3.0,-0.7639999999999998,1.1999999999999995,17.799999999999997,0.4,2.67,2.15,6,0.8333333333333334,0.16666666666666666,0.0,1.7066666666666668,0.8533333333333334,1.5,3,0.6666666666666666,0.0,0.3333333333333333,2.7100000000000004,0.8999999999999999,1.6666666666666667,2,1.0,0.0,0.0,2.0,2.11,medium,weak,weak
1387766,2025-10-18 15:00:00+00:00,61,2025,84,Nice,80,Lyon,3,2,FT,3-4-3,4-2-3-1,3-4-3 vs 4-2-3-1,5,3,2,0.6,3,51.6,2.6,1.0,4.4,5.0,13.4,14.0,1.364,2.032,6.2,3.4,0.8,2,58.4,2.2,0.5,4.2,3.0,12.0,13.2,1.65,1.358,6.4,4.2,0.2000000000000001,1.4000000000000004,-0.2859999999999998,-0.2000000000000001,-6.799999999999997,-0.2,0.6,3.39,1,0.0,1.0,0.0,1.15,2.98,0.0,6,0.6666666666666666,0.0,0.3333333333333333,1.985,1.21,0.5,0,,,,,,weak,medium,weak
1387761,2025-10-18 17:00:00+00:00,61,2025,77,Angers,91,Monaco,1,1,FT,4-2-3-1,3-4-2-1,4-2-3-1 vs 3-4-2-1,4,7,-3,0.4,3,41.2,1.6,,3.2,6.4,9.2,13.0,1.096,2.2540000000000004,4.8,4.8,0.4,3,54.4,2.6,0.25,4.2,3.8,13.2,11.4,2.152,1.516,5.6,4.8,-1.0,-4.0,-1.056,-0.7999999999999998,-13.199999999999996,0.0,1.77,1.88,2,0.0,1.0,0.0,1.75,1.585,0.0,0,,,,,,,4,0.75,0.25,0.0,4.0,3.5,weak,weak,weak
1387764,2025-10-18 19:05:00+00:00,61,2025,81,Marseille,111,Le Havre,6,2,FT,4-2-3-1,4-4-2,4-2-3-1 vs 4-4-2,4,2,2,0.8,2,53.6,3.0,0.5,5.8,2.8,13.2,9.4,1.7799999999999998,1.074,5.4,4.2,0.4,3,48.4,1.8,0.0,3.0,3.4,11.0,8.0,1.5319999999999998,0.956,3.6,3.8,2.8,2.1999999999999997,0.248,1.8000000000000005,5.200000000000003,0.4,4.19,0.48,5,0.8,0.0,0.2,2.118,1.158,2.0,0,,,,,,,0,,,,,,medium,weak,weak
1387762,2025-10-19 13:00:00+00:00,61,2025,116,Lens,114,Paris FC,2,1,FT,3-4-2-1,4-3-3,3-4-2-1 vs 4-3-3,5,4,1,1.0,1,42.8,2.8,0.6666666666666666,5.0,3.0,15.2,14.4,2.028,1.39,5.6,5.0,0.6,2,56.2,1.2,0.5,4.8,4.4,14.4,12.8,1.844,1.7440000000000002,5.0,4.8,0.2000000000000001,0.7999999999999989,0.1840000000000001,0.5999999999999996,-13.400000000000006,0.4,1.63,0.52,7,0.5714285714285714,0.14285714285714285,0.2857142857142857,1.7985714285714285,1.4642857142857142,0.5714285714285714,4,0.5,0.25,0.25,1.79,1.65,0.0,4,0.5,0.5,0.0,3.25,3.6050000000000004,medium,weak,weak
1387763,2025-10-19 15:15:00+00:00,61,2025,97,Lorient,106,Stade Brestois 29,3,3,FT,3-4-2-1,4-2-3-1,3-4-2-1 vs 4-2-3-1,5,3,2,1.0,1,39.4,3.2,0.5,3.6,5.0,9.0,12.6,1.16,2.032,2.4,5.8,0.6,2,42.0,1.4,0.5,4.6,4.0,13.4,15.0,1.75,1.7,5.0,7.4,-0.9999999999999996,-4.4,-0.5900000000000001,-2.6,-2.6000000000000014,0.4,1.2,1.59,5,0.2,0.2,0.6,1.16,2.032,-2.0,3,0.6666666666666666,0.3333333333333333,0.0,1.7,0.9866666666666667,1.6666666666666667,4,0.25,0.0,0.75,3.75,4.0225,medium,weak,weak
1387768,2025-10-19 15:15:00+00:00,61,2025,94,Rennes,108,Auxerre,2,2,FT,3-5-2,5-4-1,3-5-2 vs 5-4-1,2,3,-1,1.0,1,58.4,2.2,0.0,4.2,4.0,13.8,11.4,1.464,1.56,5.6,3.2,0.8,2,44.2,2.4,0.6666666666666666,2.4,4.2,11.8,10.4,0.904,1.282,4.8,4.4,1.8000000000000005,2.0,0.56,0.7999999999999998,14.199999999999996,0.1999999999999999,2.03,1.51,6,0.16666666666666666,0.6666666666666666,0.16666666666666666,1.2333333333333332,1.8066666666666666,-0.3333333333333333,5,0.4,0.0,0.6,1.0559999999999998,1.4600000000000002,-0.4,0,,,,,,medium,medium,weak
1387769,2025-10-19 15:15:00+00:00,61,2025,96,Toulouse,112,Metz,4,0,FT,3-4-3,3-4-2-1,3-4-3 vs 3-4-2-1,3,3,0,0.6,3,38.2,3.2,0.5,4.6,3.8,14.0,12.8,1.7280000000000002,1.642,4.2,5.8,0.6,2,50.4,0.75,1.0,2.2,6.0,8.4,16.2,1.268,2.3920000000000003,4.6,6.2,2.3999999999999995,5.6,0.4600000000000002,-0.3999999999999994,-12.199999999999996,0.0,2.54,0.08,5,0.6,0.0,0.4,1.242,1.178,0.4,3,0.0,0.3333333333333333,0.6666666666666666,0.93,2.16,-2.0,0,,,,,,medium,weak,weak
1387765,2025-10-19 18:45:00+00:00,61,2025,83,Nantes,79,Lille,0,2,FT,4-3-3,4-2-3-1,4-3-3 vs 4-2-3-1,3,4,-1,0.6,2,46.0,1.4,,2.4,5.6,10.4,15.6,0.99,1.482,3.6,6.6,0.8,2,56.6,2.6,0.0,5.0,3.8,16.0,10.4,1.944,1.5739999999999998,6.2,4.4,-2.6,-5.6,-0.9540000000000002,-2.6,-10.6,-0.2,0.45,2.6,2,0.5,0.5,0.0,0.97,1.3900000000000001,0.5,6,0.5,0.16666666666666666,0.3333333333333333,2.268333333333334,1.6049999999999998,0.6666666666666666,2,0.5,0.5,0.0,5.5,4.34,weak,medium,weak
1387777,2025-10-24 18:45:00+00:00,61,2025,114,Paris FC,83,Nantes,1,2,FT,4-2-3-1,4-3-3,4-2-3-1 vs 4-3-3,4,3,1,0.6,2,57.4,1.4,1.0,3.6,4.6,11.4,12.2,1.3059999999999998,1.7019999999999995,2.8,5.8,0.6,2,44.8,1.4,,2.4,5.8,11.2,17.4,0.9840000000000002,1.866,4.0,6.6,1.2000000000000002,0.200000000000001,0.3219999999999996,-1.2000000000000002,12.6,0.0,1.19,0.9,0,,,,,,,3,0.3333333333333333,0.3333333333333333,0.3333333333333333,0.7966666666666667,1.7933333333333337,-0.3333333333333333,4,0.75,0.0,0.25,2.5,3.2675,weak,weak,weak
1387772,2025-10-25 15:00:00+00:00,61,2025,106,Stade Brestois 29,85,Paris Saint Germain,0,3,FT,4-2-3-1,4-3-3,4-2-3-1 vs 4-3-3,2,2,0,0.8,2,45.6,1.2,0.0,5.0,3.4,13.2,11.4,1.852,1.142,5.2,5.4,0.8,2,67.0,1.2,,6.6,3.4,15.8,10.6,1.536,1.162,4.2,3.4,-1.5999999999999996,-2.6000000000000014,0.3159999999999998,1.0,-21.4,0.0,1.62,2.07,4,0.5,0.5,0.0,1.6724999999999999,1.04,1.25,7,0.7142857142857143,0.2857142857142857,0.0,1.8442857142857143,1.0385714285714285,1.2857142857142858,5,0.6,0.0,0.4,2.6,3.032,weak,medium,medium
1387776,2025-10-25 17:00:00+00:00,61,2025,91,Monaco,96,Toulouse,1,0,FT,3-4-2-1,3-4-2-1,3-4-2-1 vs 3-4-2-1,7,4,3,0.4,4,57.4,2.6,0.3333333333333333,4.2,3.6,13.0,12.2,2.14,1.546,5.0,5.8,0.8,2,40.6,3.4,0.3333333333333333,4.8,2.6,14.4,10.6,1.7920000000000005,1.134,4.2,4.6,-0.5999999999999996,-1.4000000000000004,0.3479999999999994,0.7999999999999998,16.799999999999997,-0.4,3.08,0.68,1,0.0,1.0,0.0,1.88,1.77,0.0,1,0.0,1.0,0.0,2.1,1.46,0.0,0,,,,,,weak,weak,weak
1387773,2025-10-25 19:05:00+00:00,61,2025,116,Lens,81,Marseille,2,1,FT,3-4-2-1,3-4-2-1,3-4-2-1 vs 3-4-2-1,3,4,-1,1.0,1,37.8,3.0,1.0,3.6,3.2,11.4,14.4,1.556,1.278,4.8,5.4,0.8,2,60.0,3.0,0.0,7.6,2.2,15.8,7.4,2.464,0.562,5.0,2.6,-4.0,-4.4,-0.908,-0.2000000000000001,-22.200000000000003,0.1999999999999999,1.8,0.66,8,0.625,0.125,0.25,1.7775,1.34625,0.625,1,1.0,0.0,0.0,1.14,0.67,1.0,1,1.0,0.0,0.0,1.0,3.7600000000000002,medium,weak,weak
1387774,2025-10-26 14:00:00+00:00,61,2025,79,Lille,112,Metz,6,1,FT,4-2-3-1,4-3-3,4-2-3-1 vs 4-3-3,5,6,-1,0.8,2,57.4,2.8,0.0,3.8,4.0,16.6,10.8,1.766,1.364,6.4,4.8,0.8,2,53.4,0.75,1.0,2.2,5.6,6.0,14.6,0.916,2.258,3.6,4.4,1.5999999999999996,10.6,0.85,2.8000000000000003,4.0,0.0,2.92,1.29,7,0.5714285714285714,0.14285714285714285,0.2857142857142857,2.3157142857142863,1.4399999999999997,0.8571428571428571,0,,,,,,,6,0.5,0.0,0.5,2.6666666666666665,3.141666666666667,medium,weak,medium
1387770,2025-10-26 16:15:00+00:00,61,2025,77,Angers,97,Lorient,2,0,FT,4-2-3-1,3-4-2-1,4-2-3-1 vs 3-4-2-1,3,6,-3,0.4,3,42.2,1.6,,2.4,5.8,10.4,12.2,1.204,2.338,6.6,4.0,1.0,1,41.2,3.2,0.5,4.6,3.6,10.2,10.2,1.1,1.652,2.8,4.6,-2.2,0.200000000000001,0.1039999999999998,3.8,1.0,-0.6,0.93,1.99,3,0.0,1.0,0.0,1.7566666666666666,1.6833333333333333,0.0,6,0.16666666666666666,0.3333333333333333,0.5,1.1666666666666667,1.9583333333333333,-1.6666666666666667,5,0.6,0.4,0.0,3.6,3.53,weak,medium,medium
1387771,2025-10-26 16:15:00+00:00,61,2025,108,Auxerre,111,Le Havre,0,1,FT,3-4-2-1,4-1-3-2,3-4-2-1 vs 4-1-3-2,2,1,1,1.0,1,42.4,2.4,0.6666666666666666,2.4,5.0,10.4,13.4,1.0699999999999998,1.592,3.4,5.0,0.4,4,45.4,2.0,0.5,2.0,5.0,10.2,10.2,1.116,1.668,3.8,3.2,0.3999999999999999,0.200000000000001,-0.0460000000000002,-0.3999999999999999,-3.0,0.6,0.61,0.94,0,,,,,,,0,,,,,,,0,,,,,,weak,weak,weak
1387778,2025-10-26 16:15:00+00:00,61,2025,94,Rennes,84,Nice,1,2,FT,4-4-2,3-4-1-2,4-4-2 vs 3-4-1-2,0,5,-5,1.0,1,56.2,2.0,0.0,4.2,3.4,14.6,10.8,1.578,1.616,5.4,3.4,0.4,3,46.0,2.0,1.0,4.6,4.8,13.0,17.4,1.358,2.198,5.4,6.6,-0.3999999999999994,1.5999999999999996,0.2200000000000002,0.0,10.200000000000005,0.6,1.74,0.73,0,,,,,,,1,0.0,1.0,0.0,0.96,1.84,0.0,0,,,,,,weak,weak,weak
1387775,2025-10-26 19:45:00+00:00,61,2025,80,Lyon,95,Strasbourg,2,1,FT,4-3-3,3-5-2,4-3-3 vs 3-5-2,3,6,-3,0.8,2,60.6,2.2,1.0,4.4,3.4,14.2,13.2,1.72,1.3239999999999998,7.8,3.6,0.4,4,44.6,2.4,1.0,6.2,5.2,11.2,14.0,2.3960000000000004,1.452,2.8,4.0,-1.7999999999999998,3.0,-0.6760000000000004,5.0,16.0,0.4,1.67,0.49,1,1.0,0.0,0.0,0.52,1.47,1.0,0,,,,,,,2,0.5,0.5,0.0,2.5,2.455,weak,weak,weak
1387779,2025-10-29 18:00:00+00:00,61,2025,111,Le Havre,106,Stade Brestois 29,1,0,FT,3-1-4-2,4-3-3,3-1-4-2 vs 4-3-3,1,2,-1,0.4,4,45.0,2.2,1.0,2.6,4.2,10.0,11.2,1.174,1.5180000000000002,4.2,5.0,1.0,1,41.4,1.4,,3.8,4.2,10.2,13.6,1.6619999999999997,1.246,4.4,6.6,-1.1999999999999995,-0.1999999999999993,-0.4879999999999997,-0.2000000000000001,3.6000000000000014,-0.6,1.01,0.55,0,,,,,,,4,0.0,0.25,0.75,1.6574999999999998,2.1100000000000003,-1.25,0,,,,,,weak,weak,weak
1387780,2025-10-29 18:00:00+00:00,61,2025,97,Lorient,85,Paris Saint Germain,1,1,FT,5-4-1,4-3-3,5-4-1 vs 4-3-3,6,3,3,1.0,1,48.2,2.8,0.0,5.2,2.8,14.0,8.6,1.4700000000000002,1.386,4.0,2.8,0.8,2,68.4,1.2,,7.0,3.2,16.6,10.0,1.736,1.254,4.8,3.2,-1.7999999999999998,-2.6000000000000014,-0.2659999999999998,-0.7999999999999998,-20.200000000000003,0.1999999999999999,0.23,1.49,0,,,,,,,8,0.75,0.25,0.0,1.8725,1.11125,1.5,1,0.0,0.0,1.0,9.0,4.84,weak,medium,weak
1387782,2025-10-29 18:00:00+00:00,61,2025,112,Metz,116,Lens,2,0,FT,4-1-4-1,3-4-2-1,4-1-4-1 vs 3-4-2-1,7,3,4,0.8,2,50.0,1.25,1.0,2.0,7.2,6.2,17.2,0.8320000000000001,2.388,4.4,5.2,1.0,1,37.6,3.2,1.0,4.0,2.6,10.8,15.0,1.684,1.1960000000000002,5.0,6.2,-2.0,-4.6000000000000005,-0.8519999999999999,-0.5999999999999996,12.4,-0.1999999999999999,3.42,1.32,0,,,,,,,9,0.6666666666666666,0.1111111111111111,0.2222222222222222,1.78,1.27,0.6666666666666666,2,0.5,0.0,0.5,3.5,3.075,weak,medium,weak
1387784,2025-10-29 18:00:00+00:00,61,2025,84,Nice,79,Lille,2,0,FT,3-4-1-2,4-2-3-1,3-4-1-2 vs 4-2-3-1,7,4,3,0.4,3,42.6,2.0,1.0,3.6,5.6,10.8,18.4,1.154,2.396,4.6,7.2,0.8,2,55.8,3.0,,5.2,4.0,17.2,11.0,1.908,1.4600000000000002,6.4,5.2,-1.6,-6.399999999999999,-0.7540000000000002,-1.8000000000000007,-13.199999999999996,-0.4,1.77,0.99,2,0.5,0.5,0.0,0.845,1.79,0.5,8,0.625,0.125,0.25,2.3912500000000003,1.4212500000000001,1.375,0,,,,,,weak,medium,weak
1387781,2025-10-29 20:05:00+00:00,61,2025,81,Marseille,77,Angers,2,2,FT,4-2-3-1,4-2-3-1,4-2-3-1 vs 4-2-3-1,6,3,3,0.6,2,59.4,3.0,0.0,6.6,3.0,16.2,8.2,2.144,0.8940000000000001,4.6,3.4,0.4,3,40.6,1.6,,2.4,5.6,9.8,15.0,0.936,2.394,6.2,4.4,4.199999999999999,6.399999999999999,1.2080000000000002,-1.6000000000000003,18.8,0.1999999999999999,1.33,1.04,6,0.8333333333333334,0.0,0.16666666666666666,2.4633333333333334,1.045,2.3333333333333335,4,0.25,0.75,0.0,1.5499999999999998,1.76,0.5,4,0.5,0.25,0.25,2.25,3.625,medium,weak,weak
1387783,2025-10-29 20:05:00+00:00,61,2025,83,Nantes,91,Monaco,3,5,FT,4-3-3,3-1-4-2,4-3-3 vs 3-1-4-2,4,7,-3,0.6,2,43.0,1.8,,2.4,4.8,10.6,16.4,1.014,1.754,3.6,6.8,0.4,4,54.8,2.0,0.5,4.6,3.6,13.2,12.4,2.4720000000000004,1.548,3.8,5.8,-2.2,-2.6,-1.4580000000000004,-0.1999999999999997,-11.799999999999995,0.1999999999999999,1.62,4.31,4,0.5,0.25,0.25,0.8225,1.6425,0.0,0,,,,,,,0,,,,,,weak,weak,weak
1387785,2025-10-29 20:05:00+00:00,61,2025,114,Paris FC,80,Lyon,3,3,FT,4-3-3,4-2-3-1,4-3-3 vs 4-2-3-1,4,3,1,0.6,3,60.2,1.4,,3.4,3.6,12.8,9.8,1.234,1.368,4.2,5.0,0.6,2,59.8,1.8,0.0,4.0,2.8,14.2,10.0,1.7120000000000002,0.984,7.8,3.0,-0.6000000000000001,-1.3999999999999986,-0.4780000000000002,-3.6,0.4000000000000057,0.0,0.62,1.25,5,0.4,0.2,0.4,1.536,1.6460000000000001,-0.2,7,0.5714285714285714,0.0,0.42857142857142855,2.185714285714286,1.1228571428571428,0.2857142857142857,3,0.3333333333333333,0.3333333333333333,0.3333333333333333,4.333333333333333,3.91,medium,medium,weak
1387786,2025-10-29 20:05:00+00:00,61,2025,95,Strasbourg,108,Auxerre,3,0,FT,3-4-2-1,3-4-2-1,3-4-2-1 vs 3-4-2-1,5,4,1,0.4,4,45.2,2.8,1.0,5.2,5.6,10.8,13.6,2.2220000000000004,1.656,2.4,4.2,0.8,2,46.0,2.2,0.5,2.6,5.2,11.4,12.6,1.058,1.4959999999999998,5.0,4.4,2.6,-0.5999999999999996,1.1640000000000004,-2.6,-0.7999999999999972,-0.4,4.06,0.43,4,0.5,0.25,0.25,2.5700000000000003,1.3424999999999998,1.25,1,0.0,0.0,1.0,0.61,0.94,-1.0,2,1.0,0.0,0.0,2.0,3.1100000000000003,weak,weak,weak
1387787,2025-10-29 20:05:00+00:00,61,2025,96,Toulouse,94,Rennes,2,2,FT,3-4-2-1,3-5-2,3-4-2-1 vs 3-5-2,3,3,0,0.6,2,43.8,3.4,0.0,4.4,2.6,14.6,9.4,1.7659999999999996,1.308,4.0,3.6,0.8,2,58.2,2.6,0.0,4.6,3.0,13.8,10.8,1.488,1.42,5.8,3.2,-0.1999999999999993,0.7999999999999989,0.2779999999999996,-1.7999999999999998,-14.400000000000006,-0.2,1.55,1.58,2,0.0,0.5,0.5,1.3900000000000001,2.27,-0.5,7,0.14285714285714285,0.7142857142857143,0.14285714285714285,1.3471428571428572,1.7642857142857142,-0.2857142857142857,2,1.0,0.0,0.0,2.5,2.355,weak,medium,weak
1387794,2025-11-01 16:00:00+00:00,61,2025,85,Paris Saint Germain,84,Nice,1,0,FT,4-3-3,5-4-1,4-3-3 vs 5-4-1,1,7,-6,1.0,1,70.4,1.4,,7.6,3.4,17.2,9.2,1.9,1.072,5.8,2.2,0.6,2,36.6,2.0,1.0,3.6,5.4,8.2,20.4,1.042,2.188,3.6,9.4,4.0,9.0,0.8579999999999999,2.2,33.800000000000004,0.4,2.29,0.48,9,0.6666666666666666,0.3333333333333333,0.0,1.8299999999999998,1.0133333333333334,1.3333333333333333,0,,,,,,,1,1.0,0.0,0.0,2.0,2.48,medium,weak,weak
1387792,2025-11-01 18:00:00+00:00,61,2025,91,Monaco,114,Paris FC,0,1,FT,3-4-2-1,4-3-3,3-4-2-1 vs 4-3-3,7,4,3,0.4,4,56.6,3.2,0.5,5.2,4.0,13.8,14.4,2.6339999999999995,1.44,3.6,5.0,0.8,2,58.4,2.4,1.0,2.8,3.6,11.4,9.6,1.038,1.142,4.2,5.0,2.4000000000000004,2.4000000000000004,1.5959999999999994,-0.6000000000000001,-1.7999999999999972,-0.4,0.61,0.85,2,0.5,0.5,0.0,2.48,1.225,0.5,6,0.3333333333333333,0.3333333333333333,0.3333333333333333,1.383333333333333,1.58,-0.16666666666666666,5,0.6,0.4,0.0,3.2,3.314,weak,medium,medium
1387788,2025-11-01 20:05:00+00:00,61,2025,108,Auxerre,81,Marseille,0,1,FT,5-4-1,3-5-2,5-4-1 vs 3-5-2,3,7,-4,0.6,2,45.2,2.2,0.0,2.6,6.4,11.4,13.6,0.994,1.842,5.0,4.4,0.8,2,64.8,2.75,0.0,7.6,3.2,16.6,8.2,2.1820000000000004,0.968,3.8,3.8,-5.0,-5.200000000000001,-1.1880000000000004,1.2000000000000002,-19.599999999999994,-0.2,1.17,0.52,6,0.3333333333333333,0.16666666666666666,0.5,1.1316666666666666,1.555,-0.3333333333333333,0,,,,,,,0,,,,,,medium,weak,weak
1387795,2025-11-02 14:00:00+00:00,61,2025,94,Rennes,95,Strasbourg,4,1,FT,3-5-2,3-4-2-1,3-5-2 vs 3-4-2-1,1,4,-3,0.8,2,55.8,2.8,0.0,4.8,3.0,14.4,10.6,1.53,1.308,6.6,3.4,0.6,3,50.2,2.0,1.0,6.2,4.6,12.8,11.2,2.558,1.422,2.8,4.0,-1.4000000000000004,1.5999999999999996,-1.0279999999999998,3.8,5.599999999999994,0.2,2.35,1.6,8,0.125,0.75,0.125,1.37625,1.7375,-0.25,5,0.6,0.2,0.2,2.868,1.1599999999999997,1.6,1,0.0,1.0,0.0,0.0,2.23,medium,medium,weak
1387790,2025-11-02 16:15:00+00:00,61,2025,116,Lens,97,Lorient,3,0,FT,3-4-2-1,3-4-2-1,3-4-2-1 vs 3-4-2-1,1,6,-5,1.0,1,40.8,3.4,0.6666666666666666,3.2,3.4,9.8,14.8,1.24,1.5,5.2,4.6,0.8,2,44.6,1.6,0.0,4.8,4.0,13.4,9.0,1.2740000000000002,1.19,3.6,3.2,-1.5999999999999996,-3.6,-0.0340000000000002,1.6,-3.800000000000004,0.1999999999999999,2.09,1.82,10,0.6,0.1,0.3,1.734,1.4849999999999999,0.4,7,0.14285714285714285,0.2857142857142857,0.5714285714285714,1.2842857142857143,1.8114285714285714,-1.7142857142857142,3,1.0,0.0,0.0,2.3333333333333335,3.5700000000000003,strong,medium,weak
1387791,2025-11-02 16:15:00+00:00,61,2025,79,Lille,77,Angers,1,0,FT,4-2-3-1,4-2-3-1,4-2-3-1 vs 4-2-3-1,5,4,1,0.8,2,57.0,3.0,,5.4,3.6,18.0,9.6,1.7260000000000002,1.106,7.0,4.8,0.6,3,42.2,1.4,,3.2,5.8,10.2,14.0,0.908,2.2980000000000005,6.4,3.2,2.2,7.800000000000001,0.8180000000000001,0.5999999999999996,14.799999999999995,0.2,2.04,0.37,9,0.5555555555555556,0.1111111111111111,0.3333333333333333,2.2355555555555555,1.46,1.0,5,0.2,0.8,0.0,1.448,1.6740000000000002,0.4,5,0.4,0.4,0.2,2.6,3.374,medium,medium,medium
1387793,2025-11-02 16:15:00+00:00,61,2025,83,Nantes,112,Metz,0,2,FT,4-1-4-1,4-2-3-1,4-1-4-1 vs 4-2-3-1,4,8,-4,0.8,2,44.0,2.0,,2.6,5.8,11.0,18.6,0.916,2.342,3.0,6.6,0.6,3,47.8,2.0,1.0,2.8,6.4,7.8,16.0,1.084,1.952,3.8,5.4,-0.1999999999999997,3.2,-0.168,-0.7999999999999998,-3.799999999999997,0.2,0.81,1.34,5,0.0,0.4,0.6,0.718,1.568,-0.6,3,0.0,0.3333333333333333,0.6666666666666666,1.37,2.75,-1.3333333333333333,0,,,,,,medium,weak,weak
1387796,2025-11-02 16:15:00+00:00,61,2025,96,Toulouse,111,Le Havre,0,0,FT,3-4-2-1,4-1-3-2,3-4-2-1 vs 4-1-3-2,3,1,2,0.6,2,42.8,2.6,0.0,4.6,3.4,15.0,10.4,1.61,1.474,4.2,4.6,0.4,4,42.2,1.8,1.0,2.8,3.8,10.0,11.2,0.882,1.386,4.0,4.8,1.7999999999999998,5.0,0.7280000000000001,0.2000000000000001,0.5999999999999943,0.1999999999999999,1.12,1.3,3,0.0,0.6666666666666666,0.3333333333333333,1.4433333333333334,2.04,-0.3333333333333333,1,1.0,0.0,0.0,0.94,0.61,1.0,1,0.0,0.0,1.0,1.0,1.5499999999999998,weak,weak,weak
1387789,2025-11-02 19:45:00+00:00,61,2025,106,Stade Brestois 29,80,Lyon,0,0,FT,4-2-3-1,4-2-3-1,4-2-3-1 vs 4-2-3-1,1,4,-3,0.8,2,44.6,1.8,,3.2,4.0,9.6,12.0,1.366,0.982,4.2,6.2,0.6,2,56.0,1.8,0.5,3.8,3.0,12.4,10.2,1.6,0.8720000000000001,6.8,3.0,-0.5999999999999996,-2.8000000000000007,-0.2339999999999999,-2.6,-11.4,0.2,1.49,0.2,5,0.4,0.4,0.2,1.6619999999999997,1.246,0.4,8,0.5,0.125,0.375,2.06875,1.06,0.25,6,0.5,0.3333333333333333,0.16666666666666666,2.3333333333333335,3.2133333333333334,medium,medium,medium
1387804,2025-11-07 19:45:00+00:00,61,2025,114,Paris FC,94,Rennes,0,1,FT,5-4-1,3-5-2,5-4-1 vs 3-5-2,3,2,1,0.8,2,56.2,2.6,1.0,2.4,2.8,10.6,9.4,0.8400000000000001,1.072,3.6,4.6,0.8,2,50.6,2.4,,5.6,3.0,14.2,12.0,1.762,1.42,6.2,3.6,-3.2,-3.6,-0.922,-2.6,5.600000000000001,0.0,1.98,0.75,0,,,,,,,9,0.2222222222222222,0.6666666666666666,0.1111111111111111,1.4844444444444445,1.7222222222222223,0.1111111111111111,1,0.0,0.0,1.0,1.0,1.69,weak,medium,weak
1387801,2025-11-08 16:00:00+00:00,61,2025,81,Marseille,106,Stade Brestois 29,3,0,FT,4-2-3-1,4-2-3-1,4-2-3-1 vs 4-2-3-1,6,1,5,0.6,3,63.0,2.75,0.5,6.2,3.8,14.6,8.2,1.882,0.93,3.6,3.4,0.8,2,46.0,1.8,0.0,3.2,4.0,10.8,10.6,1.352,0.926,5.8,4.4,3.0,3.799999999999999,0.53,-2.2,17.0,-0.2,3.46,0.74,7,0.7142857142857143,0.14285714285714285,0.14285714285714285,2.301428571428571,1.0442857142857143,2.0,6,0.3333333333333333,0.5,0.16666666666666666,1.633333333333333,1.0716666666666668,0.3333333333333333,7,0.42857142857142855,0.42857142857142855,0.14285714285714285,2.0,2.995714285714286,medium,medium,medium
1387798,2025-11-08 18:00:00+00:00,61,2025,111,Le Havre,83,Nantes,1,1,FT,4-1-3-2,4-3-3,4-1-3-2 vs 4-3-3,1,4,-3,0.4,4,43.6,1.8,1.0,3.0,4.2,9.8,13.4,1.088,1.5160000000000002,3.2,6.0,0.6,2,43.6,1.6,,3.0,5.8,11.8,17.4,0.786,2.19,3.8,7.4,0.0,-2.0,0.3019999999999998,-0.5999999999999996,0.0,-0.1999999999999999,0.94,0.21,2,0.5,0.5,0.0,1.12,0.865,0.5,5,0.4,0.2,0.4,0.982,2.1759999999999997,-0.4,0,,,,,,weak,medium,weak
1387803,2025-11-08 20:05:00+00:00,61,2025,91,Monaco,116,Lens,1,4,FT,3-1-4-2,3-4-2-1,3-1-4-2 vs 3-4-2-1,6,0,6,0.6,3,57.0,3.2,0.0,5.0,2.6,14.8,12.4,2.572,1.214,3.4,5.0,1.0,1,45.8,3.2,0.5,4.0,3.6,9.0,14.4,1.45,1.626,5.8,4.2,1.0,5.800000000000001,1.122,-2.4,11.200000000000005,-0.4,2.83,3.16,1,1.0,0.0,0.0,4.31,1.62,2.0,11,0.6363636363636364,0.09090909090909091,0.2727272727272727,1.7663636363636364,1.5154545454545454,0.6363636363636364,0,,,,,,weak,strong,weak
1387799,2025-11-09 14:00:00+00:00,61,2025,97,Lorient,96,Toulouse,1,1,FT,3-4-2-1,3-4-2-1,3-4-2-1 vs 3-4-2-1,5,3,2,0.8,2,43.6,1.6,,3.8,4.8,12.0,9.8,1.2420000000000002,1.424,4.4,3.8,0.6,2,42.8,2.4,0.0,3.6,3.6,14.6,9.8,1.414,1.442,6.0,4.2,0.1999999999999997,-2.6,-0.1719999999999997,-1.5999999999999996,0.8000000000000043,0.2,1.36,1.32,8,0.125,0.25,0.625,1.35125,1.8462500000000002,-1.875,4,0.0,0.75,0.25,1.3625,1.855,-0.25,4,1.0,0.0,0.0,2.5,3.6550000000000002,medium,weak,weak
1387797,2025-11-09 16:15:00+00:00,61,2025,77,Angers,108,Auxerre,2,0,FT,4-2-3-1,4-3-3,4-2-3-1 vs 4-3-3,1,5,-4,0.8,2,40.0,1.2,,3.0,6.0,9.2,15.6,0.8860000000000001,2.394,4.6,4.2,0.6,2,48.2,2.4,0.5,2.8,5.2,10.8,11.8,1.086,1.592,4.6,4.0,0.2000000000000001,-1.6000000000000014,-0.1999999999999997,0.0,-8.200000000000003,0.2,0.66,0.7,6,0.16666666666666666,0.6666666666666666,0.16666666666666666,1.2683333333333333,1.735,0.16666666666666666,0,,,,,,,7,0.5714285714285714,0.0,0.42857142857142855,3.2857142857142856,3.2942857142857145,medium,weak,medium
1387802,2025-11-09 16:15:00+00:00,61,2025,112,Metz,84,Nice,2,1,FT,4-2-3-1,3-4-1-2,4-2-3-1 vs 3-4-1-2,5,4,1,0.4,4,46.8,2.25,1.0,4.2,6.8,9.2,17.2,1.258,2.06,4.0,5.8,0.4,3,32.4,2.0,1.0,3.0,6.4,7.0,23.4,0.946,2.278,2.8,10.6,1.2000000000000002,2.1999999999999997,0.3119999999999999,1.2000000000000002,14.4,0.0,1.58,0.95,4,0.25,0.25,0.5,1.3625,2.265,-0.5,3,0.6666666666666666,0.3333333333333333,0.0,1.1533333333333333,1.5233333333333334,1.0,0,,,,,,weak,weak,weak
1387805,2025-11-09 16:15:00+00:00,61,2025,95,Strasbourg,79,Lille,2,0,FT,3-4-1-2,4-2-3-1,3-4-1-2 vs 4-2-3-1,5,5,0,0.8,2,54.0,1.8,1.0,6.4,4.0,15.0,10.6,2.606,1.488,2.8,4.4,0.8,2,57.0,2.4,,5.6,3.4,18.2,9.8,1.84,1.076,8.2,4.4,0.8000000000000007,-3.1999999999999997,0.766,-5.4,-3.0,0.0,1.07,0.28,0,,,,,,,10,0.6,0.1,0.3,2.216,1.351,1.0,1,1.0,0.0,0.0,2.0,2.76,weak,strong,weak
1387800,2025-11-09 19:45:00+00:00,61,2025,80,Lyon,85,Paris Saint Germain,2,3,FT,4-2-3-1,4-3-3,4-2-3-1 vs 4-3-3,7,4,3,0.8,2,56.8,1.0,0.6666666666666666,3.8,3.0,12.2,10.0,1.536,0.876,6.4,4.8,1.0,1,72.6,1.8,,7.6,3.2,19.8,7.8,2.004,1.0260000000000002,7.0,1.4,-3.8,-7.600000000000001,-0.4679999999999999,-0.5999999999999996,-15.799999999999995,-0.1999999999999999,0.69,1.42,9,0.4444444444444444,0.2222222222222222,0.3333333333333333,1.8611111111111112,1.1077777777777778,0.2222222222222222,10,0.7,0.3,0.0,1.876,0.9600000000000002,1.3,8,0.625,0.0,0.375,3.125,3.0525,medium,strong,medium
1387811,2025-11-21 19:45:00+00:00,61,2025,84,Nice,81,Marseille,1,5,FT,3-4-3,4-2-3-1,3-4-3 vs 4-2-3-1,5,5,0,0.6,3,35.8,2.2,,3.4,5.6,7.4,21.2,0.906,1.998,2.0,10.6,0.6,3,63.4,2.2,0.5,5.8,4.0,14.2,8.2,2.032,1.046,4.0,3.0,-2.4,-6.799999999999999,-1.126,-2.0,-27.6,0.0,1.19,2.86,2,0.5,0.5,0.0,0.875,3.185,0.5,8,0.75,0.125,0.125,2.44625,1.00625,2.125,1,1.0,0.0,0.0,5.0,3.99,weak,medium,weak
1387808,2025-11-22 16:00:00+00:00,61,2025,116,Lens,95,Strasbourg,1,0,FT,3-4-2-1,3-4-2-1,3-4-2-1 vs 3-4-2-1,2,3,-1,1.0,1,47.2,2.2,0.0,5.6,4.4,11.6,14.0,2.0,1.85,6.2,4.8,0.6,3,49.2,2.2,0.5,4.4,4.6,12.4,10.8,1.874,1.48,2.6,4.2,1.1999999999999993,-0.8000000000000007,0.1260000000000001,3.6,-2.0,0.4,1.92,0.46,12,0.6666666666666666,0.08333333333333333,0.25,1.8825,1.625,0.8333333333333334,6,0.5,0.16666666666666666,0.3333333333333333,2.6566666666666667,1.3583333333333332,0.8333333333333334,5,0.8,0.2,0.0,2.4,3.46,strong,medium,medium
1387813,2025-11-22 18:00:00+00:00,61,2025,94,Rennes,91,Monaco,4,1,FT,3-5-2,3-4-2-1,3-5-2 vs 3-4-2-1,2,3,-1,0.8,2,48.8,2.4,,5.6,3.4,14.4,14.0,1.69,1.4740000000000002,7.2,4.6,0.6,2,53.8,3.2,1.0,5.0,4.6,14.0,14.6,2.542,1.616,3.2,4.4,0.5999999999999996,0.4000000000000003,-0.8519999999999999,4.0,-5.0,0.2,3.69,1.33,10,0.3,0.6,0.1,1.411,1.748,0.2,3,0.3333333333333333,0.3333333333333333,0.3333333333333333,1.8566666666666667,1.1,0.0,2,0.5,0.5,0.0,2.5,3.09,strong,weak,weak
1387812,2025-11-22 20:05:00+00:00,61,2025,85,Paris Saint Germain,111,Le Havre,3,0,FT,4-3-3,4-1-3-2,4-3-3 vs 4-1-3-2,4,1,3,1.0,1,74.6,2.0,0.0,7.4,3.0,18.2,7.8,1.988,1.034,7.0,1.8,0.6,3,48.0,2.2,1.0,3.4,4.0,11.2,12.6,0.934,1.336,4.2,5.8,4.0,7.0,1.054,2.8,26.599999999999994,0.4,3.46,1.19,11,0.7272727272727273,0.2727272727272727,0.0,1.8345454545454545,0.9354545454545455,1.2727272727272727,3,0.3333333333333333,0.6666666666666666,0.0,1.06,0.6466666666666666,0.3333333333333333,0,,,,,,strong,weak,weak
1387806,2025-11-23 14:00:00+00:00,61,2025,108,Auxerre,80,Lyon,0,0,FT,4-3-3,4-2-3-1,4-3-3 vs 4-2-3-1,6,8,-2,0.4,3,47.0,2.2,1.0,3.4,5.4,9.6,12.2,0.884,1.642,4.8,4.2,0.8,2,48.6,2.0,0.75,3.6,3.2,11.4,9.0,1.4400000000000002,0.924,5.8,4.8,-0.2000000000000001,-1.8000000000000007,-0.5560000000000002,-1.0,-1.6000000000000014,-0.4,2.07,1.57,1,0.0,0.0,1.0,0.7,0.66,-2.0,10,0.4,0.2,0.4,1.7440000000000002,1.139,0.1,4,0.25,0.5,0.25,4.75,3.4000000000000004,weak,strong,weak
1387807,2025-11-23 16:15:00+00:00,61,2025,106,Stade Brestois 29,112,Metz,3,2,FT,4-2-3-1,4-2-3-1,4-2-3-1 vs 4-2-3-1,2,5,-3,0.8,2,43.0,1.6,0.0,2.6,5.4,8.2,13.2,1.198,1.588,3.8,5.0,0.4,4,49.0,2.2,1.0,4.4,5.8,10.2,15.2,1.542,1.7079999999999995,4.4,5.6,-1.8000000000000005,-2.0,-0.3440000000000001,-0.6000000000000005,-6.0,0.4,3.11,1.05,7,0.2857142857142857,0.42857142857142855,0.2857142857142857,1.5057142857142856,1.412857142857143,-0.14285714285714285,5,0.4,0.2,0.4,1.4060000000000001,2.002,-0.2,8,0.5,0.375,0.125,2.125,3.14625,medium,medium,medium
1387810,2025-11-23 16:15:00+00:00,61,2025,83,Nantes,97,Lorient,1,1,FT,4-3-3,3-4-2-1,4-3-3 vs 3-4-2-1,3,7,-4,0.8,2,40.8,2.0,,3.4,5.6,11.6,17.4,0.798,2.076,3.8,6.6,0.8,2,45.4,1.0,,3.6,4.8,12.4,9.0,1.32,1.484,4.6,4.4,-0.2000000000000001,-0.8000000000000007,-0.522,-0.7999999999999998,-4.600000000000001,0.0,0.84,0.32,6,0.3333333333333333,0.3333333333333333,0.3333333333333333,0.8533333333333334,1.9699999999999998,-0.3333333333333333,9,0.1111111111111111,0.3333333333333333,0.5555555555555556,1.3522222222222222,1.7877777777777777,-1.6666666666666667,3,0.6666666666666666,0.3333333333333333,0.0,3.3333333333333335,3.013333333333333,medium,medium,weak
1387814,2025-11-23 16:15:00+00:00,61,2025,96,Toulouse,77,Angers,0,1,FT,3-4-2-1,4-2-3-1,3-4-2-1 vs 4-2-3-1,4,1,3,0.8,2,46.6,2.6,0.0,3.4,3.4,13.0,9.2,1.4420000000000002,1.48,5.8,3.8,1.0,1,43.0,1.2,,3.8,4.6,10.0,14.4,0.954,1.588,4.2,4.4,-0.3999999999999999,3.0,0.4880000000000001,1.5999999999999996,3.6000000000000014,-0.1999999999999999,1.98,0.43,5,0.0,0.8,0.2,1.354,1.7559999999999998,-0.2,7,0.2857142857142857,0.5714285714285714,0.14285714285714285,1.1814285714285713,1.587142857142857,0.42857142857142855,5,0.2,0.2,0.6,4.2,3.776,medium,medium,medium
1387809,2025-11-23 19:45:00+00:00,61,2025,79,Lille,114,Paris FC,4,2,FT,4-4-2,4-3-3,4-4-2 vs 4-3-3,5,5,0,1.0,1,61.0,2.8,1.0,5.8,2.8,17.6,7.4,1.766,0.99,8.4,3.6,0.6,3,54.8,3.4,1.0,2.8,2.8,12.6,9.8,1.032,1.028,5.0,5.4,3.0,5.000000000000002,0.734,3.4000000000000004,6.200000000000003,0.4,4.03,1.52,0,,,,,,,7,0.42857142857142855,0.2857142857142857,0.2857142857142857,1.307142857142857,1.4414285714285715,0.0,0,,,,,,weak,medium,weak
1387820,2025-11-28 19:45:00+00:00,61,2025,112,Metz,94,Rennes,0,1,FT,3-4-2-1,3-5-2,3-4-2-1 vs 3-5-2,4,2,2,0.6,3,45.0,2.6,1.0,4.6,5.8,11.2,16.0,1.736,1.8220000000000005,4.6,5.8,0.8,2,48.4,2.2,0.0,6.0,3.2,14.0,15.2,2.022,1.4380000000000002,6.8,5.4,-1.4000000000000004,-2.8000000000000007,-0.2859999999999998,-2.2,-3.3999999999999986,-0.2,1.02,0.78,4,0.0,0.25,0.75,0.7175,2.255,-2.5,11,0.36363636363636365,0.5454545454545454,0.09090909090909091,1.6181818181818182,1.7100000000000002,0.45454545454545453,3,0.6666666666666666,0.3333333333333333,0.0,3.0,2.6133333333333333,weak,strong,weak
1387821,2025-11-29 16:00:00+00:00,61,2025,91,Monaco,85,Paris Saint Germain,1,0,FT,4-2-3-1,4-3-3,4-2-3-1 vs 4-3-3,3,4,-1,0.6,2,52.2,3.0,1.0,4.8,5.8,14.4,14.8,2.432,2.0,3.8,3.2,1.0,1,73.4,2.0,0.0,7.8,2.4,20.2,7.8,2.146,0.842,7.4,2.4,-3.0,-5.799999999999999,0.286,-3.6000000000000005,-21.200000000000003,-0.4,0.52,1.33,3,0.6666666666666666,0.3333333333333333,0.0,2.2266666666666666,1.1233333333333333,1.0,12,0.75,0.25,0.0,1.97,0.9566666666666667,1.4166666666666667,9,0.5555555555555556,0.0,0.4444444444444444,3.3333333333333335,2.947777777777778,weak,strong,medium
1387822,2025-11-29 18:00:00+00:00,61,2025,114,Paris FC,108,Auxerre,1,1,FT,4-4-1-1,4-3-3,4-4-1-1 vs 4-3-3,5,5,0,0.6,3,53.0,3.4,1.0,2.8,4.2,12.0,11.0,1.232,1.508,5.2,5.0,0.4,3,43.4,1.8,1.0,3.6,5.4,10.6,11.6,0.996,1.55,5.8,5.2,-0.8000000000000003,1.4000000000000004,0.2359999999999998,-0.5999999999999996,9.6,0.1999999999999999,1.8,1.11,0,,,,,,,2,0.0,0.5,0.5,1.3849999999999998,1.115,-1.0,0,,,,,,weak,weak,weak
1387819,2025-11-29 20:05:00+00:00,61,2025,81,Marseille,96,Toulouse,2,2,FT,4-2-3-1,3-4-2-1,4-2-3-1 vs 3-4-2-1,5,5,0,0.6,3,58.0,2.2,1.0,5.8,4.8,13.2,9.6,1.766,1.188,4.8,4.4,1.0,1,50.2,2.4,,3.2,3.4,14.8,10.0,1.33,1.55,7.0,3.8,2.6,-1.6000000000000014,0.4359999999999999,-2.2,7.799999999999997,-0.4,1.8,0.7,9,0.7777777777777778,0.1111111111111111,0.1111111111111111,2.4922222222222223,1.0266666666666666,2.3333333333333335,6,0.0,0.6666666666666666,0.3333333333333333,1.4583333333333333,1.535,-0.3333333333333333,6,0.6666666666666666,0.3333333333333333,0.0,3.3333333333333335,3.4283333333333332,medium,medium,medium
1387823,2025-11-30 14:00:00+00:00,61,2025,95,Strasbourg,106,Stade Brestois 29,1,2,FT,3-4-2-1,4-2-3-1,3-4-2-1 vs 4-2-3-1,5,3,2,0.6,3,52.4,2.6,0.6666666666666666,3.2,3.8,11.4,9.2,1.536,1.33,2.6,4.0,0.8,2,44.2,1.6,0.0,3.2,4.6,10.6,12.2,1.502,1.558,4.6,4.4,0.0,0.8000000000000007,0.034,-2.0,8.199999999999996,-0.2,0.8,1.05,7,0.42857142857142855,0.14285714285714285,0.42857142857142855,2.3428571428571425,1.4385714285714284,0.5714285714285714,8,0.375,0.375,0.25,1.7062499999999998,1.3675,0.0,6,0.16666666666666666,0.16666666666666666,0.6666666666666666,3.6666666666666665,3.5483333333333333,medium,medium,medium
1387815,2025-11-30 16:15:00+00:00,61,2025,77,Angers,116,Lens,1,2,FT,4-2-3-1,3-4-2-1,4-2-3-1 vs 3-4-2-1,3,2,1,1.0,1,43.8,1.4,,3.6,5.0,8.0,17.2,0.6860000000000002,1.608,2.4,6.0,1.0,1,49.6,2.2,0.3333333333333333,6.0,4.0,12.0,13.6,2.0580000000000003,1.8380000000000003,4.6,4.4,-2.4,-4.0,-1.372,-2.2,-5.800000000000004,0.0,1.16,2.05,8,0.375,0.5,0.125,1.0875,1.63625,0.5,13,0.6923076923076923,0.07692307692307693,0.23076923076923078,1.8853846153846152,1.5353846153846153,0.8461538461538461,7,0.5714285714285714,0.42857142857142855,0.0,3.4285714285714284,3.295714285714286,medium,strong,medium
1387816,2025-11-30 16:15:00+00:00,61,2025,111,Le Havre,79,Lille,0,1,FT,4-1-4-1,4-2-3-1,4-1-4-1 vs 4-2-3-1,3,5,-2,0.8,2,49.8,2.0,,3.6,4.0,12.0,15.2,1.0759999999999998,1.19,4.8,6.6,0.8,2,58.8,2.2,1.0,6.8,2.8,16.4,7.0,2.0520000000000005,1.204,8.4,3.4,-3.2,-4.399999999999999,-0.9760000000000006,-3.6000000000000005,-9.0,0.0,1.18,1.62,4,0.25,0.0,0.75,1.425,1.205,-0.5,11,0.5454545454545454,0.09090909090909091,0.36363636363636365,2.04,1.3254545454545454,0.7272727272727273,1,0.0,0.0,1.0,2.0,2.1500000000000004,weak,strong,weak
1387817,2025-11-30 16:15:00+00:00,61,2025,97,Lorient,84,Nice,3,1,FT,3-4-2-1,3-5-2,3-4-2-1 vs 3-5-2,5,3,2,0.8,2,44.2,0.6,,2.4,4.2,11.4,9.2,1.144,1.334,3.8,4.2,0.6,3,40.2,2.4,,4.0,6.4,9.4,18.0,1.0239999999999998,1.892,3.4,8.6,-1.6,2.0,0.1200000000000003,0.3999999999999999,4.0,0.2,2.38,0.82,10,0.1,0.4,0.5,1.249,1.693,-1.5,0,,,,,,,4,0.5,0.25,0.25,2.5,2.41,strong,weak,weak
1387818,2025-11-30 19:45:00+00:00,61,2025,80,Lyon,83,Nantes,3,0,FT,3-4-2-1,4-3-3,3-4-2-1 vs 4-3-3,5,2,3,0.8,2,48.8,2.2,0.75,3.6,3.4,8.8,10.4,1.076,1.218,4.8,6.0,0.8,2,44.6,2.0,,3.0,4.8,11.8,14.2,0.876,1.62,3.0,5.0,0.6000000000000001,-3.0,0.2,1.7999999999999998,4.199999999999996,0.0,2.35,0.86,0,,,,,,,7,0.2857142857142857,0.42857142857142855,0.2857142857142857,0.8514285714285714,1.7342857142857142,-0.2857142857142857,6,0.5,0.3333333333333333,0.16666666666666666,2.8333333333333335,3.0050000000000003,weak,medium,medium
1387825,2025-12-05 18:00:00+00:00,61,2025,106,Stade Brestois 29,91,Monaco,1,0,FT,4-2-3-1,4-2-3-1,4-2-3-1 vs 4-2-3-1,3,7,-4,0.8,2,47.8,2.0,0.0,3.6,4.2,10.4,11.4,1.388,1.3039999999999998,4.2,4.0,0.4,3,50.0,3.0,1.0,4.8,6.2,13.6,16.2,1.92,2.13,4.2,3.0,-1.1999999999999995,-3.1999999999999997,-0.5319999999999998,0.0,-2.200000000000003,0.4,1.53,0.6,9,0.4444444444444444,0.3333333333333333,0.2222222222222222,1.6333333333333333,1.3044444444444445,0.1111111111111111,4,0.75,0.25,0.0,1.7999999999999998,1.175,1.0,9,0.5555555555555556,0.3333333333333333,0.1111111111111111,2.4444444444444446,3.258888888888889,medium,weak,medium
1387827,2025-12-05 20:00:00+00:00,61,2025,79,Lille,81,Marseille,1,0,FT,4-2-3-1,3-4-2-1,4-2-3-1 vs 3-4-2-1,5,4,1,0.8,2,57.8,2.2,1.0,4.8,3.4,13.4,7.8,1.7920000000000005,1.182,7.4,3.0,0.8,2,59.6,2.0,1.0,6.2,4.6,13.8,9.2,1.994,0.9680000000000002,5.0,3.8,-1.4000000000000004,-0.4000000000000003,-0.2019999999999999,2.4000000000000004,-1.8000000000000045,0.0,0.35,0.53,12,0.5833333333333334,0.08333333333333333,0.3333333333333333,2.0050000000000003,1.3133333333333332,0.75,2,0.5,0.0,0.5,0.8999999999999999,1.235,0.0,8,0.5,0.375,0.125,3.375,3.285,strong,weak,medium
1387829,2025-12-06 16:00:00+00:00,61,2025,83,Nantes,116,Lens,1,2,FT,4-3-3,3-4-2-1,4-3-3 vs 3-4-2-1,3,5,-2,0.8,2,43.8,2.0,1.0,2.8,5.8,10.8,15.4,0.868,1.852,2.6,4.8,1.0,1,54.4,1.8,0.3333333333333333,6.2,4.4,13.8,11.6,2.108,1.938,5.4,3.2,-3.4000000000000004,-3.0,-1.2399999999999998,-2.8000000000000003,-10.6,-0.1999999999999999,1.19,2.3,8,0.25,0.375,0.375,0.8525,1.81125,-0.625,14,0.7142857142857143,0.07142857142857142,0.21428571428571427,1.897142857142857,1.5085714285714287,0.8571428571428571,4,0.5,0.5,0.0,3.0,2.55,medium,strong,weak
1387832,2025-12-06 18:00:00+00:00,61,2025,96,Toulouse,95,Strasbourg,1,0,FT,3-4-2-1,3-4-2-1,3-4-2-1 vs 3-4-2-1,4,6,-2,1.0,1,45.6,1.8,,3.6,3.4,14.0,11.2,1.334,1.294,6.2,5.2,0.8,2,53.4,1.8,0.5,4.0,4.0,12.8,9.0,1.598,1.206,3.2,3.2,-0.3999999999999999,1.1999999999999993,-0.264,3.0,-7.799999999999997,0.1999999999999999,0.5,0.05,7,0.0,0.7142857142857143,0.2857142857142857,1.3499999999999999,1.5728571428571427,-0.2857142857142857,8,0.375,0.125,0.5,2.1500000000000004,1.39,0.375,6,0.8333333333333334,0.16666666666666666,0.0,2.1666666666666665,3.28,medium,medium,medium
1387831,2025-12-06 20:05:00+00:00,61,2025,85,Paris Saint Germain,94,Rennes,5,0,FT,4-3-3,3-5-2,4-3-3 vs 3-5-2,6,2,4,1.0,1,69.8,2.0,0.0,7.0,3.0,20.0,8.2,1.998,0.622,6.8,2.8,1.0,1,46.4,1.5,0.0,5.0,3.6,12.0,16.8,1.83,1.496,6.0,6.0,2.0,8.0,0.1680000000000003,0.7999999999999998,23.4,0.0,2.23,0.24,13,0.6923076923076923,0.23076923076923078,0.07692307692307693,1.9207692307692308,0.9230769230769231,1.2307692307692308,12,0.4166666666666667,0.5,0.08333333333333333,1.5483333333333336,1.6525,0.5,3,0.6666666666666666,0.3333333333333333,0.0,2.6666666666666665,2.356666666666667,strong,strong,weak
1387830,2025-12-07 14:00:00+00:00,61,2025,84,Nice,77,Angers,0,1,FT,3-5-2,4-2-3-1,3-5-2 vs 4-2-3-1,7,1,6,0.4,4,43.2,2.4,,3.8,6.4,9.6,17.8,1.0420000000000005,2.0200000000000005,4.2,7.8,1.0,1,45.4,1.4,,3.8,5.4,8.0,16.0,0.732,1.6200000000000003,2.6,6.4,0.0,1.5999999999999996,0.3100000000000003,1.6,-2.199999999999996,-0.6,1.31,0.83,1,0.0,0.0,1.0,0.82,2.38,-2.0,9,0.3333333333333333,0.4444444444444444,0.2222222222222222,1.0955555555555554,1.6822222222222223,0.3333333333333333,1,1.0,0.0,0.0,4.0,3.9,weak,medium,weak
1387824,2025-12-07 16:15:00+00:00,61,2025,108,Auxerre,112,Metz,3,1,FT,4-3-3,4-2-3-1,4-3-3 vs 4-2-3-1,5,3,2,0.6,3,42.2,1.6,1.0,3.6,5.0,10.0,12.0,1.096,1.7220000000000002,3.8,5.0,0.6,3,47.8,2.75,1.0,4.8,3.8,12.4,13.2,1.682,1.394,4.2,5.0,-1.1999999999999995,-2.4000000000000004,-0.5860000000000001,-0.4000000000000003,-5.599999999999994,0.0,1.94,0.55,3,0.0,0.6666666666666666,0.3333333333333333,1.2933333333333332,1.3433333333333335,-0.6666666666666666,6,0.3333333333333333,0.16666666666666666,0.5,1.3466666666666667,2.1866666666666665,-0.3333333333333333,5,0.2,0.6,0.2,3.8,3.4480000000000004,weak,medium,medium
1387826,2025-12-07 16:15:00+00:00,61,2025,111,Le Havre,114,Paris FC,0,0,FT,4-3-3,4-5-1,4-3-3 vs 4-5-1,3,4,-1,0.6,3,48.6,1.6,0.0,4.2,3.8,13.0,14.0,1.124,1.392,5.0,4.4,0.6,3,50.4,3.2,1.0,2.6,4.2,11.4,11.0,1.354,1.5500000000000005,4.4,5.2,1.6,1.5999999999999996,-0.2300000000000002,0.5999999999999996,-1.7999999999999972,0.0,1.84,1.23,2,0.0,1.0,0.0,0.99,0.79,0.0,0,,,,,,,0,,,,,,weak,weak,weak
1387828,2025-12-07 19:45:00+00:00,61,2025,97,Lorient,80,Lyon,1,0,FT,3-4-2-1,3-4-2-1,3-4-2-1 vs 3-4-2-1,5,5,0,0.8,2,40.2,0.8,,3.0,3.8,10.4,9.6,1.222,1.312,3.2,5.4,0.8,2,53.6,2.4,0.75,4.6,3.4,11.2,10.2,1.2120000000000002,1.292,5.4,5.6,-1.5999999999999996,-0.7999999999999989,0.0099999999999997,-2.2,-13.4,0.0,2.57,0.43,11,0.18181818181818182,0.36363636363636365,0.45454545454545453,1.3518181818181818,1.6136363636363635,-1.1818181818181819,1,1.0,0.0,0.0,2.35,0.86,3.0,7,0.8571428571428571,0.14285714285714285,0.0,2.0,2.89,strong,weak,medium
1387833,2025-12-12 19:45:00+00:00,61,2025,77,Angers,83,Nantes,4,1,FT,4-2-3-1,4-4-2,4-2-3-1 vs 4-4-2,1,2,-1,1.0,1,47.2,1.4,0.0,3.4,4.8,7.2,16.4,0.6900000000000001,1.616,1.8,7.0,0.8,2,41.0,1.8,1.0,2.6,5.2,9.2,15.6,0.7819999999999999,1.45,2.6,6.6,0.7999999999999998,-1.9999999999999991,-0.0919999999999998,-0.8,6.200000000000003,0.1999999999999999,2.39,0.35,10,0.4,0.4,0.2,1.069,1.645,0.4,0,,,,,,,1,1.0,0.0,0.0,8.0,4.67,strong,weak,weak
1387840,2025-12-13 16:00:00+00:00,61,2025,94,Rennes,106,Stade Brestois 29,3,1,FT,3-5-2,4-2-3-1,3-5-2 vs 4-2-3-1,2,2,0,1.0,1,44.2,1.5,0.5,4.4,4.6,11.0,17.8,1.562,1.632,5.6,6.6,1.0,1,45.0,1.8,0.5,4.0,4.0,11.2,10.8,1.584,1.222,4.4,3.6,0.4000000000000003,-0.1999999999999993,-0.022,1.1999999999999993,-0.7999999999999972,0.0,2.23,0.82,13,0.38461538461538464,0.46153846153846156,0.15384615384615385,1.4476923076923076,1.6969230769230772,0.07692307692307693,10,0.5,0.3,0.2,1.623,1.234,0.2,2,0.5,0.0,0.5,2.5,3.02,strong,strong,weak
1387838,2025-12-13 18:00:00+00:00,61,2025,112,Metz,85,Paris Saint Germain,2,3,FT,4-2-3-1,4-3-3,4-2-3-1 vs 4-3-3,3,3,0,0.8,2,50.8,2.25,,4.0,4.8,10.2,14.0,1.108,1.518,4.4,5.0,1.0,1,67.4,1.6,0.0,7.2,3.0,21.0,8.4,2.146,0.624,6.8,4.0,-3.2,-10.8,-1.0379999999999998,-2.3999999999999995,-16.60000000000001,-0.1999999999999999,0.62,1.85,7,0.2857142857142857,0.14285714285714285,0.5714285714285714,1.2328571428571429,2.1514285714285712,-0.5714285714285714,14,0.7142857142857143,0.21428571428571427,0.07142857142857142,1.9428571428571428,0.8742857142857143,1.5,10,0.6,0.0,0.4,3.1,2.838,medium,strong,strong
1387839,2025-12-13 20:05:00+00:00,61,2025,114,Paris FC,96,Toulouse,0,3,FT,4-5-1,3-4-2-1,4-5-1 vs 3-4-2-1,4,3,1,0.4,4,51.2,2.4,,2.4,3.8,11.8,12.2,1.4759999999999998,1.6680000000000004,4.0,6.2,1.0,1,40.2,2.0,,3.4,2.4,12.2,9.6,1.124,0.988,5.4,4.0,-1.0,-0.3999999999999986,0.3519999999999996,-1.4000000000000004,11.0,-0.6,0.46,2.54,1,0.0,1.0,0.0,1.23,1.84,0.0,8,0.125,0.625,0.25,1.24375,1.3825,-0.125,0,,,,,,weak,medium,weak
1387836,2025-12-14 14:00:00+00:00,61,2025,80,Lyon,111,Le Havre,1,0,FT,4-3-3,4-3-3,4-3-3 vs 4-3-3,5,4,1,0.6,2,56.0,2.8,0.75,4.6,4.0,11.2,10.8,1.048,1.682,6.4,5.0,0.6,3,48.2,1.4,0.0,4.0,3.8,13.0,15.0,1.29,1.528,5.4,4.6,0.5999999999999996,-1.8000000000000007,-0.242,1.0,7.799999999999997,0.0,2.56,1.31,2,1.0,0.0,0.0,1.095,0.98,1.0,3,0.0,1.0,0.0,1.2733333333333334,0.9366666666666666,0.0,1,0.0,1.0,0.0,2.0,2.15,weak,weak,weak
1387834,2025-12-14 16:15:00+00:00,61,2025,108,Auxerre,79,Lille,3,4,FT,4-3-3,4-2-3-1,4-3-3 vs 4-2-3-1,3,7,-4,0.8,2,42.8,1.8,1.0,4.8,3.8,11.6,9.4,1.398,1.02,4.2,4.8,0.8,2,52.6,1.8,1.0,4.4,3.0,10.2,7.4,1.664,0.934,5.2,3.6,0.3999999999999994,1.4000000000000004,-0.266,-1.0,-9.800000000000004,0.0,2.97,0.52,4,0.25,0.5,0.25,1.455,1.145,0.0,13,0.6153846153846154,0.07692307692307693,0.3076923076923077,1.877692307692308,1.253076923076923,0.7692307692307693,6,0.3333333333333333,0.5,0.16666666666666666,3.8333333333333335,3.288333333333334,weak,strong,medium
1387835,2025-12-14 16:15:00+00:00,61,2025,116,Lens,84,Nice,2,0,FT,3-4-2-1,4-3-3,3-4-2-1 vs 4-3-3,2,7,-5,1.0,1,56.8,1.4,0.5,7.0,3.8,15.8,10.4,2.304,1.4920000000000002,6.8,3.0,0.4,4,46.8,2.0,1.0,3.6,6.4,10.6,15.2,0.95,1.988,4.6,5.4,3.4,5.200000000000001,1.354,2.2,10.0,0.6,1.65,0.76,15,0.7333333333333333,0.06666666666666667,0.2,1.924,1.4873333333333334,0.8666666666666667,0,,,,,,,7,0.5714285714285714,0.2857142857142857,0.14285714285714285,2.857142857142857,3.0342857142857147,strong,weak,medium
1387841,2025-12-14 16:15:00+00:00,61,2025,95,Strasbourg,97,Lorient,0,0,FT,3-4-2-1,3-4-2-1,3-4-2-1 vs 3-4-2-1,4,4,0,0.8,2,55.0,2.2,0.5,2.2,4.4,9.8,9.0,0.7959999999999999,1.22,2.8,2.8,1.0,1,43.8,1.2,0.0,3.8,3.0,12.2,8.0,1.69,1.1,3.4,5.2,-1.5999999999999996,-2.3999999999999986,-0.894,-0.6000000000000001,11.200000000000005,-0.1999999999999999,0.69,0.53,9,0.3333333333333333,0.1111111111111111,0.5555555555555556,1.916666666666667,1.291111111111111,0.2222222222222222,12,0.25,0.3333333333333333,0.4166666666666667,1.4533333333333334,1.515,-1.0,8,0.875,0.125,0.0,1.875,2.9037499999999996,medium,strong,medium
1387837,2025-12-14 19:45:00+00:00,61,2025,81,Marseille,91,Monaco,1,0,FT,4-2-3-1,4-2-3-1,4-2-3-1 vs 4-2-3-1,3,3,0,0.6,3,59.4,1.8,1.0,5.4,3.8,12.8,7.8,1.834,0.8299999999999998,5.8,3.2,0.4,3,51.6,2.4,0.75,3.4,6.0,11.8,15.0,1.1779999999999995,2.112,4.2,3.2,2.0000000000000004,1.0,0.6560000000000004,1.5999999999999996,7.799999999999997,0.1999999999999999,1.79,2.21,10,0.7,0.2,0.1,2.423,0.994,2.1,5,0.6,0.2,0.2,1.5599999999999998,1.246,0.6,10,0.6,0.3,0.1,2.3,3.146,strong,medium,strong
1387850,2026-01-02 19:45:00+00:00,61,2025,96,Toulouse,116,Lens,0,3,FT,3-4-2-1,3-4-2-1,3-4-2-1 vs 3-4-2-1,4,5,-1,1.0,1,38.0,2.0,,3.8,2.2,10.0,9.6,1.408,0.82,4.2,5.0,1.0,1,54.4,1.0,0.5,6.8,4.0,17.0,9.6,2.216,1.28,5.8,2.8,-3.0,-7.0,-0.8080000000000003,-1.5999999999999996,-16.4,0.0,0.66,1.62,9,0.2222222222222222,0.5555555555555556,0.2222222222222222,1.3877777777777776,1.2800000000000002,0.2222222222222222,16,0.75,0.0625,0.1875,1.906875,1.441875,0.9375,9,0.7777777777777778,0.2222222222222222,0.0,1.6666666666666667,2.7166666666666663,medium,strong,medium
1387847,2026-01-03 16:00:00+00:00,61,2025,91,Monaco,80,Lyon,1,3,FT,4-3-1-2,4-3-1-2,4-3-1-2 vs 4-3-1-2,8,4,4,0.6,3,49.0,2.0,0.75,4.6,7.4,13.4,16.8,1.4979999999999998,2.3,5.0,3.4,0.4,3,57.4,3.2,0.6666666666666666,5.0,4.2,14.0,10.2,1.52,1.646,7.0,3.4,-0.4000000000000003,-0.5999999999999996,-0.0220000000000002,-2.0,-8.399999999999999,0.1999999999999999,0.69,1.4,0,,,,,,,0,,,,,,,0,,,,,,weak,weak,weak
1387848,2026-01-03 18:00:00+00:00,61,2025,84,Nice,95,Strasbourg,1,1,FT,4-1-4-1,4-2-3-1,4-1-4-1 vs 4-2-3-1,11,4,7,0.4,4,53.0,2.2,1.0,4.0,5.8,11.2,12.6,1.0059999999999998,1.86,5.4,3.6,0.8,2,55.8,2.2,0.5,2.2,3.6,8.2,8.2,0.614,0.8560000000000001,4.0,2.2,1.7999999999999998,3.0,0.3919999999999998,1.4000000000000004,-2.799999999999997,-0.4,2.75,1.35,0,,,,,,,1,0.0,0.0,1.0,1.36,2.02,-1.0,2,0.0,0.0,1.0,1.5,2.475,weak,weak,weak
1387844,2026-01-03 20:05:00+00:00,61,2025,79,Lille,94,Rennes,0,2,FT,4-2-3-1,3-5-2,4-2-3-1 vs 3-5-2,8,3,5,0.8,2,52.8,2.0,1.3333333333333333,4.6,4.4,8.8,9.8,1.36,1.454,4.0,5.2,1.0,1,48.2,1.75,0.5,4.2,5.6,10.2,16.6,1.5379999999999998,1.4760000000000002,5.4,7.0,0.3999999999999994,-1.3999999999999986,-0.1779999999999997,-1.4000000000000004,4.599999999999994,-0.1999999999999999,0.85,1.57,14,0.6428571428571429,0.07142857142857142,0.2857142857142857,1.780714285714286,1.3757142857142857,0.7857142857142857,14,0.42857142857142855,0.42857142857142855,0.14285714285714285,1.5035714285714286,1.6342857142857146,0.21428571428571427,1,0.0,1.0,0.0,2.0,2.69,strong,strong,weak
1387846,2026-01-04 14:00:00+00:00,61,2025,81,Marseille,83,Nantes,0,2,FT,3-4-2-1,5-4-1,3-4-2-1 vs 5-4-1,2,6,-4,0.8,2,60.8,1.4,,6.6,4.4,15.2,9.6,2.088,1.0379999999999998,5.8,4.0,0.8,2,39.8,2.0,1.0,2.6,5.6,7.4,16.8,0.6900000000000001,1.66,1.6,6.8,4.0,7.799999999999999,1.398,4.199999999999999,21.0,0.0,0.75,3.63,3,0.3333333333333333,0.0,0.6666666666666666,0.7766666666666667,0.9400000000000001,-0.3333333333333333,0,,,,,,,0,,,,,,weak,weak,weak
1387842,2026-01-04 16:15:00+00:00,61,2025,106,Stade Brestois 29,108,Auxerre,2,0,FT,4-4-2,4-3-3,4-4-2 vs 4-3-3,4,7,-3,1.0,1,42.8,2.2,1.0,4.8,4.6,11.4,11.8,1.45,1.6279999999999997,3.4,4.2,1.0,1,42.0,2.2,2.0,5.6,4.4,13.4,9.8,1.7580000000000002,1.02,5.6,4.8,-0.7999999999999998,-2.0,-0.3080000000000003,-2.2,0.7999999999999972,0.0,1.88,0.74,0,,,,,,,5,0.2,0.4,0.4,1.7580000000000002,1.02,-0.2,1,1.0,0.0,0.0,6.0,5.550000000000001,weak,medium,weak
1387843,2026-01-04 16:15:00+00:00,61,2025,111,Le Havre,77,Angers,2,1,FT,4-3-1-2,4-2-3-1,4-3-1-2 vs 4-2-3-1,10,5,5,0.4,3,46.0,1.8,0.0,4.2,4.2,13.2,15.0,1.2919999999999998,1.816,5.8,3.6,1.0,1,48.8,1.6,0.0,5.0,4.8,10.0,14.8,1.094,1.2779999999999998,2.6,5.8,-0.7999999999999998,3.1999999999999997,0.1979999999999997,3.2,-2.799999999999997,-0.6,1.02,0.55,0,,,,,,,11,0.45454545454545453,0.36363636363636365,0.18181818181818182,1.1890909090909092,1.5272727272727273,0.6363636363636364,0,,,,,,weak,strong,weak
1387845,2026-01-04 16:15:00+00:00,61,2025,97,Lorient,112,Metz,1,1,FT,3-4-3,4-2-3-1,3-4-3 vs 4-2-3-1,8,6,2,1.0,1,42.8,0.8,0.0,3.6,2.2,11.6,8.6,1.4320000000000002,0.82,2.8,6.0,0.8,2,49.4,2.0,,3.6,5.8,9.2,13.6,0.964,1.7259999999999998,4.2,4.2,0.0,2.4000000000000004,0.4680000000000001,-1.4000000000000004,-6.600000000000001,0.1999999999999999,1.44,0.41,2,0.5,0.0,0.5,2.205,0.76,1.5,8,0.25,0.125,0.625,1.15625,2.11375,-0.625,2,0.5,0.0,0.5,5.5,4.02,weak,medium,weak
1387849,2026-01-04 19:45:00+00:00,61,2025,85,Paris Saint Germain,114,Paris FC,2,1,FT,4-3-3,5-4-1,4-3-3 vs 5-4-1,6,9,-3,1.0,1,63.8,1.2,0.0,7.4,3.6,18.2,9.2,2.058,0.6519999999999999,5.4,4.6,0.4,4,55.2,2.6,,2.6,4.4,11.8,11.6,1.398,2.054,5.0,6.4,4.800000000000001,6.399999999999999,0.6599999999999999,0.4000000000000003,8.599999999999994,0.6,1.71,1.01,15,0.7333333333333333,0.2,0.06666666666666667,1.9366666666666668,0.8573333333333333,1.4666666666666666,1,0.0,0.0,1.0,1.98,0.75,-1.0,2,1.0,0.0,0.0,1.5,2.625,strong,weak,weak
1387854,2026-01-16 18:00:00+00:00,61,2025,91,Monaco,97,Lorient,1,3,FT,4-2-2-2,3-4-2-1,4-2-2-2 vs 3-4-2-1,12,8,4,0.6,3,48.0,2.2,0.75,3.8,6.8,11.4,15.4,1.0699999999999998,1.948,5.4,3.0,0.8,2,41.4,1.0,0.0,4.2,2.2,12.8,9.0,1.448,0.638,2.4,6.0,-0.4000000000000003,-1.4000000000000004,-0.3780000000000001,3.0000000000000004,6.600000000000001,-0.2,1.25,1.38,0,,,,,,,13,0.23076923076923078,0.38461538461538464,0.38461538461538464,1.3823076923076925,1.4515384615384617,-0.9230769230769231,0,,,,,,weak,strong,weak
1387856,2026-01-16 20:00:00+00:00,61,2025,85,Paris Saint Germain,79,Lille,3,0,FT,4-3-3,4-3-3,4-3-3 vs 4-3-3,6,4,2,1.0,1,63.4,1.0,0.0,7.8,3.8,20.4,8.6,2.116,0.716,5.8,3.8,0.8,2,49.0,1.6,1.3333333333333333,4.4,4.8,10.2,12.4,1.4739999999999998,1.5540000000000005,4.0,6.4,3.3999999999999995,10.2,0.6419999999999999,1.7999999999999998,14.4,0.1999999999999999,1.4,1.14,16,0.75,0.1875,0.0625,1.9224999999999999,0.8668750000000001,1.4375,1,0.0,1.0,0.0,0.65,1.5,0.0,2,0.5,0.5,0.0,1.5,3.01,strong,weak,weak
1387852,2026-01-17 16:00:00+00:00,61,2025,116,Lens,108,Auxerre,1,0,FT,3-4-2-1,5-3-2,3-4-2-1 vs 5-3-2,6,4,2,1.0,1,58.0,1.2,0.5,5.8,3.2,16.2,8.0,1.908,0.8459999999999999,6.6,2.2,1.0,1,41.8,2.2,2.0,4.8,4.2,13.0,10.2,1.766,1.2639999999999998,6.2,5.6,1.0,3.1999999999999997,0.1419999999999999,0.3999999999999994,16.200000000000003,0.0,2.66,0.55,17,0.7647058823529411,0.058823529411764705,0.17647058823529413,1.8900000000000001,1.3958823529411766,1.0588235294117647,0,,,,,,,0,,,,,,strong,weak,weak
1387859,2026-01-17 18:00:00+00:00,61,2025,96,Toulouse,84,Nice,5,1,FT,3-4-3,4-3-3,3-4-3 vs 4-3-3,4,7,-3,1.0,1,34.4,1.6,1.0,3.8,3.2,10.4,10.8,1.276,0.8719999999999999,3.8,5.4,0.4,4,51.8,1.6,1.0,4.4,6.4,12.8,12.4,1.366,1.814,5.8,3.8,-0.6000000000000005,-2.4000000000000004,-0.09,-2.0,-17.4,0.6,1.84,1.99,6,0.6666666666666666,0.0,0.3333333333333333,1.4583333333333333,0.995,1.0,1,0.0,0.0,1.0,0.76,1.65,-2.0,1,1.0,0.0,0.0,2.0,2.25,medium,weak,weak
1387851,2026-01-17 20:05:00+00:00,61,2025,77,Angers,81,Marseille,2,5,FT,4-2-3-1,3-4-2-1,4-2-3-1 vs 3-4-2-1,2,2,0,1.0,1,49.0,1.4,0.0,4.6,5.0,10.0,14.6,1.072,1.342,3.2,6.4,0.6,2,59.2,1.8,2.0,6.0,5.8,13.6,11.8,1.546,1.6159999999999997,5.8,4.2,-1.4000000000000004,-3.6,-0.474,-2.6,-10.200000000000005,0.4,0.94,2.84,12,0.4166666666666667,0.3333333333333333,0.25,1.1358333333333335,1.485,0.5,4,0.25,0.0,0.75,0.77,1.6125,-0.75,9,0.5555555555555556,0.3333333333333333,0.1111111111111111,3.111111111111111,3.017777777777778,strong,weak,medium
1387858,2026-01-18 14:00:00+00:00,61,2025,95,Strasbourg,112,Metz,2,1,FT,4-2-3-1,4-2-3-1,4-2-3-1 vs 4-2-3-1,6,6,0,0.8,2,58.4,1.8,1.0,2.8,4.0,8.8,10.8,0.67,1.35,5.2,2.4,0.8,2,51.0,2.0,,3.6,6.0,9.0,14.6,0.7300000000000001,1.824,3.8,4.4,-0.8000000000000003,-0.1999999999999993,-0.06,1.4000000000000004,7.399999999999999,0.0,1.09,1.08,2,0.0,0.5,0.5,1.355,2.385,-0.5,9,0.2222222222222222,0.2222222222222222,0.5555555555555556,1.0733333333333333,2.038888888888889,-0.5555555555555556,11,0.6363636363636364,0.2727272727272727,0.09090909090909091,2.1818181818181817,3.2236363636363636,weak,medium,strong
1387855,2026-01-18 16:15:00+00:00,61,2025,83,Nantes,114,Paris FC,1,2,FT,3-4-3,5-4-1,3-4-3 vs 5-4-1,3,7,-4,0.6,3,41.6,2.0,0.5,4.0,5.6,9.4,15.6,1.374,1.622,1.6,6.4,0.4,4,50.8,1.8,,2.4,5.0,9.0,13.6,1.2040000000000002,2.246,3.6,6.0,1.6,0.4000000000000003,0.1699999999999997,-2.0,-9.199999999999996,0.1999999999999999,0.35,0.81,0,,,,,,,2,0.0,0.0,1.0,1.495,1.23,-1.0,0,,,,,,weak,weak,weak
1387857,2026-01-18 16:15:00+00:00,61,2025,94,Rennes,111,Le Havre,1,1,FT,3-1-4-2,3-4-1-2,3-1-4-2 vs 3-4-1-2,2,6,-4,1.0,1,50.8,1.5,0.3333333333333333,4.4,5.4,11.8,15.2,1.702,1.25,5.0,6.2,0.4,4,43.0,1.4,0.0,4.6,4.4,12.0,15.8,1.3079999999999998,1.8840000000000003,5.4,4.2,-0.1999999999999993,-0.1999999999999993,0.3940000000000001,-0.4000000000000003,7.799999999999997,0.6,2.35,0.75,0,,,,,,,0,,,,,,,0,,,,,,weak,weak,weak
1387853,2026-01-18 19:45:00+00:00,61,2025,80,Lyon,106,Stade Brestois 29,2,1,FT,4-3-3,4-2-3-1,4-3-3 vs 4-2-3-1,6,2,4,0.4,4,62.8,2.6,0.3333333333333333,6.4,3.8,14.8,9.6,1.662,1.5,6.4,3.8,0.8,2,45.6,2.6,1.0,5.2,3.4,12.8,10.0,1.6780000000000002,1.084,4.4,4.2,1.2000000000000002,2.0,-0.016,2.0,17.199999999999996,-0.4,1.98,0.68,3,1.0,0.0,0.0,1.5833333333333333,1.09,1.0,11,0.45454545454545453,0.2727272727272727,0.2727272727272727,1.55,1.3245454545454545,0.0,7,0.2857142857142857,0.42857142857142855,0.2857142857142857,4.285714285714286,3.317142857142858,weak,strong,medium
1387860,2026-01-23 19:00:00+00:00,61,2025,108,Auxerre,85,Paris Saint Germain,0,1,FT,5-4-1,4-3-3,5-4-1 vs 4-3-3,2,7,-5,0.8,2,46.2,3.0,2.0,3.8,4.2,11.6,10.8,1.462,1.482,5.8,3.6,1.0,1,62.6,0.6,0.0,7.0,3.8,16.8,7.6,1.704,0.7059999999999998,5.4,3.4,-3.2,-5.200000000000001,-0.242,0.3999999999999994,-16.4,-0.1999999999999999,0.33,2.22,7,0.2857142857142857,0.14285714285714285,0.5714285714285714,1.137142857142857,1.407142857142857,-0.42857142857142855,17,0.7647058823529411,0.17647058823529413,0.058823529411764705,1.8917647058823528,0.8829411764705883,1.5294117647058822,2,0.0,0.5,0.5,5.5,3.28,medium,strong,weak
1387868,2026-01-24 16:00:00+00:00,61,2025,94,Rennes,97,Lorient,0,2,FT,3-5-2,3-4-2-1,3-5-2 vs 3-4-2-1,0,7,-7,0.8,2,51.6,1.75,0.5,4.0,5.6,12.2,14.0,1.434,1.134,6.2,6.2,0.8,2,40.2,0.8,0.0,4.8,3.4,14.2,10.0,1.66,0.72,2.8,6.6,-0.7999999999999998,-2.0,-0.2260000000000002,3.4000000000000004,11.4,0.0,1.76,1.29,15,0.4666666666666667,0.4,0.13333333333333333,1.508,1.5820000000000003,0.3333333333333333,14,0.2857142857142857,0.35714285714285715,0.35714285714285715,1.3821428571428573,1.4371428571428573,-0.7142857142857143,3,0.6666666666666666,0.3333333333333333,0.0,3.3333333333333335,3.733333333333333,strong,strong,weak
1387862,2026-01-24 18:00:00+00:00,61,2025,111,Le Havre,91,Monaco,0,0,FT,4-3-1-2,4-2-2-2,4-3-1-2 vs 4-2-2-2,7,8,-1,0.4,4,45.2,2.0,0.0,4.6,3.6,11.0,13.4,1.22,1.662,5.8,5.0,0.6,3,50.4,2.2,0.6666666666666666,4.6,5.8,11.6,14.8,1.0539999999999998,1.4860000000000002,5.0,2.8,0.0,-0.5999999999999996,0.1660000000000001,0.7999999999999998,-5.199999999999996,-0.1999999999999999,0.25,0.5,1,1.0,0.0,0.0,1.02,0.55,1.0,1,0.0,0.0,1.0,1.25,1.38,-2.0,0,,,,,,weak,weak,weak
1387864,2026-01-24 20:05:00+00:00,61,2025,81,Marseille,116,Lens,3,1,FT,3-4-2-1,3-4-2-1,3-4-2-1 vs 3-4-2-1,5,6,-1,0.6,2,63.0,1.6,2.0,6.0,5.0,15.6,10.2,1.542,1.566,5.0,3.8,1.0,1,56.6,1.2,0.0,6.2,3.0,17.4,7.6,2.056,0.8639999999999999,6.2,3.0,-0.2000000000000001,-1.799999999999999,-0.514,-1.2000000000000002,6.399999999999999,-0.4,1.0,1.01,5,0.4,0.0,0.6,1.184,1.4780000000000002,0.0,18,0.7777777777777778,0.05555555555555555,0.16666666666666666,1.9327777777777781,1.348888888888889,1.0555555555555556,10,0.7,0.2,0.1,1.8,2.6729999999999996,medium,strong,strong
1387866,2026-01-25 14:00:00+00:00,61,2025,83,Nantes,84,Nice,1,4,FT,4-3-3,4-2-3-1,4-3-3 vs 4-2-3-1,6,8,-2,0.4,4,40.0,2.0,0.5,4.0,6.0,8.6,16.2,1.2759999999999998,1.7200000000000002,1.6,6.6,0.4,3,52.6,1.6,1.0,4.2,6.2,12.8,14.2,1.526,1.61,5.6,3.8,-0.2000000000000001,-4.200000000000001,-0.2500000000000002,-4.0,-12.6,0.0,1.59,1.12,9,0.2222222222222222,0.3333333333333333,0.4444444444444444,0.89,1.8655555555555554,-0.6666666666666666,0,,,,,,,8,0.375,0.375,0.25,4.125,3.2350000000000003,medium,weak,medium
1387861,2026-01-25 16:15:00+00:00,61,2025,106,Stade Brestois 29,96,Toulouse,0,2,FT,4-2-2-2,3-4-2-1,4-2-2-2 vs 3-4-2-1,2,6,-4,0.8,2,40.2,2.2,1.0,4.2,4.0,9.8,12.4,1.1919999999999995,1.27,3.2,4.8,0.8,2,32.2,1.6,1.0,4.6,4.0,9.8,12.6,1.248,1.184,2.8,6.6,-0.3999999999999994,0.0,-0.0560000000000002,0.4000000000000003,8.0,0.0,1.0,0.37,0,,,,,,,10,0.2,0.5,0.3,1.315,1.314,-0.1,1,0.0,0.0,1.0,4.0,2.63,weak,strong,weak
1387865,2026-01-25 16:15:00+00:00,61,2025,112,Metz,80,Lyon,2,5,FT,4-3-3,3-4-1-2,4-3-3 vs 3-4-1-2,2,5,-3,0.8,2,52.8,2.0,,3.4,5.8,9.4,13.4,0.736,1.42,3.6,4.0,0.4,3,63.0,2.4,0.25,6.2,3.2,15.4,8.2,1.7440000000000002,1.222,5.2,2.4,-2.8000000000000003,-6.0,-1.0080000000000002,-1.6,-10.200000000000005,0.4,1.3,2.59,1,0.0,0.0,1.0,1.29,2.92,-5.0,0,,,,,,,0,,,,,,weak,weak,weak
1387867,2026-01-25 16:15:00+00:00,61,2025,114,Paris FC,77,Angers,0,0,FT,5-4-1,4-2-3-1,5-4-1 vs 4-2-3-1,7,2,5,0.4,3,51.6,2.0,,2.4,3.2,9.8,11.2,1.062,1.51,3.2,4.4,1.0,1,46.6,1.0,0.0,4.8,6.0,10.2,14.2,1.174,1.514,4.2,4.6,-2.4,-0.3999999999999986,-0.1119999999999998,-1.0,5.0,-0.6,0.8,0.64,3,0.3333333333333333,0.0,0.6666666666666666,1.2666666666666668,0.9366666666666666,-0.3333333333333333,13,0.38461538461538464,0.3076923076923077,0.3076923076923077,1.1207692307692307,1.5892307692307692,0.23076923076923078,0,,,,,,weak,strong,weak
1387863,2026-01-25 19:45:00+00:00,61,2025,79,Lille,95,Strasbourg,1,4,FT,5-4-1,4-2-3-1,5-4-1 vs 4-2-3-1,7,3,4,0.8,2,46.4,1.6,1.3333333333333333,3.2,5.6,8.2,13.8,0.8960000000000001,1.53,2.6,6.4,0.6,2,58.8,1.6,,3.8,3.4,10.2,10.0,0.796,1.182,5.8,2.0,-0.5999999999999996,-2.0,0.1,-3.2,-12.4,0.2,1.89,3.19,0,,,,,,,3,0.3333333333333333,0.3333333333333333,0.3333333333333333,1.2666666666666666,1.95,0.0,1,0.0,1.0,0.0,0.0,1.44,weak,weak,weak
1387870,2026-01-30 19:45:00+00:00,61,2025,116,Lens,111,Le Havre,1,0,FT,3-4-2-1,3-4-1-2,3-4-2-1 vs 3-4-1-2,6,6,0,1.0,1,54.8,1.6,0.0,5.4,3.0,15.4,8.2,1.848,0.8320000000000001,5.0,3.0,0.4,3,46.0,1.8,,3.4,3.6,9.6,13.8,1.034,1.438,5.6,5.8,2.0000000000000004,5.800000000000001,0.8140000000000001,-0.5999999999999996,8.799999999999997,0.6,2.08,0.55,19,0.7368421052631579,0.05263157894736842,0.21052631578947367,1.8842105263157898,1.3305263157894738,0.8947368421052632,1,0.0,1.0,0.0,0.75,2.35,0.0,0,,,,,,strong,weak,weak
1387875,2026-01-31 16:00:00+00:00,61,2025,114,Paris FC,81,Marseille,2,2,FT,5-4-1,3-4-2-1,5-4-1 vs 3-4-2-1,6,2,4,0.6,2,53.2,1.8,,2.2,2.8,9.2,10.4,0.8620000000000001,1.416,2.8,4.0,0.8,2,58.4,1.4,2.0,6.0,4.6,13.6,10.4,1.382,1.6279999999999997,3.6,4.0,-3.8,-4.4,-0.52,-0.8000000000000003,-5.199999999999996,-0.2,1.53,2.63,4,0.25,0.25,0.5,1.1500000000000001,0.8625,-0.25,6,0.5,0.0,0.5,1.1533333333333333,1.4000000000000001,0.3333333333333333,1,0.0,0.0,1.0,3.0,2.12,weak,medium,weak
1387871,2026-01-31 18:00:00+00:00,61,2025,97,Lorient,83,Nantes,2,1,FT,3-4-2-1,3-4-2-1,3-4-2-1 vs 3-4-2-1,6,4,2,0.8,2,37.8,0.6,0.0,4.2,4.0,11.8,12.6,1.4419999999999995,0.908,2.8,7.0,0.4,4,45.6,2.2,0.0,4.6,5.2,11.4,13.6,1.422,1.474,2.4,5.6,-0.3999999999999994,0.4000000000000003,0.0199999999999997,0.3999999999999999,-7.800000000000004,0.4,0.52,1.42,15,0.3333333333333333,0.3333333333333333,0.3333333333333333,1.3760000000000001,1.4586666666666668,-0.5333333333333333,0,,,,,,,11,0.7272727272727273,0.18181818181818182,0.09090909090909091,2.0,2.6127272727272723,strong,weak,strong
1387873,2026-01-31 20:05:00+00:00,61,2025,91,Monaco,94,Rennes,4,0,FT,3-4-2-1,3-5-2,3-4-2-1 vs 3-5-2,8,3,5,0.4,3,52.4,2.2,0.5,4.0,5.2,11.6,12.8,1.05,1.27,5.4,3.0,0.8,2,55.8,1.8,0.5,4.6,5.4,14.8,12.0,1.63,1.1880000000000002,7.4,5.6,-0.5999999999999996,-3.200000000000001,-0.5800000000000001,-2.0,-3.3999999999999986,-0.4,2.21,0.38,4,0.25,0.25,0.5,1.725,1.7475,-0.75,16,0.4375,0.375,0.1875,1.5237500000000002,1.56375,0.1875,5,0.6,0.2,0.2,2.8,2.568,weak,strong,medium
1387872,2026-02-01 14:00:00+00:00,61,2025,80,Lyon,79,Lille,1,0,FT,4-3-3,4-2-3-1,4-3-3 vs 4-2-3-1,6,7,-1,0.4,4,58.0,2.2,0.3333333333333333,6.6,4.0,14.0,10.0,1.7920000000000005,1.31,4.6,3.6,0.6,3,44.4,1.4,1.5,4.0,5.4,10.6,14.0,0.95,1.932,3.8,5.4,2.6,3.4000000000000004,0.8420000000000003,0.7999999999999998,13.6,-0.1999999999999999,0.54,0.53,4,1.0,0.0,0.0,1.6825,0.9875,1.0,15,0.6,0.06666666666666667,0.3333333333333333,1.718666666666667,1.3886666666666665,0.6,9,0.3333333333333333,0.3333333333333333,0.3333333333333333,4.222222222222222,3.176666666666667,weak,strong,medium
1387869,2026-02-01 16:15:00+00:00,61,2025,77,Angers,112,Metz,1,0,FT,4-2-3-1,4-3-3,4-2-3-1 vs 4-3-3,2,3,-1,1.0,1,45.0,1.0,0.0,4.0,5.0,10.2,12.4,1.07,1.2639999999999998,4.0,3.4,0.8,2,53.0,1.8,,3.6,7.4,9.2,14.2,0.792,1.782,3.6,4.2,0.3999999999999999,1.0,0.278,0.3999999999999999,-8.0,0.1999999999999999,1.5,0.45,14,0.35714285714285715,0.35714285714285715,0.2857142857142857,1.0864285714285715,1.532857142857143,0.21428571428571427,2,0.0,0.0,1.0,1.295,2.755,-4.0,11,0.5454545454545454,0.0,0.45454545454545453,3.272727272727273,2.8045454545454547,strong,weak,strong
1387874,2026-02-01 16:15:00+00:00,61,2025,84,Nice,106,Stade Brestois 29,2,2,FT,4-2-3-1,4-2-3-1,4-2-3-1 vs 4-2-3-1,5,2,3,0.4,4,50.0,1.8,1.0,4.6,5.8,12.4,14.6,1.586,1.452,4.6,4.0,0.6,3,42.6,2.0,1.0,4.4,3.8,11.0,11.2,1.182,1.1840000000000002,3.8,4.2,0.1999999999999993,1.4000000000000004,0.4040000000000001,0.7999999999999998,7.399999999999999,-0.1999999999999999,1.2,1.68,1,1.0,0.0,0.0,1.12,1.59,3.0,12,0.4166666666666667,0.25,0.3333333333333333,1.4775,1.3791666666666667,-0.08333333333333333,12,0.6666666666666666,0.25,0.08333333333333333,2.25,3.1358333333333337,weak,strong,strong
1387877,2026-02-01 16:15:00+00:00,61,2025,96,Toulouse,108,Auxerre,0,0,FT,3-4-2-1,4-3-3,3-4-2-1 vs 4-3-3,4,4,0,0.8,2,36.6,2.0,1.0,4.8,4.0,10.2,11.2,1.182,1.024,3.0,5.4,0.6,3,43.4,2.8,2.0,3.2,5.4,11.0,11.8,1.306,1.566,5.6,4.2,1.5999999999999996,-0.8000000000000007,-0.1240000000000001,-2.6,-6.799999999999997,0.2,0.7,0.91,11,0.2727272727272727,0.45454545454545453,0.2727272727272727,1.2290909090909088,1.2854545454545454,0.09090909090909091,6,0.16666666666666666,0.3333333333333333,0.5,1.5883333333333336,1.1633333333333333,-0.5,8,0.625,0.25,0.125,2.75,2.9562500000000003,strong,medium,medium
1387876,2026-02-01 19:45:00+00:00,61,2025,95,Strasbourg,85,Paris Saint Germain,1,2,FT,4-2-3-1,4-3-3,4-2-3-1 vs 4-3-3,4,3,1,0.6,2,58.0,2.0,,3.8,3.8,10.4,12.6,1.2739999999999998,1.35,5.0,3.6,1.0,1,65.0,0.6,0.0,7.8,2.8,16.6,7.2,1.882,0.6679999999999999,6.0,3.0,-4.0,-6.200000000000001,-0.6080000000000003,-1.0,-7.0,-0.4,2.31,1.34,4,0.5,0.25,0.25,1.7475,1.9349999999999998,0.75,18,0.7777777777777778,0.16666666666666666,0.05555555555555555,1.9099999999999997,0.8522222222222223,1.5,12,0.5833333333333334,0.0,0.4166666666666667,3.0833333333333335,2.733333333333334,weak,strong,strong
1387883,2026-02-06 19:45:00+00:00,61,2025,112,Metz,79,Lille,0,0,FT,4-2-3-1,4-2-3-1,4-2-3-1 vs 4-2-3-1,3,6,-3,0.6,2,47.4,2.0,1.0,3.0,7.4,9.2,14.8,0.772,1.6939999999999995,3.6,4.0,0.6,3,47.6,2.0,1.5,4.4,5.4,11.8,13.4,0.986,1.934,4.8,4.8,-1.4000000000000004,-2.6000000000000014,-0.2139999999999999,-1.1999999999999995,-0.2000000000000028,0.0,0.63,1.65,10,0.2,0.2,0.6,1.074,1.9440000000000002,-0.6,16,0.5625,0.0625,0.375,1.6443750000000001,1.335625,0.5,13,0.6153846153846154,0.3076923076923077,0.07692307692307693,2.3846153846153846,3.1161538461538467,strong,strong,strong
1387882,2026-02-07 16:00:00+00:00,61,2025,116,Lens,94,Rennes,3,1,FT,3-4-2-1,3-5-2,3-4-2-1 vs 3-5-2,4,5,-1,1.0,1,52.4,1.8,0.0,4.8,2.6,14.4,7.8,1.804,0.704,3.4,3.4,0.8,2,59.8,1.6,0.0,5.0,4.8,15.2,10.8,1.658,1.184,6.6,5.0,-0.2000000000000001,-0.7999999999999989,0.1459999999999996,-3.2,-7.399999999999999,0.1999999999999999,1.16,1.5,20,0.75,0.05,0.2,1.8940000000000001,1.2915,0.9,17,0.4117647058823529,0.35294117647058826,0.23529411764705882,1.4564705882352942,1.601764705882353,-0.058823529411764705,6,0.6666666666666666,0.16666666666666666,0.16666666666666666,3.0,2.5716666666666668,strong,strong,medium
1387880,2026-02-07 18:00:00+00:00,61,2025,106,Stade Brestois 29,97,Lorient,2,0,FT,4-2-3-1,3-4-2-1,4-2-3-1 vs 3-4-2-1,3,4,-1,0.6,3,42.6,2.2,1.0,4.0,4.8,11.0,12.2,1.212,1.3039999999999998,4.4,4.8,0.8,2,41.2,1.0,,3.8,3.6,10.0,13.2,1.032,1.106,2.8,6.4,0.2000000000000001,1.0,0.1799999999999999,1.6000000000000003,1.3999999999999986,-0.2,1.73,0.74,13,0.38461538461538464,0.3076923076923077,0.3076923076923077,1.4930769230769232,1.3653846153846154,-0.07692307692307693,16,0.375,0.3125,0.3125,1.3225,1.45625,-0.4375,10,0.5,0.3,0.2,3.5,3.0940000000000003,strong,strong,strong
1387884,2026-02-07 20:05:00+00:00,61,2025,83,Nantes,80,Lyon,0,1,FT,3-4-2-1,4-3-3,3-4-2-1 vs 4-3-3,2,8,-6,0.2,5,47.4,2.8,0.0,4.2,4.8,11.4,10.6,1.468,1.118,3.0,3.4,0.6,3,54.4,1.6,0.0,6.2,3.6,13.2,9.4,1.814,0.902,3.6,4.8,-2.0,-1.799999999999999,-0.3460000000000001,-0.6000000000000001,-7.0,-0.3999999999999999,0.76,1.41,1,0.0,0.0,1.0,1.42,0.52,-1.0,5,1.0,0.0,0.0,1.4540000000000002,0.8960000000000001,1.0,9,0.5555555555555556,0.3333333333333333,0.1111111111111111,2.4444444444444446,2.8066666666666666,weak,medium,medium
1387885,2026-02-08 14:00:00+00:00,61,2025,84,Nice,91,Monaco,0,0,FT,4-2-3-1,3-4-2-1,4-2-3-1 vs 3-4-2-1,7,9,-2,0.4,3,52.0,2.6,,5.4,5.4,12.8,15.4,1.564,1.622,5.0,4.8,0.4,4,49.6,1.6,1.0,4.8,5.2,12.4,12.0,1.372,1.04,5.8,3.0,0.6000000000000005,0.4000000000000003,0.1919999999999999,-0.7999999999999998,2.3999999999999986,0.0,0.57,0.62,2,0.5,0.5,0.0,1.1600000000000001,1.635,1.5,5,0.4,0.2,0.4,1.8219999999999998,1.474,0.2,11,0.5454545454545454,0.2727272727272727,0.18181818181818182,3.3636363636363638,3.0372727272727276,weak,medium,strong
1387878,2026-02-08 16:15:00+00:00,61,2025,77,Angers,96,Toulouse,1,0,FT,4-2-3-1,3-4-2-1,4-2-3-1 vs 3-4-2-1,1,4,-3,1.0,1,48.4,1.2,0.0,4.6,4.4,12.0,10.8,1.2040000000000002,1.092,4.6,3.2,0.8,2,41.0,1.6,1.0,5.0,4.4,11.4,12.2,1.222,1.1960000000000002,3.8,5.8,-0.4000000000000003,0.5999999999999996,-0.0179999999999997,0.7999999999999998,7.399999999999999,0.1999999999999999,1.03,0.51,15,0.4,0.3333333333333333,0.26666666666666666,1.114,1.4606666666666668,0.26666666666666666,12,0.25,0.5,0.25,1.1849999999999998,1.2541666666666667,0.08333333333333333,12,0.5,0.3333333333333333,0.16666666666666666,3.0833333333333335,2.8833333333333333,strong,strong,strong
1387879,2026-02-08 16:15:00+00:00,61,2025,108,Auxerre,114,Paris FC,0,0,FT,4-3-3,5-4-1,4-3-3 vs 5-4-1,2,8,-6,0.6,3,45.6,2.8,2.0,2.2,5.6,9.8,13.2,1.1,1.5960000000000003,5.4,4.6,0.8,2,52.4,1.6,,2.6,3.2,8.4,11.4,0.922,1.5739999999999998,3.2,3.4,-0.3999999999999999,1.4000000000000004,0.178,2.2,-6.799999999999997,-0.2,0.94,0.77,7,0.14285714285714285,0.42857142857142855,0.42857142857142855,1.4914285714285715,1.0971428571428572,-0.42857142857142855,5,0.2,0.4,0.4,1.2260000000000002,1.216,-0.2,3,1.0,0.0,0.0,2.0,2.6566666666666667,medium,medium,weak
1387881,2026-02-08 16:15:00+00:00,61,2025,111,Le Havre,95,Strasbourg,2,1,FT,4-3-3,4-2-3-1,4-3-3 vs 4-2-3-1,3,2,1,0.4,3,46.4,2.2,,3.4,3.8,8.6,14.2,0.776,1.608,4.8,6.2,0.8,2,50.0,1.6,0.0,4.6,4.0,11.6,14.0,1.7260000000000002,1.518,5.6,4.6,-1.1999999999999995,-3.0,-0.9500000000000002,-0.7999999999999998,-3.6000000000000014,-0.4,0.91,0.42,4,0.0,0.75,0.25,1.2825000000000002,1.3425,-0.25,5,0.4,0.2,0.4,1.86,1.816,0.4,10,0.4,0.3,0.3,3.9,2.966,weak,medium,strong
1387886,2026-02-08 19:45:00+00:00,61,2025,85,Paris Saint Germain,81,Marseille,5,0,FT,4-3-3,5-4-1,4-3-3 vs 5-4-1,3,0,3,1.0,1,65.4,0.6,1.0,6.8,3.2,15.2,7.8,1.704,1.082,5.6,2.8,0.8,2,56.4,2.0,2.0,6.4,5.0,16.0,11.2,1.802,1.864,3.4,4.4,0.3999999999999994,-0.8000000000000007,-0.098,2.2,9.000000000000007,0.1999999999999999,4.39,0.66,19,0.7894736842105263,0.15789473684210525,0.05263157894736842,1.88,0.9289473684210527,1.4736842105263157,0,,,,,,,4,0.75,0.25,0.0,1.5,2.42,strong,weak,weak
1387895,2026-02-13 18:00:00+00:00,61,2025,94,Rennes,85,Paris Saint Germain,3,1,FT,4-2-3-1,4-3-3,4-2-3-1 vs 4-3-3,5,2,3,0.8,2,57.4,1.6,0.0,4.2,4.0,16.2,9.8,1.512,1.252,6.4,4.4,1.0,1,65.2,0.8,1.0,6.4,2.8,16.8,7.8,2.212,1.09,5.8,2.4,-2.2,-0.6000000000000014,-0.6999999999999997,0.6000000000000005,-7.800000000000004,-0.1999999999999999,1.36,3.58,0,,,,,,,20,0.8,0.15,0.05,2.0055,0.9155000000000001,1.65,13,0.5384615384615384,0.0,0.46153846153846156,3.076923076923077,2.803846153846154,weak,strong,strong
1387893,2026-02-13 20:05:00+00:00,61,2025,91,Monaco,83,Nantes,3,1,FT,4-2-3-1,3-4-2-1,4-2-3-1 vs 3-4-2-1,8,1,7,0.4,3,52.4,1.8,1.0,3.8,4.4,10.8,11.0,1.054,0.7959999999999999,5.6,4.0,0.4,4,49.0,3.2,0.0,3.8,3.6,12.6,8.6,1.55,0.922,3.4,3.0,0.0,-1.799999999999999,-0.496,2.2,3.3999999999999986,0.0,1.78,1.14,6,0.5,0.16666666666666666,0.3333333333333333,1.668333333333333,1.3366666666666667,0.3333333333333333,2,0.0,0.0,1.0,1.0899999999999999,0.965,-1.0,13,0.5384615384615384,0.3076923076923077,0.15384615384615385,2.923076923076923,2.7800000000000002,medium,weak,strong
1387891,2026-02-14 16:00:00+00:00,61,2025,81,Marseille,95,Strasbourg,2,2,FT,4-2-3-1,4-2-3-1,4-2-3-1 vs 4-2-3-1,1,3,-2,0.8,2,53.2,2.0,2.0,5.4,5.0,14.2,12.0,1.576,2.3,3.2,4.0,1.0,1,47.2,1.6,0.5,4.8,5.0,11.2,15.2,1.6720000000000002,1.594,4.0,5.8,0.6000000000000005,3.0,-0.096,-0.7999999999999998,6.0,-0.1999999999999999,1.32,1.92,11,0.7272727272727273,0.18181818181818182,0.09090909090909091,2.3654545454545453,1.1045454545454545,2.0,6,0.3333333333333333,0.16666666666666666,0.5,1.62,1.665,0.16666666666666666,14,0.5714285714285714,0.35714285714285715,0.07142857142857142,2.2142857142857144,3.056428571428572,strong,medium,strong
1387888,2026-02-14 18:00:00+00:00,61,2025,79,Lille,106,Stade Brestois 29,1,1,FT,4-2-3-1,4-2-3-1,4-2-3-1 vs 4-2-3-1,9,4,5,0.6,3,48.2,1.8,1.0,3.8,4.2,13.4,11.0,1.2120000000000002,1.466,5.4,3.0,0.6,3,43.2,2.0,1.0,3.6,4.2,10.6,13.0,1.394,1.006,4.4,5.2,0.1999999999999997,2.8000000000000007,-0.1819999999999999,1.0,5.0,0.0,1.65,0.7,17,0.5294117647058824,0.11764705882352941,0.35294117647058826,1.6447058823529412,1.2941176470588236,0.47058823529411764,14,0.42857142857142855,0.2857142857142857,0.2857142857142857,1.51,1.3207142857142855,0.07142857142857142,15,0.5333333333333333,0.4,0.06666666666666667,2.3333333333333335,3.068666666666667,strong,strong,strong
1387894,2026-02-14 20:05:00+00:00,61,2025,114,Paris FC,116,Lens,0,5,FT,3-4-2-1,3-4-2-1,3-4-2-1 vs 3-4-2-1,8,5,3,1.0,1,49.6,1.8,,3.0,2.8,8.0,12.4,0.984,1.254,2.6,4.0,1.0,1,53.4,2.6,0.5,4.4,2.0,13.2,9.0,1.706,0.852,3.8,3.2,-1.4000000000000004,-5.199999999999999,-0.722,-1.1999999999999995,-3.799999999999997,0.0,0.61,3.76,0,,,,,,,21,0.7619047619047619,0.047619047619047616,0.19047619047619047,1.859047619047619,1.3014285714285716,0.9523809523809523,12,0.75,0.16666666666666666,0.08333333333333333,2.0833333333333335,2.556666666666666,weak,strong,strong
1387887,2026-02-15 14:00:00+00:00,61,2025,111,Le Havre,96,Toulouse,2,1,FT,3-1-4-2,3-4-2-1,3-1-4-2 vs 3-4-2-1,4,5,-1,0.4,3,48.0,1.8,0.0,4.0,3.6,9.6,12.6,0.6960000000000001,1.1800000000000002,5.8,5.8,0.8,2,43.8,1.8,1.0,5.2,4.8,12.4,12.8,0.8160000000000001,1.31,4.0,5.0,-1.2000000000000002,-2.8000000000000007,-0.12,1.7999999999999998,4.200000000000003,-0.4,1.16,2.36,1,1.0,0.0,0.0,1.01,0.55,1.0,13,0.23076923076923078,0.46153846153846156,0.3076923076923077,1.1330769230769229,1.236923076923077,0.0,1,0.0,0.0,1.0,5.0,5.99,weak,strong,weak
1387889,2026-02-15 16:15:00+00:00,61,2025,97,Lorient,77,Angers,2,0,FT,3-4-2-1,4-2-3-1,3-4-2-1 vs 4-2-3-1,4,1,3,0.8,2,45.4,1.0,,3.8,4.2,10.8,13.2,1.0739999999999998,1.314,3.6,5.6,1.0,1,47.8,1.6,0.0,3.6,4.6,10.4,11.8,0.932,1.124,4.0,3.6,0.1999999999999997,0.4000000000000003,0.1419999999999998,-0.3999999999999999,-2.3999999999999986,-0.1999999999999999,0.95,0.42,17,0.35294117647058826,0.29411764705882354,0.35294117647058826,1.288235294117647,1.4723529411764706,-0.5294117647058824,16,0.4375,0.3125,0.25,1.1087500000000001,1.40125,0.3125,7,0.14285714285714285,0.14285714285714285,0.7142857142857143,3.5714285714285716,3.3057142857142856,strong,strong,medium
1387892,2026-02-15 16:15:00+00:00,61,2025,112,Metz,108,Auxerre,1,3,FT,4-2-3-1,4-3-3,4-2-3-1 vs 4-3-3,7,5,2,0.6,2,47.6,1.8,1.0,2.4,6.0,8.6,15.2,0.774,1.654,3.0,4.4,0.6,3,46.4,2.0,,1.0,5.4,8.6,13.0,0.6940000000000001,1.646,4.8,4.8,1.4,0.0,0.0799999999999999,-1.7999999999999998,1.2000000000000028,0.0,0.81,0.8,11,0.18181818181818182,0.2727272727272727,0.5454545454545454,1.0336363636363637,1.9172727272727272,-0.5454545454545454,8,0.125,0.5,0.375,1.4224999999999999,1.05625,-0.375,14,0.5714285714285714,0.0,0.42857142857142855,3.142857142857143,2.9564285714285714,strong,medium,strong
1387890,2026-02-15 19:45:00+00:00,61,2025,80,Lyon,84,Nice,2,0,FT,3-4-2-1,4-2-3-1,3-4-2-1 vs 4-2-3-1,7,5,2,0.6,3,52.2,1.8,0.3333333333333333,6.0,3.2,11.6,10.0,1.584,0.792,3.4,5.0,0.6,3,50.0,2.6,,5.4,4.8,13.8,14.4,1.5260000000000002,1.416,5.6,5.6,0.5999999999999996,-2.200000000000001,0.0579999999999998,-2.2,2.200000000000003,0.0,1.52,1.46,2,0.5,0.0,0.5,1.3900000000000001,1.7149999999999999,1.0,3,0.3333333333333333,0.6666666666666666,0.0,0.9633333333333334,1.2966666666666666,1.0,8,0.25,0.125,0.625,3.375,3.0637499999999998,weak,weak,medium
1387898,2026-02-20 19:45:00+00:00,61,2025,106,Stade Brestois 29,81,Marseille,2,0,FT,4-2-3-1,4-1-4-1,4-2-3-1 vs 4-1-4-1,1,1,0,0.8,2,39.4,1.6,1.0,3.6,5.0,10.6,15.0,1.158,1.188,3.2,6.6,0.6,3,50.8,2.4,,5.8,4.0,14.0,11.4,1.69,1.958,3.0,4.4,-2.2,-3.4000000000000004,-0.532,0.2000000000000001,-11.4,0.2,1.26,1.69,15,0.4,0.3333333333333333,0.26666666666666666,1.456,1.3426666666666665,0.06666666666666667,0,,,,,,,2,0.5,0.5,0.0,2.0,2.01,strong,weak,weak
1387899,2026-02-21 16:00:00+00:00,61,2025,116,Lens,91,Monaco,2,3,FT,3-4-2-1,3-1-4-2,3-4-2-1 vs 3-1-4-2,5,11,-6,1.0,1,48.2,2.2,1.0,4.2,2.8,13.4,9.6,2.134,0.842,3.2,3.4,0.4,3,52.8,2.4,1.0,4.6,3.0,12.0,11.0,1.272,0.744,6.0,4.2,-0.3999999999999994,1.4000000000000004,0.8619999999999999,-2.8,-4.599999999999994,0.6,1.79,1.7,22,0.7727272727272727,0.045454545454545456,0.18181818181818182,1.9454545454545453,1.27,1.1363636363636365,2,0.5,0.0,0.5,3.57,2.39,-0.5,0,,,,,,strong,weak,weak
1387904,2026-02-21 18:00:00+00:00,61,2025,96,Toulouse,114,Paris FC,1,1,FT,3-4-2-1,5-4-1,3-4-2-1 vs 5-4-1,7,9,-2,0.8,2,50.8,2.2,0.0,6.6,3.8,15.8,10.6,1.156,1.2180000000000002,5.6,3.6,0.8,2,55.2,2.2,,3.6,2.8,9.0,11.8,0.904,1.664,3.0,3.6,3.0,6.800000000000001,0.2519999999999998,2.6,-4.400000000000006,0.0,2.93,0.88,14,0.21428571428571427,0.42857142857142855,0.35714285714285715,1.2207142857142854,1.2314285714285715,-0.07142857142857142,6,0.16666666666666666,0.5,0.3333333333333333,1.1500000000000001,1.17,-0.16666666666666666,1,0.0,0.0,1.0,2.0,4.38,strong,medium,weak
1387902,2026-02-21 20:05:00+00:00,61,2025,85,Paris Saint Germain,112,Metz,3,0,FT,4-3-3,4-1-4-1,4-3-3 vs 4-1-4-1,4,5,-1,1.0,1,64.6,0.75,1.0,6.6,3.0,17.2,9.2,2.586,1.16,6.0,3.2,0.6,2,48.6,1.8,1.0,2.8,5.6,9.6,14.8,0.8539999999999999,1.526,3.0,4.2,3.8,7.6,1.732,3.0,15.999999999999991,0.4,2.41,0.09,21,0.7619047619047619,0.14285714285714285,0.09523809523809523,2.0804761904761904,0.9366666666666668,1.4761904761904763,1,1.0,0.0,0.0,3.42,1.32,2.0,1,0.0,0.0,1.0,3.0,4.12,strong,weak,weak
1387897,2026-02-22 14:00:00+00:00,61,2025,108,Auxerre,94,Rennes,0,3,FT,4-3-3,4-2-3-1,4-3-3 vs 4-2-3-1,6,3,3,0.6,3,44.0,2.0,,1.4,5.4,9.4,13.4,0.7060000000000001,1.4320000000000004,4.2,4.2,0.6,3,51.8,1.75,0.0,4.2,4.8,15.2,11.6,1.4700000000000002,1.798,6.0,5.2,-2.8000000000000003,-5.799999999999999,-0.7640000000000001,-1.7999999999999998,-7.799999999999997,0.0,0.68,1.13,9,0.2222222222222222,0.4444444444444444,0.3333333333333333,1.3533333333333333,1.028888888888889,-0.1111111111111111,1,1.0,0.0,0.0,1.36,3.58,2.0,11,0.45454545454545453,0.2727272727272727,0.2727272727272727,3.8181818181818183,2.8172727272727274,medium,weak,strong
1387896,2026-02-22 16:15:00+00:00,61,2025,77,Angers,79,Lille,0,1,FT,4-2-3-1,4-2-3-1,4-2-3-1 vs 4-2-3-1,1,7,-6,1.0,1,46.0,1.75,0.0,3.6,3.8,10.6,11.2,0.906,1.11,3.2,3.0,0.6,3,54.2,1.6,,4.2,4.2,14.8,9.6,1.372,1.292,7.2,1.8,-0.6000000000000001,-4.200000000000001,-0.4659999999999998,-4.0,-8.200000000000003,0.4,0.39,2.33,17,0.4117647058823529,0.29411764705882354,0.29411764705882354,1.0682352941176472,1.3747058823529412,0.17647058823529413,18,0.5,0.16666666666666666,0.3333333333333333,1.645,1.261111111111111,0.4444444444444444,16,0.5,0.4375,0.0625,2.3125,3.02375,strong,strong,strong
1387900,2026-02-22 16:15:00+00:00,61,2025,83,Nantes,111,Le Havre,2,0,FT,3-5-2,4-3-3,3-5-2 vs 4-3-3,2,5,-3,0.6,3,50.8,3.0,0.0,2.4,4.0,12.2,8.8,1.052,1.128,3.4,3.6,0.4,4,44.6,2.0,0.5,3.2,4.8,8.4,15.8,0.724,1.5419999999999998,4.8,6.6,-0.8000000000000003,3.799999999999999,0.328,-1.4,6.199999999999996,0.1999999999999999,1.26,0.7,0,,,,,,,5,0.2,0.6,0.2,1.2080000000000002,1.158,0.0,0,,,,,,weak,medium,weak
1387901,2026-02-22 16:15:00+00:00,61,2025,84,Nice,97,Lorient,3,3,FT,4-2-3-1,3-4-2-1,4-2-3-1 vs 3-4-2-1,5,5,0,0.8,2,49.6,2.6,,4.8,4.2,12.0,14.6,1.2680000000000002,1.45,5.6,5.8,1.0,1,48.6,1.0,,3.2,4.4,9.2,13.6,0.976,1.316,3.4,5.2,1.5999999999999996,2.8000000000000007,0.2920000000000002,2.2,1.0,-0.1999999999999999,3.24,2.22,4,0.25,0.5,0.25,1.0875,1.3525,0.25,18,0.3888888888888889,0.2777777777777778,0.3333333333333333,1.2694444444444444,1.413888888888889,-0.3888888888888889,14,0.5714285714285714,0.2857142857142857,0.14285714285714285,3.0,2.79,weak,strong,strong
1387903,2026-02-22 19:45:00+00:00,61,2025,95,Strasbourg,80,Lyon,3,1,FT,4-2-3-1,4-3-3,4-2-3-1 vs 4-3-3,2,5,-3,1.0,1,47.4,1.6,0.5,4.6,5.0,12.0,13.4,1.786,1.308,3.6,5.8,0.6,3,52.6,1.8,0.5,4.6,3.4,10.8,10.8,1.608,0.946,4.6,4.6,0.0,1.1999999999999993,0.1779999999999999,-0.9999999999999996,-5.200000000000003,0.4,2.15,0.34,7,0.2857142857142857,0.2857142857142857,0.42857142857142855,1.662857142857143,1.6157142857142859,0.14285714285714285,6,1.0,0.0,0.0,1.4466666666666665,0.8733333333333334,1.0,15,0.5333333333333333,0.0,0.4666666666666667,3.2,2.8666666666666667,medium,medium,strong
1387913,2026-02-27 19:45:00+00:00,61,2025,95,Strasbourg,116,Lens,1,1,FT,4-2-3-1,3-4-2-1,4-2-3-1 vs 3-4-2-1,2,5,-3,1.0,1,48.0,1.4,0.5,4.8,5.0,11.8,12.4,1.998,1.16,3.6,6.0,1.0,1,49.0,2.2,1.0,4.2,3.8,13.2,10.6,1.96,1.0719999999999998,4.4,2.8,0.5999999999999996,-1.3999999999999986,0.0379999999999998,-0.8000000000000003,-1.0,0.0,0.84,1.83,8,0.375,0.25,0.375,1.7237500000000001,1.4562499999999998,0.375,23,0.7391304347826086,0.043478260869565216,0.21739130434782608,1.938695652173913,1.288695652173913,1.0434782608695652,15,0.5333333333333333,0.3333333333333333,0.13333333333333333,3.2,2.9680000000000004,medium,strong,strong
1387912,2026-02-28 16:00:00+00:00,61,2025,94,Rennes,96,Toulouse,1,0,FT,4-3-3,3-4-2-1,4-3-3 vs 3-4-2-1,3,8,-5,0.6,2,52.4,2.5,0.0,4.2,4.4,13.8,12.4,1.226,1.784,5.0,4.8,1.0,1,53.2,2.4,0.0,6.6,3.0,16.0,8.6,1.374,0.996,6.8,2.8,-2.3999999999999995,-2.1999999999999997,-0.1479999999999999,-1.7999999999999998,-0.8000000000000043,-0.4,0.89,0.55,0,,,,,,,15,0.2,0.4666666666666667,0.3333333333333333,1.3346666666666664,1.208,-0.06666666666666667,5,0.4,0.4,0.2,3.0,2.738,weak,strong,medium
1387910,2026-02-28 18:00:00+00:00,61,2025,91,Monaco,77,Angers,2,0,FT,3-4-2-1,3-5-2,3-4-2-1 vs 3-5-2,9,0,9,0.4,4,50.0,2.6,1.0,4.2,3.6,11.2,11.8,1.362,0.826,5.6,5.0,1.0,1,48.2,2.25,0.0,3.4,2.6,10.2,9.4,0.796,1.008,2.2,4.0,0.8000000000000003,1.0,0.5660000000000001,3.3999999999999995,1.7999999999999972,-0.6,1.52,0.74,6,0.3333333333333333,0.3333333333333333,0.3333333333333333,1.6216666666666664,1.3233333333333335,0.16666666666666666,1,0.0,0.0,1.0,0.24,1.85,-1.0,7,0.7142857142857143,0.14285714285714285,0.14285714285714285,3.142857142857143,2.584285714285714,medium,weak,medium
1387905,2026-02-28 20:05:00+00:00,61,2025,111,Le Havre,85,Paris Saint Germain,0,1,FT,3-4-2-1,4-3-3,3-4-2-1 vs 4-3-3,3,5,-2,0.4,4,49.6,1.8,0.5,2.6,3.8,8.2,13.8,0.7140000000000001,1.3239999999999998,4.8,5.6,1.0,1,65.8,0.75,1.0,6.6,2.2,18.0,8.4,2.7880000000000003,0.95,6.0,3.0,-4.0,-9.8,-2.0740000000000003,-1.2000000000000002,-16.199999999999996,-0.6,0.68,3.82,0,,,,,,,22,0.7727272727272727,0.13636363636363635,0.09090909090909091,2.0954545454545452,0.8981818181818183,1.5454545454545454,10,0.5,0.3,0.2,2.3,2.743,weak,strong,strong
1387911,2026-03-01 14:00:00+00:00,61,2025,114,Paris FC,84,Nice,1,0,FT,4-2-3-1,4-2-3-1,4-2-3-1 vs 4-2-3-1,8,7,1,0.8,2,53.8,2.6,,3.4,4.6,8.0,15.4,0.918,2.18,3.2,5.8,1.0,1,46.0,2.6,,4.4,3.2,10.6,13.6,1.518,1.5260000000000002,4.8,6.0,-1.0000000000000004,-2.6,-0.6000000000000001,-1.5999999999999996,7.799999999999997,-0.1999999999999999,1.23,1.24,1,0.0,0.0,1.0,1.19,0.9,-1.0,5,0.2,0.6,0.2,1.518,1.5260000000000002,0.2,17,0.47058823529411764,0.4117647058823529,0.11764705882352941,2.235294117647059,3.0058823529411764,weak,medium,strong
1387906,2026-03-01 16:15:00+00:00,61,2025,79,Lille,83,Nantes,1,0,FT,4-2-3-1,5-3-2,4-2-3-1 vs 5-3-2,7,2,5,0.8,2,57.4,1.6,,4.4,3.2,16.2,8.0,1.61,1.09,8.2,1.2,0.6,3,47.0,3.6,0.0,2.6,3.6,13.0,8.0,1.2339999999999998,1.106,4.2,4.4,1.8000000000000005,3.1999999999999997,0.3760000000000003,3.999999999999999,10.4,0.2,0.63,0.19,19,0.5263157894736842,0.15789473684210525,0.3157894736842105,1.6810526315789474,1.2152631578947368,0.47368421052631576,0,,,,,,,0,,,,,,strong,weak,weak
1387907,2026-03-01 16:15:00+00:00,61,2025,97,Lorient,108,Auxerre,2,2,FT,3-4-2-1,4-4-2,3-4-2-1 vs 4-4-2,6,7,-1,1.0,1,53.2,1.75,,3.4,3.8,9.8,12.4,1.144,1.714,4.2,5.0,0.8,2,42.2,1.2,,1.8,5.4,10.6,12.0,0.732,1.126,4.0,5.0,1.6,-0.7999999999999989,0.4120000000000001,0.2000000000000001,11.0,0.1999999999999999,1.12,1.41,19,0.3684210526315789,0.3157894736842105,0.3157894736842105,1.3194736842105261,1.5100000000000002,-0.3684210526315789,0,,,,,,,1,1.0,0.0,0.0,1.0,1.8900000000000001,strong,weak,weak
1387909,2026-03-01 16:15:00+00:00,61,2025,112,Metz,106,Stade Brestois 29,0,1,FT,4-1-4-1,4-2-3-1,4-1-4-1 vs 4-2-3-1,4,1,3,0.4,3,44.6,1.6,1.0,2.4,5.8,8.4,15.4,0.6559999999999999,1.7899999999999998,3.0,4.2,0.8,2,40.0,1.8,,4.0,4.6,12.0,14.6,1.274,1.13,3.8,6.0,-1.6,-3.6,-0.6180000000000001,-0.7999999999999998,4.600000000000001,-0.4,1.52,0.87,2,0.5,0.0,0.5,1.755,1.8650000000000002,-0.5,16,0.4375,0.3125,0.25,1.44375,1.364375,0.1875,3,0.0,0.3333333333333333,0.6666666666666666,1.6666666666666667,3.016666666666667,weak,strong,weak
1387908,2026-03-01 19:45:00+00:00,61,2025,81,Marseille,80,Lyon,3,2,FT,4-2-3-1,4-3-1-2,4-2-3-1 vs 4-3-1-2,1,6,-5,0.4,4,51.2,3.0,,4.4,4.2,12.8,12.4,1.4600000000000002,2.022,3.0,3.8,0.6,3,48.4,1.8,1.0,3.8,4.4,7.8,12.4,1.28,1.2399999999999998,4.0,5.4,0.6000000000000005,5.000000000000001,0.1800000000000001,-1.0,2.8000000000000043,-0.1999999999999999,2.33,1.47,12,0.6666666666666666,0.25,0.08333333333333333,2.2783333333333333,1.1724999999999999,1.8333333333333333,1,1.0,0.0,0.0,1.4,0.69,2.0,0,,,,,,strong,weak,weak
1387921,2026-03-06 19:45:00+00:00,61,2025,85,Paris Saint Germain,91,Monaco,1,3,FT,4-3-3,3-4-1-2,4-3-3 vs 3-4-1-2,3,7,-4,1.0,1,65.6,0.5,1.0,6.8,2.6,19.2,8.8,3.108,1.02,5.2,3.2,0.6,3,53.8,2.0,1.0,4.6,3.8,11.2,11.6,1.566,0.924,5.4,4.4,2.2,8.0,1.5419999999999996,-0.2000000000000001,11.799999999999995,0.4,1.62,1.3,23,0.782608695652174,0.13043478260869565,0.08695652173913043,2.1704347826086954,0.8886956521739131,1.5217391304347827,0,,,,,,,1,0.0,0.0,1.0,7.0,3.8899999999999997,strong,weak,weak
1387919,2026-03-07 16:00:00+00:00,61,2025,83,Nantes,77,Angers,0,1,FT,5-3-2,3-5-2,5-3-2 vs 3-5-2,1,1,0,0.6,3,41.2,3.2,0.0,1.8,3.4,9.6,8.4,0.954,1.008,3.6,4.8,0.8,2,46.4,2.75,0.0,3.6,3.2,10.0,9.8,0.8160000000000001,1.152,2.4,4.6,-1.8,-0.4000000000000003,0.1379999999999999,1.2000000000000002,-5.199999999999996,-0.2,0.84,0.7,1,0.0,0.0,1.0,0.19,0.63,-1.0,2,0.0,0.0,1.0,0.49,1.685,-1.5,0,,,,,,weak,weak,weak
1387914,2026-03-07 18:00:00+00:00,61,2025,108,Auxerre,95,Strasbourg,0,0,FT,4-4-2,4-2-3-1,4-4-2 vs 4-2-3-1,7,4,3,0.8,2,46.0,1.8,,2.4,4.8,11.0,11.8,0.948,0.906,5.0,4.2,1.0,1,48.4,1.4,0.5,4.6,4.8,10.4,13.4,1.528,1.148,3.8,6.0,-2.2,0.5999999999999996,-0.58,1.2000000000000002,-2.3999999999999986,-0.1999999999999999,0.75,1.08,1,0.0,1.0,0.0,1.41,1.12,0.0,9,0.3333333333333333,0.3333333333333333,0.3333333333333333,1.6255555555555556,1.4977777777777777,0.3333333333333333,1,0.0,0.0,1.0,2.0,2.04,weak,medium,weak
1387922,2026-03-07 20:05:00+00:00,61,2025,96,Toulouse,81,Marseille,0,1,FT,3-4-2-1,3-4-1-2,3-4-2-1 vs 3-4-1-2,6,2,4,1.0,1,51.2,2.4,0.0,6.0,2.4,16.2,8.0,1.41,0.974,6.6,3.4,0.4,4,50.8,3.4,,4.8,5.0,14.4,13.4,1.7260000000000002,2.114,4.2,3.6,1.2000000000000002,1.799999999999999,-0.3160000000000003,2.3999999999999995,0.4000000000000057,0.6,0.91,1.13,16,0.1875,0.4375,0.375,1.285625,1.1881249999999999,-0.125,0,,,,,,,1,1.0,0.0,0.0,1.0,2.63,strong,weak,weak
1387916,2026-03-08 14:00:00+00:00,61,2025,116,Lens,112,Metz,3,0,FT,3-4-2-1,5-3-2,3-4-2-1 vs 5-3-2,8,5,3,1.0,1,48.8,2.0,1.0,4.8,3.8,16.8,10.2,2.124,1.0399999999999998,5.6,2.8,0.4,3,47.2,1.8,0.5,2.4,4.0,10.2,14.0,0.7,1.4460000000000002,4.2,4.2,2.4,6.600000000000001,1.4239999999999997,1.3999999999999997,1.5999999999999943,0.6,2.75,0.4,24,0.7083333333333334,0.08333333333333333,0.20833333333333334,1.9341666666666668,1.27,1.0,1,0.0,0.0,1.0,0.3,0.62,-1.0,1,1.0,0.0,0.0,1.0,3.21,strong,weak,weak
1387915,2026-03-08 16:15:00+00:00,61,2025,106,Stade Brestois 29,111,Le Havre,2,0,FT,4-2-3-1,4-3-3,4-2-3-1 vs 4-3-3,2,4,-2,1.0,1,35.8,1.6,1.0,3.2,4.8,10.6,17.8,1.248,1.36,4.0,8.0,0.4,4,46.6,2.4,0.5,2.8,5.2,8.8,16.2,0.8,1.988,4.4,5.0,0.4000000000000003,1.799999999999999,0.4479999999999999,-0.4000000000000003,-10.800000000000004,0.6,1.11,0.91,17,0.47058823529411764,0.29411764705882354,0.23529411764705882,1.4100000000000001,1.3735294117647057,0.23529411764705882,6,0.16666666666666666,0.5,0.3333333333333333,1.1233333333333335,1.175,-0.3333333333333333,16,0.5625,0.0,0.4375,3.25,2.8431249999999997,strong,medium,strong
1387917,2026-03-08 16:15:00+00:00,61,2025,79,Lille,97,Lorient,1,1,FT,4-3-1-2,5-4-1,4-3-1-2 vs 5-4-1,5,6,-1,1.0,1,62.6,1.8,,3.8,2.2,14.0,5.6,1.358,0.4899999999999999,7.4,1.2,1.0,1,57.0,2.0,,3.6,3.4,11.6,10.0,1.11,1.644,4.2,4.6,0.1999999999999997,2.4000000000000004,0.2480000000000002,3.2,5.600000000000001,0.0,0.7,0.45,0,,,,,,,1,0.0,1.0,0.0,0.23,1.49,0.0,0,,,,,,weak,weak,weak
1387920,2026-03-08 16:15:00+00:00,61,2025,84,Nice,94,Rennes,0,4,FT,4-2-3-1,4-3-3,4-2-3-1 vs 4-3-3,6,2,4,1.0,1,49.2,2.4,0.0,4.2,3.4,11.4,12.8,1.5420000000000005,1.454,5.6,6.8,0.4,3,51.6,2.25,0.0,3.6,4.0,11.4,13.0,1.052,1.636,4.4,4.4,0.6000000000000001,0.0,0.4900000000000002,1.1999999999999993,-2.3999999999999986,0.6,1.76,1.63,6,0.16666666666666666,0.5,0.3333333333333333,1.4716666666666667,1.4766666666666668,0.0,1,1.0,0.0,0.0,0.89,0.55,1.0,17,0.5882352941176471,0.0,0.4117647058823529,3.176470588235294,2.794705882352941,medium,weak,strong
1387918,2026-03-08 19:45:00+00:00,61,2025,80,Lyon,114,Paris FC,1,1,FT,4-1-4-1,4-3-3,4-1-4-1 vs 4-3-3,7,9,-2,0.6,3,48.6,2.2,1.0,3.0,4.6,7.6,13.0,1.0559999999999998,1.4460000000000002,3.4,5.8,0.6,3,49.2,3.6,1.0,4.4,5.0,9.6,16.2,1.004,2.3,4.4,6.8,-1.4000000000000004,-2.0,0.0519999999999998,-1.0000000000000004,-0.6000000000000014,0.0,1.85,1.77,0,,,,,,,8,0.375,0.25,0.375,1.33375,1.7650000000000001,-0.25,1,0.0,0.0,1.0,1.0,1.5699999999999998,weak,medium,weak
1387926,2026-03-13 19:45:00+00:00,61,2025,81,Marseille,108,Auxerre,1,0,FT,4-2-3-1,5-4-1,4-2-3-1 vs 5-4-1,3,4,-1,0.4,4,51.4,3.2,,4.6,4.6,12.8,14.0,1.426,1.99,3.8,3.6,0.6,2,41.6,1.6,,2.8,5.0,11.4,12.0,0.916,0.982,5.2,4.0,1.7999999999999998,1.4000000000000004,0.5099999999999999,-1.4000000000000004,9.799999999999995,-0.1999999999999999,0.82,0.31,13,0.6923076923076923,0.23076923076923078,0.07692307692307693,2.2823076923076924,1.1953846153846153,1.7692307692307692,8,0.25,0.125,0.625,1.03625,1.50875,-0.5,0,,,,,,strong,medium,weak
1387925,2026-03-14 16:00:00+00:00,61,2025,97,Lorient,116,Lens,2,1,FT,3-4-2-1,3-4-2-1,3-4-2-1 vs 3-4-2-1,4,8,-4,0.8,2,54.0,1.25,,3.8,3.4,12.4,10.4,1.096,1.5000000000000002,4.2,4.8,1.0,1,48.4,1.8,1.0,5.6,3.4,18.6,9.6,2.258,1.01,6.0,3.0,-1.7999999999999998,-6.200000000000001,-1.162,-1.7999999999999998,5.600000000000001,-0.1999999999999999,1.45,1.21,20,0.35,0.35,0.3,1.3094999999999999,1.5050000000000003,-0.35,25,0.72,0.08,0.2,1.9668,1.2351999999999999,1.08,13,0.6923076923076923,0.15384615384615385,0.15384615384615385,2.3076923076923075,2.696153846153846,strong,strong,strong
1387923,2026-03-14 18:00:00+00:00,61,2025,77,Angers,84,Nice,0,2,FT,3-5-2,3-5-1-1,3-5-2 vs 3-5-1-1,2,9,-7,0.6,2,43.2,2.5,,3.0,3.8,8.8,11.4,0.656,1.23,2.4,4.6,1.0,1,45.2,1.8,0.0,3.2,4.4,11.2,12.8,1.654,1.444,5.8,6.0,-0.2000000000000001,-2.3999999999999986,-0.998,-3.4,-2.0,-0.4,0.91,1.72,3,0.3333333333333333,0.0,0.6666666666666666,0.5599999999999999,1.4033333333333333,-0.6666666666666666,0,,,,,,,0,,,,,,weak,weak,weak
1387928,2026-03-14 20:05:00+00:00,61,2025,91,Monaco,106,Stade Brestois 29,2,0,FT,3-4-2-1,4-2-3-1,3-4-2-1 vs 4-2-3-1,7,3,4,0.4,4,50.2,2.4,1.0,4.6,4.2,10.6,14.0,1.384,1.1720000000000002,5.0,5.4,1.0,1,36.0,1.6,1.0,3.2,3.4,10.4,17.6,1.134,1.302,3.2,7.4,1.3999999999999997,0.1999999999999993,0.25,1.7999999999999998,14.200000000000005,-0.6,2.29,1.48,7,0.42857142857142855,0.2857142857142857,0.2857142857142857,1.607142857142857,1.24,0.42857142857142855,18,0.5,0.2777777777777778,0.2222222222222222,1.3933333333333335,1.3477777777777777,0.3333333333333333,9,0.3333333333333333,0.1111111111111111,0.5555555555555556,3.2222222222222223,3.054444444444444,medium,strong,medium
1387931,2026-03-15 14:00:00+00:00,61,2025,95,Strasbourg,114,Paris FC,0,0,FT,4-2-3-1,5-4-1,4-2-3-1 vs 5-4-1,10,12,-2,1.0,1,56.4,1.6,1.0,4.8,4.8,11.2,12.8,1.282,1.03,3.6,5.8,0.4,4,46.4,3.4,1.0,4.4,5.0,10.6,15.4,1.052,2.144,4.0,7.6,0.3999999999999994,0.5999999999999996,0.2299999999999999,-0.3999999999999999,10.0,0.6,1.14,0.51,10,0.3,0.4,0.3,1.5710000000000002,1.4229999999999998,0.3,7,0.14285714285714285,0.5714285714285714,0.2857142857142857,1.1114285714285714,1.4214285714285713,-0.14285714285714285,1,1.0,0.0,0.0,1.0,1.13,strong,medium,weak
1387924,2026-03-15 16:15:00+00:00,61,2025,111,Le Havre,80,Lyon,0,0,FT,4-1-3-2,4-2-3-1,4-1-3-2 vs 4-2-3-1,4,8,-4,0.6,3,49.2,2.2,0.5,2.4,5.0,10.0,15.4,0.8719999999999999,1.7939999999999998,4.4,4.4,0.4,4,52.6,2.4,1.0,3.4,4.6,9.8,13.6,1.318,1.6939999999999995,4.6,4.8,-1.0,0.1999999999999993,-0.4460000000000002,-0.1999999999999993,-3.3999999999999986,0.1999999999999999,0.72,1.09,4,0.25,0.5,0.25,1.0925,1.35,-0.5,11,0.36363636363636365,0.2727272727272727,0.36363636363636365,1.7281818181818183,1.2236363636363636,0.09090909090909091,0,,,,,,weak,strong,weak
1387927,2026-03-15 16:15:00+00:00,61,2025,112,Metz,96,Toulouse,3,4,FT,4-2-3-1,3-4-3,4-2-3-1 vs 3-4-3,10,12,-2,0.4,3,50.2,2.0,0.0,2.4,4.0,10.2,15.4,0.69,1.6960000000000002,4.4,4.6,1.0,1,51.0,2.6,0.0,5.6,2.6,16.2,8.4,1.4520000000000002,1.018,6.4,3.0,-3.2,-6.0,-0.7620000000000002,-2.0,-0.7999999999999972,-0.6,1.6,1.57,12,0.16666666666666666,0.25,0.5833333333333334,1.0150000000000001,1.8241666666666667,-0.6666666666666666,7,0.7142857142857143,0.0,0.2857142857142857,1.512857142857143,1.1371428571428572,1.4285714285714286,3,0.3333333333333333,0.3333333333333333,0.3333333333333333,3.3333333333333335,3.1666666666666665,strong,medium,weak
1387930,2026-03-15 19:45:00+00:00,61,2025,94,Rennes,79,Lille,1,2,FT,4-3-3,4-2-3-1,4-3-3 vs 4-2-3-1,1,7,-6,0.4,3,52.8,2.0,0.0,4.2,3.2,12.2,13.0,1.302,1.5459999999999998,4.2,4.8,0.8,2,62.6,1.6,,3.4,2.8,14.2,6.8,1.392,0.4720000000000001,7.0,1.0,0.8000000000000003,-2.0,-0.0899999999999998,-2.8,-9.800000000000004,-0.4,0.99,1.62,2,1.0,0.0,0.0,1.26,1.155,2.5,20,0.55,0.15,0.3,1.6285,1.1640000000000001,0.5,12,0.4166666666666667,0.25,0.3333333333333333,3.75,2.733333333333334,weak,strong,strong
1387933,2026-03-20 19:45:00+00:00,61,2025,116,Lens,77,Angers,5,1,FT,3-4-2-1,4-2-3-1,3-4-2-1 vs 4-2-3-1,7,5,2,1.0,1,51.4,1.6,,6.2,3.8,20.8,8.0,2.268,1.0,7.2,2.4,0.6,2,42.4,2.0,,2.4,4.4,8.4,11.4,0.632,1.472,3.2,4.8,3.8,12.4,1.6359999999999997,4.0,9.0,0.4,3.39,1.58,26,0.6923076923076923,0.07692307692307693,0.23076923076923078,1.9376923076923078,1.2434615384615384,1.0,18,0.3888888888888889,0.2777777777777778,0.3333333333333333,1.030555555555556,1.427777777777778,0.1111111111111111,10,0.4,0.1,0.5,3.1,3.126,strong,strong,strong
1387940,2026-03-21 16:00:00+00:00,61,2025,96,Toulouse,97,Lorient,1,0,FT,3-4-3,3-4-2-1,3-4-3 vs 3-4-2-1,6,6,0,0.8,2,51.2,2.8,0.0,5.8,3.4,17.6,9.4,1.664,1.132,6.2,3.2,0.8,2,49.2,1.75,,4.0,3.6,11.0,12.0,1.238,1.396,3.0,5.4,1.7999999999999998,6.600000000000001,0.4260000000000001,3.2,2.0,0.0,1.65,0.4,8,0.75,0.0,0.25,1.52,1.1949999999999998,1.375,21,0.38095238095238093,0.3333333333333333,0.2857142857142857,1.3161904761904761,1.4909523809523813,-0.2857142857142857,1,1.0,0.0,0.0,4.0,2.62,medium,strong,weak
1387932,2026-03-21 18:00:00+00:00,61,2025,108,Auxerre,106,Stade Brestois 29,3,0,FT,4-4-1-1,4-2-3-1,4-4-1-1 vs 4-2-3-1,4,2,2,0.4,3,40.2,1.8,,3.0,4.8,10.6,13.8,0.7899999999999999,0.9920000000000002,4.2,5.0,1.0,1,36.4,1.4,1.0,2.4,3.8,10.6,17.0,1.084,1.6119999999999997,3.4,6.6,0.6000000000000001,0.0,-0.2940000000000001,0.8000000000000003,3.800000000000004,-0.6,1.28,0.94,1,0.0,0.0,1.0,0.68,0.48,-1.0,19,0.47368421052631576,0.2631578947368421,0.2631578947368421,1.3978947368421053,1.3973684210526314,0.21052631578947367,0,,,,,,weak,strong,weak
1387937,2026-03-21 20:05:00+00:00,61,2025,84,Nice,85,Paris Saint Germain,0,4,FT,3-5-1-1,4-3-3,3-5-1-1 vs 4-3-3,5,5,0,0.8,2,47.0,2.0,0.0,4.0,4.2,11.0,12.8,1.884,1.5020000000000002,5.4,6.2,1.0,1,66.4,0.75,,7.2,3.0,20.6,9.2,3.164,0.818,5.4,2.8,-3.2,-9.6,-1.2800000000000002,0.0,-19.40000000000001,-0.1999999999999999,0.24,4.13,1,1.0,0.0,0.0,1.72,0.91,2.0,24,0.75,0.125,0.125,2.1475000000000004,0.9058333333333333,1.375,0,,,,,,weak,strong,weak
1387934,2026-03-22 14:00:00+00:00,61,2025,80,Lyon,91,Monaco,1,2,FT,4-2-3-1,3-4-1-2,4-2-3-1 vs 3-4-1-2,12,10,2,0.2,5,56.4,2.4,0.0,3.6,5.0,10.4,13.4,1.254,1.686,4.2,4.2,0.4,4,50.2,2.4,1.0,5.0,3.6,10.6,14.0,1.718,1.354,4.4,5.4,-1.4,-0.1999999999999993,-0.4639999999999999,-0.2000000000000001,6.199999999999996,-0.2,1.51,3.28,12,0.3333333333333333,0.3333333333333333,0.3333333333333333,1.675,1.1816666666666669,0.08333333333333333,1,1.0,0.0,0.0,1.3,1.62,2.0,1,1.0,0.0,0.0,3.0,2.5300000000000002,strong,weak,weak
1387935,2026-03-22 16:15:00+00:00,61,2025,81,Marseille,79,Lille,1,2,FT,4-2-3-1,4-2-3-1,4-2-3-1 vs 4-2-3-1,2,8,-6,0.6,3,54.6,3.6,,4.6,3.8,14.2,11.2,1.458,1.174,5.2,3.0,0.8,2,59.2,2.4,,3.6,3.2,12.6,8.0,1.386,0.5439999999999999,6.2,1.8,0.9999999999999996,1.5999999999999996,0.0719999999999998,-1.0,-4.600000000000001,-0.2,0.67,0.97,14,0.7142857142857143,0.21428571428571427,0.07142857142857142,2.177857142857143,1.1321428571428571,1.7142857142857142,21,0.5714285714285714,0.14285714285714285,0.2857142857142857,1.628095238095238,1.1557142857142857,0.5238095238095238,18,0.5,0.3888888888888889,0.1111111111111111,2.1666666666666665,2.976111111111111,strong,strong,strong
1387938,2026-03-22 16:15:00+00:00,61,2025,114,Paris FC,111,Le Havre,3,2,FT,4-3-3,4-1-3-2,4-3-3 vs 4-1-3-2,8,4,4,0.4,4,44.0,2.6,1.0,4.0,5.2,11.4,15.4,1.0,2.184,4.0,8.6,0.4,4,46.0,2.0,1.0,1.8,5.2,9.4,16.0,0.834,1.928,3.0,4.2,2.2,2.0,0.166,1.0,-2.0,0.0,2.06,2.05,9,0.3333333333333333,0.3333333333333333,0.3333333333333333,1.3822222222222222,1.7744444444444445,-0.2222222222222222,5,0.2,0.6,0.2,1.018,1.298,-0.4,1,1.0,0.0,0.0,3.0,4.65,medium,medium,weak
1387939,2026-03-22 16:15:00+00:00,61,2025,94,Rennes,112,Metz,0,0,FT,4-3-3,4-2-3-1,4-3-3 vs 4-2-3-1,3,5,-2,0.6,2,54.8,2.0,,4.8,3.2,11.8,12.8,1.2,1.638,4.4,4.4,0.4,3,51.8,1.8,0.0,3.6,4.8,12.4,16.0,0.884,1.6800000000000002,5.0,4.2,1.1999999999999995,-0.5999999999999996,0.3159999999999999,-0.5999999999999996,3.0,0.1999999999999999,1.49,0.33,3,0.6666666666666666,0.0,0.3333333333333333,1.17,1.31,1.3333333333333333,13,0.15384615384615385,0.23076923076923078,0.6153846153846154,1.06,1.8046153846153847,-0.6923076923076923,13,0.38461538461538464,0.23076923076923078,0.38461538461538464,3.6923076923076925,2.723846153846154,weak,strong,strong
1387936,2026-03-22 19:45:00+00:00,61,2025,83,Nantes,95,Strasbourg,2,3,FT,4-1-4-1,4-2-3-1,4-1-4-1 vs 4-2-3-1,5,5,0,0.4,3,42.4,2.4,0.0,2.0,3.4,10.2,9.6,0.8380000000000001,1.044,3.4,5.4,1.0,1,58.8,1.6,,4.8,3.8,11.6,12.0,1.426,0.95,5.4,4.8,-2.8,-1.4000000000000004,-0.5879999999999999,-2.0000000000000004,-16.4,-0.6,1.64,2.33,6,0.0,0.3333333333333333,0.6666666666666666,0.7333333333333334,1.53,-0.8333333333333334,11,0.2727272727272727,0.45454545454545453,0.2727272727272727,1.531818181818182,1.3399999999999999,0.2727272727272727,4,0.0,0.25,0.75,1.5,2.8600000000000003,medium,strong,weak
1387948,2026-04-03 18:45:00+00:00,61,2025,85,Paris Saint Germain,96,Toulouse,3,1,FT,4-3-3,3-4-2-1,4-3-3 vs 3-4-2-1,4,5,-1,1.0,1,69.6,0.5,0.0,7.8,2.6,19.6,8.6,3.112,0.7340000000000002,5.4,2.8,0.6,2,46.2,2.4,,4.8,3.4,15.0,9.8,1.5220000000000002,0.98,4.4,3.8,3.0,4.600000000000001,1.5899999999999994,1.0,23.39999999999999,0.4,1.95,0.16,25,0.76,0.12,0.12,2.2268000000000003,0.8791999999999999,1.48,17,0.17647058823529413,0.4117647058823529,0.4117647058823529,1.263529411764706,1.184705882352941,-0.17647058823529413,6,0.5,0.3333333333333333,0.16666666666666666,2.6666666666666665,2.5216666666666665,strong,strong,medium
1387949,2026-04-04 15:00:00+00:00,61,2025,95,Strasbourg,84,Nice,3,1,FT,4-2-3-1,4-4-2,4-2-3-1 vs 4-4-2,3,5,-2,1.0,1,60.2,1.8,,5.8,4.4,11.8,12.6,1.508,1.0139999999999998,5.6,4.4,0.6,2,43.6,2.0,0.5,3.6,5.8,10.2,14.4,1.64,2.024,4.8,5.6,2.2,1.6000000000000014,-0.1319999999999999,0.7999999999999998,16.6,0.4,2.86,0.32,12,0.3333333333333333,0.4166666666666667,0.25,1.5983333333333334,1.365,0.3333333333333333,0,,,,,,,2,1.0,0.0,0.0,6.5,3.705,strong,weak,weak
1387942,2026-04-04 17:00:00+00:00,61,2025,106,Stade Brestois 29,94,Rennes,3,4,FT,4-2-3-1,4-4-2,4-2-3-1 vs 4-4-2,2,4,-2,1.0,1,41.4,2.0,0.5,2.0,4.2,10.2,15.2,1.132,1.538,3.8,5.2,0.8,2,61.8,1.8,,5.6,2.2,14.2,9.8,1.226,0.988,5.0,3.2,-3.6,-4.0,-0.0939999999999998,-1.2000000000000002,-20.4,0.1999999999999999,1.3,2.95,20,0.45,0.25,0.3,1.3750000000000002,1.3915,0.05,1,0.0,0.0,1.0,1.74,0.73,-1.0,3,1.0,0.0,0.0,5.666666666666667,3.53,strong,weak,weak
1387944,2026-04-04 19:05:00+00:00,61,2025,79,Lille,116,Lens,3,0,FT,4-2-3-1,3-4-2-1,4-2-3-1 vs 3-4-2-1,3,6,-3,0.8,2,54.4,3.0,,3.4,3.0,10.8,8.6,1.25,0.538,4.4,2.8,1.0,1,54.4,1.75,,6.8,3.6,22.6,9.0,2.194,1.194,7.6,2.4,-3.4,-11.8,-0.944,-3.1999999999999997,0.0,-0.1999999999999999,3.68,0.59,22,0.5909090909090909,0.13636363636363635,0.2727272727272727,1.598181818181818,1.1336363636363638,0.5454545454545454,27,0.7037037037037037,0.07407407407407407,0.2222222222222222,1.9914814814814816,1.255925925925926,1.1111111111111112,16,0.5,0.375,0.125,3.125,2.949375,strong,strong,strong
1387941,2026-04-05 13:00:00+00:00,61,2025,77,Angers,80,Lyon,0,0,FT,5-3-2,4-2-3-1,5-3-2 vs 4-2-3-1,10,10,0,0.6,2,42.8,2.0,,2.8,5.8,9.6,15.0,0.8640000000000001,1.96,3.4,5.6,0.4,4,56.4,1.8,0.5,4.0,5.8,11.6,15.6,1.252,2.05,3.0,4.4,-1.2000000000000002,-2.0,-0.3879999999999999,0.3999999999999999,-13.6,0.1999999999999999,0.29,0.73,0,,,,,,,13,0.3076923076923077,0.3076923076923077,0.38461538461538464,1.6623076923076925,1.343076923076923,0.0,0,,,,,,weak,strong,weak
1387943,2026-04-05 15:15:00+00:00,61,2025,111,Le Havre,108,Auxerre,1,1,FT,3-4-3,4-2-3-1,3-4-3 vs 4-2-3-1,2,4,-2,0.4,3,51.2,1.8,0.5,2.6,4.2,12.4,14.0,1.012,1.868,3.8,4.0,0.4,4,41.4,1.4,1.0,3.8,4.4,10.0,13.0,0.8859999999999999,1.018,4.8,4.8,-1.1999999999999995,2.4000000000000004,0.1260000000000001,-1.0,9.800000000000004,0.0,0.65,1.8,0,,,,,,,0,,,,,,,3,0.3333333333333333,0.3333333333333333,0.3333333333333333,4.333333333333333,3.2966666666666664,weak,weak,weak
1387945,2026-04-05 15:15:00+00:00,61,2025,97,Lorient,114,Paris FC,1,1,FT,3-4-2-1,4-2-3-1,3-4-2-1 vs 4-2-3-1,3,8,-5,0.8,2,49.0,2.0,,4.0,3.8,10.8,12.4,1.128,1.642,3.2,5.2,0.4,3,40.6,2.2,1.0,3.6,5.2,12.2,16.0,1.2899999999999998,1.842,5.2,8.6,0.3999999999999999,-1.3999999999999986,-0.1619999999999997,-2.0,8.399999999999999,0.4,1.21,0.95,22,0.36363636363636365,0.3181818181818182,0.3181818181818182,1.2745454545454544,1.4981818181818185,-0.3181818181818182,2,0.5,0.0,0.5,1.21,1.07,0.0,11,0.45454545454545453,0.09090909090909091,0.45454545454545453,3.3636363636363638,3.2936363636363635,strong,weak,strong
1387946,2026-04-05 15:15:00+00:00,61,2025,112,Metz,83,Nantes,0,0,FT,4-2-3-1,4-1-4-1,4-2-3-1 vs 4-1-4-1,6,2,4,0.4,3,45.8,2.0,0.0,3.2,5.8,11.2,18.2,0.788,1.818,4.6,5.2,0.4,4,39.0,2.2,0.0,3.4,4.6,10.2,10.2,1.0139999999999998,1.228,3.0,5.8,-0.1999999999999997,1.0,-0.2259999999999997,1.5999999999999996,6.799999999999997,0.0,2.28,0.46,14,0.14285714285714285,0.2857142857142857,0.5714285714285714,1.007857142857143,1.782142857142857,-0.6428571428571429,7,0.0,0.2857142857142857,0.7142857142857143,0.8628571428571429,1.6442857142857144,-0.8571428571428571,3,0.6666666666666666,0.3333333333333333,0.0,2.0,2.3233333333333333,strong,medium,weak
1387947,2026-04-05 18:45:00+00:00,61,2025,91,Monaco,81,Marseille,2,1,FT,3-4-2-1,3-4-1-2,3-4-2-1 vs 3-4-1-2,6,3,3,0.4,3,49.4,2.0,0.0,5.2,4.0,12.4,14.4,2.018,1.4280000000000002,3.8,5.2,0.6,3,56.8,3.0,,4.0,3.8,15.0,11.0,1.3279999999999998,0.984,5.4,2.8,1.2000000000000002,-2.6,0.69,-1.6000000000000003,-7.399999999999999,-0.1999999999999999,1.58,2.23,8,0.5,0.25,0.25,1.6925000000000001,1.27,0.625,1,1.0,0.0,0.0,1.13,0.91,1.0,2,0.5,0.0,0.5,1.0,2.335,medium,weak,weak
1387956,2026-04-10 17:00:00+00:00,61,2025,114,Paris FC,91,Monaco,4,1,FT,4-1-4-1,3-4-3,4-1-4-1 vs 3-4-3,5,7,-2,0.4,3,41.8,1.6,1.0,4.2,3.8,12.6,13.4,1.304,1.4979999999999998,5.8,7.2,0.6,2,49.4,2.0,0.0,4.8,4.4,11.8,14.6,1.994,1.516,3.4,5.4,-0.5999999999999996,0.7999999999999989,-0.6900000000000002,2.4,-7.600000000000001,-0.1999999999999999,2.61,2.31,2,0.5,0.0,0.5,1.5750000000000002,2.4749999999999996,0.0,0,,,,,,,0,,,,,,weak,weak,weak
1387954,2026-04-10 19:05:00+00:00,61,2025,81,Marseille,112,Metz,3,1,FT,3-4-2-1,4-2-3-1,3-4-2-1 vs 4-2-3-1,3,3,0,0.6,2,53.6,2.6,,5.0,3.6,15.4,10.0,1.436,1.048,6.6,2.2,0.6,3,52.4,2.0,0.0,4.2,4.8,14.4,16.0,1.226,1.4280000000000002,5.6,5.0,0.7999999999999998,1.0,0.2099999999999999,1.0,1.2000000000000028,0.0,3.55,0.48,7,0.42857142857142855,0.14285714285714285,0.42857142857142855,1.3642857142857143,1.4185714285714286,0.2857142857142857,15,0.13333333333333333,0.3333333333333333,0.5333333333333333,1.0926666666666667,1.694,-0.6,12,0.4166666666666667,0.16666666666666666,0.4166666666666667,3.25,3.1991666666666667,medium,strong,strong
1387950,2026-04-11 17:00:00+00:00,61,2025,108,Auxerre,83,Nantes,0,0,FT,4-2-3-1,4-1-4-1,4-2-3-1 vs 4-1-4-1,2,1,1,0.4,4,42.2,1.6,1.0,3.8,3.6,10.2,12.6,1.11,0.922,5.0,4.8,0.4,3,35.2,2.0,1.0,3.4,4.4,8.8,11.6,0.8779999999999999,1.328,3.0,5.2,0.3999999999999999,1.3999999999999986,0.2319999999999999,2.0,7.0,0.0,0.66,1.73,1,0.0,1.0,0.0,1.8,0.65,0.0,8,0.0,0.375,0.625,0.8125,1.72375,-0.75,4,0.5,0.5,0.0,1.5,2.4274999999999998,weak,medium,weak
1387957,2026-04-11 19:05:00+00:00,61,2025,94,Rennes,77,Angers,2,1,FT,4-4-2,5-3-2,4-4-2 vs 5-3-2,3,4,-1,0.8,2,62.4,1.6,,5.6,2.6,14.8,9.6,1.59,1.112,5.4,3.0,0.6,3,40.2,2.0,,2.6,5.2,10.0,14.4,0.844,1.64,3.8,5.6,3.0,4.800000000000001,0.7460000000000001,1.6000000000000003,22.2,0.2,1.22,1.12,2,0.5,0.0,0.5,2.345,1.0150000000000001,0.0,1,0.0,1.0,0.0,0.29,0.73,0.0,0,,,,,,weak,weak,weak
1387955,2026-04-12 15:15:00+00:00,61,2025,84,Nice,111,Le Havre,1,1,FT,3-5-2,3-4-1-2,3-5-2 vs 3-4-1-2,4,2,2,0.4,3,44.0,2.0,0.5,3.4,6.0,10.2,14.2,1.056,2.152,6.2,5.0,0.4,4,47.6,1.6,0.5,3.0,4.2,13.2,14.6,1.002,1.976,3.6,4.0,0.3999999999999999,-3.0,0.054,2.6,-3.6000000000000014,0.0,2.11,1.76,2,0.0,0.0,1.0,1.065,1.605,-1.5,2,0.0,0.5,0.5,0.65,2.215,-0.5,0,,,,,,weak,weak,weak
1387958,2026-04-12 15:15:00+00:00,61,2025,96,Toulouse,79,Lille,0,4,FT,3-4-2-1,4-2-3-1,3-4-2-1 vs 4-2-3-1,4,3,1,0.6,2,40.8,2.2,,3.0,4.4,11.4,12.2,0.968,1.1940000000000002,2.4,4.2,0.8,2,54.6,3.4,,3.8,2.8,10.6,8.6,1.52,0.578,3.6,3.2,-0.7999999999999998,0.8000000000000007,-0.552,-1.2000000000000002,-13.800000000000004,-0.2,0.96,2.3,18,0.16666666666666666,0.3888888888888889,0.4444444444444444,1.2022222222222223,1.227222222222222,-0.2777777777777778,23,0.6086956521739131,0.13043478260869565,0.2608695652173913,1.688695652173913,1.11,0.6521739130434783,13,0.46153846153846156,0.15384615384615385,0.38461538461538464,3.3076923076923075,3.263076923076923,strong,strong,strong
1387953,2026-04-12 18:45:00+00:00,61,2025,80,Lyon,97,Lorient,2,0,FT,4-1-4-1,3-4-2-1,4-1-4-1 vs 3-4-2-1,6,5,1,0.6,3,60.0,1.4,0.5,4.0,4.6,13.0,14.4,1.33,1.6779999999999995,4.0,4.2,0.8,2,46.6,1.6,,3.6,4.0,9.4,12.2,0.926,1.184,2.8,5.8,0.3999999999999999,3.6,0.4040000000000001,1.2000000000000002,13.4,-0.2,1.16,1.87,1,0.0,1.0,0.0,1.85,1.77,0.0,23,0.34782608695652173,0.34782608695652173,0.30434782608695654,1.2717391304347825,1.474347826086957,-0.30434782608695654,3,0.6666666666666666,0.0,0.3333333333333333,3.0,3.6300000000000003,weak,strong,weak
1387960,2026-04-17 18:45:00+00:00,61,2025,116,Lens,96,Toulouse,3,2,FT,3-4-2-1,3-4-2-1,3-4-2-1 vs 3-4-2-1,4,5,-1,1.0,1,52.8,1.75,,5.6,4.0,20.0,9.6,1.954,1.59,6.8,2.6,0.6,2,41.2,2.0,1.0,2.8,5.8,11.4,13.2,1.05,1.476,3.0,3.4,2.8,8.6,0.904,3.8,11.599999999999994,0.4,3.76,0.41,28,0.6785714285714286,0.07142857142857142,0.25,1.9414285714285717,1.3424999999999998,0.9642857142857143,19,0.15789473684210525,0.3684210526315789,0.47368421052631576,1.1894736842105265,1.2836842105263155,-0.47368421052631576,14,0.7142857142857143,0.14285714285714285,0.14285714285714285,2.357142857142857,2.693571428571428,strong,strong,strong
1387962,2026-04-18 15:00:00+00:00,61,2025,97,Lorient,81,Marseille,2,0,FT,3-4-3,3-4-2-1,3-4-3 vs 3-4-2-1,10,8,2,0.8,2,46.0,1.6,,3.8,4.4,8.8,12.4,1.076,1.134,3.4,5.2,0.4,3,54.0,2.2,,5.4,2.8,15.4,8.8,1.6799999999999995,0.85,6.4,2.8,-1.6000000000000003,-6.6,-0.6039999999999996,-3.0000000000000004,-8.0,0.4,1.33,1.65,3,0.3333333333333333,0.3333333333333333,0.3333333333333333,1.95,0.6433333333333333,1.0,8,0.5,0.125,0.375,1.6375,1.30125,0.5,2,1.0,0.0,0.0,2.5,2.335,weak,medium,weak
1387959,2026-04-18 17:00:00+00:00,61,2025,77,Angers,111,Le Havre,1,1,FT,5-3-2,3-4-1-2,5-3-2 vs 3-4-1-2,4,2,2,0.4,3,42.6,1.75,,3.0,5.8,10.0,15.4,0.92,1.5799999999999998,4.0,6.8,0.4,4,52.0,1.2,0.5,3.8,3.4,13.4,13.2,1.218,1.634,3.4,4.4,-0.7999999999999998,-3.4000000000000004,-0.298,0.6000000000000001,-9.4,0.0,1.07,1.45,2,0.0,0.5,0.5,0.7050000000000001,0.975,-0.5,3,0.0,0.6666666666666666,0.3333333333333333,1.02,2.1799999999999997,-0.3333333333333333,0,,,,,,weak,weak,weak
1387961,2026-04-18 19:05:00+00:00,61,2025,79,Lille,84,Nice,0,0,FT,4-2-3-1,5-4-1,4-2-3-1 vs 5-4-1,5,8,-3,0.8,2,52.6,2.8,0.0,5.0,2.8,11.8,9.8,1.854,0.732,3.2,3.8,0.4,4,41.2,1.8,1.0,3.8,6.0,11.0,13.2,1.23,2.258,6.0,3.8,1.2000000000000002,0.8000000000000007,0.6239999999999999,-2.8,11.4,0.4,0.54,0.19,24,0.625,0.125,0.25,1.7141666666666666,1.10375,0.7916666666666666,1,0.0,0.0,1.0,0.48,2.29,-1.0,2,0.5,0.5,0.0,0.5,1.39,strong,weak,weak
1387964,2026-04-19 13:00:00+00:00,61,2025,91,Monaco,108,Auxerre,2,2,FT,3-4-2-1,4-2-3-1,3-4-2-1 vs 4-2-3-1,8,4,4,0.4,3,48.2,2.0,0.0,5.0,5.2,13.6,15.8,2.152,1.89,4.6,5.2,0.4,4,43.0,1.0,1.0,3.2,3.4,9.2,12.2,0.96,1.044,4.2,4.6,1.7999999999999998,4.4,1.1920000000000002,0.3999999999999994,5.200000000000003,0.0,2.24,0.65,9,0.5555555555555556,0.2222222222222222,0.2222222222222222,1.6800000000000002,1.3766666666666667,0.6666666666666666,2,0.0,1.0,0.0,1.23,1.19,0.0,14,0.42857142857142855,0.14285714285714285,0.42857142857142855,3.357142857142857,3.262857142857143,medium,weak,strong
1387963,2026-04-19 15:15:00+00:00,61,2025,112,Metz,114,Paris FC,1,3,FT,4-2-3-1,4-2-3-1,4-2-3-1 vs 4-2-3-1,7,8,-1,0.8,2,48.4,2.0,0.0,3.4,6.4,10.8,18.4,1.018,1.964,4.0,5.6,0.4,4,40.6,0.6,1.0,4.2,4.2,11.8,15.0,1.58,1.7120000000000002,4.4,8.2,-0.8000000000000003,-1.0,-0.562,-0.4000000000000003,7.799999999999997,0.4,1.01,1.74,16,0.125,0.3125,0.5625,1.0543749999999998,1.81,-0.6875,3,0.3333333333333333,0.3333333333333333,0.3333333333333333,1.1233333333333333,1.1166666666666667,0.0,19,0.47368421052631576,0.3684210526315789,0.15789473684210525,2.210526315789474,2.9057894736842105,strong,weak,strong
1387965,2026-04-19 15:15:00+00:00,61,2025,83,Nantes,106,Stade Brestois 29,1,1,FT,4-1-4-1,4-2-3-1,4-1-4-1 vs 4-2-3-1,4,4,0,0.6,2,38.6,2.0,1.0,3.8,4.2,9.6,11.4,0.972,1.3199999999999998,2.4,4.6,1.0,1,43.0,2.4,0.5,2.0,4.8,9.8,14.8,1.14,1.7900000000000005,3.8,6.2,1.7999999999999998,-0.200000000000001,-0.1680000000000002,-1.4,-4.399999999999999,-0.4,0.92,0.42,9,0.0,0.4444444444444444,0.5555555555555556,0.9144444444444445,1.6055555555555554,-0.6666666666666666,21,0.42857142857142855,0.23809523809523808,0.3333333333333333,1.3714285714285717,1.4657142857142855,0.0,5,0.0,0.2,0.8,2.2,3.082,medium,strong,medium
1387967,2026-04-19 15:15:00+00:00,61,2025,95,Strasbourg,94,Rennes,0,3,FT,4-2-3-1,4-4-2,4-2-3-1 vs 4-4-2,4,4,0,1.0,1,62.0,1.6,,5.6,4.6,12.4,13.4,1.65,1.01,5.6,6.0,0.6,2,61.4,1.4,,6.6,3.0,15.8,9.0,1.656,1.226,6.4,3.4,-1.0,-3.4000000000000004,-0.0060000000000002,-0.8000000000000007,0.6000000000000014,0.4,1.0,4.25,13,0.38461538461538464,0.38461538461538464,0.23076923076923078,1.6953846153846153,1.2846153846153845,0.46153846153846156,3,0.6666666666666666,0.0,0.3333333333333333,1.97,1.05,0.3333333333333333,4,0.75,0.0,0.25,6.0,3.71,strong,weak,weak
1387966,2026-04-19 18:45:00+00:00,61,2025,85,Paris Saint Germain,80,Lyon,1,2,FT,4-3-3,4-3-1-2,4-3-3 vs 4-3-1-2,2,6,-4,1.0,1,70.6,0.4,0.0,7.8,2.0,18.6,7.0,2.786,0.4940000000000001,4.8,2.2,0.6,2,61.0,1.8,0.5,3.8,4.4,12.8,13.2,1.268,1.586,4.6,3.8,4.0,5.800000000000001,1.518,0.2000000000000001,9.599999999999994,0.4,3.12,0.62,26,0.7692307692307693,0.11538461538461539,0.11538461538461539,2.216153846153847,0.8515384615384615,1.5,2,0.5,0.0,0.5,1.435,1.51,0.5,0,,,,,,strong,weak,weak
1387929,2026-04-22 17:00:00+00:00,61,2025,85,Paris Saint Germain,83,Nantes,3,0,FT,4-3-3,5-3-2,4-3-3 vs 5-3-2,3,6,-3,1.0,1,72.6,1.4,0.0,7.6,3.0,19.8,7.6,2.928,0.6,6.6,3.0,0.8,2,42.0,2.2,1.0,4.4,4.0,12.4,10.4,1.118,1.278,4.4,3.8,3.1999999999999997,7.4,1.81,2.1999999999999997,30.599999999999994,0.1999999999999999,2.17,0.89,27,0.7407407407407407,0.1111111111111111,0.14814814814814814,2.24962962962963,0.8429629629629629,1.4074074074074074,2,0.0,0.0,1.0,0.515,0.665,-1.0,0,,,,,,strong,weak,weak
1387969,2026-04-24 18:45:00+00:00,61,2025,106,Stade Brestois 29,116,Lens,3,3,FT,4-1-4-1,3-4-2-1,4-1-4-1 vs 3-4-2-1,3,3,0,1.0,1,47.4,2.6,0.0,2.2,4.4,9.4,13.4,1.05,1.6700000000000004,3.0,6.0,1.0,1,59.4,1.5,0.0,7.2,3.4,23.2,9.0,2.34,1.504,8.0,2.4,-5.0,-13.8,-1.2899999999999998,-5.0,-12.0,0.0,0.25,2.76,0,,,,,,,29,0.6896551724137931,0.06896551724137931,0.2413793103448276,2.004137931034483,1.3103448275862066,0.9655172413793104,4,0.75,0.0,0.25,2.75,3.4800000000000004,weak,strong,weak
1387972,2026-04-25 13:00:00+00:00,61,2025,80,Lyon,108,Auxerre,3,2,FT,4-2-3-1,4-2-3-1,4-2-3-1 vs 4-2-3-1,8,6,2,0.6,3,53.2,1.6,0.5,4.0,4.8,11.2,15.0,1.022,1.8560000000000003,4.0,6.0,0.6,3,43.6,1.4,1.0,3.8,3.6,9.6,12.6,0.94,1.276,3.8,6.0,0.2000000000000001,1.5999999999999996,0.0819999999999999,0.2000000000000001,9.6,0.0,2.12,0.52,14,0.2857142857142857,0.35714285714285715,0.35714285714285715,1.5957142857142859,1.2678571428571428,0.0,3,0.0,1.0,0.0,1.0366666666666666,1.54,0.0,20,0.45,0.35,0.2,2.3,2.898,strong,weak,strong
1387968,2026-04-25 17:00:00+00:00,61,2025,77,Angers,85,Paris Saint Germain,0,3,FT,5-3-2,4-3-3,5-3-2 vs 4-3-3,12,6,6,0.6,3,41.2,1.75,0.0,3.2,6.8,10.0,16.0,0.994,1.702,4.0,6.8,1.0,1,73.0,1.8,0.0,7.0,3.4,18.2,7.8,2.598,0.642,7.4,3.6,-3.8,-8.2,-1.6039999999999996,-3.4000000000000004,-31.8,-0.4,0.7,2.78,3,0.0,0.6666666666666666,0.3333333333333333,0.8266666666666668,1.1333333333333333,-0.3333333333333333,28,0.75,0.10714285714285714,0.14285714285714285,2.2467857142857146,0.8446428571428571,1.4642857142857142,0,,,,,,weak,strong,weak
1387976,2026-04-25 19:05:00+00:00,61,2025,96,Toulouse,91,Monaco,2,2,FT,3-4-2-1,3-4-2-1,3-4-2-1 vs 3-4-2-1,8,14,-6,0.6,2,35.8,1.8,1.0,2.8,7.8,10.0,19.4,0.95,2.002,2.4,5.8,0.6,3,56.4,1.8,0.0,5.0,5.4,14.4,14.2,2.3400000000000003,1.6960000000000002,6.2,4.4,-2.2,-4.4,-1.3900000000000003,-3.8,-20.6,0.0,1.75,0.74,20,0.15,0.35,0.5,1.1505,1.4075,-0.5,10,0.5,0.3,0.2,1.736,1.304,0.6,15,0.7333333333333333,0.13333333333333333,0.13333333333333333,2.533333333333333,2.792,strong,strong,strong
1387971,2026-04-26 13:00:00+00:00,61,2025,97,Lorient,95,Strasbourg,2,3,FT,3-4-2-1,4-4-1-1,3-4-2-1 vs 4-4-1-1,8,10,-2,0.8,2,46.2,1.4,,3.6,4.4,9.2,13.2,1.252,1.3239999999999998,3.4,5.6,1.0,1,62.0,1.2,,4.8,5.4,12.6,13.6,1.682,1.494,5.6,6.2,-1.1999999999999995,-3.4000000000000004,-0.4299999999999999,-2.2,-15.799999999999995,-0.1999999999999999,2.28,1.34,24,0.3333333333333333,0.3333333333333333,0.3333333333333333,1.2966666666666666,1.46125,-0.375,0,,,,,,,0,,,,,,strong,weak,weak
1387970,2026-04-26 15:15:00+00:00,61,2025,111,Le Havre,112,Metz,4,4,FT,4-2-3-1,3-5-2,4-2-3-1 vs 3-5-2,6,14,-8,0.4,3,51.4,1.6,0.6666666666666666,5.4,4.0,13.8,13.2,1.326,1.626,3.4,5.0,1.0,1,49.0,1.8,0.0,4.6,6.4,12.4,16.6,1.14,1.762,4.4,5.4,0.8000000000000007,1.4000000000000004,0.1860000000000001,-1.0000000000000004,2.3999999999999986,-0.6,1.99,1.58,1,0.0,1.0,0.0,2.47,1.21,0.0,0,,,,,,,2,0.0,0.5,0.5,2.0,2.5549999999999997,weak,weak,weak
1387974,2026-04-26 15:15:00+00:00,61,2025,114,Paris FC,79,Lille,0,1,FT,4-2-3-1,4-2-3-1,4-2-3-1 vs 4-2-3-1,8,10,-2,0.4,4,42.8,1.0,1.0,4.8,4.6,12.0,14.8,1.5740000000000005,1.5439999999999998,5.0,7.8,1.0,1,53.4,2.8,0.0,5.0,2.0,11.2,9.0,1.822,0.6799999999999999,3.2,4.2,-0.2000000000000001,0.8000000000000007,-0.2479999999999995,1.7999999999999998,-10.6,-0.6,1.06,1.71,4,0.5,0.25,0.25,1.2775,1.09,0.5,25,0.6,0.16,0.24,1.6672,1.0672000000000001,0.76,21,0.47619047619047616,0.3333333333333333,0.19047619047619047,2.4285714285714284,2.8857142857142857,weak,strong,strong
1387975,2026-04-26 15:15:00+00:00,61,2025,94,Rennes,83,Nantes,2,1,FT,4-4-2,4-2-3-1,4-4-2 vs 4-2-3-1,8,10,-2,0.6,2,58.4,1.4,,7.0,2.8,18.6,8.0,2.18,1.074,8.0,2.4,0.8,2,38.2,2.2,1.0,4.6,4.4,12.0,11.0,1.128,1.5719999999999998,5.0,4.4,2.4000000000000004,6.600000000000001,1.0519999999999998,3.0,20.2,-0.2,1.3,2.17,4,0.75,0.0,0.25,2.54,1.0375,1.0,0,,,,,,,2,0.0,0.5,0.5,1.0,1.935,weak,weak,weak
1387973,2026-04-26 18:45:00+00:00,61,2025,81,Marseille,84,Nice,1,1,FT,3-5-1-1,5-4-1,3-5-1-1 vs 5-4-1,7,4,3,0.4,3,55.2,2.2,,5.2,3.2,16.6,8.6,1.784,0.934,7.4,2.2,0.4,4,40.8,1.6,1.0,3.6,5.0,9.2,12.6,0.916,2.04,5.2,4.6,1.6,7.400000000000002,0.868,2.2,14.400000000000006,0.0,2.32,1.46,0,,,,,,,2,0.0,0.5,0.5,0.33499999999999996,1.415,-0.5,0,,,,,,weak,weak,weak
1387981,2026-05-02 13:00:00+00:00,61,2025,83,Nantes,81,Marseille,3,0,FT,4-2-3-1,4-2-3-1,4-2-3-1 vs 4-2-3-1,4,8,-4,0.6,3,38.2,2.0,1.0,4.4,3.6,14.2,11.2,1.234,1.366,6.0,4.4,0.4,4,57.2,2.2,,5.8,3.0,18.2,8.0,2.084,1.164,7.0,2.0,-1.3999999999999997,-4.0,-0.8500000000000001,-1.0,-19.0,0.1999999999999999,3.42,1.36,1,0.0,0.0,1.0,2.17,1.3,-1.0,15,0.6666666666666666,0.2,0.13333333333333333,2.0773333333333337,1.1213333333333333,1.5333333333333334,22,0.45454545454545453,0.3181818181818182,0.22727272727272727,2.3636363636363638,2.880454545454546,weak,strong,strong
1387984,2026-05-02 15:00:00+00:00,61,2025,85,Paris Saint Germain,97,Lorient,2,2,FT,4-3-3,3-4-2-1,4-3-3 vs 3-4-2-1,6,3,3,1.0,1,72.8,2.0,0.5,7.8,2.4,17.6,6.8,2.83,0.522,6.8,4.0,0.8,2,47.2,1.2,,4.2,4.2,10.8,11.4,1.418,1.35,5.0,5.0,3.6,6.800000000000001,1.4119999999999997,1.7999999999999998,25.599999999999994,0.1999999999999999,2.42,0.96,29,0.7586206896551724,0.10344827586206896,0.13793103448275862,2.265172413793104,0.8396551724137931,1.5172413793103448,25,0.32,0.32,0.36,1.3359999999999999,1.4564000000000001,-0.4,7,0.5714285714285714,0.2857142857142857,0.14285714285714285,2.857142857142857,2.4628571428571426,strong,strong,medium
1387980,2026-05-02 17:00:00+00:00,61,2025,112,Metz,91,Monaco,1,2,FT,4-2-3-1,3-4-2-1,4-2-3-1 vs 3-4-2-1,5,5,0,0.8,2,49.6,2.0,0.0,4.0,6.2,11.4,15.6,1.136,1.846,4.4,5.8,0.6,3,55.0,1.8,0.0,5.2,6.2,14.0,15.2,2.03,1.75,6.0,3.6,-1.2000000000000002,-2.6,-0.8940000000000003,-1.5999999999999996,-5.399999999999999,0.2,1.22,1.25,17,0.11764705882352941,0.29411764705882354,0.5882352941176471,1.051764705882353,1.8058823529411765,-0.7647058823529411,11,0.45454545454545453,0.36363636363636365,0.18181818181818182,1.6454545454545453,1.3445454545454547,0.5454545454545454,17,0.5294117647058824,0.35294117647058826,0.11764705882352941,3.1176470588235294,3.027058823529412,strong,strong,strong
1387982,2026-05-02 19:05:00+00:00,61,2025,84,Nice,116,Lens,1,1,FT,5-4-1,3-4-2-1,5-4-1 vs 3-4-2-1,4,3,1,0.4,4,36.6,1.2,1.0,2.4,6.0,7.8,15.4,0.8640000000000001,2.322,4.2,4.6,1.0,1,61.8,2.25,0.0,7.2,4.0,23.4,9.2,2.342,1.4740000000000002,8.0,1.6,-4.800000000000001,-15.599999999999998,-1.4779999999999995,-3.8,-25.2,-0.6,1.07,1.53,3,0.0,0.6666666666666666,0.3333333333333333,0.71,1.7166666666666668,-0.3333333333333333,30,0.6666666666666666,0.1,0.23333333333333334,2.029333333333333,1.2749999999999997,0.9333333333333333,2,0.0,0.5,0.5,3.5,3.14,weak,strong,weak
1387978,2026-05-03 13:00:00+00:00,61,2025,79,Lille,111,Le Havre,1,1,FT,4-2-3-1,4-2-3-1,4-2-3-1 vs 4-2-3-1,6,4,2,1.0,1,55.8,2.4,0.0,5.2,1.6,11.6,8.0,1.84,0.694,3.4,4.6,0.4,4,53.8,2.0,0.5,5.6,4.2,14.2,13.0,1.58,1.7240000000000002,4.2,5.4,-0.3999999999999994,-2.6,0.2599999999999998,-0.8000000000000003,2.0,0.6,1.55,0.14,26,0.6153846153846154,0.15384615384615385,0.23076923076923078,1.6688461538461539,1.066923076923077,0.7692307692307693,2,0.0,1.0,0.0,2.23,1.395,0.0,23,0.4782608695652174,0.30434782608695654,0.21739130434782608,2.391304347826087,2.96304347826087,strong,weak,strong
1387977,2026-05-03 15:15:00+00:00,61,2025,108,Auxerre,77,Angers,3,1,FT,4-3-3,4-2-3-1,4-3-3 vs 4-2-3-1,5,3,2,0.8,2,44.2,1.4,1.0,3.6,4.2,9.8,11.8,0.982,1.536,4.0,5.4,0.8,2,37.6,1.5,0.0,3.2,7.2,9.2,17.0,0.9520000000000002,1.914,3.6,6.4,0.3999999999999999,0.6000000000000014,0.0299999999999998,0.3999999999999999,6.600000000000001,0.0,2.03,2.2,10,0.2,0.4,0.4,1.286,1.0390000000000001,-0.4,19,0.3684210526315789,0.2631578947368421,0.3684210526315789,1.0594736842105263,1.5310526315789474,-0.10526315789473684,14,0.35714285714285715,0.2857142857142857,0.35714285714285715,3.4285714285714284,2.6592857142857147,strong,strong,strong
1387983,2026-05-03 15:15:00+00:00,61,2025,114,Paris FC,106,Stade Brestois 29,4,0,FT,4-2-3-1,4-1-4-1,4-2-3-1 vs 4-1-4-1,4,2,2,0.6,3,44.4,2.2,1.0,4.8,4.8,11.2,14.4,1.684,1.658,5.6,6.0,0.8,2,46.4,2.6,0.0,2.4,5.8,8.4,15.6,0.8779999999999999,2.04,2.8,6.6,2.4,2.799999999999999,0.806,2.8,-2.0,-0.2,1.86,0.79,5,0.4,0.2,0.4,1.234,1.214,0.2,1,0.0,1.0,0.0,0.25,2.76,0.0,5,0.4,0.6,0.0,1.2,2.42,medium,weak,medium
1387985,2026-05-03 15:15:00+00:00,61,2025,95,Strasbourg,96,Toulouse,1,2,FT,4-4-1-1,3-4-2-1,4-4-1-1 vs 3-4-2-1,4,3,1,0.8,2,59.8,1.2,,4.8,5.8,12.2,14.4,1.734,1.8,6.2,7.0,0.8,2,36.0,1.8,1.0,2.6,7.2,9.8,17.6,0.986,1.83,2.4,5.4,2.2,2.3999999999999986,0.748,3.8,23.8,0.0,0.41,1.36,1,1.0,0.0,0.0,1.34,2.28,1.0,21,0.14285714285714285,0.38095238095238093,0.47619047619047616,1.1790476190476191,1.3757142857142857,-0.47619047619047616,0,,,,,,weak,strong,weak
1387979,2026-05-03 18:45:00+00:00,61,2025,80,Lyon,94,Rennes,4,2,FT,4-2-3-1,4-4-2,4-2-3-1 vs 4-4-2,4,4,0,0.6,3,51.2,1.2,1.0,4.4,4.4,11.0,14.4,1.2280000000000002,1.816,4.8,6.2,0.8,2,59.2,1.6,,7.2,3.8,19.0,11.2,2.242,1.184,8.2,3.6,-2.8,-8.0,-1.0139999999999998,-3.3999999999999995,-8.0,-0.2,3.17,0.84,15,0.3333333333333333,0.3333333333333333,0.3333333333333333,1.630666666666667,1.218,0.06666666666666667,5,0.8,0.0,0.2,2.2920000000000003,1.264,1.0,5,0.6,0.0,0.4,5.4,4.018,strong,medium,medium
1387989,2026-05-08 18:45:00+00:00,61,2025,116,Lens,83,Nantes,1,0,FT,3-4-2-1,3-1-4-2,3-4-2-1 vs 3-1-4-2,7,5,2,1.0,1,59.4,2.25,0.5,6.8,3.8,22.6,9.8,2.406,1.398,7.6,2.8,0.4,3,39.8,2.0,1.0,5.2,4.2,16.4,10.6,1.826,1.182,6.8,4.8,1.5999999999999996,6.200000000000003,0.5799999999999998,0.7999999999999998,19.6,0.6,0.82,1.25,31,0.6451612903225806,0.12903225806451613,0.22580645161290322,2.013225806451613,1.2683870967741933,0.9032258064516129,0,,,,,,,1,0.0,0.0,1.0,5.0,3.49,strong,weak,weak
1387986,2026-05-10 19:00:00+00:00,61,2025,77,Angers,95,Strasbourg,1,1,FT,3-5-1-1,4-2-3-1,3-5-1-1 vs 4-2-3-1,4,8,-4,0.8,2,37.8,2.0,0.3333333333333333,2.8,7.4,7.8,15.6,1.076,1.642,4.2,5.8,0.6,2,58.4,1.2,,5.0,6.6,11.6,15.4,1.588,1.97,5.4,6.8,-2.2,-3.8,-0.5119999999999998,-1.2000000000000002,-20.6,0.2,0.59,2.02,0,,,,,,,14,0.35714285714285715,0.35714285714285715,0.2857142857142857,1.6457142857142857,1.4964285714285714,0.21428571428571427,0,,,,,,weak,strong,weak
1387987,2026-05-10 19:00:00+00:00,61,2025,108,Auxerre,84,Nice,2,1,FT,4-3-3,5-4-1,4-3-3 vs 5-4-1,4,3,1,0.8,2,46.6,1.8,0.0,4.2,4.4,11.4,11.8,1.132,1.7880000000000005,3.6,6.0,0.6,3,40.6,1.4,0.0,2.6,4.8,8.4,15.2,1.03,1.802,5.2,5.2,1.6,3.0,0.102,-1.6,6.0,0.2,0.84,1.33,11,0.2727272727272727,0.36363636363636365,0.36363636363636365,1.3536363636363635,1.1445454545454545,-0.18181818181818182,4,0.0,0.75,0.25,0.8,1.6700000000000002,-0.25,5,0.8,0.2,0.0,2.2,2.946,strong,weak,medium
1387988,2026-05-10 19:00:00+00:00,61,2025,111,Le Havre,81,Marseille,0,1,FT,4-2-3-1,4-2-3-1,4-2-3-1 vs 4-2-3-1,2,8,-6,0.4,3,48.6,2.4,1.0,4.8,5.4,10.6,14.4,1.198,1.6220000000000003,4.2,6.4,0.4,4,57.8,2.6,,6.8,3.4,18.6,9.2,2.222,1.654,7.4,2.6,-2.0,-8.000000000000002,-1.024,-3.2,-9.199999999999996,0.0,1.14,1.21,3,0.0,1.0,0.0,1.5333333333333332,1.4466666666666665,0.0,16,0.625,0.1875,0.1875,2.0324999999999998,1.2650000000000001,1.25,24,0.4583333333333333,0.3333333333333333,0.20833333333333334,2.375,2.91,weak,strong,strong
1387990,2026-05-10 19:00:00+00:00,61,2025,112,Metz,97,Lorient,0,4,FT,4-2-3-1,3-4-2-1,4-2-3-1 vs 3-4-2-1,1,3,-2,0.8,2,50.0,1.4,0.0,3.8,5.2,12.6,13.6,1.3139999999999998,1.798,5.0,6.0,0.8,2,42.0,0.8,,4.4,4.6,10.4,13.8,1.5299999999999998,1.504,4.6,7.2,-0.6000000000000005,2.1999999999999997,-0.2159999999999999,0.4000000000000003,8.0,0.0,0.67,2.0,18,0.1111111111111111,0.2777777777777778,0.6111111111111112,1.061111111111111,1.775,-0.7777777777777778,26,0.3076923076923077,0.34615384615384615,0.34615384615384615,1.3215384615384616,1.4934615384615386,-0.38461538461538464,18,0.5,0.3333333333333333,0.16666666666666666,3.111111111111111,2.996111111111111,strong,strong,strong
1387991,2026-05-10 19:00:00+00:00,61,2025,91,Monaco,79,Lille,0,1,FT,3-4-2-1,4-2-3-1,3-4-2-1 vs 4-2-3-1,6,6,0,0.8,2,59.6,1.6,,4.4,5.6,12.8,14.8,1.624,1.6920000000000002,6.6,4.2,1.0,1,60.2,2.2,0.0,6.4,1.4,13.8,5.6,1.956,0.588,5.4,4.4,-2.0,-1.0,-0.3320000000000001,1.1999999999999993,-0.6000000000000014,-0.1999999999999999,0.37,0.39,12,0.5,0.3333333333333333,0.16666666666666666,1.6124999999999998,1.3341666666666667,0.5833333333333334,27,0.5925925925925926,0.18518518518518517,0.2222222222222222,1.6644444444444444,1.0325925925925927,0.7407407407407407,15,0.4,0.2,0.4,3.4,3.238,strong,strong,strong
1387992,2026-05-10 19:00:00+00:00,61,2025,85,Paris Saint Germain,106,Stade Brestois 29,1,0,FT,4-3-3,3-4-3,4-3-3 vs 3-4-3,6,3,3,1.0,1,71.6,2.0,1.0,7.0,2.8,19.0,6.6,2.488,0.666,8.2,4.0,0.6,2,47.4,2.6,0.0,2.4,6.6,7.8,17.0,0.74,1.954,1.8,7.4,4.6,11.2,1.748,6.4,24.2,0.4,1.49,0.17,30,0.7333333333333333,0.13333333333333333,0.13333333333333333,2.2703333333333338,0.8436666666666667,1.4666666666666666,0,,,,,,,0,,,,,,strong,weak,weak
1387993,2026-05-10 19:00:00+00:00,61,2025,94,Rennes,114,Paris FC,2,1,FT,4-3-3,4-2-3-1,4-3-3 vs 4-2-3-1,2,3,-1,1.0,1,55.6,2.0,,6.6,5.2,15.6,13.0,2.112,1.752,7.6,4.6,0.8,2,46.4,2.6,1.0,5.6,3.8,11.6,12.4,1.6439999999999997,1.406,5.2,5.6,1.0,4.0,0.4680000000000004,2.3999999999999995,9.200000000000005,0.1999999999999999,1.77,1.2,4,0.5,0.25,0.25,1.25,1.065,1.0,6,0.5,0.16666666666666666,0.3333333333333333,1.3383333333333332,1.1433333333333333,0.8333333333333334,15,0.4,0.26666666666666666,0.3333333333333333,3.466666666666667,2.7640000000000007,weak,medium,strong
1387994,2026-05-10 19:00:00+00:00,61,2025,96,Toulouse,80,Lyon,2,1,FT,3-4-2-1,4-2-3-1,3-4-2-1 vs 4-2-3-1,3,5,-2,1.0,1,36.8,2.0,1.0,3.0,7.6,10.6,18.0,0.928,1.832,2.8,6.2,0.6,3,49.8,1.2,,5.4,4.0,11.2,11.8,1.56,1.328,5.8,6.0,-2.4000000000000004,-0.5999999999999996,-0.6320000000000001,-3.0,-13.0,0.4,1.13,1.54,22,0.18181818181818182,0.36363636363636365,0.45454545454545453,1.1872727272727273,1.3318181818181818,-0.4090909090909091,16,0.375,0.3125,0.3125,1.7268750000000002,1.194375,0.1875,16,0.375,0.1875,0.4375,3.25,3.083125,strong,strong,strong
1387951,2026-05-13 17:00:00+00:00,61,2025,106,Stade Brestois 29,95,Strasbourg,1,2,FT,4-2-3-1,4-2-3-1,4-2-3-1 vs 4-2-3-1,6,8,-2,0.4,3,42.8,2.25,0.0,2.4,6.4,6.6,19.4,0.586,1.996,1.6,8.8,0.6,2,59.4,1.0,,4.4,5.6,12.0,15.0,1.5260000000000002,1.7599999999999998,4.6,6.2,-2.0000000000000004,-5.4,-0.9400000000000004,-3.0,-16.6,-0.1999999999999999,3.06,2.02,22,0.4090909090909091,0.2727272727272727,0.3181818181818182,1.3281818181818184,1.440909090909091,0.0,15,0.3333333333333333,0.4,0.26666666666666666,1.6706666666666665,1.436,0.2,25,0.44,0.32,0.24,2.32,2.8876,strong,strong,strong
1387952,2026-05-13 19:00:00+00:00,61,2025,116,Lens,85,Paris Saint Germain,0,2,FT,3-4-2-1,4-3-3,3-4-2-1 vs 4-3-3,6,14,-8,1.0,1,60.8,2.2,0.5,6.0,3.4,20.2,9.6,1.892,1.332,7.8,2.8,1.0,1,70.6,2.5,1.0,6.8,3.0,20.2,6.2,2.396,0.6679999999999999,9.8,4.0,-0.7999999999999998,0.0,-0.504,-2.000000000000001,-9.799999999999995,0.0,2.87,1.22,32,0.65625,0.125,0.21875,1.9759375000000001,1.2678124999999998,0.90625,31,0.7419354838709677,0.12903225806451613,0.12903225806451613,2.245161290322581,0.8219354838709677,1.4516129032258065,11,0.45454545454545453,0.2727272727272727,0.2727272727272727,2.1818181818181817,2.902727272727273,strong,strong,strong
1387995,2026-05-17 19:00:00+00:00,61,2025,106,Stade Brestois 29,77,Angers,1,1,FT,4-2-3-1,3-5-2,4-2-3-1 vs 3-5-2,6,10,-4,0.4,3,44.4,1.5,0.0,2.8,6.0,8.8,18.4,0.938,1.81,2.0,8.2,0.6,3,37.8,1.8,0.3333333333333333,3.4,8.2,8.6,16.4,1.136,1.9,3.6,4.8,-0.6000000000000001,0.200000000000001,-0.1980000000000001,-1.6,6.600000000000001,-0.1999999999999999,1.57,0.68,23,0.391304347826087,0.2608695652173913,0.34782608695652173,1.4034782608695655,1.4660869565217391,-0.043478260869565216,4,0.25,0.0,0.75,0.6475,1.4825,-1.0,3,0.0,0.6666666666666666,0.3333333333333333,4.0,2.893333333333333,strong,weak,weak
1387996,2026-05-17 19:00:00+00:00,61,2025,79,Lille,108,Auxerre,0,2,FT,4-2-3-1,4-2-3-1,4-2-3-1 vs 4-2-3-1,6,12,-6,1.0,1,58.0,2.2,0.0,5.4,1.8,12.6,6.0,1.2979999999999998,0.544,5.2,4.8,0.6,2,47.6,1.6,0.0,4.6,5.0,11.4,11.8,0.94,1.924,4.6,5.2,0.8000000000000007,1.1999999999999993,0.3579999999999997,0.6000000000000005,10.4,0.4,1.72,0.54,28,0.6071428571428571,0.17857142857142858,0.21428571428571427,1.6189285714285713,1.0089285714285716,0.75,4,0.0,0.75,0.25,0.9075,1.685,-0.25,26,0.4230769230769231,0.3076923076923077,0.2692307692307692,2.3461538461538463,2.9719230769230767,strong,weak,strong
1387997,2026-05-17 19:00:00+00:00,61,2025,97,Lorient,111,Le Havre,0,2,FT,3-4-2-1,4-2-3-1,3-4-2-1 vs 4-2-3-1,2,10,-8,0.8,2,41.4,1.0,,5.2,4.0,11.2,14.0,1.6880000000000002,1.448,4.4,7.4,0.6,2,48.0,2.8,1.0,4.6,5.6,10.6,13.6,1.2959999999999998,1.504,3.8,5.4,0.6000000000000005,0.5999999999999996,0.3920000000000003,0.6000000000000005,-6.600000000000001,0.2,1.3,1.25,27,0.3333333333333333,0.3333333333333333,0.3333333333333333,1.3466666666666667,1.4629629629629632,-0.2222222222222222,4,0.0,0.75,0.25,1.4349999999999998,1.3875,-0.25,17,0.4117647058823529,0.17647058823529413,0.4117647058823529,3.235294117647059,3.0588235294117645,strong,weak,strong
1387998,2026-05-17 19:00:00+00:00,61,2025,80,Lyon,116,Lens,0,4,FT,4-3-1-2,3-4-2-1,4-3-1-2 vs 3-4-2-1,4,6,-2,0.6,3,48.4,1.6,0.0,5.6,5.0,12.6,13.2,1.722,1.496,6.0,6.8,1.0,1,59.6,1.8,0.5,7.8,2.6,24.2,9.0,2.348,0.8400000000000001,8.4,2.8,-2.2,-11.6,-0.6259999999999999,-2.4000000000000004,-11.200000000000005,-0.4,1.91,1.54,3,0.6666666666666666,0.0,0.3333333333333333,1.1633333333333333,2.046666666666667,0.6666666666666666,33,0.6363636363636364,0.12121212121212122,0.24242424242424243,2.0030303030303034,1.2663636363636361,0.8181818181818182,0,,,,,,weak,strong,weak
1387999,2026-05-17 19:00:00+00:00,61,2025,81,Marseille,94,Rennes,3,1,FT,4-2-3-1,4-1-4-1,4-2-3-1 vs 4-1-4-1,8,6,2,0.4,3,57.4,2.6,,5.6,3.2,16.4,9.8,2.018,1.5659999999999998,5.8,3.2,0.8,2,53.8,1.4,,6.2,4.6,15.4,13.2,1.876,1.732,7.8,4.4,-0.6000000000000005,0.9999999999999982,0.1419999999999999,-2.0,3.6000000000000014,-0.4,2.92,2.49,17,0.6470588235294118,0.17647058823529413,0.17647058823529413,1.9841176470588233,1.2576470588235296,1.2352941176470589,0,,,,,,,6,0.5,0.5,0.0,1.6666666666666667,2.4583333333333335,strong,weak,medium
1388000,2026-05-17 19:00:00+00:00,61,2025,83,Nantes,96,Toulouse,0,0,AWD,4-3-1-2,3-4-2-1,4-3-1-2 vs 3-4-2-1,12,6,6,0.4,4,37.8,1.4,1.0,5.0,5.2,16.8,12.4,1.73,1.214,7.0,5.8,1.0,1,39.0,3.0,1.0,4.0,6.8,12.4,18.2,1.122,1.75,3.8,6.8,1.0,4.4,0.6079999999999999,3.2,-1.2000000000000028,-0.6,0.07,0.17,0,,,,,,,23,0.21739130434782608,0.34782608695652173,0.43478260869565216,1.184782608695652,1.3408695652173912,-0.34782608695652173,1,0.0,0.0,1.0,4.0,3.45,weak,strong,weak
1388001,2026-05-17 19:00:00+00:00,61,2025,84,Nice,112,Metz,0,0,FT,3-4-2-1,4-3-3,3-4-2-1 vs 4-3-3,8,12,-4,0.8,2,42.0,1.0,0.0,3.2,4.4,8.8,14.4,1.232,1.398,3.4,6.4,0.8,2,47.6,1.4,,3.2,6.2,10.4,15.2,0.992,2.1060000000000003,5.2,6.2,0.0,-1.5999999999999996,0.24,-1.8000000000000005,-5.600000000000001,0.0,1.64,0.85,5,0.4,0.0,0.6,1.488,1.4919999999999998,-0.6,3,0.0,0.0,1.0,1.0133333333333334,2.3366666666666664,-3.0,12,0.4166666666666667,0.25,0.3333333333333333,2.1666666666666665,3.0016666666666665,medium,weak,strong
1388002,2026-05-17 19:00:00+00:00,61,2025,114,Paris FC,85,Paris Saint Germain,2,1,FT,4-4-2,4-3-3,4-4-2 vs 4-3-3,10,10,0,0.8,2,46.0,2.6,1.0,4.8,4.2,12.4,13.2,1.6940000000000002,1.518,4.4,6.2,1.0,1,67.6,1.5,1.0,6.2,4.0,17.6,10.0,2.016,1.118,7.8,4.2,-1.4000000000000004,-5.200000000000001,-0.3219999999999998,-3.3999999999999995,-21.599999999999994,-0.1999999999999999,2.2,0.61,1,0.0,0.0,1.0,0.92,0.97,-1.0,32,0.75,0.125,0.125,2.213125,0.8859375,1.46875,2,1.0,0.0,0.0,4.0,4.085000000000001,weak,strong,weak
1388003,2026-05-17 19:00:00+00:00,61,2025,95,Strasbourg,91,Monaco,5,4,FT,4-2-3-1,3-4-2-1,4-2-3-1 vs 3-4-2-1,6,18,-12,0.6,2,58.0,1.2,,4.2,6.2,10.8,17.6,1.358,2.3080000000000003,4.6,5.2,0.8,2,61.0,1.4,,4.4,4.2,12.8,12.4,1.382,1.3239999999999998,7.6,3.0,-0.2000000000000001,-2.0,-0.0240000000000002,-3.0,-3.0,-0.2,1.5,1.13,16,0.375,0.375,0.25,1.6925,1.5375,0.25,13,0.46153846153846156,0.3076923076923077,0.23076923076923078,1.5169230769230768,1.2615384615384617,0.46153846153846156,19,0.47368421052631576,0.3157894736842105,0.21052631578947367,3.1578947368421053,2.9789473684210526,strong,strong,strong
1545408,2026-05-26 18:45:00+00:00,61,2025,1063,Saint Etienne,84,Nice,0,0,FT,4-2-3-1,4-2-3-1,4-2-3-1 vs 4-2-3-1,16,12,4,,0,,,,,,,,,,,,0.8,2,42.6,1.2,0.0,3.0,4.0,10.2,15.4,1.138,1.2159999999999995,4.4,6.8,,,,,,,,,0,,,,,,,7,0.14285714285714285,0.42857142857142855,0.42857142857142855,1.512857142857143,1.4985714285714289,-0.5714285714285714,27,0.4074074074074074,0.2962962962962963,0.2962962962962963,2.3333333333333335,2.9455555555555555,weak,medium,strong
1545409,2026-05-29 18:45:00+00:00,61,2025,84,Nice,1063,Saint Etienne,4,1,FT,3-4-2-1,4-3-3,3-4-2-1 vs 4-3-3,12,14,-2,0.6,3,46.0,1.0,0.0,2.8,3.6,10.0,15.0,1.375,1.3849999999999998,5.0,7.0,1.0,1,45.0,1.0,,0.0,0.0,7.0,4.0,,,6.0,6.0,2.8,3.0,,-1.0,1.0,-0.4,,,6,0.3333333333333333,0.16666666666666666,0.5,1.5133333333333334,1.3849999999999998,-0.5,0,,,,,,,13,0.38461538461538464,0.3076923076923077,0.3076923076923077,2.0,2.962307692307692,medium,weak,strong
