fixture_id,league_id,season,team_id,team_name,player_id,player_name,type,reason,date
1387706,61,2025,81,Marseille,6231,Facundo Medina,Missing Fixture,Red card Suspended,2025-08-15T18:45:00+00:00
1387706,61,2025,94,Rennes,126757,Lilian Brassier,Missing Fixture,Injury to the ankle,2025-08-15T18:45:00+00:00
1387706,61,2025,94,Rennes,196187,Alidu Seidu,Missing Fixture,Injured Doubtful,2025-08-15T18:45:00+00:00
1387701,61,2025,116,Lens,21635,Jonathan Gradit,Missing Fixture,Red card Suspended,2025-08-16T15:00:00+00:00
1387701,61,2025,116,Lens,237191,Jhoanner Stalin Chavez Quinter,Missing Fixture,Injured Doubtful,2025-08-16T15:00:00+00:00
1387701,61,2025,116,Lens,326073,Remy Labeau Lascary,Missing Fixture,Injured Doubtful,2025-08-16T15:00:00+00:00
1387698,61,2025,114,Paris FC,8474,Thibault De Smet,Missing Fixture,Red card Suspended,2025-08-17T15:15:00+00:00
1387703,61,2025,111,Le Havre,2336,Loic Nego,Missing Fixture,Red card Suspended,2025-08-16T17:00:00+00:00
1387703,61,2025,111,Le Havre,20521,Thomas Delaine,Missing Fixture,Injured Doubtful,2025-08-16T17:00:00+00:00
1387703,61,2025,91,Monaco,326176,Soungoutou Magassa,Missing Fixture,Red card Suspended,2025-08-16T17:00:00+00:00
1387703,61,2025,111,Le Havre,339633,Andy Elysee Logbo,Missing Fixture,Shoulder injury,2025-08-16T17:00:00+00:00
1387705,61,2025,84,Nice,22163,Dante Bonfim Costa,Missing Fixture,Injured Doubtful,2025-08-16T19:05:00+00:00
1387705,61,2025,84,Nice,1914,Morgan Sanson,Missing Fixture,injured,2025-08-16T19:05:00+00:00
1387705,61,2025,96,Toulouse,25533,Niklas Schmidt,Missing Fixture,Ruptured cruciate ligament,2025-08-16T19:05:00+00:00
1387705,61,2025,84,Nice,662,Tanguy Ndombele Alvaro,Missing Fixture,Pubalgia,2025-08-16T19:05:00+00:00
1387705,61,2025,96,Toulouse,15793,Rasmus Nicolaisen,Missing Fixture,Injured Doubtful,2025-08-16T19:05:00+00:00
1387705,61,2025,96,Toulouse,50956,Cristhian Casseres Jr,Missing Fixture,Red card Suspended,2025-08-16T19:05:00+00:00
1387705,61,2025,96,Toulouse,118345,Abu Francis,Missing Fixture,injured,2025-08-16T19:05:00+00:00
1387705,61,2025,96,Toulouse,489903,Ilyas Azizi,Missing Fixture,injured,2025-08-16T19:05:00+00:00
1387705,61,2025,96,Toulouse,334952,Rafik Messali,Missing Fixture,injured,2025-08-16T19:05:00+00:00
1387700,61,2025,79,Lille,264,Thomas Meunier,Missing Fixture,injured,2025-08-17T13:00:00+00:00
1387700,61,2025,79,Lille,48392,Edon Zhegrova,Missing Fixture,Adductor problems,2025-08-17T13:00:00+00:00
1387700,61,2025,106,Stade Brestois 29,369556,Justin Bourgault,Missing Fixture,Injured Doubtful,2025-08-17T13:00:00+00:00
1387699,61,2025,108,Auxerre,162466,Sinaly Diomande,Missing Fixture,Red card Suspended,2025-08-17T15:15:00+00:00
1387699,61,2025,108,Auxerre,335064,Nathan Buayi-Kiala,Missing Fixture,Cruciate ligament injury,2025-08-17T15:15:00+00:00
1387699,61,2025,97,Lorient,23363,Noah Cadiou,Missing Fixture,injured,2025-08-17T15:15:00+00:00
1387702,61,2025,112,Metz,20529,Gauthier Hein,Missing Fixture,Red card Suspended,2025-08-17T15:15:00+00:00
1387702,61,2025,95,Strasbourg,147835,Andrew Omobamidele,Missing Fixture,Injured Doubtful,2025-08-17T15:15:00+00:00
1387702,61,2025,95,Strasbourg,395762,Mathis Amougou,Missing Fixture,Injured Doubtful,2025-08-17T15:15:00+00:00
1387704,61,2025,85,Paris Saint Germain,1146,Nordi Mukiele,Missing Fixture,Injury,2025-08-17T18:45:00+00:00
1387704,61,2025,85,Paris Saint Germain,409216,Senny Mayulu,Missing Fixture,adductor injury,2025-08-17T18:45:00+00:00
1387713,61,2025,85,Paris Saint Germain,262,Kimpembe Presnel,Missing Fixture,Injured Doubtful,2025-08-22T18:45:00+00:00
1387713,61,2025,77,Angers,289555,Louis Mouton,Missing Fixture,Suspension,2025-08-22T18:45:00+00:00
1387713,61,2025,85,Paris Saint Germain,409216,Senny Mayulu,Missing Fixture,Injury,2025-08-22T18:45:00+00:00
1387711,61,2025,81,Marseille,272,Adrien Rabiot,Missing Fixture,other,2025-08-23T15:00:00+00:00
1387711,61,2025,81,Marseille,278095,Jonathan Rowe,Missing Fixture,other,2025-08-23T15:00:00+00:00
1387712,61,2025,84,Nice,22163,Dante Bonfim Costa,Missing Fixture,Injured Doubtful,2025-08-23T17:00:00+00:00
1387712,61,2025,84,Nice,1914,Morgan Sanson,Missing Fixture,injured,2025-08-23T17:00:00+00:00
1387712,61,2025,84,Nice,662,Tanguy Ndombele Alvaro,Missing Fixture,Pubalgia,2025-08-23T17:00:00+00:00
1387712,61,2025,108,Auxerre,335064,Nathan Buayi-Kiala,Missing Fixture,Cruciate ligament injury,2025-08-23T17:00:00+00:00
1387709,61,2025,94,Rennes,126757,Lilian Brassier,Missing Fixture,Injury to the ankle,2025-08-24T13:00:00+00:00
1387709,61,2025,94,Rennes,237249,Mikayil Faye,Missing Fixture,Injured Doubtful,2025-08-24T13:00:00+00:00
1387709,61,2025,94,Rennes,417830,Abdelhamid Ait Boudlal,Missing Fixture,Red card Suspended,2025-08-24T13:00:00+00:00
1387707,61,2025,111,Le Havre,20521,Thomas Delaine,Missing Fixture,Injured Doubtful,2025-08-24T15:15:00+00:00
1387707,61,2025,111,Le Havre,339633,Andy Elysee Logbo,Missing Fixture,Shoulder injury,2025-08-24T15:15:00+00:00
1387714,61,2025,83,Nantes,266200,Mayckel Lahdo,Missing Fixture,Injured Doubtful,2025-08-24T15:15:00+00:00
1387714,61,2025,95,Strasbourg,335056,Diego Moreira,Missing Fixture,Injured Doubtful,2025-08-24T15:15:00+00:00
1387714,61,2025,95,Strasbourg,395762,Mathis Amougou,Missing Fixture,Injured Doubtful,2025-08-24T15:15:00+00:00
1387715,61,2025,96,Toulouse,118345,Abu Francis,Missing Fixture,injured,2025-08-24T15:15:00+00:00
1387715,61,2025,96,Toulouse,489903,Ilyas Azizi,Missing Fixture,injured,2025-08-24T15:15:00+00:00
1387715,61,2025,96,Toulouse,334952,Rafik Messali,Missing Fixture,injured,2025-08-24T15:15:00+00:00
1387708,61,2025,79,Lille,264,Thomas Meunier,Missing Fixture,Injured Doubtful,2025-08-24T18:45:00+00:00
1387708,61,2025,79,Lille,18765,Andre Filipe Tavares Gomes,Missing Fixture,Injury,2025-08-24T18:45:00+00:00
1387708,61,2025,79,Lille,21483,Marc-Aurele Caillard,Missing Fixture,Injury,2025-08-24T18:45:00+00:00
1387708,61,2025,91,Monaco,421,Breel Donald Embolo,Missing Fixture,Injured Doubtful,2025-08-24T18:45:00+00:00
1387708,61,2025,79,Lille,99576,Osame Sahraoui,Missing Fixture,Injured Doubtful,2025-08-24T18:45:00+00:00
1387708,61,2025,91,Monaco,47480,Mohammed Salisu Abdul Karim,Missing Fixture,Injured Doubtful,2025-08-24T18:45:00+00:00
1387708,61,2025,91,Monaco,138835,Folarin Balogun,Missing Fixture,Injured Doubtful,2025-08-24T18:45:00+00:00
1387708,61,2025,79,Lille,318416,Marius Sivertsen Broholm,Missing Fixture,Injured Doubtful,2025-08-24T18:45:00+00:00
1387718,61,2025,116,Lens,237191,Jhoanner Stalin Chavez Quinter,Missing Fixture,Injured Doubtful,2025-08-29T18:45:00+00:00
1387719,61,2025,97,Lorient,437776,Abdoulaye Diagne Faye,Missing Fixture,Injured Doubtful,2025-08-30T15:00:00+00:00
1387719,61,2025,79,Lille,18765,Andre Filipe Tavares Gomes,Missing Fixture,Calf Injury,2025-08-30T15:00:00+00:00
1387719,61,2025,79,Lille,21483,Marc-Aurele Caillard,Missing Fixture,Elbow Injury,2025-08-30T15:00:00+00:00
1387719,61,2025,79,Lille,48392,Edon Zhegrova,Missing Fixture,Adductor problems,2025-08-30T15:00:00+00:00
1387719,61,2025,79,Lille,99576,Osame Sahraoui,Missing Fixture,Injured Doubtful,2025-08-30T15:00:00+00:00
1387719,61,2025,97,Lorient,23363,Noah Cadiou,Missing Fixture,Injured Doubtful,2025-08-30T15:00:00+00:00
1387722,61,2025,108,Auxerre,20542,Donovan Leon,Missing Fixture,Red card Suspended,2025-08-30T17:00:00+00:00
1387722,61,2025,83,Nantes,20654,Fabien Centonze,Missing Fixture,Injured Doubtful,2025-08-30T17:00:00+00:00
1387722,61,2025,83,Nantes,266200,Mayckel Lahdo,Missing Fixture,Injured Doubtful,2025-08-30T17:00:00+00:00
1387722,61,2025,108,Auxerre,162466,Sinaly Diomande,Missing Fixture,injured,2025-08-30T17:00:00+00:00
1387722,61,2025,108,Auxerre,319919,Oussama El Azzouzi,Missing Fixture,Strain in the thigh and glutea,2025-08-30T17:00:00+00:00
1387722,61,2025,108,Auxerre,335064,Nathan Buayi-Kiala,Missing Fixture,Cruciate ligament injury,2025-08-30T17:00:00+00:00
1387724,61,2025,85,Paris Saint Germain,262,Kimpembe Presnel,Missing Fixture,Injured Doubtful,2025-08-30T19:05:00+00:00
1387724,61,2025,85,Paris Saint Germain,1622,Gianluigi Donnarumma,Missing Fixture,Injury,2025-08-30T19:05:00+00:00
1387724,61,2025,96,Toulouse,25533,Niklas Schmidt,Missing Fixture,Ruptured cruciate ligament,2025-08-30T19:05:00+00:00
1387724,61,2025,85,Paris Saint Germain,483,Khvicha Kvaratskhelia,Missing Fixture,Injured Doubtful,2025-08-30T19:05:00+00:00
1387724,61,2025,96,Toulouse,118345,Abu Francis,Missing Fixture,Injured Doubtful,2025-08-30T19:05:00+00:00
1387724,61,2025,85,Paris Saint Germain,409216,Senny Mayulu,Missing Fixture,adductor injury,2025-08-30T19:05:00+00:00
1387724,61,2025,96,Toulouse,489903,Ilyas Azizi,Missing Fixture,Ruptured cruciate ligament,2025-08-30T19:05:00+00:00
1387724,61,2025,96,Toulouse,334952,Rafik Messali,Missing Fixture,Injured Doubtful,2025-08-30T19:05:00+00:00
1387716,61,2025,94,Rennes,24147,Mahdi Camara,Missing Fixture,Red card Suspended,2025-08-31T13:00:00+00:00
1387716,61,2025,77,Angers,20692,Himad Abdelli,Missing Fixture,Back Injury,2025-08-31T13:00:00+00:00
1387716,61,2025,94,Rennes,126757,Lilian Brassier,Missing Fixture,Injury to the ankle,2025-08-31T13:00:00+00:00
1387716,61,2025,94,Rennes,20916,Christopher Wooh,Missing Fixture,Red card Suspended,2025-08-31T13:00:00+00:00
1387716,61,2025,94,Rennes,417830,Abdelhamid Ait Boudlal,Missing Fixture,Red card Suspended,2025-08-31T13:00:00+00:00
1387717,61,2025,84,Nice,22163,Dante Bonfim Costa,Missing Fixture,Injured Doubtful,2025-08-31T15:15:00+00:00
1387717,61,2025,111,Le Havre,20521,Thomas Delaine,Missing Fixture,Injured Doubtful,2025-08-31T15:15:00+00:00
1387717,61,2025,84,Nice,1914,Morgan Sanson,Missing Fixture,Injured Doubtful,2025-08-31T15:15:00+00:00
1387717,61,2025,84,Nice,662,Tanguy Ndombele Alvaro,Missing Fixture,Pubalgia,2025-08-31T15:15:00+00:00
1387717,61,2025,111,Le Havre,339633,Andy Elysee Logbo,Missing Fixture,Shoulder injury,2025-08-31T15:15:00+00:00
1387723,61,2025,114,Paris FC,20647,Pierre Yves Hamel,Missing Fixture,Adductor problems,2025-08-31T15:15:00+00:00
1387723,61,2025,112,Metz,21640,Jessy Deminguet,Missing Fixture,Injured Doubtful,2025-08-31T15:15:00+00:00
1387723,61,2025,112,Metz,20534,Cheikh Tidiane Sabaly,Missing Fixture,Injured Doubtful,2025-08-31T15:15:00+00:00
1387720,61,2025,80,Lyon,386284,Mahamadou Diawara,Missing Fixture,Injury,2025-08-31T18:45:00+00:00
1387720,61,2025,81,Marseille,926,Geoffrey Kondogbia,Missing Fixture,Injured Doubtful,2025-08-31T18:45:00+00:00
1387720,61,2025,81,Marseille,272,Adrien Rabiot,Missing Fixture,other,2025-08-31T18:45:00+00:00
1387720,61,2025,81,Marseille,412,Amine Harit,Missing Fixture,Injured Doubtful,2025-08-31T18:45:00+00:00
1387720,61,2025,80,Lyon,1568,Paul Akouokou,Missing Fixture,Injury,2025-08-31T18:45:00+00:00
1387720,61,2025,81,Marseille,102447,Faris Pemi Moumbagna,Missing Fixture,Injury,2025-08-31T18:45:00+00:00
1387705,61,2025,84,Nice,407017,M. Lumpungu,Missing Fixture,Operation,2025-08-16T19:05:00+00:00
1387712,61,2025,84,Nice,407017,M. Lumpungu,Missing Fixture,Operation,2025-08-23T17:00:00+00:00
1387717,61,2025,84,Nice,407017,M. Lumpungu,Missing Fixture,Operation,2025-08-31T15:15:00+00:00
1387705,61,2025,84,Nice,49583,A. Abdi,Missing Fixture,Pubalgia,2025-08-16T19:05:00+00:00
1387712,61,2025,84,Nice,49583,A. Abdi,Missing Fixture,Pubalgia,2025-08-23T17:00:00+00:00
1387717,61,2025,84,Nice,49583,A. Abdi,Missing Fixture,Pubalgia,2025-08-31T15:15:00+00:00
1387721,61,2025,91,Monaco,291649,Vanderson,Missing Fixture,Injury,2025-08-31T15:15:00+00:00
1387711,61,2025,81,Marseille,6231,F. Medina,Missing Fixture,Injury,2025-08-23T15:00:00+00:00
1387720,61,2025,81,Marseille,6231,F. Medina,Missing Fixture,Injury,2025-08-31T18:45:00+00:00
1387728,61,2025,81,Marseille,6231,F. Medina,Missing Fixture,Injury,2025-09-12T18:45:00+00:00
1387706,61,2025,81,Marseille,9363,Igor Paixão,Missing Fixture,Muscle bruise,2025-08-15T18:45:00+00:00
1387711,61,2025,81,Marseille,9363,Igor Paixão,Missing Fixture,Muscle bruise,2025-08-23T15:00:00+00:00
1387720,61,2025,81,Marseille,9363,Igor Paixão,Missing Fixture,Muscle bruise,2025-08-31T18:45:00+00:00
1387728,61,2025,81,Marseille,9363,Igor Paixão,Missing Fixture,Muscle bruise,2025-09-12T18:45:00+00:00
1387705,61,2025,84,Nice,274312,M. Cho,Missing Fixture,Wound,2025-08-16T19:05:00+00:00
1387712,61,2025,84,Nice,274312,M. Cho,Missing Fixture,Wound,2025-08-23T17:00:00+00:00
1387717,61,2025,84,Nice,274312,M. Cho,Missing Fixture,Wound,2025-08-31T15:15:00+00:00
1387730,61,2025,84,Nice,274312,M. Cho,Missing Fixture,Wound,2025-09-13T15:00:00+00:00
1387705,61,2025,84,Nice,196343,Mohamed Abdelmonem,Missing Fixture,Jumpers knee,2025-08-16T19:05:00+00:00
1387712,61,2025,84,Nice,196343,Mohamed Abdelmonem,Missing Fixture,Jumpers knee,2025-08-23T17:00:00+00:00
1387717,61,2025,84,Nice,196343,Mohamed Abdelmonem,Missing Fixture,Jumpers knee,2025-08-31T15:15:00+00:00
1387730,61,2025,84,Nice,196343,Mohamed Abdelmonem,Missing Fixture,Jumpers knee,2025-09-13T15:00:00+00:00
1387705,61,2025,84,Nice,3099,Y. Ndayishimiye,Missing Fixture,Jumpers knee,2025-08-16T19:05:00+00:00
1387712,61,2025,84,Nice,3099,Y. Ndayishimiye,Missing Fixture,Jumpers knee,2025-08-23T17:00:00+00:00
1387717,61,2025,84,Nice,3099,Y. Ndayishimiye,Missing Fixture,Jumpers knee,2025-08-31T15:15:00+00:00
1387730,61,2025,84,Nice,3099,Y. Ndayishimiye,Missing Fixture,Jumpers knee,2025-09-13T15:00:00+00:00
1387700,61,2025,79,Lille,386287,E. Mbappé,Missing Fixture,Hamstring Injury,2025-08-17T13:00:00+00:00
1387708,61,2025,79,Lille,386287,E. Mbappé,Missing Fixture,Hamstring Injury,2025-08-24T18:45:00+00:00
1387719,61,2025,79,Lille,386287,E. Mbappé,Missing Fixture,Hamstring Injury,2025-08-30T15:00:00+00:00
1387727,61,2025,79,Lille,386287,E. Mbappé,Missing Fixture,Hamstring Injury,2025-09-14T13:00:00+00:00
1387719,61,2025,79,Lille,2295,O. Giroud,Missing Fixture,Hamstring Injury,2025-08-30T15:00:00+00:00
1387727,61,2025,79,Lille,2295,O. Giroud,Missing Fixture,Hamstring Injury,2025-09-14T13:00:00+00:00
1387719,61,2025,79,Lille,375598,N. Mukau,Missing Fixture,Foot injury,2025-08-30T15:00:00+00:00
1387727,61,2025,79,Lille,375598,N. Mukau,Missing Fixture,Foot injury,2025-09-14T13:00:00+00:00
1387700,61,2025,79,Lille,379329,Tiago Santos,Missing Fixture,Jumpers knee,2025-08-17T13:00:00+00:00
1387708,61,2025,79,Lille,379329,Tiago Santos,Missing Fixture,Jumpers knee,2025-08-24T18:45:00+00:00
1387719,61,2025,79,Lille,379329,Tiago Santos,Missing Fixture,Jumpers knee,2025-08-30T15:00:00+00:00
1387727,61,2025,79,Lille,379329,Tiago Santos,Missing Fixture,Jumpers knee,2025-09-14T13:00:00+00:00
1387708,61,2025,79,Lille,351888,O. Touré,Missing Fixture,Jumpers knee,2025-08-24T18:45:00+00:00
1387719,61,2025,79,Lille,351888,O. Touré,Missing Fixture,Jumpers knee,2025-08-30T15:00:00+00:00
1387727,61,2025,79,Lille,351888,O. Touré,Missing Fixture,Jumpers knee,2025-09-14T13:00:00+00:00
1387701,61,2025,80,Lyon,195512,M. Satriano,Missing Fixture,Leg Injury,2025-08-16T15:00:00+00:00
1387710,61,2025,80,Lyon,195512,M. Satriano,Missing Fixture,Leg Injury,2025-08-23T19:05:00+00:00
1387720,61,2025,80,Lyon,195512,M. Satriano,Missing Fixture,Leg Injury,2025-08-31T18:45:00+00:00
1387732,61,2025,80,Lyon,195512,M. Satriano,Missing Fixture,Leg Injury,2025-09-14T18:45:00+00:00
1387701,61,2025,80,Lyon,18780,R. Ghezzal,Missing Fixture,Wound,2025-08-16T15:00:00+00:00
1387710,61,2025,80,Lyon,18780,R. Ghezzal,Missing Fixture,Wound,2025-08-23T19:05:00+00:00
1387720,61,2025,80,Lyon,18780,R. Ghezzal,Missing Fixture,Wound,2025-08-31T18:45:00+00:00
1387732,61,2025,80,Lyon,18780,R. Ghezzal,Missing Fixture,Wound,2025-09-14T18:45:00+00:00
1387729,61,2025,112,Metz,363792,T. Yegbe,Missing Fixture,Wound,2025-09-14T15:15:00+00:00
1387723,61,2025,112,Metz,378353,U. Mboula,Missing Fixture,Hamstring Injury,2025-08-31T15:15:00+00:00
1387729,61,2025,112,Metz,378353,U. Mboula,Missing Fixture,Hamstring Injury,2025-09-14T15:15:00+00:00
1387702,61,2025,112,Metz,403883,M. Mbaye,Missing Fixture,Foot injury,2025-08-17T15:15:00+00:00
1387710,61,2025,112,Metz,403883,M. Mbaye,Missing Fixture,Foot injury,2025-08-23T19:05:00+00:00
1387723,61,2025,112,Metz,403883,M. Mbaye,Missing Fixture,Foot injury,2025-08-31T15:15:00+00:00
1387729,61,2025,112,Metz,403883,M. Mbaye,Missing Fixture,Foot injury,2025-09-14T15:15:00+00:00
1387702,61,2025,112,Metz,405072,J. Mangondo,Missing Fixture,Jumpers knee,2025-08-17T15:15:00+00:00
1387710,61,2025,112,Metz,405072,J. Mangondo,Missing Fixture,Jumpers knee,2025-08-23T19:05:00+00:00
1387723,61,2025,112,Metz,405072,J. Mangondo,Missing Fixture,Jumpers knee,2025-08-31T15:15:00+00:00
1387729,61,2025,112,Metz,405072,J. Mangondo,Missing Fixture,Jumpers knee,2025-09-14T15:15:00+00:00
1387721,61,2025,95,Strasbourg,147835,A. Omobamidele,Missing Fixture,Wound,2025-08-31T15:15:00+00:00
1387733,61,2025,95,Strasbourg,147835,A. Omobamidele,Missing Fixture,Wound,2025-09-14T15:15:00+00:00
1387702,61,2025,95,Strasbourg,162568,S. Coulibaly,Missing Fixture,Calf Injury,2025-08-17T15:15:00+00:00
1387714,61,2025,95,Strasbourg,162568,S. Coulibaly,Missing Fixture,Calf Injury,2025-08-24T15:15:00+00:00
1387721,61,2025,95,Strasbourg,162568,S. Coulibaly,Missing Fixture,Calf Injury,2025-08-31T15:15:00+00:00
1387733,61,2025,95,Strasbourg,162568,S. Coulibaly,Missing Fixture,Calf Injury,2025-09-14T15:15:00+00:00
1387702,61,2025,95,Strasbourg,161747,G. Doué,Missing Fixture,Wound,2025-08-17T15:15:00+00:00
1387714,61,2025,95,Strasbourg,161747,G. Doué,Missing Fixture,Wound,2025-08-24T15:15:00+00:00
1387721,61,2025,95,Strasbourg,161747,G. Doué,Missing Fixture,Wound,2025-08-31T15:15:00+00:00
1387733,61,2025,95,Strasbourg,161747,G. Doué,Missing Fixture,Wound,2025-09-14T15:15:00+00:00
1387702,61,2025,95,Strasbourg,364810,A. Sylla,Missing Fixture,Wound,2025-08-17T15:15:00+00:00
1387714,61,2025,95,Strasbourg,364810,A. Sylla,Missing Fixture,Wound,2025-08-24T15:15:00+00:00
1387721,61,2025,95,Strasbourg,364810,A. Sylla,Missing Fixture,Wound,2025-08-31T15:15:00+00:00
1387733,61,2025,95,Strasbourg,364810,A. Sylla,Missing Fixture,Wound,2025-09-14T15:15:00+00:00
1387702,61,2025,95,Strasbourg,70747,J. Enciso,Missing Fixture,Jumpers knee,2025-08-17T15:15:00+00:00
1387714,61,2025,95,Strasbourg,70747,J. Enciso,Missing Fixture,Jumpers knee,2025-08-24T15:15:00+00:00
1387721,61,2025,95,Strasbourg,70747,J. Enciso,Missing Fixture,Jumpers knee,2025-08-31T15:15:00+00:00
1387733,61,2025,95,Strasbourg,70747,J. Enciso,Missing Fixture,Jumpers knee,2025-09-14T15:15:00+00:00
1387702,61,2025,95,Strasbourg,274328,S. Sow,Missing Fixture,Jumpers knee,2025-08-17T15:15:00+00:00
1387714,61,2025,95,Strasbourg,274328,S. Sow,Missing Fixture,Jumpers knee,2025-08-24T15:15:00+00:00
1387721,61,2025,95,Strasbourg,274328,S. Sow,Missing Fixture,Jumpers knee,2025-08-31T15:15:00+00:00
1387733,61,2025,95,Strasbourg,274328,S. Sow,Missing Fixture,Jumpers knee,2025-09-14T15:15:00+00:00
1387703,61,2025,91,Monaco,904,P. Pogba,Missing Fixture,Fitness,2025-08-16T17:00:00+00:00
1387708,61,2025,91,Monaco,904,P. Pogba,Missing Fixture,Fitness,2025-08-24T18:45:00+00:00
1387721,61,2025,91,Monaco,904,P. Pogba,Missing Fixture,Fitness,2025-08-31T15:15:00+00:00
1387725,61,2025,91,Monaco,904,P. Pogba,Missing Fixture,Fitness,2025-09-13T19:05:00+00:00
1387708,61,2025,91,Monaco,340152,S. Idumbo-Muzambo,Missing Fixture,Groin Injury,2025-08-24T18:45:00+00:00
1387721,61,2025,91,Monaco,340152,S. Idumbo-Muzambo,Missing Fixture,Groin Injury,2025-08-31T15:15:00+00:00
1387725,61,2025,91,Monaco,340152,S. Idumbo-Muzambo,Missing Fixture,Groin Injury,2025-09-13T19:05:00+00:00
1387703,61,2025,91,Monaco,135775,Ansu Fati,Missing Fixture,Fitness,2025-08-16T17:00:00+00:00
1387708,61,2025,91,Monaco,135775,Ansu Fati,Missing Fixture,Fitness,2025-08-24T18:45:00+00:00
1387721,61,2025,91,Monaco,135775,Ansu Fati,Missing Fixture,Fitness,2025-08-31T15:15:00+00:00
1387725,61,2025,91,Monaco,135775,Ansu Fati,Missing Fixture,Fitness,2025-09-13T19:05:00+00:00
1387725,61,2025,91,Monaco,963,L. Hrádecký,Missing Fixture,Jumpers knee,2025-09-13T19:05:00+00:00
1387700,61,2025,106,Stade Brestois 29,664,L. Tousart,Missing Fixture,Sprained ankle,2025-08-17T13:00:00+00:00
1387715,61,2025,106,Stade Brestois 29,664,L. Tousart,Missing Fixture,Sprained ankle,2025-08-24T15:15:00+00:00
1387718,61,2025,106,Stade Brestois 29,664,L. Tousart,Missing Fixture,Sprained ankle,2025-08-29T18:45:00+00:00
1387726,61,2025,106,Stade Brestois 29,664,L. Tousart,Missing Fixture,Sprained ankle,2025-09-14T15:15:00+00:00
1387700,61,2025,106,Stade Brestois 29,90594,J. Dina Ebimbe,Missing Fixture,Sprained ankle,2025-08-17T13:00:00+00:00
1387715,61,2025,106,Stade Brestois 29,90594,J. Dina Ebimbe,Missing Fixture,Sprained ankle,2025-08-24T15:15:00+00:00
1387718,61,2025,106,Stade Brestois 29,90594,J. Dina Ebimbe,Missing Fixture,Sprained ankle,2025-08-29T18:45:00+00:00
1387726,61,2025,106,Stade Brestois 29,90594,J. Dina Ebimbe,Missing Fixture,Sprained ankle,2025-09-14T15:15:00+00:00
1387731,61,2025,85,Paris Saint Germain,153,O. Dembélé,Missing Fixture,Thigh problems,2025-09-14T15:15:00+00:00
1387731,61,2025,85,Paris Saint Germain,343027,D. Doué,Missing Fixture,Calf Injury,2025-09-14T15:15:00+00:00
1387731,61,2025,85,Paris Saint Germain,328,Fabián Ruiz,Missing Fixture,Muscle bruise,2025-09-14T15:15:00+00:00
1387728,61,2025,97,Lorient,384112,P. Katseris,Missing Fixture,Thigh problems,2025-09-12T18:45:00+00:00
1387719,61,2025,97,Lorient,276662,P. Pagis,Missing Fixture,Calf Injury,2025-08-30T15:00:00+00:00
1387728,61,2025,97,Lorient,276662,P. Pagis,Missing Fixture,Calf Injury,2025-09-12T18:45:00+00:00
1387728,61,2025,97,Lorient,401389,T. Sanusi,Missing Fixture,Fitness,2025-09-12T18:45:00+00:00
1387699,61,2025,97,Lorient,214310,N. Adjei,Missing Fixture,Sprained ankle,2025-08-17T15:15:00+00:00
1387709,61,2025,97,Lorient,214310,N. Adjei,Missing Fixture,Sprained ankle,2025-08-24T13:00:00+00:00
1387719,61,2025,97,Lorient,214310,N. Adjei,Missing Fixture,Sprained ankle,2025-08-30T15:00:00+00:00
1387728,61,2025,97,Lorient,214310,N. Adjei,Missing Fixture,Sprained ankle,2025-09-12T18:45:00+00:00
1387699,61,2025,97,Lorient,162018,B. Fadiga,Missing Fixture,Sprained ankle,2025-08-17T15:15:00+00:00
1387709,61,2025,97,Lorient,162018,B. Fadiga,Missing Fixture,Sprained ankle,2025-08-24T13:00:00+00:00
1387719,61,2025,97,Lorient,162018,B. Fadiga,Missing Fixture,Sprained ankle,2025-08-30T15:00:00+00:00
1387728,61,2025,97,Lorient,162018,B. Fadiga,Missing Fixture,Sprained ankle,2025-09-12T18:45:00+00:00
1387699,61,2025,97,Lorient,195893,S. Touré,Missing Fixture,Jumpers knee,2025-08-17T15:15:00+00:00
1387709,61,2025,97,Lorient,195893,S. Touré,Missing Fixture,Jumpers knee,2025-08-24T13:00:00+00:00
1387719,61,2025,97,Lorient,195893,S. Touré,Missing Fixture,Jumpers knee,2025-08-30T15:00:00+00:00
1387728,61,2025,97,Lorient,195893,S. Touré,Missing Fixture,Jumpers knee,2025-09-12T18:45:00+00:00
1387701,61,2025,80,Lyon,350856,E. Nuamah,Missing Fixture,Knee injury,2025-08-16T15:00:00+00:00
1387710,61,2025,80,Lyon,350856,E. Nuamah,Missing Fixture,Knee injury,2025-08-23T19:05:00+00:00
1387720,61,2025,80,Lyon,350856,E. Nuamah,Missing Fixture,Knee injury,2025-08-31T18:45:00+00:00
1387732,61,2025,80,Lyon,350856,E. Nuamah,Missing Fixture,Knee injury,2025-09-14T18:45:00+00:00
1387701,61,2025,80,Lyon,24882,O. Mangala,Missing Fixture,Knee injury,2025-08-16T15:00:00+00:00
1387710,61,2025,80,Lyon,24882,O. Mangala,Missing Fixture,Knee injury,2025-08-23T19:05:00+00:00
1387720,61,2025,80,Lyon,24882,O. Mangala,Missing Fixture,Knee injury,2025-08-31T18:45:00+00:00
1387732,61,2025,80,Lyon,24882,O. Mangala,Missing Fixture,Knee injury,2025-09-14T18:45:00+00:00
1387738,61,2025,80,Lyon,9700,Abner Vinicius,Missing Fixture,Groin Injury,2025-09-19T18:45:00+00:00
1387738,61,2025,80,Lyon,20762,R. Descamps,Missing Fixture,Wrist Injury,2025-09-19T18:45:00+00:00
1387738,61,2025,80,Lyon,24882,O. Mangala,Missing Fixture,Knee Injury,2025-09-19T18:45:00+00:00
1387738,61,2025,80,Lyon,162590,T. Morton,Missing Fixture,Red Card,2025-09-19T18:45:00+00:00
1387738,61,2025,80,Lyon,350856,E. Nuamah,Missing Fixture,Knee Injury,2025-09-19T18:45:00+00:00
1387738,61,2025,77,Angers,21618,J. Allevinah,Missing Fixture,Calf Injury,2025-09-19T18:45:00+00:00
1387741,61,2025,83,Nantes,386438,M. Acapandie,Missing Fixture,Injury,2025-09-20T15:00:00+00:00
1387741,61,2025,83,Nantes,20654,F. Centonze,Missing Fixture,Injury,2025-09-20T15:00:00+00:00
1387741,61,2025,83,Nantes,443676,B. Guirassy,Missing Fixture,Hamstring Injury,2025-09-20T15:00:00+00:00
1387741,61,2025,94,Rennes,417830,A. Ait Boudlal,Missing Fixture,Groin Injury,2025-09-20T15:00:00+00:00
1387741,61,2025,94,Rennes,3007,P. Frankowski,Missing Fixture,Groin Injury,2025-09-20T15:00:00+00:00
1387735,61,2025,106,Stade Brestois 29,41323,M. Balde,Missing Fixture,Thigh Injury,2025-09-20T17:00:00+00:00
1387735,61,2025,106,Stade Brestois 29,40384,R. Majecki,Missing Fixture,Red Card,2025-09-20T17:00:00+00:00
1387735,61,2025,106,Stade Brestois 29,664,L. Tousart,Missing Fixture,Ankle Injury,2025-09-20T17:00:00+00:00
1387735,61,2025,84,Nice,196343,M. Abdelmonem,Missing Fixture,Knee Injury,2025-09-20T17:00:00+00:00
1387735,61,2025,84,Nice,49583,A. Abdi,Missing Fixture,Groin Injury,2025-09-20T17:00:00+00:00
1387735,61,2025,84,Nice,504157,D. Coulibaly,Missing Fixture,Injury,2025-09-20T17:00:00+00:00
1387735,61,2025,84,Nice,22163,Dante,Missing Fixture,Knee Injury,2025-09-20T17:00:00+00:00
1387735,61,2025,84,Nice,3099,Y. Ndayishimiye,Missing Fixture,Knee Injury,2025-09-20T17:00:00+00:00
1387735,61,2025,84,Nice,662,T. Ndombele,Missing Fixture,Groin Injury,2025-09-20T17:00:00+00:00
1387737,61,2025,116,Lens,237191,Jhoanner Chavez,Missing Fixture,Ankle Injury,2025-09-20T19:05:00+00:00
1387737,61,2025,116,Lens,2483,D. Machado,Missing Fixture,Knee Injury,2025-09-20T19:05:00+00:00
1387737,61,2025,79,Lille,142691,Alexsandro,Missing Fixture,Thigh Injury,2025-09-20T19:05:00+00:00
1387737,61,2025,79,Lille,264,T. Meunier,Missing Fixture,Groin Injury,2025-09-20T19:05:00+00:00
1387737,61,2025,79,Lille,334878,U. Raghouber,Missing Fixture,Injury,2025-09-20T19:05:00+00:00
1387737,61,2025,79,Lille,351888,O. Toure,Missing Fixture,Knee Injury,2025-09-20T19:05:00+00:00
1387742,61,2025,114,Paris FC,20647,P. Hamel,Missing Fixture,Hamstring Injury,2025-09-21T13:00:00+00:00
1387742,61,2025,114,Paris FC,22229,J. Ikone,Missing Fixture,Lacking Match Fitness,2025-09-21T13:00:00+00:00
1387742,61,2025,114,Paris FC,266013,Otavio,Missing Fixture,Red Card,2025-09-21T13:00:00+00:00
1387742,61,2025,95,Strasbourg,70747,J. Enciso,Missing Fixture,Knee Injury,2025-09-21T13:00:00+00:00
1387742,61,2025,95,Strasbourg,396193,L. Hogsberg,Missing Fixture,Red Card,2025-09-21T13:00:00+00:00
1387742,61,2025,95,Strasbourg,226803,S. Nanasi,Missing Fixture,Injury,2025-09-21T13:00:00+00:00
1387742,61,2025,95,Strasbourg,387120,R. Nzingoula,Missing Fixture,Red Card,2025-09-21T13:00:00+00:00
1387742,61,2025,95,Strasbourg,303016,M. Oyedele,Missing Fixture,Injury,2025-09-21T13:00:00+00:00
1387742,61,2025,95,Strasbourg,274328,S. Sow,Missing Fixture,Knee Injury,2025-09-21T13:00:00+00:00
1387742,61,2025,95,Strasbourg,364810,A. Sylla,Missing Fixture,Injury,2025-09-21T13:00:00+00:00
1387734,61,2025,108,Auxerre,335064,N. Buayi-Kiala,Missing Fixture,Knee Injury,2025-09-21T15:15:00+00:00
1387734,61,2025,108,Auxerre,174915,J. Casimir,Missing Fixture,Red Card,2025-09-21T15:15:00+00:00
1387734,61,2025,108,Auxerre,162466,S. Diomande,Missing Fixture,Thigh Injury,2025-09-21T15:15:00+00:00
1387734,61,2025,108,Auxerre,319919,O. El Azzouzi,Missing Fixture,Neck Injury,2025-09-21T15:15:00+00:00
1387734,61,2025,96,Toulouse,489903,I. Azizi,Missing Fixture,Knee Injury,2025-09-21T15:15:00+00:00
1387734,61,2025,96,Toulouse,334952,R. Messali,Missing Fixture,Injury,2025-09-21T15:15:00+00:00
1387734,61,2025,96,Toulouse,25533,N. Schmidt,Missing Fixture,Knee Injury,2025-09-21T15:15:00+00:00
1387734,61,2025,96,Toulouse,514464,A. Vossah,Missing Fixture,Red Card,2025-09-21T15:15:00+00:00
1387736,61,2025,111,Le Havre,23637,Y. Zouaoui,Questionable,Ankle Injury,2025-09-21T15:15:00+00:00
1387736,61,2025,97,Lorient,214310,N. Adjei,Missing Fixture,Ankle Injury,2025-09-21T15:15:00+00:00
1387736,61,2025,97,Lorient,162018,B. Fadiga,Missing Fixture,Ankle Injury,2025-09-21T15:15:00+00:00
1387736,61,2025,97,Lorient,384112,P. Katseris,Missing Fixture,Thigh Injury,2025-09-21T15:15:00+00:00
1387736,61,2025,97,Lorient,401389,T. Sanusi,Missing Fixture,Lacking Match Fitness,2025-09-21T15:15:00+00:00
1387736,61,2025,97,Lorient,195893,I. Toure,Missing Fixture,Knee Injury,2025-09-21T15:15:00+00:00
1387736,61,2025,97,Lorient,152669,D. Yongwa,Missing Fixture,Red Card,2025-09-21T15:15:00+00:00
1387740,61,2025,91,Monaco,109,A. Golovin,Missing Fixture,Muscle Injury,2025-09-21T15:15:00+00:00
1387740,61,2025,91,Monaco,963,L. Hradecky,Missing Fixture,Knee Injury,2025-09-21T15:15:00+00:00
1387740,61,2025,91,Monaco,371916,C. Mawissa,Missing Fixture,Injury,2025-09-21T15:15:00+00:00
1387740,61,2025,91,Monaco,904,P. Pogba,Missing Fixture,Lacking Match Fitness,2025-09-21T15:15:00+00:00
1387740,61,2025,91,Monaco,2810,D. Zakaria,Missing Fixture,Groin Injury,2025-09-21T15:15:00+00:00
1387740,61,2025,112,Metz,405072,J. Mangondo,Missing Fixture,Knee Injury,2025-09-21T15:15:00+00:00
1387740,61,2025,112,Metz,403883,M. Mbaye,Missing Fixture,Foot Injury,2025-09-21T15:15:00+00:00
1387740,61,2025,112,Metz,378353,U. Mboula,Missing Fixture,Hamstring Injury,2025-09-21T15:15:00+00:00
1387740,61,2025,112,Metz,428084,S. Sane,Missing Fixture,Red Card,2025-09-21T15:15:00+00:00
1387739,61,2025,81,Marseille,926,G. Kondogbia,Missing Fixture,Calf Injury,2025-09-22T18:00:00+00:00
1387739,61,2025,81,Marseille,31057,H. J. Traore,Missing Fixture,Thigh Injury,2025-09-22T18:00:00+00:00
1387739,61,2025,85,Paris Saint Germain,161904,B. Barcola,Missing Fixture,Muscle Injury,2025-09-22T18:00:00+00:00
1387739,61,2025,85,Paris Saint Germain,153,O. Dembele,Missing Fixture,Thigh Injury,2025-09-22T18:00:00+00:00
1387739,61,2025,85,Paris Saint Germain,343027,D. Doue,Missing Fixture,Calf Injury,2025-09-22T18:00:00+00:00
1387739,61,2025,85,Paris Saint Germain,335051,J. Neves,Missing Fixture,Injury,2025-09-22T18:00:00+00:00
1387750,61,2025,95,Strasbourg,70747,J. Enciso,Missing Fixture,Knee Injury,2025-09-26T18:45:00+00:00
1387750,61,2025,95,Strasbourg,226803,S. Nanasi,Missing Fixture,Shoulder Injury,2025-09-26T18:45:00+00:00
1387750,61,2025,95,Strasbourg,387120,R. Nzingoula,Missing Fixture,Red Card,2025-09-26T18:45:00+00:00
1387750,61,2025,95,Strasbourg,303016,M. Oyedele,Missing Fixture,Injury,2025-09-26T18:45:00+00:00
1387750,61,2025,95,Strasbourg,274328,S. Sow,Missing Fixture,Knee Injury,2025-09-26T18:45:00+00:00
1387750,61,2025,81,Marseille,455245,D. Bakola,Missing Fixture,Inactive,2025-09-26T18:45:00+00:00
1387750,61,2025,81,Marseille,926,G. Kondogbia,Missing Fixture,Calf Injury,2025-09-26T18:45:00+00:00
1387750,61,2025,81,Marseille,31057,H. J. Traore,Missing Fixture,Thigh Injury,2025-09-26T18:45:00+00:00
1387745,61,2025,97,Lorient,214310,N. Adjei,Missing Fixture,Ankle Injury,2025-09-27T15:00:00+00:00
1387745,61,2025,97,Lorient,162018,B. Fadiga,Missing Fixture,Ankle Injury,2025-09-27T15:00:00+00:00
1387745,61,2025,97,Lorient,384112,P. Katseris,Missing Fixture,Thigh Injury,2025-09-27T15:00:00+00:00
1387745,61,2025,97,Lorient,401389,T. Sanusi,Missing Fixture,Lacking Match Fitness,2025-09-27T15:00:00+00:00
1387745,61,2025,97,Lorient,195893,I. Toure,Missing Fixture,Knee Injury,2025-09-27T15:00:00+00:00
1387745,61,2025,97,Lorient,152669,D. Yongwa,Missing Fixture,Red Card,2025-09-27T15:00:00+00:00
1387745,61,2025,91,Monaco,274300,M. Akliouche,Missing Fixture,Illness,2025-09-27T15:00:00+00:00
1387745,61,2025,91,Monaco,453792,A. Bamba,Missing Fixture,Hamstring Injury,2025-09-27T15:00:00+00:00
1387745,61,2025,91,Monaco,109,A. Golovin,Missing Fixture,Muscle Injury,2025-09-27T15:00:00+00:00
1387745,61,2025,91,Monaco,963,L. Hradecky,Missing Fixture,Knee Injury,2025-09-27T15:00:00+00:00
1387745,61,2025,91,Monaco,343319,L. Michal,Missing Fixture,International duty,2025-09-27T15:00:00+00:00
1387745,61,2025,91,Monaco,904,P. Pogba,Missing Fixture,Lacking Match Fitness,2025-09-27T15:00:00+00:00
1387745,61,2025,91,Monaco,2810,D. Zakaria,Missing Fixture,Groin Injury,2025-09-27T15:00:00+00:00
1387751,61,2025,96,Toulouse,489903,I. Azizi,Missing Fixture,Knee Injury,2025-09-27T17:00:00+00:00
1387751,61,2025,96,Toulouse,334952,R. Messali,Missing Fixture,Injury,2025-09-27T17:00:00+00:00
1387751,61,2025,96,Toulouse,25533,N. Schmidt,Missing Fixture,Knee Injury,2025-09-27T17:00:00+00:00
1387751,61,2025,96,Toulouse,514464,A. Vossah,Missing Fixture,Red Card,2025-09-27T17:00:00+00:00
1387751,61,2025,83,Nantes,924,F. Coquelin,Missing Fixture,Injury,2025-09-27T17:00:00+00:00
1387748,61,2025,85,Paris Saint Germain,153,O. Dembele,Missing Fixture,Thigh Injury,2025-09-27T19:05:00+00:00
1387748,61,2025,85,Paris Saint Germain,343027,D. Doue,Missing Fixture,Calf Injury,2025-09-27T19:05:00+00:00
1387748,61,2025,85,Paris Saint Germain,493026,N. Kamara,Missing Fixture,International duty,2025-09-27T19:05:00+00:00
1387748,61,2025,85,Paris Saint Germain,257,Marquinhos,Missing Fixture,Muscle Injury,2025-09-27T19:05:00+00:00
1387748,61,2025,85,Paris Saint Germain,335051,J. Neves,Missing Fixture,Injury,2025-09-27T19:05:00+00:00
1387748,61,2025,108,Auxerre,335064,N. Buayi-Kiala,Missing Fixture,Knee Injury,2025-09-27T19:05:00+00:00
1387748,61,2025,108,Auxerre,162466,S. Diomande,Missing Fixture,Thigh Injury,2025-09-27T19:05:00+00:00
1387748,61,2025,108,Auxerre,319919,O. El Azzouzi,Missing Fixture,Neck Injury,2025-09-27T19:05:00+00:00
1387748,61,2025,108,Auxerre,215827,F. Oppegard,Missing Fixture,Red Card,2025-09-27T19:05:00+00:00
1387747,61,2025,84,Nice,196343,M. Abdelmonem,Missing Fixture,Knee Injury,2025-09-28T13:00:00+00:00
1387747,61,2025,84,Nice,483118,G. Bernardeau,Missing Fixture,Inactive,2025-09-28T13:00:00+00:00
1387747,61,2025,84,Nice,3099,Y. Ndayishimiye,Missing Fixture,Knee Injury,2025-09-28T13:00:00+00:00
1387747,61,2025,84,Nice,662,T. Ndombele,Missing Fixture,Groin Injury,2025-09-28T13:00:00+00:00
1387747,61,2025,114,Paris FC,21436,S. Alakouch,Missing Fixture,Injury,2025-09-28T13:00:00+00:00
1387747,61,2025,114,Paris FC,327592,L. Doucet,Missing Fixture,Inactive,2025-09-28T13:00:00+00:00
1387747,61,2025,114,Paris FC,20647,P. Hamel,Missing Fixture,Hamstring Injury,2025-09-28T13:00:00+00:00
1387747,61,2025,114,Paris FC,20925,V. Marchetti,Missing Fixture,Injury,2025-09-28T13:00:00+00:00
1387743,61,2025,77,Angers,21618,J. Allevinah,Missing Fixture,Calf Injury,2025-09-28T15:15:00+00:00
1387743,61,2025,106,Stade Brestois 29,41323,M. Balde,Missing Fixture,Thigh Injury,2025-09-28T15:15:00+00:00
1387743,61,2025,106,Stade Brestois 29,369556,J. Bourgault,Missing Fixture,International duty,2025-09-28T15:15:00+00:00
1387743,61,2025,106,Stade Brestois 29,664,L. Tousart,Missing Fixture,Ankle Injury,2025-09-28T15:15:00+00:00
1387744,61,2025,79,Lille,142691,Alexsandro,Missing Fixture,Thigh Injury,2025-09-28T15:15:00+00:00
1387744,61,2025,79,Lille,264,T. Meunier,Missing Fixture,Groin Injury,2025-09-28T15:15:00+00:00
1387744,61,2025,79,Lille,20600,R. Perraud,Missing Fixture,Injury,2025-09-28T15:15:00+00:00
1387744,61,2025,79,Lille,351888,O. Toure,Missing Fixture,Knee Injury,2025-09-28T15:15:00+00:00
1387744,61,2025,80,Lyon,9700,Abner Vinicius,Missing Fixture,Groin Injury,2025-09-28T15:15:00+00:00
1387744,61,2025,80,Lyon,20762,R. Descamps,Missing Fixture,Wrist Injury,2025-09-28T15:15:00+00:00
1387744,61,2025,80,Lyon,24882,O. Mangala,Missing Fixture,Knee Injury,2025-09-28T15:15:00+00:00
1387744,61,2025,80,Lyon,350856,E. Nuamah,Missing Fixture,Knee Injury,2025-09-28T15:15:00+00:00
1387746,61,2025,112,Metz,405072,J. Mangondo,Missing Fixture,Knee Injury,2025-09-28T15:15:00+00:00
1387746,61,2025,112,Metz,403883,M. Mbaye,Missing Fixture,Foot Injury,2025-09-28T15:15:00+00:00
1387746,61,2025,112,Metz,428084,S. Sane,Missing Fixture,Red Card,2025-09-28T15:15:00+00:00
1387746,61,2025,112,Metz,407,B. Stambouli,Missing Fixture,Knee Injury,2025-09-28T15:15:00+00:00
1387746,61,2025,111,Le Havre,174937,Y. Kechta,Missing Fixture,Knock,2025-09-28T15:15:00+00:00
1387749,61,2025,94,Rennes,417830,A. Ait Boudlal,Missing Fixture,Groin Injury,2025-09-28T18:45:00+00:00
1387749,61,2025,94,Rennes,1754,G. Kamara,Missing Fixture,Injury,2025-09-28T18:45:00+00:00
1387749,61,2025,116,Lens,402066,A. Bermont,Missing Fixture,International duty,2025-09-28T18:45:00+00:00
1387749,61,2025,116,Lens,2483,D. Machado,Missing Fixture,Knee Injury,2025-09-28T18:45:00+00:00
1387749,61,2025,116,Lens,395811,F. Sylla,Missing Fixture,International duty,2025-09-28T18:45:00+00:00
1387759,61,2025,114,Paris FC,21436,S. Alakouch,Missing Fixture,Injury,2025-10-03T18:45:00+00:00
1387759,61,2025,114,Paris FC,327592,L. Doucet,Missing Fixture,Inactive,2025-10-03T18:45:00+00:00
1387759,61,2025,114,Paris FC,20704,A. Gory,Missing Fixture,Injury,2025-10-03T18:45:00+00:00
1387759,61,2025,114,Paris FC,20647,P. Hamel,Missing Fixture,Hamstring Injury,2025-10-03T18:45:00+00:00
1387759,61,2025,114,Paris FC,20925,V. Marchetti,Missing Fixture,Injury,2025-10-03T18:45:00+00:00
1387759,61,2025,97,Lorient,214310,N. Adjei,Missing Fixture,Ankle Injury,2025-10-03T18:45:00+00:00
1387759,61,2025,97,Lorient,162018,B. Fadiga,Missing Fixture,Ankle Injury,2025-10-03T18:45:00+00:00
1387759,61,2025,97,Lorient,384112,P. Katseris,Missing Fixture,Thigh Injury,2025-10-03T18:45:00+00:00
1387759,61,2025,97,Lorient,401389,T. Sanusi,Missing Fixture,Lacking Match Fitness,2025-10-03T18:45:00+00:00
1387759,61,2025,97,Lorient,195893,I. Toure,Missing Fixture,Knee Injury,2025-10-03T18:45:00+00:00
1387757,61,2025,112,Metz,405072,J. Mangondo,Missing Fixture,Knee Injury,2025-10-04T15:00:00+00:00
1387757,61,2025,112,Metz,403883,M. Mbaye,Missing Fixture,Foot Injury,2025-10-04T15:00:00+00:00
1387757,61,2025,112,Metz,378353,U. Mboula,Missing Fixture,Muscle Injury,2025-10-04T15:00:00+00:00
1387757,61,2025,112,Metz,407,B. Stambouli,Missing Fixture,Knee Injury,2025-10-04T15:00:00+00:00
1387757,61,2025,81,Marseille,926,G. Kondogbia,Missing Fixture,Calf Injury,2025-10-04T15:00:00+00:00
1387757,61,2025,81,Marseille,6231,F. Medina,Missing Fixture,Ankle Injury,2025-10-04T15:00:00+00:00
1387757,61,2025,81,Marseille,31057,H. J. Traore,Missing Fixture,Thigh Injury,2025-10-04T15:00:00+00:00
1387753,61,2025,106,Stade Brestois 29,41323,M. Balde,Missing Fixture,Thigh Injury,2025-10-04T17:00:00+00:00
1387753,61,2025,106,Stade Brestois 29,369556,J. Bourgault,Missing Fixture,International duty,2025-10-04T17:00:00+00:00
1387753,61,2025,106,Stade Brestois 29,326073,R. Labeau Lascary,Missing Fixture,Elbow Injury,2025-10-04T17:00:00+00:00
1387753,61,2025,106,Stade Brestois 29,664,L. Tousart,Missing Fixture,Ankle Injury,2025-10-04T17:00:00+00:00
1387753,61,2025,106,Stade Brestois 29,2214,R. Del Castillo,Questionable,Muscle Injury,2025-10-04T17:00:00+00:00
1387753,61,2025,83,Nantes,924,F. Coquelin,Missing Fixture,Injury,2025-10-04T17:00:00+00:00
1387753,61,2025,83,Nantes,193952,J. Lepenant,Missing Fixture,Injury,2025-10-04T17:00:00+00:00
1387752,61,2025,108,Auxerre,335064,N. Buayi-Kiala,Missing Fixture,Knee Injury,2025-10-04T19:05:00+00:00
1387752,61,2025,108,Auxerre,322595,L. Coulibaly,Missing Fixture,Shoulder Injury,2025-10-04T19:05:00+00:00
1387752,61,2025,108,Auxerre,162466,S. Diomande,Missing Fixture,Thigh Injury,2025-10-04T19:05:00+00:00
1387752,61,2025,108,Auxerre,319919,O. El Azzouzi,Missing Fixture,Neck Injury,2025-10-04T19:05:00+00:00
1387752,61,2025,108,Auxerre,402542,T. Siwe,Missing Fixture,Knee Injury,2025-10-04T19:05:00+00:00
1387752,61,2025,116,Lens,402066,A. Bermont,Missing Fixture,International duty,2025-10-04T19:05:00+00:00
1387752,61,2025,116,Lens,21635,J. Gradit,Missing Fixture,Red Card,2025-10-04T19:05:00+00:00
1387752,61,2025,116,Lens,2483,D. Machado,Missing Fixture,Knee Injury,2025-10-04T19:05:00+00:00
1387752,61,2025,116,Lens,395811,F. Sylla,Missing Fixture,International duty,2025-10-04T19:05:00+00:00
1387756,61,2025,80,Lyon,9700,Abner Vinicius,Missing Fixture,Groin Injury,2025-10-05T13:00:00+00:00
1387756,61,2025,80,Lyon,20762,R. Descamps,Missing Fixture,Wrist Injury,2025-10-05T13:00:00+00:00
1387756,61,2025,80,Lyon,24882,O. Mangala,Missing Fixture,Knee Injury,2025-10-05T13:00:00+00:00
1387756,61,2025,80,Lyon,350856,E. Nuamah,Missing Fixture,Knee Injury,2025-10-05T13:00:00+00:00
1387756,61,2025,96,Toulouse,489903,I. Azizi,Missing Fixture,Knee Injury,2025-10-05T13:00:00+00:00
1387756,61,2025,96,Toulouse,334952,R. Messali,Missing Fixture,Injury,2025-10-05T13:00:00+00:00
1387756,61,2025,96,Toulouse,25533,N. Schmidt,Missing Fixture,Knee Injury,2025-10-05T13:00:00+00:00
1387754,61,2025,111,Le Havre,20521,T. Delaine,Missing Fixture,Injury,2025-10-05T15:15:00+00:00
1387754,61,2025,111,Le Havre,145476,R. Khadra,Missing Fixture,Knee Injury,2025-10-05T15:15:00+00:00
1387754,61,2025,111,Le Havre,1945,A. Samatta,Missing Fixture,Injury,2025-10-05T15:15:00+00:00
1387754,61,2025,111,Le Havre,21103,A. Toure,Missing Fixture,Knock,2025-10-05T15:15:00+00:00
1387754,61,2025,94,Rennes,417830,A. Ait Boudlal,Missing Fixture,Groin Injury,2025-10-05T15:15:00+00:00
1387754,61,2025,94,Rennes,1754,G. Kamara,Missing Fixture,Injury,2025-10-05T15:15:00+00:00
1387754,61,2025,94,Rennes,129681,A. Rouault,Missing Fixture,Personal Reasons,2025-10-05T15:15:00+00:00
1387758,61,2025,91,Monaco,453792,A. Bamba,Missing Fixture,Hamstring Injury,2025-10-05T15:15:00+00:00
1387758,61,2025,91,Monaco,374058,L. Camara,Missing Fixture,Ankle Injury,2025-10-05T15:15:00+00:00
1387758,61,2025,91,Monaco,109,A. Golovin,Missing Fixture,Muscle Injury,2025-10-05T15:15:00+00:00
1387758,61,2025,91,Monaco,963,L. Hradecky,Missing Fixture,Knee Injury,2025-10-05T15:15:00+00:00
1387758,61,2025,91,Monaco,261,T. Kehrer,Missing Fixture,Red Card,2025-10-05T15:15:00+00:00
1387758,61,2025,91,Monaco,371916,C. Mawissa,Missing Fixture,Muscle Injury,2025-10-05T15:15:00+00:00
1387758,61,2025,91,Monaco,343319,L. Michal,Missing Fixture,International duty,2025-10-05T15:15:00+00:00
1387758,61,2025,91,Monaco,904,P. Pogba,Missing Fixture,Lacking Match Fitness,2025-10-05T15:15:00+00:00
1387758,61,2025,91,Monaco,291649,Vanderson,Missing Fixture,Muscle Injury,2025-10-05T15:15:00+00:00
1387758,61,2025,91,Monaco,2810,D. Zakaria,Missing Fixture,Groin Injury,2025-10-05T15:15:00+00:00
1387758,61,2025,84,Nice,196343,M. Abdelmonem,Missing Fixture,Knee Injury,2025-10-05T15:15:00+00:00
1387758,61,2025,84,Nice,483118,G. Bernardeau,Missing Fixture,Inactive,2025-10-05T15:15:00+00:00
1387758,61,2025,84,Nice,22163,Dante,Missing Fixture,Inactive,2025-10-05T15:15:00+00:00
1387758,61,2025,84,Nice,3099,Y. Ndayishimiye,Missing Fixture,Knee Injury,2025-10-05T15:15:00+00:00
1387758,61,2025,84,Nice,662,T. Ndombele,Missing Fixture,Groin Injury,2025-10-05T15:15:00+00:00
1387760,61,2025,95,Strasbourg,387120,R. Nzingoula,Missing Fixture,International duty,2025-10-05T15:15:00+00:00
1387760,61,2025,95,Strasbourg,274328,S. Sow,Missing Fixture,Knee Injury,2025-10-05T15:15:00+00:00
1387760,61,2025,95,Strasbourg,203762,E. Emegha,Questionable,Injury,2025-10-05T15:15:00+00:00
1387760,61,2025,95,Strasbourg,226803,S. Nanasi,Questionable,Shoulder Injury,2025-10-05T15:15:00+00:00
1387760,61,2025,77,Angers,21618,J. Allevinah,Missing Fixture,Calf Injury,2025-10-05T15:15:00+00:00
1387755,61,2025,79,Lille,142691,Alexsandro,Missing Fixture,Thigh Injury,2025-10-05T18:45:00+00:00
1387755,61,2025,79,Lille,351888,O. Toure,Missing Fixture,Knee Injury,2025-10-05T18:45:00+00:00
1387755,61,2025,85,Paris Saint Germain,153,O. Dembele,Missing Fixture,Thigh Injury,2025-10-05T18:45:00+00:00
1387755,61,2025,85,Paris Saint Germain,343027,D. Doue,Missing Fixture,Calf Injury,2025-10-05T18:45:00+00:00
1387755,61,2025,85,Paris Saint Germain,493026,N. Kamara,Missing Fixture,International duty,2025-10-05T18:45:00+00:00
1387755,61,2025,85,Paris Saint Germain,483,K. Kvaratskhelia,Missing Fixture,Muscle Injury,2025-10-05T18:45:00+00:00
1387755,61,2025,85,Paris Saint Germain,257,Marquinhos,Missing Fixture,Thigh Injury,2025-10-05T18:45:00+00:00
1387755,61,2025,85,Paris Saint Germain,335051,J. Neves,Missing Fixture,Injury,2025-10-05T18:45:00+00:00
1387755,61,2025,85,Paris Saint Germain,328,F. Ruiz,Missing Fixture,Muscle Injury,2025-10-05T18:45:00+00:00
1387767,61,2025,85,Paris Saint Germain,153,O. Dembele,Missing Fixture,Thigh Injury,2025-10-17T18:45:00+00:00
1387767,61,2025,85,Paris Saint Germain,257,Marquinhos,Missing Fixture,Thigh Injury,2025-10-17T18:45:00+00:00
1387767,61,2025,85,Paris Saint Germain,335051,J. Neves,Missing Fixture,Muscle Injury,2025-10-17T18:45:00+00:00
1387767,61,2025,85,Paris Saint Germain,328,F. Ruiz,Missing Fixture,Muscle Injury,2025-10-17T18:45:00+00:00
1387767,61,2025,95,Strasbourg,203762,E. Emegha,Missing Fixture,Hamstring Injury,2025-10-17T18:45:00+00:00
1387767,61,2025,95,Strasbourg,276184,M. Sarr,Missing Fixture,Hamstring Injury,2025-10-17T18:45:00+00:00
1387767,61,2025,95,Strasbourg,274328,S. Sow,Missing Fixture,Knee Injury,2025-10-17T18:45:00+00:00
1387767,61,2025,95,Strasbourg,364810,A. Sylla,Missing Fixture,Inactive,2025-10-17T18:45:00+00:00
1387766,61,2025,84,Nice,196343,M. Abdelmonem,Missing Fixture,Knee Injury,2025-10-18T15:00:00+00:00
1387766,61,2025,84,Nice,49583,A. Abdi,Missing Fixture,Red Card,2025-10-18T15:00:00+00:00
1387766,61,2025,84,Nice,407017,M. Bombito,Missing Fixture,Leg Injury,2025-10-18T15:00:00+00:00
1387766,61,2025,84,Nice,69971,T. Moffi,Missing Fixture,Calf Injury,2025-10-18T15:00:00+00:00
1387766,61,2025,84,Nice,3099,Y. Ndayishimiye,Missing Fixture,Knee Injury,2025-10-18T15:00:00+00:00
1387766,61,2025,80,Lyon,20762,R. Descamps,Missing Fixture,Wrist Injury,2025-10-18T15:00:00+00:00
1387766,61,2025,80,Lyon,24882,O. Mangala,Missing Fixture,Knee Injury,2025-10-18T15:00:00+00:00
1387766,61,2025,80,Lyon,350856,E. Nuamah,Missing Fixture,Knee Injury,2025-10-18T15:00:00+00:00
1387761,61,2025,77,Angers,21618,J. Allevinah,Missing Fixture,Calf Injury,2025-10-18T17:00:00+00:00
1387761,61,2025,77,Angers,385569,E. Biumla,Missing Fixture,Muscle Injury,2025-10-18T17:00:00+00:00
1387761,61,2025,77,Angers,21145,P. Capelle,Missing Fixture,Knock,2025-10-18T17:00:00+00:00
1387761,61,2025,77,Angers,405074,J. Kalumba,Missing Fixture,Inactive,2025-10-18T17:00:00+00:00
1387761,61,2025,91,Monaco,374058,L. Camara,Missing Fixture,Ankle Injury,2025-10-18T17:00:00+00:00
1387761,61,2025,91,Monaco,175,E. Dier,Missing Fixture,Muscle Injury,2025-10-18T17:00:00+00:00
1387761,61,2025,91,Monaco,963,L. Hradecky,Missing Fixture,Knee Injury,2025-10-18T17:00:00+00:00
1387761,61,2025,91,Monaco,371916,C. Mawissa,Missing Fixture,Muscle Injury,2025-10-18T17:00:00+00:00
1387761,61,2025,91,Monaco,904,P. Pogba,Missing Fixture,Lacking Match Fitness,2025-10-18T17:00:00+00:00
1387761,61,2025,91,Monaco,291649,Vanderson,Missing Fixture,Muscle Injury,2025-10-18T17:00:00+00:00
1387761,61,2025,91,Monaco,2810,D. Zakaria,Missing Fixture,Groin Injury,2025-10-18T17:00:00+00:00
1387764,61,2025,81,Marseille,85041,A. Gouiri,Missing Fixture,Upper-Body Injury,2025-10-18T19:05:00+00:00
1387764,61,2025,81,Marseille,926,G. Kondogbia,Missing Fixture,Calf Injury,2025-10-18T19:05:00+00:00
1387764,61,2025,81,Marseille,6231,F. Medina,Missing Fixture,Ankle Injury,2025-10-18T19:05:00+00:00
1387764,61,2025,81,Marseille,31057,H. J. Traore,Missing Fixture,Thigh Injury,2025-10-18T19:05:00+00:00
1387764,61,2025,111,Le Havre,20521,T. Delaine,Missing Fixture,Injury,2025-10-18T19:05:00+00:00
1387764,61,2025,111,Le Havre,145476,R. Khadra,Missing Fixture,Knee Injury,2025-10-18T19:05:00+00:00
1387762,61,2025,116,Lens,402066,A. Bermont,Missing Fixture,International duty,2025-10-19T13:00:00+00:00
1387762,61,2025,116,Lens,369500,I. Ganiou,Missing Fixture,Red Card,2025-10-19T13:00:00+00:00
1387762,61,2025,116,Lens,2483,D. Machado,Missing Fixture,Knee Injury,2025-10-19T13:00:00+00:00
1387762,61,2025,116,Lens,395811,F. Sylla,Missing Fixture,International duty,2025-10-19T13:00:00+00:00
1387762,61,2025,116,Lens,395811,F. Sylla,Missing Fixture,Injury,2025-10-19T13:00:00+00:00
1387762,61,2025,114,Paris FC,21436,S. Alakouch,Missing Fixture,Injury,2025-10-19T13:00:00+00:00
1387762,61,2025,114,Paris FC,22003,M. Cafaro,Missing Fixture,Muscle Injury,2025-10-19T13:00:00+00:00
1387762,61,2025,114,Paris FC,20647,P. Hamel,Missing Fixture,Hamstring Injury,2025-10-19T13:00:00+00:00
1387762,61,2025,114,Paris FC,20599,J. Lopez,Missing Fixture,Calf Injury,2025-10-19T13:00:00+00:00
1387763,61,2025,97,Lorient,162018,B. Fadiga,Missing Fixture,Ankle Injury,2025-10-19T15:15:00+00:00
1387763,61,2025,97,Lorient,322865,D. Karim,Missing Fixture,Knee Injury,2025-10-19T15:15:00+00:00
1387763,61,2025,97,Lorient,384112,P. Katseris,Missing Fixture,Thigh Injury,2025-10-19T15:15:00+00:00
1387763,61,2025,97,Lorient,401389,T. Sanusi,Missing Fixture,Lacking Match Fitness,2025-10-19T15:15:00+00:00
1387763,61,2025,97,Lorient,195893,I. Toure,Missing Fixture,Knee Injury,2025-10-19T15:15:00+00:00
1387763,61,2025,106,Stade Brestois 29,41323,M. Balde,Missing Fixture,Thigh Injury,2025-10-19T15:15:00+00:00
1387763,61,2025,106,Stade Brestois 29,369556,J. Bourgault,Missing Fixture,International duty,2025-10-19T15:15:00+00:00
1387763,61,2025,106,Stade Brestois 29,422595,L. Zogbe,Missing Fixture,Inactive,2025-10-19T15:15:00+00:00
1387768,61,2025,94,Rennes,3007,P. Frankowski,Missing Fixture,Hamstring Injury,2025-10-19T15:15:00+00:00
1387768,61,2025,94,Rennes,1754,G. Kamara,Missing Fixture,Injury,2025-10-19T15:15:00+00:00
1387768,61,2025,108,Auxerre,335064,N. Buayi-Kiala,Missing Fixture,Knee Injury,2025-10-19T15:15:00+00:00
1387768,61,2025,108,Auxerre,162466,S. Diomande,Missing Fixture,Thigh Injury,2025-10-19T15:15:00+00:00
1387768,61,2025,108,Auxerre,402542,T. Siwe,Missing Fixture,Knee Injury,2025-10-19T15:15:00+00:00
1387769,61,2025,96,Toulouse,489903,I. Azizi,Missing Fixture,Knee Injury,2025-10-19T15:15:00+00:00
1387769,61,2025,96,Toulouse,334952,R. Messali,Missing Fixture,Ankle Injury,2025-10-19T15:15:00+00:00
1387769,61,2025,96,Toulouse,25533,N. Schmidt,Missing Fixture,Knee Injury,2025-10-19T15:15:00+00:00
1387769,61,2025,112,Metz,405072,J. Mangondo,Missing Fixture,Knee Injury,2025-10-19T15:15:00+00:00
1387769,61,2025,112,Metz,403883,M. Mbaye,Missing Fixture,Foot Injury,2025-10-19T15:15:00+00:00
1387769,61,2025,112,Metz,378353,U. Mboula,Missing Fixture,Hamstring Injury,2025-10-19T15:15:00+00:00
1387765,61,2025,83,Nantes,924,F. Coquelin,Missing Fixture,Hamstring Injury,2025-10-19T18:45:00+00:00
1387765,61,2025,83,Nantes,266200,M. Lahdo,Missing Fixture,Inactive,2025-10-19T18:45:00+00:00
1387765,61,2025,83,Nantes,193952,J. Lepenant,Missing Fixture,Injury,2025-10-19T18:45:00+00:00
1387765,61,2025,79,Lille,142691,Alexsandro,Missing Fixture,Thigh Injury,2025-10-19T18:45:00+00:00
1387765,61,2025,79,Lille,409,N. Bentaleb,Missing Fixture,Inactive,2025-10-19T18:45:00+00:00
1387765,61,2025,79,Lille,375598,N. Mukau,Missing Fixture,Inactive,2025-10-19T18:45:00+00:00
1387765,61,2025,79,Lille,351888,O. Toure,Missing Fixture,Knee Injury,2025-10-19T18:45:00+00:00
1387777,61,2025,114,Paris FC,22003,M. Cafaro,Missing Fixture,Muscle Injury,2025-10-24T18:45:00+00:00
1387777,61,2025,114,Paris FC,20647,P. Hamel,Missing Fixture,Hamstring Injury,2025-10-24T18:45:00+00:00
1387777,61,2025,114,Paris FC,20599,J. Lopez,Missing Fixture,Calf Injury,2025-10-24T18:45:00+00:00
1387777,61,2025,114,Paris FC,389322,N. Sangui,Missing Fixture,Muscle Injury,2025-10-24T18:45:00+00:00
1387777,61,2025,83,Nantes,924,F. Coquelin,Missing Fixture,Hamstring Injury,2025-10-24T18:45:00+00:00
1387777,61,2025,83,Nantes,266200,M. Lahdo,Missing Fixture,Inactive,2025-10-24T18:45:00+00:00
1387777,61,2025,83,Nantes,193952,J. Lepenant,Missing Fixture,Injury,2025-10-24T18:45:00+00:00
1387772,61,2025,106,Stade Brestois 29,326068,K. Doumbia,Missing Fixture,Knee Injury,2025-10-25T15:00:00+00:00
1387772,61,2025,106,Stade Brestois 29,326073,R. Labeau Lascary,Missing Fixture,Thigh Injury,2025-10-25T15:00:00+00:00
1387772,61,2025,85,Paris Saint Germain,335051,J. Neves,Missing Fixture,Muscle Injury,2025-10-25T15:00:00+00:00
1387772,61,2025,85,Paris Saint Germain,328,F. Ruiz,Missing Fixture,Muscle Injury,2025-10-25T15:00:00+00:00
1387776,61,2025,91,Monaco,10316,Caio Henrique,Missing Fixture,Injury,2025-10-25T17:00:00+00:00
1387776,61,2025,91,Monaco,374058,L. Camara,Missing Fixture,Ankle Injury,2025-10-25T17:00:00+00:00
1387776,61,2025,91,Monaco,175,E. Dier,Missing Fixture,Muscle Injury,2025-10-25T17:00:00+00:00
1387776,61,2025,91,Monaco,963,L. Hradecky,Missing Fixture,Knee Injury,2025-10-25T17:00:00+00:00
1387776,61,2025,91,Monaco,904,P. Pogba,Missing Fixture,Lacking Match Fitness,2025-10-25T17:00:00+00:00
1387776,61,2025,91,Monaco,291649,Vanderson,Missing Fixture,Muscle Injury,2025-10-25T17:00:00+00:00
1387776,61,2025,91,Monaco,2810,D. Zakaria,Missing Fixture,Groin Injury,2025-10-25T17:00:00+00:00
1387776,61,2025,96,Toulouse,489903,I. Azizi,Missing Fixture,Knee Injury,2025-10-25T17:00:00+00:00
1387776,61,2025,96,Toulouse,385351,N. Lahmadi,Missing Fixture,Inactive,2025-10-25T17:00:00+00:00
1387776,61,2025,96,Toulouse,334952,R. Messali,Missing Fixture,Ankle Injury,2025-10-25T17:00:00+00:00
1387776,61,2025,96,Toulouse,25533,N. Schmidt,Missing Fixture,Knee Injury,2025-10-25T17:00:00+00:00
1387773,61,2025,116,Lens,402066,A. Bermont,Missing Fixture,Injury,2025-10-25T19:05:00+00:00
1387773,61,2025,116,Lens,237232,H. Ojediran,Missing Fixture,Inactive,2025-10-25T19:05:00+00:00
1387773,61,2025,116,Lens,395811,F. Sylla,Missing Fixture,Injury,2025-10-25T19:05:00+00:00
1387773,61,2025,81,Marseille,85041,A. Gouiri,Missing Fixture,Shoulder Injury,2025-10-25T19:05:00+00:00
1387773,61,2025,81,Marseille,926,G. Kondogbia,Missing Fixture,Calf Injury,2025-10-25T19:05:00+00:00
1387773,61,2025,81,Marseille,6231,F. Medina,Missing Fixture,Ankle Injury,2025-10-25T19:05:00+00:00
1387773,61,2025,81,Marseille,31057,H. J. Traore,Missing Fixture,Thigh Injury,2025-10-25T19:05:00+00:00
1387774,61,2025,79,Lille,142691,Alexsandro,Missing Fixture,Thigh Injury,2025-10-26T14:00:00+00:00
1387774,61,2025,79,Lille,21483,M. Caillard,Missing Fixture,Inactive,2025-10-26T14:00:00+00:00
1387774,61,2025,79,Lille,2295,O. Giroud,Missing Fixture,Injury,2025-10-26T14:00:00+00:00
1387774,61,2025,79,Lille,18765,A. Gomes,Missing Fixture,Inactive,2025-10-26T14:00:00+00:00
1387774,61,2025,79,Lille,351888,O. Toure,Missing Fixture,Knee Injury,2025-10-26T14:00:00+00:00
1387774,61,2025,112,Metz,105,F. Ballo-Toure,Missing Fixture,Muscle Injury,2025-10-26T14:00:00+00:00
1387774,61,2025,112,Metz,405072,J. Mangondo,Missing Fixture,Knee Injury,2025-10-26T14:00:00+00:00
1387774,61,2025,112,Metz,403883,M. Mbaye,Missing Fixture,Foot Injury,2025-10-26T14:00:00+00:00
1387774,61,2025,112,Metz,378353,U. Mboula,Missing Fixture,Hamstring Injury,2025-10-26T14:00:00+00:00
1387774,61,2025,112,Metz,428084,S. Sane,Missing Fixture,Red Card,2025-10-26T14:00:00+00:00
1387774,61,2025,112,Metz,157912,B. Traore,Missing Fixture,Injury,2025-10-26T14:00:00+00:00
1387770,61,2025,77,Angers,21618,J. Allevinah,Missing Fixture,Calf Injury,2025-10-26T16:15:00+00:00
1387770,61,2025,77,Angers,385569,E. Biumla,Missing Fixture,Muscle Injury,2025-10-26T16:15:00+00:00
1387770,61,2025,77,Angers,456831,M. Louer,Missing Fixture,Inactive,2025-10-26T16:15:00+00:00
1387770,61,2025,97,Lorient,284072,B. Dieng,Missing Fixture,Injury,2025-10-26T16:15:00+00:00
1387770,61,2025,97,Lorient,162018,B. Fadiga,Missing Fixture,Ankle Injury,2025-10-26T16:15:00+00:00
1387770,61,2025,97,Lorient,437776,A. Faye,Missing Fixture,Yellow Cards,2025-10-26T16:15:00+00:00
1387770,61,2025,97,Lorient,384112,P. Katseris,Missing Fixture,Thigh Injury,2025-10-26T16:15:00+00:00
1387770,61,2025,97,Lorient,401389,T. Sanusi,Missing Fixture,Lacking Match Fitness,2025-10-26T16:15:00+00:00
1387770,61,2025,97,Lorient,195893,I. Toure,Missing Fixture,Knee Injury,2025-10-26T16:15:00+00:00
1387771,61,2025,108,Auxerre,335064,N. Buayi-Kiala,Missing Fixture,Knee Injury,2025-10-26T16:15:00+00:00
1387771,61,2025,108,Auxerre,402542,T. Siwe,Missing Fixture,Knee Injury,2025-10-26T16:15:00+00:00
1387771,61,2025,111,Le Havre,64255,G. Lloris,Missing Fixture,Red Card,2025-10-26T16:15:00+00:00
1387778,61,2025,84,Nice,196343,M. Abdelmonem,Missing Fixture,Knee Injury,2025-10-26T16:15:00+00:00
1387778,61,2025,84,Nice,407017,M. Bombito,Missing Fixture,Leg Injury,2025-10-26T16:15:00+00:00
1387778,61,2025,84,Nice,22163,Dante,Missing Fixture,Knee Injury,2025-10-26T16:15:00+00:00
1387778,61,2025,84,Nice,69971,T. Moffi,Missing Fixture,Calf Injury,2025-10-26T16:15:00+00:00
1387778,61,2025,84,Nice,3099,Y. Ndayishimiye,Missing Fixture,Knee Injury,2025-10-26T16:15:00+00:00
1387775,61,2025,80,Lyon,20762,R. Descamps,Missing Fixture,Wrist Injury,2025-10-26T19:45:00+00:00
1387775,61,2025,80,Lyon,24882,O. Mangala,Missing Fixture,Knee Injury,2025-10-26T19:45:00+00:00
1387775,61,2025,80,Lyon,350856,E. Nuamah,Missing Fixture,Knee Injury,2025-10-26T19:45:00+00:00
1387775,61,2025,95,Strasbourg,334035,S. Amo-Ameyaw,Missing Fixture,Injury,2025-10-26T19:45:00+00:00
1387775,61,2025,95,Strasbourg,203762,E. Emegha,Missing Fixture,Hamstring Injury,2025-10-26T19:45:00+00:00
1387775,61,2025,95,Strasbourg,2850,K. Johnsson,Missing Fixture,Injury,2025-10-26T19:45:00+00:00
1387775,61,2025,95,Strasbourg,303016,M. Oyedele,Missing Fixture,Injury,2025-10-26T19:45:00+00:00
1387775,61,2025,95,Strasbourg,274328,S. Sow,Missing Fixture,Knee Injury,2025-10-26T19:45:00+00:00
1387775,61,2025,95,Strasbourg,2933,B. Chilwell,Questionable,Inactive,2025-10-26T19:45:00+00:00
1387779,61,2025,111,Le Havre,1945,A. Samatta,Missing Fixture,Thigh Injury,2025-10-29T18:00:00+00:00
1387779,61,2025,106,Stade Brestois 29,326068,K. Doumbia,Missing Fixture,Knee Injury,2025-10-29T18:00:00+00:00
1387779,61,2025,106,Stade Brestois 29,326073,R. Labeau Lascary,Missing Fixture,Thigh Injury,2025-10-29T18:00:00+00:00
1387780,61,2025,97,Lorient,284072,B. Dieng,Missing Fixture,Injury,2025-10-29T18:00:00+00:00
1387780,61,2025,97,Lorient,162018,B. Fadiga,Missing Fixture,Ankle Injury,2025-10-29T18:00:00+00:00
1387780,61,2025,97,Lorient,437776,A. Faye,Missing Fixture,Foot Injury,2025-10-29T18:00:00+00:00
1387780,61,2025,97,Lorient,384112,P. Katseris,Missing Fixture,Thigh Injury,2025-10-29T18:00:00+00:00
1387780,61,2025,97,Lorient,401389,T. Sanusi,Missing Fixture,Lacking Match Fitness,2025-10-29T18:00:00+00:00
1387780,61,2025,97,Lorient,195893,I. Toure,Missing Fixture,Knee Injury,2025-10-29T18:00:00+00:00
1387780,61,2025,85,Paris Saint Germain,9,A. Hakimi,Missing Fixture,Rest,2025-10-29T18:00:00+00:00
1387780,61,2025,85,Paris Saint Germain,927,Lee Kang-In,Missing Fixture,Illness,2025-10-29T18:00:00+00:00
1387780,61,2025,85,Paris Saint Germain,328,F. Ruiz,Missing Fixture,Muscle Injury,2025-10-29T18:00:00+00:00
1387782,61,2025,112,Metz,105,F. Ballo-Toure,Missing Fixture,Muscle Injury,2025-10-29T18:00:00+00:00
1387782,61,2025,112,Metz,405072,J. Mangondo,Missing Fixture,Knee Injury,2025-10-29T18:00:00+00:00
1387782,61,2025,112,Metz,403883,M. Mbaye,Missing Fixture,Foot Injury,2025-10-29T18:00:00+00:00
1387782,61,2025,112,Metz,378353,U. Mboula,Missing Fixture,Hamstring Injury,2025-10-29T18:00:00+00:00
1387782,61,2025,112,Metz,428084,S. Sane,Missing Fixture,Red Card,2025-10-29T18:00:00+00:00
1387782,61,2025,112,Metz,403878,P. Sy,Missing Fixture,Injury,2025-10-29T18:00:00+00:00
1387782,61,2025,112,Metz,157912,B. Traore,Missing Fixture,Illness,2025-10-29T18:00:00+00:00
1387782,61,2025,116,Lens,441264,K. Antonio,Missing Fixture,Injury,2025-10-29T18:00:00+00:00
1387782,61,2025,116,Lens,402066,A. Bermont,Missing Fixture,Injury,2025-10-29T18:00:00+00:00
1387782,61,2025,116,Lens,395811,F. Sylla,Missing Fixture,Injury,2025-10-29T18:00:00+00:00
1387784,61,2025,84,Nice,196343,M. Abdelmonem,Missing Fixture,Knee Injury,2025-10-29T18:00:00+00:00
1387784,61,2025,84,Nice,407017,M. Bombito,Missing Fixture,Leg Injury,2025-10-29T18:00:00+00:00
1387784,61,2025,84,Nice,274312,M. Cho,Missing Fixture,Injury,2025-10-29T18:00:00+00:00
1387784,61,2025,84,Nice,25008,J. Clauss,Missing Fixture,Knee Injury,2025-10-29T18:00:00+00:00
1387784,61,2025,84,Nice,22163,Dante,Missing Fixture,Knee Injury,2025-10-29T18:00:00+00:00
1387784,61,2025,84,Nice,69971,T. Moffi,Missing Fixture,Calf Injury,2025-10-29T18:00:00+00:00
1387784,61,2025,84,Nice,3099,Y. Ndayishimiye,Missing Fixture,Knee Injury,2025-10-29T18:00:00+00:00
1387784,61,2025,79,Lille,142691,Alexsandro,Missing Fixture,Thigh Injury,2025-10-29T18:00:00+00:00
1387784,61,2025,79,Lille,21483,M. Caillard,Missing Fixture,Inactive,2025-10-29T18:00:00+00:00
1387784,61,2025,79,Lille,386287,E. Mbappe,Missing Fixture,Inactive,2025-10-29T18:00:00+00:00
1387784,61,2025,79,Lille,351888,O. Toure,Missing Fixture,Knee Injury,2025-10-29T18:00:00+00:00
1387781,61,2025,81,Marseille,6,L. Balerdi,Missing Fixture,Muscle Injury,2025-10-29T20:05:00+00:00
1387781,61,2025,81,Marseille,85041,A. Gouiri,Missing Fixture,Shoulder Injury,2025-10-29T20:05:00+00:00
1387781,61,2025,81,Marseille,926,G. Kondogbia,Missing Fixture,Calf Injury,2025-10-29T20:05:00+00:00
1387781,61,2025,81,Marseille,6231,F. Medina,Missing Fixture,Ankle Injury,2025-10-29T20:05:00+00:00
1387781,61,2025,81,Marseille,31057,H. J. Traore,Missing Fixture,Thigh Injury,2025-10-29T20:05:00+00:00
1387781,61,2025,81,Marseille,1138,T. Weah,Missing Fixture,Muscle Injury,2025-10-29T20:05:00+00:00
1387781,61,2025,77,Angers,21618,J. Allevinah,Missing Fixture,Calf Injury,2025-10-29T20:05:00+00:00
1387781,61,2025,77,Angers,385569,E. Biumla,Missing Fixture,Muscle Injury,2025-10-29T20:05:00+00:00
1387781,61,2025,77,Angers,457541,P. Peter,Missing Fixture,Injury,2025-10-29T20:05:00+00:00
1387783,61,2025,83,Nantes,924,F. Coquelin,Missing Fixture,Hamstring Injury,2025-10-29T20:05:00+00:00
1387783,61,2025,83,Nantes,26519,Hong Hyun-Seok,Missing Fixture,Muscle Injury,2025-10-29T20:05:00+00:00
1387783,61,2025,83,Nantes,266200,M. Lahdo,Missing Fixture,Inactive,2025-10-29T20:05:00+00:00
1387783,61,2025,83,Nantes,193952,J. Lepenant,Missing Fixture,Injury,2025-10-29T20:05:00+00:00
1387783,61,2025,91,Monaco,10316,Caio Henrique,Missing Fixture,Injury,2025-10-29T20:05:00+00:00
1387783,61,2025,91,Monaco,374058,L. Camara,Missing Fixture,Ankle Injury,2025-10-29T20:05:00+00:00
1387783,61,2025,91,Monaco,175,E. Dier,Missing Fixture,Muscle Injury,2025-10-29T20:05:00+00:00
1387783,61,2025,91,Monaco,963,L. Hradecky,Missing Fixture,Knee Injury,2025-10-29T20:05:00+00:00
1387783,61,2025,91,Monaco,904,P. Pogba,Missing Fixture,Lacking Match Fitness,2025-10-29T20:05:00+00:00
1387783,61,2025,91,Monaco,291649,Vanderson,Missing Fixture,Muscle Injury,2025-10-29T20:05:00+00:00
1387783,61,2025,91,Monaco,2810,D. Zakaria,Missing Fixture,Groin Injury,2025-10-29T20:05:00+00:00
1387785,61,2025,114,Paris FC,21436,S. Alakouch,Missing Fixture,Injury,2025-10-29T20:05:00+00:00
1387785,61,2025,114,Paris FC,22003,M. Cafaro,Missing Fixture,Muscle Injury,2025-10-29T20:05:00+00:00
1387785,61,2025,114,Paris FC,20647,P. Hamel,Missing Fixture,Hamstring Injury,2025-10-29T20:05:00+00:00
1387785,61,2025,114,Paris FC,389322,N. Sangui,Missing Fixture,Muscle Injury,2025-10-29T20:05:00+00:00
1387785,61,2025,80,Lyon,361348,M. Fofana,Missing Fixture,Ankle Injury,2025-10-29T20:05:00+00:00
1387785,61,2025,80,Lyon,24882,O. Mangala,Missing Fixture,Knee Injury,2025-10-29T20:05:00+00:00
1387785,61,2025,80,Lyon,350856,E. Nuamah,Missing Fixture,Knee Injury,2025-10-29T20:05:00+00:00
1387786,61,2025,95,Strasbourg,271542,I. Doukoure,Missing Fixture,Red Card,2025-10-29T20:05:00+00:00
1387786,61,2025,95,Strasbourg,203762,E. Emegha,Missing Fixture,Hamstring Injury,2025-10-29T20:05:00+00:00
1387786,61,2025,95,Strasbourg,396193,L. Hogsberg,Missing Fixture,Personal Reasons,2025-10-29T20:05:00+00:00
1387786,61,2025,95,Strasbourg,274328,S. Sow,Missing Fixture,Knee Injury,2025-10-29T20:05:00+00:00
1387786,61,2025,95,Strasbourg,364810,A. Sylla,Missing Fixture,Inactive,2025-10-29T20:05:00+00:00
1387786,61,2025,108,Auxerre,335064,N. Buayi-Kiala,Missing Fixture,Knee Injury,2025-10-29T20:05:00+00:00
1387786,61,2025,108,Auxerre,190686,S. Mara,Missing Fixture,Loan agreement,2025-10-29T20:05:00+00:00
1387786,61,2025,108,Auxerre,7578,G. Mensah,Missing Fixture,Personal Reasons,2025-10-29T20:05:00+00:00
1387786,61,2025,108,Auxerre,402542,T. Siwe,Missing Fixture,Knee Injury,2025-10-29T20:05:00+00:00
1387787,61,2025,96,Toulouse,489903,I. Azizi,Missing Fixture,Knee Injury,2025-10-29T20:05:00+00:00
1387787,61,2025,96,Toulouse,334952,R. Messali,Missing Fixture,Ankle Injury,2025-10-29T20:05:00+00:00
1387787,61,2025,96,Toulouse,25533,N. Schmidt,Missing Fixture,Knee Injury,2025-10-29T20:05:00+00:00
1387787,61,2025,94,Rennes,21497,L. Blas,Missing Fixture,Coach's decision,2025-10-29T20:05:00+00:00
1387787,61,2025,94,Rennes,30807,S. Fofana,Missing Fixture,Coach's decision,2025-10-29T20:05:00+00:00
1387787,61,2025,94,Rennes,399890,N. Mukiele,Missing Fixture,Inactive,2025-10-29T20:05:00+00:00
1387794,61,2025,85,Paris Saint Germain,343027,D. Doue,Missing Fixture,Muscle Injury,2025-11-01T16:00:00+00:00
1387794,61,2025,84,Nice,196343,M. Abdelmonem,Missing Fixture,Knee Injury,2025-11-01T16:00:00+00:00
1387794,61,2025,84,Nice,407017,M. Bombito,Missing Fixture,Leg Injury,2025-11-01T16:00:00+00:00
1387794,61,2025,84,Nice,274312,M. Cho,Missing Fixture,Injury,2025-11-01T16:00:00+00:00
1387794,61,2025,84,Nice,25008,J. Clauss,Missing Fixture,Knee Injury,2025-11-01T16:00:00+00:00
1387794,61,2025,84,Nice,22163,Dante,Missing Fixture,Knee Injury,2025-11-01T16:00:00+00:00
1387794,61,2025,84,Nice,69971,T. Moffi,Missing Fixture,Calf Injury,2025-11-01T16:00:00+00:00
1387794,61,2025,84,Nice,3099,Y. Ndayishimiye,Missing Fixture,Knee Injury,2025-11-01T16:00:00+00:00
1387792,61,2025,91,Monaco,374058,L. Camara,Missing Fixture,Ankle Injury,2025-11-01T18:00:00+00:00
1387792,61,2025,91,Monaco,175,E. Dier,Missing Fixture,Muscle Injury,2025-11-01T18:00:00+00:00
1387792,61,2025,91,Monaco,963,L. Hradecky,Missing Fixture,Knee Injury,2025-11-01T18:00:00+00:00
1387792,61,2025,91,Monaco,371916,C. Mawissa,Missing Fixture,Injury,2025-11-01T18:00:00+00:00
1387792,61,2025,91,Monaco,904,P. Pogba,Missing Fixture,Ankle Injury,2025-11-01T18:00:00+00:00
1387792,61,2025,91,Monaco,291649,Vanderson,Missing Fixture,Muscle Injury,2025-11-01T18:00:00+00:00
1387792,61,2025,91,Monaco,2810,D. Zakaria,Missing Fixture,Groin Injury,2025-11-01T18:00:00+00:00
1387792,61,2025,114,Paris FC,8474,T. De Smet,Missing Fixture,Red Card,2025-11-01T18:00:00+00:00
1387792,61,2025,114,Paris FC,22229,J. Ikone,Missing Fixture,Injury,2025-11-01T18:00:00+00:00
1387792,61,2025,114,Paris FC,389322,N. Sangui,Missing Fixture,Muscle Injury,2025-11-01T18:00:00+00:00
1387792,61,2025,114,Paris FC,2202,H. Traore,Missing Fixture,Injury,2025-11-01T18:00:00+00:00
1387788,61,2025,108,Auxerre,335064,N. Buayi-Kiala,Missing Fixture,Knee Injury,2025-11-01T20:05:00+00:00
1387788,61,2025,108,Auxerre,319919,O. El Azzouzi,Missing Fixture,Injury,2025-11-01T20:05:00+00:00
1387788,61,2025,108,Auxerre,402542,T. Siwe,Missing Fixture,Knee Injury,2025-11-01T20:05:00+00:00
1387788,61,2025,81,Marseille,6,L. Balerdi,Missing Fixture,Muscle Injury,2025-11-01T20:05:00+00:00
1387788,61,2025,81,Marseille,85041,A. Gouiri,Missing Fixture,Shoulder Injury,2025-11-01T20:05:00+00:00
1387788,61,2025,81,Marseille,926,G. Kondogbia,Missing Fixture,Calf Injury,2025-11-01T20:05:00+00:00
1387788,61,2025,81,Marseille,6231,F. Medina,Missing Fixture,Ankle Injury,2025-11-01T20:05:00+00:00
1387788,61,2025,81,Marseille,283216,B. Nadir,Missing Fixture,Head Injury,2025-11-01T20:05:00+00:00
1387788,61,2025,81,Marseille,31057,H. J. Traore,Missing Fixture,Thigh Injury,2025-11-01T20:05:00+00:00
1387788,61,2025,81,Marseille,1138,T. Weah,Missing Fixture,Muscle Injury,2025-11-01T20:05:00+00:00
1387795,61,2025,94,Rennes,399890,N. Mukiele,Missing Fixture,Inactive,2025-11-02T14:00:00+00:00
1387795,61,2025,95,Strasbourg,271542,I. Doukoure,Missing Fixture,Red Card,2025-11-02T14:00:00+00:00
1387795,61,2025,95,Strasbourg,203762,E. Emegha,Missing Fixture,Hamstring Injury,2025-11-02T14:00:00+00:00
1387795,61,2025,95,Strasbourg,274328,S. Sow,Missing Fixture,Knee Injury,2025-11-02T14:00:00+00:00
1387795,61,2025,95,Strasbourg,364810,A. Sylla,Missing Fixture,Inactive,2025-11-02T14:00:00+00:00
1387790,61,2025,116,Lens,441264,K. Antonio,Missing Fixture,Injury,2025-11-02T16:15:00+00:00
1387790,61,2025,97,Lorient,284072,B. Dieng,Missing Fixture,Injury,2025-11-02T16:15:00+00:00
1387790,61,2025,97,Lorient,162018,B. Fadiga,Missing Fixture,Ankle Injury,2025-11-02T16:15:00+00:00
1387790,61,2025,97,Lorient,437776,A. Faye,Missing Fixture,Foot Injury,2025-11-02T16:15:00+00:00
1387790,61,2025,97,Lorient,384112,P. Katseris,Missing Fixture,Thigh Injury,2025-11-02T16:15:00+00:00
1387790,61,2025,97,Lorient,401389,T. Sanusi,Missing Fixture,Lacking Match Fitness,2025-11-02T16:15:00+00:00
1387790,61,2025,97,Lorient,195893,I. Toure,Missing Fixture,Knee Injury,2025-11-02T16:15:00+00:00
1387791,61,2025,79,Lille,142691,Alexsandro,Missing Fixture,Thigh Injury,2025-11-02T16:15:00+00:00
1387791,61,2025,79,Lille,21483,M. Caillard,Missing Fixture,Inactive,2025-11-02T16:15:00+00:00
1387791,61,2025,79,Lille,386287,E. Mbappe,Missing Fixture,Inactive,2025-11-02T16:15:00+00:00
1387791,61,2025,79,Lille,312964,N. Ngoy,Missing Fixture,Inactive,2025-11-02T16:15:00+00:00
1387791,61,2025,79,Lille,351888,O. Toure,Missing Fixture,Knee Injury,2025-11-02T16:15:00+00:00
1387791,61,2025,77,Angers,21618,J. Allevinah,Missing Fixture,Calf Injury,2025-11-02T16:15:00+00:00
1387791,61,2025,77,Angers,385569,E. Biumla,Missing Fixture,Muscle Injury,2025-11-02T16:15:00+00:00
1387791,61,2025,77,Angers,405074,J. Kalumba,Missing Fixture,Inactive,2025-11-02T16:15:00+00:00
1387791,61,2025,77,Angers,456831,M. Louer,Missing Fixture,Inactive,2025-11-02T16:15:00+00:00
1387793,61,2025,83,Nantes,924,F. Coquelin,Missing Fixture,Hamstring Injury,2025-11-02T16:15:00+00:00
1387793,61,2025,83,Nantes,26519,Hong Hyun-Seok,Missing Fixture,Muscle Injury,2025-11-02T16:15:00+00:00
1387793,61,2025,83,Nantes,266200,M. Lahdo,Missing Fixture,Inactive,2025-11-02T16:15:00+00:00
1387793,61,2025,83,Nantes,193952,J. Lepenant,Missing Fixture,Injury,2025-11-02T16:15:00+00:00
1387793,61,2025,112,Metz,105,F. Ballo-Toure,Missing Fixture,Muscle Injury,2025-11-02T16:15:00+00:00
1387793,61,2025,112,Metz,20529,G. Hein,Missing Fixture,Red Card,2025-11-02T16:15:00+00:00
1387793,61,2025,112,Metz,514519,B. Madjo,Missing Fixture,Inactive,2025-11-02T16:15:00+00:00
1387793,61,2025,112,Metz,405072,J. Mangondo,Missing Fixture,Knee Injury,2025-11-02T16:15:00+00:00
1387793,61,2025,112,Metz,403883,M. Mbaye,Missing Fixture,Foot Injury,2025-11-02T16:15:00+00:00
1387793,61,2025,112,Metz,378353,U. Mboula,Missing Fixture,Hamstring Injury,2025-11-02T16:15:00+00:00
1387793,61,2025,112,Metz,428084,S. Sane,Missing Fixture,Red Card,2025-11-02T16:15:00+00:00
1387793,61,2025,112,Metz,403878,P. Sy,Missing Fixture,Injury,2025-11-02T16:15:00+00:00
1387796,61,2025,96,Toulouse,489903,I. Azizi,Missing Fixture,Knee Injury,2025-11-02T16:15:00+00:00
1387796,61,2025,96,Toulouse,385351,N. Lahmadi,Missing Fixture,Inactive,2025-11-02T16:15:00+00:00
1387796,61,2025,96,Toulouse,25533,N. Schmidt,Missing Fixture,Knee Injury,2025-11-02T16:15:00+00:00
1387796,61,2025,111,Le Havre,1945,A. Samatta,Missing Fixture,Thigh Injury,2025-11-02T16:15:00+00:00
1387789,61,2025,106,Stade Brestois 29,326068,K. Doumbia,Missing Fixture,Knee Injury,2025-11-02T19:45:00+00:00
1387789,61,2025,80,Lyon,9700,Abner Vinicius,Missing Fixture,Red Card,2025-11-02T19:45:00+00:00
1387789,61,2025,80,Lyon,361348,M. Fofana,Missing Fixture,Ankle Injury,2025-11-02T19:45:00+00:00
1387789,61,2025,80,Lyon,24882,O. Mangala,Missing Fixture,Knee Injury,2025-11-02T19:45:00+00:00
1387789,61,2025,80,Lyon,350856,E. Nuamah,Missing Fixture,Knee Injury,2025-11-02T19:45:00+00:00
1387804,61,2025,114,Paris FC,21436,S. Alakouch,Missing Fixture,Injury,2025-11-07T19:45:00+00:00
1387804,61,2025,114,Paris FC,22229,J. Ikone,Missing Fixture,Groin Injury,2025-11-07T19:45:00+00:00
1387804,61,2025,114,Paris FC,389322,N. Sangui,Missing Fixture,Hamstring Injury,2025-11-07T19:45:00+00:00
1387804,61,2025,94,Rennes,417830,A. Ait Boudlal,Missing Fixture,Yellow Cards,2025-11-07T19:45:00+00:00
1387804,61,2025,94,Rennes,399890,N. Mukiele,Missing Fixture,Inactive,2025-11-07T19:45:00+00:00
1387801,61,2025,81,Marseille,6,L. Balerdi,Missing Fixture,Muscle Injury,2025-11-08T16:00:00+00:00
1387801,61,2025,81,Marseille,943,U. Garcia,Missing Fixture,Red Card,2025-11-08T16:00:00+00:00
1387801,61,2025,81,Marseille,85041,A. Gouiri,Missing Fixture,Shoulder Injury,2025-11-08T16:00:00+00:00
1387801,61,2025,81,Marseille,6231,F. Medina,Missing Fixture,Ankle Injury,2025-11-08T16:00:00+00:00
1387801,61,2025,81,Marseille,283216,B. Nadir,Missing Fixture,Head Injury,2025-11-08T16:00:00+00:00
1387801,61,2025,81,Marseille,31057,H. J. Traore,Missing Fixture,Thigh Injury,2025-11-08T16:00:00+00:00
1387801,61,2025,106,Stade Brestois 29,326068,K. Doumbia,Missing Fixture,Knee Injury,2025-11-08T16:00:00+00:00
1387798,61,2025,111,Le Havre,344165,D. Pizarro,Missing Fixture,Inactive,2025-11-08T18:00:00+00:00
1387798,61,2025,83,Nantes,924,F. Coquelin,Missing Fixture,Hamstring Injury,2025-11-08T18:00:00+00:00
1387798,61,2025,83,Nantes,266200,M. Lahdo,Missing Fixture,Inactive,2025-11-08T18:00:00+00:00
1387798,61,2025,83,Nantes,193952,J. Lepenant,Missing Fixture,Injury,2025-11-08T18:00:00+00:00
1387798,61,2025,83,Nantes,647,A. Lopes,Missing Fixture,Hip Injury,2025-11-08T18:00:00+00:00
1387803,61,2025,91,Monaco,374058,L. Camara,Missing Fixture,Ankle Injury,2025-11-08T20:05:00+00:00
1387803,61,2025,91,Monaco,81,K. Diatta,Missing Fixture,Eye injury,2025-11-08T20:05:00+00:00
1387803,61,2025,91,Monaco,963,L. Hradecky,Missing Fixture,Knee Injury,2025-11-08T20:05:00+00:00
1387803,61,2025,91,Monaco,371916,C. Mawissa,Missing Fixture,Muscle Injury,2025-11-08T20:05:00+00:00
1387803,61,2025,91,Monaco,904,P. Pogba,Missing Fixture,Ankle Injury,2025-11-08T20:05:00+00:00
1387803,61,2025,91,Monaco,291649,Vanderson,Missing Fixture,Muscle Injury,2025-11-08T20:05:00+00:00
1387799,61,2025,97,Lorient,162018,B. Fadiga,Missing Fixture,Ankle Injury,2025-11-09T14:00:00+00:00
1387799,61,2025,97,Lorient,437776,A. Faye,Missing Fixture,Foot Injury,2025-11-09T14:00:00+00:00
1387799,61,2025,97,Lorient,384112,P. Katseris,Missing Fixture,Thigh Injury,2025-11-09T14:00:00+00:00
1387799,61,2025,97,Lorient,401389,T. Sanusi,Missing Fixture,Lacking Match Fitness,2025-11-09T14:00:00+00:00
1387799,61,2025,97,Lorient,195893,I. Toure,Missing Fixture,Knee Injury,2025-11-09T14:00:00+00:00
1387799,61,2025,96,Toulouse,489903,I. Azizi,Missing Fixture,Knee Injury,2025-11-09T14:00:00+00:00
1387799,61,2025,96,Toulouse,39115,A. Donnum,Missing Fixture,Yellow Cards,2025-11-09T14:00:00+00:00
1387799,61,2025,96,Toulouse,25533,N. Schmidt,Missing Fixture,Knee Injury,2025-11-09T14:00:00+00:00
1387797,61,2025,77,Angers,21618,J. Allevinah,Missing Fixture,Calf Injury,2025-11-09T16:15:00+00:00
1387797,61,2025,108,Auxerre,335064,N. Buayi-Kiala,Missing Fixture,Knee Injury,2025-11-09T16:15:00+00:00
1387797,61,2025,108,Auxerre,322595,L. Coulibaly,Missing Fixture,Injury,2025-11-09T16:15:00+00:00
1387797,61,2025,108,Auxerre,162466,S. Diomande,Missing Fixture,Red Card,2025-11-09T16:15:00+00:00
1387797,61,2025,108,Auxerre,319919,O. El Azzouzi,Missing Fixture,Injury,2025-11-09T16:15:00+00:00
1387797,61,2025,108,Auxerre,402542,T. Siwe,Missing Fixture,Knee Injury,2025-11-09T16:15:00+00:00
1387802,61,2025,112,Metz,105,F. Ballo-Toure,Missing Fixture,Muscle Injury,2025-11-09T16:15:00+00:00
1387802,61,2025,112,Metz,514519,B. Madjo,Missing Fixture,International duty,2025-11-09T16:15:00+00:00
1387802,61,2025,112,Metz,405072,J. Mangondo,Missing Fixture,Knee Injury,2025-11-09T16:15:00+00:00
1387802,61,2025,112,Metz,378353,U. Mboula,Missing Fixture,Hamstring Injury,2025-11-09T16:15:00+00:00
1387802,61,2025,112,Metz,403878,P. Sy,Missing Fixture,Injury,2025-11-09T16:15:00+00:00
1387802,61,2025,84,Nice,196343,M. Abdelmonem,Missing Fixture,Knee Injury,2025-11-09T16:15:00+00:00
1387802,61,2025,84,Nice,407017,M. Bombito,Missing Fixture,Leg Injury,2025-11-09T16:15:00+00:00
1387802,61,2025,84,Nice,22163,Dante,Missing Fixture,Knee Injury,2025-11-09T16:15:00+00:00
1387802,61,2025,84,Nice,3099,Y. Ndayishimiye,Missing Fixture,Knee Injury,2025-11-09T16:15:00+00:00
1387805,61,2025,95,Strasbourg,271542,I. Doukoure,Missing Fixture,Red Card,2025-11-09T16:15:00+00:00
1387805,61,2025,95,Strasbourg,303016,M. Oyedele,Missing Fixture,Injury,2025-11-09T16:15:00+00:00
1387805,61,2025,95,Strasbourg,274328,S. Sow,Missing Fixture,Knee Injury,2025-11-09T16:15:00+00:00
1387805,61,2025,95,Strasbourg,364810,A. Sylla,Missing Fixture,Inactive,2025-11-09T16:15:00+00:00
1387805,61,2025,95,Strasbourg,2850,K. Johnsson,Questionable,Inactive,2025-11-09T16:15:00+00:00
1387805,61,2025,79,Lille,142691,Alexsandro,Missing Fixture,Thigh Injury,2025-11-09T16:15:00+00:00
1387805,61,2025,79,Lille,21483,M. Caillard,Missing Fixture,Inactive,2025-11-09T16:15:00+00:00
1387805,61,2025,79,Lille,18765,A. Gomes,Missing Fixture,Inactive,2025-11-09T16:15:00+00:00
1387805,61,2025,79,Lille,386287,E. Mbappe,Missing Fixture,Inactive,2025-11-09T16:15:00+00:00
1387805,61,2025,79,Lille,351888,O. Toure,Missing Fixture,Knee Injury,2025-11-09T16:15:00+00:00
1387800,61,2025,80,Lyon,9700,Abner Vinicius,Missing Fixture,Red Card,2025-11-09T19:45:00+00:00
1387800,61,2025,80,Lyon,361348,M. Fofana,Missing Fixture,Ankle Injury,2025-11-09T19:45:00+00:00
1387800,61,2025,80,Lyon,409794,A. Gomes,Missing Fixture,Inactive,2025-11-09T19:45:00+00:00
1387800,61,2025,80,Lyon,30423,H. Hateboer,Missing Fixture,Red Card,2025-11-09T19:45:00+00:00
1387800,61,2025,80,Lyon,24882,O. Mangala,Missing Fixture,Knee Injury,2025-11-09T19:45:00+00:00
1387800,61,2025,80,Lyon,350856,E. Nuamah,Missing Fixture,Knee Injury,2025-11-09T19:45:00+00:00
1387800,61,2025,80,Lyon,66387,P. Sulc,Missing Fixture,Muscle Injury,2025-11-09T19:45:00+00:00
1387800,61,2025,85,Paris Saint Germain,153,O. Dembele,Missing Fixture,Calf Injury,2025-11-09T19:45:00+00:00
1387800,61,2025,85,Paris Saint Germain,343027,D. Doue,Missing Fixture,Muscle Injury,2025-11-09T19:45:00+00:00
1387800,61,2025,85,Paris Saint Germain,9,A. Hakimi,Missing Fixture,Ankle Injury,2025-11-09T19:45:00+00:00
1387800,61,2025,85,Paris Saint Germain,263482,N. Mendes,Missing Fixture,Knee Injury,2025-11-09T19:45:00+00:00
1387811,61,2025,84,Nice,196343,M. Abdelmonem,Missing Fixture,Knee Injury,2025-11-21T19:45:00+00:00
1387811,61,2025,84,Nice,407017,M. Bombito,Missing Fixture,Leg Injury,2025-11-21T19:45:00+00:00
1387811,61,2025,84,Nice,4399,H. Boudaoui,Missing Fixture,Injury,2025-11-21T19:45:00+00:00
1387811,61,2025,84,Nice,3099,Y. Ndayishimiye,Missing Fixture,Knee Injury,2025-11-21T19:45:00+00:00
1387811,61,2025,84,Nice,662,T. Ndombele,Missing Fixture,Inactive,2025-11-21T19:45:00+00:00
1387811,61,2025,81,Marseille,21694,N. Aguerd,Missing Fixture,Groin Injury,2025-11-21T19:45:00+00:00
1387811,61,2025,81,Marseille,85041,A. Gouiri,Missing Fixture,Shoulder Injury,2025-11-21T19:45:00+00:00
1387811,61,2025,81,Marseille,6231,F. Medina,Missing Fixture,Ankle Injury,2025-11-21T19:45:00+00:00
1387811,61,2025,81,Marseille,2973,M. Murillo,Missing Fixture,Tendon Injury,2025-11-21T19:45:00+00:00
1387811,61,2025,81,Marseille,31057,H. J. Traore,Missing Fixture,Thigh Injury,2025-11-21T19:45:00+00:00
1387808,61,2025,116,Lens,21635,J. Gradit,Missing Fixture,Yellow Cards,2025-11-22T16:00:00+00:00
1387808,61,2025,116,Lens,2483,D. Machado,Missing Fixture,Injury,2025-11-22T16:00:00+00:00
1387808,61,2025,95,Strasbourg,271542,I. Doukoure,Missing Fixture,Red Card,2025-11-22T16:00:00+00:00
1387808,61,2025,95,Strasbourg,303016,M. Oyedele,Missing Fixture,Injury,2025-11-22T16:00:00+00:00
1387808,61,2025,95,Strasbourg,274328,S. Sow,Missing Fixture,Knee Injury,2025-11-22T16:00:00+00:00
1387813,61,2025,94,Rennes,30807,S. Fofana,Missing Fixture,Muscle Injury,2025-11-22T18:00:00+00:00
1387813,61,2025,94,Rennes,399890,N. Mukiele,Missing Fixture,Injury,2025-11-22T18:00:00+00:00
1387813,61,2025,91,Monaco,138835,F. Balogun,Missing Fixture,Red Card,2025-11-22T18:00:00+00:00
1387813,61,2025,91,Monaco,175,E. Dier,Missing Fixture,Calf Injury,2025-11-22T18:00:00+00:00
1387813,61,2025,91,Monaco,371916,C. Mawissa,Missing Fixture,Hamstring Injury,2025-11-22T18:00:00+00:00
1387812,61,2025,85,Paris Saint Germain,153,O. Dembele,Missing Fixture,Calf Injury,2025-11-22T20:05:00+00:00
1387812,61,2025,85,Paris Saint Germain,343027,D. Doue,Missing Fixture,Hamstring Injury,2025-11-22T20:05:00+00:00
1387812,61,2025,85,Paris Saint Germain,9,A. Hakimi,Missing Fixture,Ankle Injury,2025-11-22T20:05:00+00:00
1387812,61,2025,85,Paris Saint Germain,493026,N. Kamara,Missing Fixture,Inactive,2025-11-22T20:05:00+00:00
1387812,61,2025,111,Le Havre,1945,A. Samatta,Missing Fixture,Thigh Injury,2025-11-22T20:05:00+00:00
1387806,61,2025,108,Auxerre,335064,N. Buayi-Kiala,Missing Fixture,Knee Injury,2025-11-23T14:00:00+00:00
1387806,61,2025,108,Auxerre,322595,L. Coulibaly,Missing Fixture,Ankle Injury,2025-11-23T14:00:00+00:00
1387806,61,2025,108,Auxerre,21010,E. Owusu,Missing Fixture,Injury,2025-11-23T14:00:00+00:00
1387806,61,2025,108,Auxerre,191240,M. Senaya,Missing Fixture,Injury,2025-11-23T14:00:00+00:00
1387806,61,2025,108,Auxerre,31016,F. Sierralta,Missing Fixture,Muscle Injury,2025-11-23T14:00:00+00:00
1387806,61,2025,108,Auxerre,402542,T. Siwe,Missing Fixture,Knee Injury,2025-11-23T14:00:00+00:00
1387806,61,2025,80,Lyon,361348,M. Fofana,Missing Fixture,Ankle Injury,2025-11-23T14:00:00+00:00
1387806,61,2025,80,Lyon,18780,R. Ghezzal,Missing Fixture,Muscle Injury,2025-11-23T14:00:00+00:00
1387806,61,2025,80,Lyon,30423,H. Hateboer,Missing Fixture,Red Card,2025-11-23T14:00:00+00:00
1387806,61,2025,80,Lyon,193293,R. Kluivert,Missing Fixture,Ankle Injury,2025-11-23T14:00:00+00:00
1387806,61,2025,80,Lyon,24882,O. Mangala,Missing Fixture,Knee Injury,2025-11-23T14:00:00+00:00
1387806,61,2025,80,Lyon,162590,T. Morton,Missing Fixture,Yellow Cards,2025-11-23T14:00:00+00:00
1387806,61,2025,80,Lyon,350856,E. Nuamah,Missing Fixture,Knee Injury,2025-11-23T14:00:00+00:00
1387806,61,2025,80,Lyon,529,N. Tagliafico,Missing Fixture,Red Card,2025-11-23T14:00:00+00:00
1387807,61,2025,106,Stade Brestois 29,274267,B. Locko,Missing Fixture,Thigh Injury,2025-11-23T16:15:00+00:00
1387807,61,2025,106,Stade Brestois 29,40384,R. Majecki,Missing Fixture,Knee Injury,2025-11-23T16:15:00+00:00
1387807,61,2025,112,Metz,20535,H. Diallo,Missing Fixture,Hamstring Injury,2025-11-23T16:15:00+00:00
1387807,61,2025,112,Metz,514519,B. Madjo,Missing Fixture,Inactive,2025-11-23T16:15:00+00:00
1387807,61,2025,112,Metz,405072,J. Mangondo,Missing Fixture,Knee Injury,2025-11-23T16:15:00+00:00
1387807,61,2025,112,Metz,378353,U. Mboula,Missing Fixture,Hamstring Injury,2025-11-23T16:15:00+00:00
1387807,61,2025,112,Metz,403878,P. Sy,Missing Fixture,Concussion,2025-11-23T16:15:00+00:00
1387810,61,2025,83,Nantes,197771,Y. Benhattab,Missing Fixture,Inactive,2025-11-23T16:15:00+00:00
1387810,61,2025,83,Nantes,924,F. Coquelin,Missing Fixture,Hamstring Injury,2025-11-23T16:15:00+00:00
1387810,61,2025,83,Nantes,443674,L. Leroux,Missing Fixture,Thigh Injury,2025-11-23T16:15:00+00:00
1387810,61,2025,97,Lorient,20917,L. Abergel,Missing Fixture,Muscle Injury,2025-11-23T16:15:00+00:00
1387810,61,2025,97,Lorient,162018,B. Fadiga,Missing Fixture,Ankle Injury,2025-11-23T16:15:00+00:00
1387810,61,2025,97,Lorient,437776,A. Faye,Missing Fixture,Foot Injury,2025-11-23T16:15:00+00:00
1387810,61,2025,97,Lorient,1031,Igor Silva,Missing Fixture,Heel Injury,2025-11-23T16:15:00+00:00
1387810,61,2025,97,Lorient,384112,P. Katseris,Missing Fixture,Thigh Injury,2025-11-23T16:15:00+00:00
1387810,61,2025,97,Lorient,401389,T. Sanusi,Missing Fixture,Lacking Match Fitness,2025-11-23T16:15:00+00:00
1387810,61,2025,97,Lorient,195893,I. Toure,Missing Fixture,Knee Injury,2025-11-23T16:15:00+00:00
1387814,61,2025,96,Toulouse,489903,I. Azizi,Missing Fixture,Knee Injury,2025-11-23T16:15:00+00:00
1387814,61,2025,96,Toulouse,118345,A. Francis,Missing Fixture,Broken Leg,2025-11-23T16:15:00+00:00
1387814,61,2025,96,Toulouse,304140,M. Sauer,Missing Fixture,Thigh Injury,2025-11-23T16:15:00+00:00
1387814,61,2025,96,Toulouse,25533,N. Schmidt,Missing Fixture,Knee Injury,2025-11-23T16:15:00+00:00
1387814,61,2025,77,Angers,21618,J. Allevinah,Missing Fixture,Calf Injury,2025-11-23T16:15:00+00:00
1387809,61,2025,79,Lille,142691,Alexsandro,Missing Fixture,Thigh Injury,2025-11-23T19:45:00+00:00
1387809,61,2025,79,Lille,2204,B. Andre,Missing Fixture,Yellow Cards,2025-11-23T19:45:00+00:00
1387809,61,2025,79,Lille,21483,M. Caillard,Missing Fixture,Injury,2025-11-23T19:45:00+00:00
1387809,61,2025,79,Lille,351888,O. Toure,Missing Fixture,Knee Injury,2025-11-23T19:45:00+00:00
1387809,61,2025,79,Lille,37151,C. Verdonk,Missing Fixture,Red Card,2025-11-23T19:45:00+00:00
1387809,61,2025,114,Paris FC,21436,S. Alakouch,Missing Fixture,Injury,2025-11-23T19:45:00+00:00
1387809,61,2025,114,Paris FC,20647,P. Hamel,Missing Fixture,Injury,2025-11-23T19:45:00+00:00
1387809,61,2025,114,Paris FC,22229,J. Ikone,Missing Fixture,Groin Injury,2025-11-23T19:45:00+00:00
1387809,61,2025,114,Paris FC,266013,Otavio,Missing Fixture,Suspended,2025-11-23T19:45:00+00:00
1387809,61,2025,114,Paris FC,389322,N. Sangui,Missing Fixture,Hamstring Injury,2025-11-23T19:45:00+00:00
1387820,61,2025,112,Metz,20535,H. Diallo,Missing Fixture,Hamstring Injury,2025-11-28T19:45:00+00:00
1387820,61,2025,112,Metz,405072,J. Mangondo,Missing Fixture,Knee Injury,2025-11-28T19:45:00+00:00
1387820,61,2025,112,Metz,378353,U. Mboula,Missing Fixture,Hamstring Injury,2025-11-28T19:45:00+00:00
1387820,61,2025,112,Metz,403878,P. Sy,Missing Fixture,Concussion,2025-11-28T19:45:00+00:00
1387820,61,2025,94,Rennes,30807,S. Fofana,Missing Fixture,Muscle Injury,2025-11-28T19:45:00+00:00
1387820,61,2025,94,Rennes,399890,N. Mukiele,Missing Fixture,Injury,2025-11-28T19:45:00+00:00
1387821,61,2025,91,Monaco,175,E. Dier,Missing Fixture,Calf Injury,2025-11-29T16:00:00+00:00
1387821,61,2025,91,Monaco,371916,C. Mawissa,Missing Fixture,Hamstring Injury,2025-11-29T16:00:00+00:00
1387821,61,2025,91,Monaco,2810,D. Zakaria,Missing Fixture,Red Card,2025-11-29T16:00:00+00:00
1387821,61,2025,85,Paris Saint Germain,343027,D. Doue,Missing Fixture,Hamstring Injury,2025-11-29T16:00:00+00:00
1387821,61,2025,85,Paris Saint Germain,9,A. Hakimi,Missing Fixture,Ankle Injury,2025-11-29T16:00:00+00:00
1387821,61,2025,85,Paris Saint Germain,437099,R. Marin,Missing Fixture,Thigh Injury,2025-11-29T16:00:00+00:00
1387821,61,2025,85,Paris Saint Germain,263482,N. Mendes,Missing Fixture,Thigh Injury,2025-11-29T16:00:00+00:00
1387822,61,2025,114,Paris FC,21436,S. Alakouch,Missing Fixture,Injury,2025-11-29T18:00:00+00:00
1387822,61,2025,114,Paris FC,20869,S. Chergui,Missing Fixture,Injury,2025-11-29T18:00:00+00:00
1387822,61,2025,114,Paris FC,20647,P. Hamel,Missing Fixture,Injury,2025-11-29T18:00:00+00:00
1387822,61,2025,114,Paris FC,22170,P. Lees-Melou,Missing Fixture,Injury,2025-11-29T18:00:00+00:00
1387822,61,2025,114,Paris FC,1910,M. Lopez,Missing Fixture,Leg Injury,2025-11-29T18:00:00+00:00
1387822,61,2025,108,Auxerre,335064,N. Buayi-Kiala,Missing Fixture,Knee Injury,2025-11-29T18:00:00+00:00
1387822,61,2025,108,Auxerre,322595,L. Coulibaly,Missing Fixture,Ankle Injury,2025-11-29T18:00:00+00:00
1387822,61,2025,108,Auxerre,21010,E. Owusu,Missing Fixture,Injury,2025-11-29T18:00:00+00:00
1387822,61,2025,108,Auxerre,191240,M. Senaya,Missing Fixture,Injury,2025-11-29T18:00:00+00:00
1387822,61,2025,108,Auxerre,402542,T. Siwe,Missing Fixture,Knee Injury,2025-11-29T18:00:00+00:00
1387819,61,2025,81,Marseille,455245,D. Bakola,Missing Fixture,Inactive,2025-11-29T20:05:00+00:00
1387819,61,2025,81,Marseille,85041,A. Gouiri,Missing Fixture,Shoulder Injury,2025-11-29T20:05:00+00:00
1387819,61,2025,81,Marseille,6231,F. Medina,Missing Fixture,Ankle Injury,2025-11-29T20:05:00+00:00
1387819,61,2025,81,Marseille,2973,M. Murillo,Missing Fixture,Tendon Injury,2025-11-29T20:05:00+00:00
1387819,61,2025,81,Marseille,31057,H. J. Traore,Missing Fixture,Thigh Injury,2025-11-29T20:05:00+00:00
1387819,61,2025,96,Toulouse,489903,I. Azizi,Missing Fixture,Knee Injury,2025-11-29T20:05:00+00:00
1387819,61,2025,96,Toulouse,118345,A. Francis,Missing Fixture,Broken Leg,2025-11-29T20:05:00+00:00
1387819,61,2025,96,Toulouse,84128,Y. Gboho,Missing Fixture,Groin Injury,2025-11-29T20:05:00+00:00
1387819,61,2025,96,Toulouse,304140,M. Sauer,Missing Fixture,Thigh Injury,2025-11-29T20:05:00+00:00
1387819,61,2025,96,Toulouse,25533,N. Schmidt,Missing Fixture,Knee Injury,2025-11-29T20:05:00+00:00
1387823,61,2025,95,Strasbourg,319572,V. Barco,Missing Fixture,Red Card,2025-11-30T14:00:00+00:00
1387823,61,2025,95,Strasbourg,2850,K. Johnsson,Missing Fixture,Inactive,2025-11-30T14:00:00+00:00
1387823,61,2025,95,Strasbourg,358166,A. Ouattara,Missing Fixture,Hamstring Injury,2025-11-30T14:00:00+00:00
1387823,61,2025,95,Strasbourg,303016,M. Oyedele,Missing Fixture,Injury,2025-11-30T14:00:00+00:00
1387823,61,2025,95,Strasbourg,274328,S. Sow,Missing Fixture,Knee Injury,2025-11-30T14:00:00+00:00
1387823,61,2025,106,Stade Brestois 29,162568,S. Coulibaly,Missing Fixture,Loan agreement,2025-11-30T14:00:00+00:00
1387823,61,2025,106,Stade Brestois 29,274267,B. Locko,Missing Fixture,Thigh Injury,2025-11-30T14:00:00+00:00
1387823,61,2025,106,Stade Brestois 29,40384,R. Majecki,Missing Fixture,Knee Injury,2025-11-30T14:00:00+00:00
1387815,61,2025,77,Angers,21618,J. Allevinah,Missing Fixture,Calf Injury,2025-11-30T16:15:00+00:00
1387815,61,2025,77,Angers,385569,E. Biumla,Missing Fixture,Muscle Injury,2025-11-30T16:15:00+00:00
1387815,61,2025,77,Angers,22220,H. Koffi,Missing Fixture,Loan agreement,2025-11-30T16:15:00+00:00
1387815,61,2025,116,Lens,21635,J. Gradit,Missing Fixture,Thigh Injury,2025-11-30T16:15:00+00:00
1387815,61,2025,116,Lens,23643,M. Guilavogui,Missing Fixture,Red Card,2025-11-30T16:15:00+00:00
1387816,61,2025,111,Le Havre,20521,T. Delaine,Missing Fixture,Toe Injury,2025-11-30T16:15:00+00:00
1387816,61,2025,111,Le Havre,21103,A. Toure,Missing Fixture,Injury,2025-11-30T16:15:00+00:00
1387816,61,2025,111,Le Havre,513415,S. Zagadou,Missing Fixture,Injury,2025-11-30T16:15:00+00:00
1387816,61,2025,79,Lille,142691,Alexsandro,Missing Fixture,Thigh Injury,2025-11-30T16:15:00+00:00
1387816,61,2025,79,Lille,318416,M. Broholm,Missing Fixture,Illness,2025-11-30T16:15:00+00:00
1387816,61,2025,79,Lille,21483,M. Caillard,Missing Fixture,Elbow Injury,2025-11-30T16:15:00+00:00
1387816,61,2025,79,Lille,351888,O. Toure,Missing Fixture,Knee Injury,2025-11-30T16:15:00+00:00
1387816,61,2025,79,Lille,37151,C. Verdonk,Missing Fixture,Red Card,2025-11-30T16:15:00+00:00
1387817,61,2025,97,Lorient,162018,B. Fadiga,Missing Fixture,Ankle Injury,2025-11-30T16:15:00+00:00
1387817,61,2025,97,Lorient,437776,A. Faye,Missing Fixture,Foot Injury,2025-11-30T16:15:00+00:00
1387817,61,2025,97,Lorient,384112,P. Katseris,Missing Fixture,Thigh Injury,2025-11-30T16:15:00+00:00
1387817,61,2025,97,Lorient,401389,T. Sanusi,Missing Fixture,Lacking Match Fitness,2025-11-30T16:15:00+00:00
1387817,61,2025,97,Lorient,195893,I. Toure,Missing Fixture,Knee Injury,2025-11-30T16:15:00+00:00
1387817,61,2025,84,Nice,196343,M. Abdelmonem,Missing Fixture,Knee Injury,2025-11-30T16:15:00+00:00
1387817,61,2025,84,Nice,407017,M. Bombito,Missing Fixture,Leg Injury,2025-11-30T16:15:00+00:00
1387817,61,2025,84,Nice,3099,Y. Ndayishimiye,Missing Fixture,Knee Injury,2025-11-30T16:15:00+00:00
1387818,61,2025,80,Lyon,68,Clinton Mata,Missing Fixture,Injury,2025-11-30T19:45:00+00:00
1387818,61,2025,80,Lyon,361348,M. Fofana,Missing Fixture,Ankle Injury,2025-11-30T19:45:00+00:00
1387818,61,2025,80,Lyon,18780,R. Ghezzal,Missing Fixture,Muscle Injury,2025-11-30T19:45:00+00:00
1387818,61,2025,80,Lyon,193293,R. Kluivert,Missing Fixture,Ankle Injury,2025-11-30T19:45:00+00:00
1387818,61,2025,80,Lyon,350856,E. Nuamah,Missing Fixture,Knee Injury,2025-11-30T19:45:00+00:00
1387818,61,2025,83,Nantes,924,F. Coquelin,Missing Fixture,Hamstring Injury,2025-11-30T19:45:00+00:00
1387818,61,2025,83,Nantes,443674,L. Leroux,Missing Fixture,Thigh Injury,2025-11-30T19:45:00+00:00
1387825,61,2025,106,Stade Brestois 29,369556,J. Bourgault,Missing Fixture,Injury,2025-12-05T18:00:00+00:00
1387825,61,2025,106,Stade Brestois 29,40384,R. Majecki,Missing Fixture,Knee Injury,2025-12-05T18:00:00+00:00
1387825,61,2025,106,Stade Brestois 29,422595,L. Zogbe,Missing Fixture,Injury,2025-12-05T18:00:00+00:00
1387825,61,2025,91,Monaco,138835,F. Balogun,Missing Fixture,Groin Injury,2025-12-05T18:00:00+00:00
1387825,61,2025,91,Monaco,175,E. Dier,Missing Fixture,Calf Injury,2025-12-05T18:00:00+00:00
1387825,61,2025,91,Monaco,135775,A. Fati,Missing Fixture,Muscle Injury,2025-12-05T18:00:00+00:00
1387825,61,2025,91,Monaco,395040,G. Ilenikhena,Missing Fixture,Knee Injury,2025-12-05T18:00:00+00:00
1387825,61,2025,91,Monaco,261,T. Kehrer,Missing Fixture,Red Card,2025-12-05T18:00:00+00:00
1387825,61,2025,91,Monaco,371916,C. Mawissa,Missing Fixture,Hamstring Injury,2025-12-05T18:00:00+00:00
1387825,61,2025,91,Monaco,2810,D. Zakaria,Missing Fixture,Red Card,2025-12-05T18:00:00+00:00
1387827,61,2025,79,Lille,142691,Alexsandro,Missing Fixture,Thigh Injury,2025-12-05T20:00:00+00:00
1387827,61,2025,79,Lille,438688,A. Bouaddi,Missing Fixture,Red Card,2025-12-05T20:00:00+00:00
1387827,61,2025,79,Lille,21483,M. Caillard,Missing Fixture,Elbow Injury,2025-12-05T20:00:00+00:00
1387827,61,2025,79,Lille,351888,O. Toure,Missing Fixture,Knee Injury,2025-12-05T20:00:00+00:00
1387827,61,2025,79,Lille,37151,C. Verdonk,Missing Fixture,Muscle Injury,2025-12-05T20:00:00+00:00
1387827,61,2025,81,Marseille,85041,A. Gouiri,Missing Fixture,Shoulder Injury,2025-12-05T20:00:00+00:00
1387827,61,2025,81,Marseille,2735,P. Hojbjerg,Missing Fixture,Illness,2025-12-05T20:00:00+00:00
1387827,61,2025,81,Marseille,6231,F. Medina,Missing Fixture,Ankle Injury,2025-12-05T20:00:00+00:00
1387827,61,2025,81,Marseille,31057,H. J. Traore,Missing Fixture,Thigh Injury,2025-12-05T20:00:00+00:00
1387829,61,2025,83,Nantes,924,F. Coquelin,Missing Fixture,Hamstring Injury,2025-12-06T16:00:00+00:00
1387829,61,2025,83,Nantes,443674,L. Leroux,Missing Fixture,Thigh Injury,2025-12-06T16:00:00+00:00
1387829,61,2025,83,Nantes,282549,J. Mwanga,Missing Fixture,Red Card,2025-12-06T16:00:00+00:00
1387829,61,2025,116,Lens,21635,J. Gradit,Missing Fixture,Thigh Injury,2025-12-06T16:00:00+00:00
1387829,61,2025,116,Lens,23643,M. Guilavogui,Missing Fixture,Red Card,2025-12-06T16:00:00+00:00
1387829,61,2025,116,Lens,237191,Jhoanner Chavez,Missing Fixture,Thigh Injury,2025-12-06T16:00:00+00:00
1387829,61,2025,116,Lens,2483,D. Machado,Missing Fixture,Inactive,2025-12-06T16:00:00+00:00
1387829,61,2025,116,Lens,22261,A. Thomasson,Missing Fixture,Yellow Cards,2025-12-06T16:00:00+00:00
1387832,61,2025,96,Toulouse,489903,I. Azizi,Missing Fixture,Knee Injury,2025-12-06T18:00:00+00:00
1387832,61,2025,96,Toulouse,39115,A. Donnum,Missing Fixture,Suspended,2025-12-06T18:00:00+00:00
1387832,61,2025,96,Toulouse,118345,A. Francis,Missing Fixture,Broken Leg,2025-12-06T18:00:00+00:00
1387832,61,2025,96,Toulouse,304140,M. Sauer,Missing Fixture,Thigh Injury,2025-12-06T18:00:00+00:00
1387832,61,2025,95,Strasbourg,203762,E. Emegha,Missing Fixture,Suspended,2025-12-06T18:00:00+00:00
1387832,61,2025,95,Strasbourg,358166,A. Ouattara,Missing Fixture,Hamstring Injury,2025-12-06T18:00:00+00:00
1387832,61,2025,95,Strasbourg,274328,S. Sow,Missing Fixture,Knee Injury,2025-12-06T18:00:00+00:00
1387832,61,2025,95,Strasbourg,319572,V. Barco,Questionable,Inactive,2025-12-06T18:00:00+00:00
1387832,61,2025,95,Strasbourg,2850,K. Johnsson,Questionable,Inactive,2025-12-06T18:00:00+00:00
1387832,61,2025,95,Strasbourg,303016,M. Oyedele,Questionable,Groin Injury,2025-12-06T18:00:00+00:00
1387831,61,2025,85,Paris Saint Germain,307835,L. Beraldo,Missing Fixture,Calf Injury,2025-12-06T20:05:00+00:00
1387831,61,2025,85,Paris Saint Germain,162453,L. Chevalier,Missing Fixture,Ankle Injury,2025-12-06T20:05:00+00:00
1387831,61,2025,85,Paris Saint Germain,343027,D. Doue,Missing Fixture,Hamstring Injury,2025-12-06T20:05:00+00:00
1387831,61,2025,85,Paris Saint Germain,9,A. Hakimi,Missing Fixture,Ankle Injury,2025-12-06T20:05:00+00:00
1387831,61,2025,85,Paris Saint Germain,263482,N. Mendes,Missing Fixture,Thigh Injury,2025-12-06T20:05:00+00:00
1387831,61,2025,85,Paris Saint Germain,161671,I. Zabarnyi,Missing Fixture,Illness,2025-12-06T20:05:00+00:00
1387831,61,2025,94,Rennes,30807,S. Fofana,Missing Fixture,Muscle Injury,2025-12-06T20:05:00+00:00
1387831,61,2025,94,Rennes,399890,N. Mukiele,Missing Fixture,Lacking Match Fitness,2025-12-06T20:05:00+00:00
1387830,61,2025,84,Nice,196343,M. Abdelmonem,Missing Fixture,Knee Injury,2025-12-07T14:00:00+00:00
1387830,61,2025,84,Nice,483118,G. Bernardeau,Missing Fixture,Inactive,2025-12-07T14:00:00+00:00
1387830,61,2025,84,Nice,30531,J. Boga,Missing Fixture,Injury,2025-12-07T14:00:00+00:00
1387830,61,2025,84,Nice,407017,M. Bombito,Missing Fixture,Leg Injury,2025-12-07T14:00:00+00:00
1387830,61,2025,84,Nice,22163,Dante,Missing Fixture,Injury,2025-12-07T14:00:00+00:00
1387830,61,2025,84,Nice,69971,T. Moffi,Missing Fixture,Injury,2025-12-07T14:00:00+00:00
1387830,61,2025,84,Nice,3099,Y. Ndayishimiye,Missing Fixture,Knee Injury,2025-12-07T14:00:00+00:00
1387830,61,2025,77,Angers,385569,E. Biumla,Missing Fixture,Muscle Injury,2025-12-07T14:00:00+00:00
1387824,61,2025,108,Auxerre,335064,N. Buayi-Kiala,Missing Fixture,Knee Injury,2025-12-07T16:15:00+00:00
1387824,61,2025,108,Auxerre,322595,L. Coulibaly,Missing Fixture,Ankle Injury,2025-12-07T16:15:00+00:00
1387824,61,2025,108,Auxerre,21010,E. Owusu,Missing Fixture,Injury,2025-12-07T16:15:00+00:00
1387824,61,2025,108,Auxerre,191240,M. Senaya,Missing Fixture,Injury,2025-12-07T16:15:00+00:00
1387824,61,2025,108,Auxerre,402542,T. Siwe,Missing Fixture,Knee Injury,2025-12-07T16:15:00+00:00
1387824,61,2025,112,Metz,405072,J. Mangondo,Missing Fixture,Knee Injury,2025-12-07T16:15:00+00:00
1387824,61,2025,112,Metz,378353,U. Mboula,Missing Fixture,Hamstring Injury,2025-12-07T16:15:00+00:00
1387824,61,2025,112,Metz,403878,P. Sy,Missing Fixture,Concussion,2025-12-07T16:15:00+00:00
1387826,61,2025,111,Le Havre,20521,T. Delaine,Missing Fixture,Toe Injury,2025-12-07T16:15:00+00:00
1387826,61,2025,111,Le Havre,344165,D. Pizarro,Missing Fixture,Injury,2025-12-07T16:15:00+00:00
1387826,61,2025,111,Le Havre,21103,A. Toure,Missing Fixture,Injury,2025-12-07T16:15:00+00:00
1387826,61,2025,114,Paris FC,21436,S. Alakouch,Missing Fixture,Injury,2025-12-07T16:15:00+00:00
1387826,61,2025,114,Paris FC,20869,S. Chergui,Missing Fixture,Hamstring Injury,2025-12-07T16:15:00+00:00
1387826,61,2025,114,Paris FC,20647,P. Hamel,Missing Fixture,Calf Injury,2025-12-07T16:15:00+00:00
1387826,61,2025,114,Paris FC,22170,P. Lees-Melou,Missing Fixture,Shin Injury,2025-12-07T16:15:00+00:00
1387828,61,2025,97,Lorient,162018,B. Fadiga,Missing Fixture,Ankle Injury,2025-12-07T19:45:00+00:00
1387828,61,2025,97,Lorient,437776,A. Faye,Missing Fixture,Foot Injury,2025-12-07T19:45:00+00:00
1387828,61,2025,97,Lorient,384112,P. Katseris,Missing Fixture,Thigh Injury,2025-12-07T19:45:00+00:00
1387828,61,2025,97,Lorient,401389,T. Sanusi,Missing Fixture,Lacking Match Fitness,2025-12-07T19:45:00+00:00
1387828,61,2025,97,Lorient,195893,I. Toure,Missing Fixture,Knee Injury,2025-12-07T19:45:00+00:00
1387828,61,2025,80,Lyon,361348,M. Fofana,Missing Fixture,Ankle Injury,2025-12-07T19:45:00+00:00
1387828,61,2025,80,Lyon,193293,R. Kluivert,Missing Fixture,Ankle Injury,2025-12-07T19:45:00+00:00
1387828,61,2025,80,Lyon,24882,O. Mangala,Missing Fixture,Muscle Injury,2025-12-07T19:45:00+00:00
1387828,61,2025,80,Lyon,350856,E. Nuamah,Missing Fixture,Knee Injury,2025-12-07T19:45:00+00:00
1387828,61,2025,80,Lyon,80752,T. Tessmann,Missing Fixture,Thigh Injury,2025-12-07T19:45:00+00:00
1387833,61,2025,77,Angers,385569,E. Biumla,Missing Fixture,Muscle Injury,2025-12-12T19:45:00+00:00
1387833,61,2025,83,Nantes,443676,B. Guirassy,Missing Fixture,Injury,2025-12-12T19:45:00+00:00
1387833,61,2025,83,Nantes,443674,L. Leroux,Missing Fixture,Thigh Injury,2025-12-12T19:45:00+00:00
1387840,61,2025,94,Rennes,367636,J. Jacquet,Missing Fixture,Red Card,2025-12-13T16:00:00+00:00
1387840,61,2025,94,Rennes,399890,N. Mukiele,Missing Fixture,Lacking Match Fitness,2025-12-13T16:00:00+00:00
1387840,61,2025,106,Stade Brestois 29,22264,L. Ajorque,Missing Fixture,Red Card,2025-12-13T16:00:00+00:00
1387840,61,2025,106,Stade Brestois 29,422595,L. Zogbe,Missing Fixture,Injury,2025-12-13T16:00:00+00:00
1387838,61,2025,112,Metz,405072,J. Mangondo,Missing Fixture,Knee Injury,2025-12-13T18:00:00+00:00
1387838,61,2025,112,Metz,378353,U. Mboula,Missing Fixture,Hamstring Injury,2025-12-13T18:00:00+00:00
1387838,61,2025,112,Metz,403878,P. Sy,Missing Fixture,Concussion,2025-12-13T18:00:00+00:00
1387838,61,2025,85,Paris Saint Germain,153,O. Dembele,Missing Fixture,Illness,2025-12-13T18:00:00+00:00
1387838,61,2025,85,Paris Saint Germain,9,A. Hakimi,Missing Fixture,Ankle Injury,2025-12-13T18:00:00+00:00
1387838,61,2025,85,Paris Saint Germain,257,Marquinhos,Missing Fixture,Muscle Injury,2025-12-13T18:00:00+00:00
1387839,61,2025,114,Paris FC,21436,S. Alakouch,Missing Fixture,Injury,2025-12-13T20:05:00+00:00
1387839,61,2025,114,Paris FC,20869,S. Chergui,Missing Fixture,Hamstring Injury,2025-12-13T20:05:00+00:00
1387839,61,2025,114,Paris FC,20647,P. Hamel,Missing Fixture,Calf Injury,2025-12-13T20:05:00+00:00
1387839,61,2025,114,Paris FC,22170,P. Lees-Melou,Missing Fixture,Shin Injury,2025-12-13T20:05:00+00:00
1387839,61,2025,96,Toulouse,489903,I. Azizi,Missing Fixture,Knee Injury,2025-12-13T20:05:00+00:00
1387839,61,2025,96,Toulouse,39115,A. Donnum,Missing Fixture,Suspended,2025-12-13T20:05:00+00:00
1387839,61,2025,96,Toulouse,118345,A. Francis,Missing Fixture,Broken Leg,2025-12-13T20:05:00+00:00
1387836,61,2025,80,Lyon,361348,M. Fofana,Missing Fixture,Ankle Injury,2025-12-14T14:00:00+00:00
1387836,61,2025,80,Lyon,1456,A. Maitland-Niles,Missing Fixture,Red Card,2025-12-14T14:00:00+00:00
1387836,61,2025,80,Lyon,24882,O. Mangala,Missing Fixture,Muscle Injury,2025-12-14T14:00:00+00:00
1387836,61,2025,80,Lyon,350856,E. Nuamah,Missing Fixture,Knee Injury,2025-12-14T14:00:00+00:00
1387836,61,2025,80,Lyon,80752,T. Tessmann,Missing Fixture,Thigh Injury,2025-12-14T14:00:00+00:00
1387836,61,2025,111,Le Havre,364093,S. Ebonog,Missing Fixture,Injury,2025-12-14T14:00:00+00:00
1387836,61,2025,111,Le Havre,145476,R. Khadra,Missing Fixture,Inactive,2025-12-14T14:00:00+00:00
1387836,61,2025,111,Le Havre,21103,A. Toure,Missing Fixture,Injury,2025-12-14T14:00:00+00:00
1387836,61,2025,111,Le Havre,513415,S. Zagadou,Missing Fixture,Injury,2025-12-14T14:00:00+00:00
1387834,61,2025,108,Auxerre,335064,N. Buayi-Kiala,Missing Fixture,Knee Injury,2025-12-14T16:15:00+00:00
1387834,61,2025,108,Auxerre,21010,E. Owusu,Missing Fixture,Injury,2025-12-14T16:15:00+00:00
1387834,61,2025,108,Auxerre,402542,T. Siwe,Missing Fixture,Knee Injury,2025-12-14T16:15:00+00:00
1387834,61,2025,79,Lille,142691,Alexsandro,Missing Fixture,Thigh Injury,2025-12-14T16:15:00+00:00
1387834,61,2025,79,Lille,438688,A. Bouaddi,Missing Fixture,Red Card,2025-12-14T16:15:00+00:00
1387834,61,2025,79,Lille,21483,M. Caillard,Missing Fixture,Elbow Injury,2025-12-14T16:15:00+00:00
1387834,61,2025,79,Lille,340077,M. Fernandez-Pardo,Missing Fixture,Inactive,2025-12-14T16:15:00+00:00
1387834,61,2025,79,Lille,306979,H. Igamane,Missing Fixture,Injury,2025-12-14T16:15:00+00:00
1387834,61,2025,79,Lille,351888,O. Toure,Missing Fixture,Knee Injury,2025-12-14T16:15:00+00:00
1387834,61,2025,79,Lille,37151,C. Verdonk,Missing Fixture,Muscle Injury,2025-12-14T16:15:00+00:00
1387835,61,2025,116,Lens,21635,J. Gradit,Missing Fixture,Thigh Injury,2025-12-14T16:15:00+00:00
1387835,61,2025,116,Lens,237191,Jhoanner Chavez,Missing Fixture,Thigh Injury,2025-12-14T16:15:00+00:00
1387835,61,2025,84,Nice,196343,M. Abdelmonem,Missing Fixture,Knee Injury,2025-12-14T16:15:00+00:00
1387835,61,2025,84,Nice,30531,J. Boga,Missing Fixture,Injury,2025-12-14T16:15:00+00:00
1387835,61,2025,84,Nice,407017,M. Bombito,Missing Fixture,Leg Injury,2025-12-14T16:15:00+00:00
1387835,61,2025,84,Nice,22163,Dante,Missing Fixture,Injury,2025-12-14T16:15:00+00:00
1387835,61,2025,84,Nice,193617,T. Louchet,Missing Fixture,Red Card,2025-12-14T16:15:00+00:00
1387835,61,2025,84,Nice,69971,T. Moffi,Missing Fixture,Injury,2025-12-14T16:15:00+00:00
1387835,61,2025,84,Nice,3099,Y. Ndayishimiye,Missing Fixture,Knee Injury,2025-12-14T16:15:00+00:00
1387841,61,2025,95,Strasbourg,203762,E. Emegha,Missing Fixture,Inactive,2025-12-14T16:15:00+00:00
1387841,61,2025,95,Strasbourg,2850,K. Johnsson,Missing Fixture,Inactive,2025-12-14T16:15:00+00:00
1387841,61,2025,95,Strasbourg,303016,M. Oyedele,Missing Fixture,Groin Injury,2025-12-14T16:15:00+00:00
1387841,61,2025,95,Strasbourg,274328,S. Sow,Missing Fixture,Knee Injury,2025-12-14T16:15:00+00:00
1387841,61,2025,97,Lorient,437776,A. Faye,Missing Fixture,Foot Injury,2025-12-14T16:15:00+00:00
1387841,61,2025,97,Lorient,384112,P. Katseris,Missing Fixture,Thigh Injury,2025-12-14T16:15:00+00:00
1387841,61,2025,97,Lorient,401389,T. Sanusi,Missing Fixture,Lacking Match Fitness,2025-12-14T16:15:00+00:00
1387841,61,2025,97,Lorient,195893,I. Toure,Missing Fixture,Knee Injury,2025-12-14T16:15:00+00:00
1387837,61,2025,81,Marseille,85041,A. Gouiri,Missing Fixture,Shoulder Injury,2025-12-14T19:45:00+00:00
1387837,61,2025,81,Marseille,6231,F. Medina,Missing Fixture,Ankle Injury,2025-12-14T19:45:00+00:00
1387837,61,2025,81,Marseille,31057,H. J. Traore,Missing Fixture,Thigh Injury,2025-12-14T19:45:00+00:00
1387837,61,2025,91,Monaco,81,K. Diatta,Missing Fixture,Inactive,2025-12-14T19:45:00+00:00
1387837,61,2025,91,Monaco,135775,A. Fati,Missing Fixture,Muscle Injury,2025-12-14T19:45:00+00:00
1387837,61,2025,91,Monaco,904,P. Pogba,Missing Fixture,Calf Injury,2025-12-14T19:45:00+00:00
1387850,61,2025,96,Toulouse,489903,I. Azizi,Missing Fixture,Knee Injury,2026-01-02T19:45:00+00:00
1387850,61,2025,96,Toulouse,118345,A. Francis,Missing Fixture,Broken Leg,2026-01-02T19:45:00+00:00
1387850,61,2025,96,Toulouse,174724,F. Magri,Missing Fixture,International duty,2026-01-02T19:45:00+00:00
1387850,61,2025,96,Toulouse,452697,D. Methalie,Missing Fixture,Yellow Cards,2026-01-02T19:45:00+00:00
1387850,61,2025,116,Lens,21568,R. Aguilar,Missing Fixture,Muscle Injury,2026-01-02T19:45:00+00:00
1387850,61,2025,116,Lens,21635,J. Gradit,Missing Fixture,Thigh Injury,2026-01-02T19:45:00+00:00
1387850,61,2025,116,Lens,1153,A. Haidara,Missing Fixture,International duty,2026-01-02T19:45:00+00:00
1387850,61,2025,116,Lens,237191,Jhoanner Chavez,Missing Fixture,Thigh Injury,2026-01-02T19:45:00+00:00
1387850,61,2025,116,Lens,277306,M. Sangare,Missing Fixture,International duty,2026-01-02T19:45:00+00:00
1387847,61,2025,91,Monaco,543470,P. Cabral,Missing Fixture,Hamstring Injury,2026-01-03T16:00:00+00:00
1387847,61,2025,91,Monaco,374058,L. Camara,Missing Fixture,International duty,2026-01-03T16:00:00+00:00
1387847,61,2025,91,Monaco,81,K. Diatta,Missing Fixture,International duty,2026-01-03T16:00:00+00:00
1387847,61,2025,91,Monaco,135775,A. Fati,Missing Fixture,Muscle Injury,2026-01-03T16:00:00+00:00
1387847,61,2025,91,Monaco,1101,T. Minamino,Missing Fixture,Knee Injury,2026-01-03T16:00:00+00:00
1387847,61,2025,91,Monaco,904,P. Pogba,Missing Fixture,Calf Injury,2026-01-03T16:00:00+00:00
1387847,61,2025,91,Monaco,291649,Vanderson,Missing Fixture,Muscle Injury,2026-01-03T16:00:00+00:00
1387847,61,2025,91,Monaco,2810,D. Zakaria,Missing Fixture,Red Card,2026-01-03T16:00:00+00:00
1387847,61,2025,80,Lyon,377122,Endrick,Missing Fixture,Inactive,2026-01-03T16:00:00+00:00
1387847,61,2025,80,Lyon,361348,M. Fofana,Missing Fixture,Ankle Injury,2026-01-03T16:00:00+00:00
1387847,61,2025,80,Lyon,25916,M. Niakhate,Missing Fixture,International duty,2026-01-03T16:00:00+00:00
1387847,61,2025,80,Lyon,350856,E. Nuamah,Missing Fixture,Knee Injury,2026-01-03T16:00:00+00:00
1387848,61,2025,84,Nice,196343,M. Abdelmonem,Missing Fixture,Knee Injury,2026-01-03T18:00:00+00:00
1387848,61,2025,84,Nice,49583,A. Abdi,Missing Fixture,International duty,2026-01-03T18:00:00+00:00
1387848,61,2025,84,Nice,30531,J. Boga,Missing Fixture,Injury,2026-01-03T18:00:00+00:00
1387848,61,2025,84,Nice,407017,M. Bombito,Missing Fixture,Leg Injury,2026-01-03T18:00:00+00:00
1387848,61,2025,84,Nice,4399,H. Boudaoui,Missing Fixture,International duty,2026-01-03T18:00:00+00:00
1387848,61,2025,84,Nice,20566,Y. Diouf,Missing Fixture,International duty,2026-01-03T18:00:00+00:00
1387848,61,2025,84,Nice,193617,T. Louchet,Missing Fixture,Red Card,2026-01-03T18:00:00+00:00
1387848,61,2025,84,Nice,313937,A. Mendy,Missing Fixture,International duty,2026-01-03T18:00:00+00:00
1387848,61,2025,84,Nice,69971,T. Moffi,Missing Fixture,Injury,2026-01-03T18:00:00+00:00
1387848,61,2025,84,Nice,3099,Y. Ndayishimiye,Missing Fixture,Knee Injury,2026-01-03T18:00:00+00:00
1387848,61,2025,84,Nice,8680,C. Vanhoutte,Missing Fixture,Yellow Cards,2026-01-03T18:00:00+00:00
1387848,61,2025,95,Strasbourg,161747,G. Doue,Missing Fixture,International duty,2026-01-03T18:00:00+00:00
1387848,61,2025,95,Strasbourg,203762,E. Emegha,Missing Fixture,Inactive,2026-01-03T18:00:00+00:00
1387848,61,2025,95,Strasbourg,276184,M. Sarr,Missing Fixture,International duty,2026-01-03T18:00:00+00:00
1387848,61,2025,95,Strasbourg,274328,S. Sow,Questionable,Knee Injury,2026-01-03T18:00:00+00:00
1387844,61,2025,79,Lille,18765,A. Gomes,Missing Fixture,Inactive,2026-01-03T20:05:00+00:00
1387844,61,2025,79,Lille,306979,H. Igamane,Missing Fixture,International duty,2026-01-03T20:05:00+00:00
1387844,61,2025,79,Lille,1567,A. Mandi,Missing Fixture,International duty,2026-01-03T20:05:00+00:00
1387844,61,2025,79,Lille,386287,E. Mbappe,Missing Fixture,Injury,2026-01-03T20:05:00+00:00
1387844,61,2025,79,Lille,375,C. Mbemba,Missing Fixture,International duty,2026-01-03T20:05:00+00:00
1387844,61,2025,79,Lille,375598,N. Mukau,Missing Fixture,International duty,2026-01-03T20:05:00+00:00
1387844,61,2025,79,Lille,20600,R. Perraud,Missing Fixture,Red Card,2026-01-03T20:05:00+00:00
1387844,61,2025,79,Lille,351888,O. Toure,Missing Fixture,Knee Injury,2026-01-03T20:05:00+00:00
1387844,61,2025,94,Rennes,417830,A. Ait Boudlal,Missing Fixture,International duty,2026-01-03T20:05:00+00:00
1387844,61,2025,94,Rennes,30807,S. Fofana,Missing Fixture,International duty,2026-01-03T20:05:00+00:00
1387844,61,2025,94,Rennes,438281,M. Nagida,Missing Fixture,International duty,2026-01-03T20:05:00+00:00
1387846,61,2025,81,Marseille,21694,N. Aguerd,Missing Fixture,International duty,2026-01-04T14:00:00+00:00
1387846,61,2025,81,Marseille,6,L. Balerdi,Missing Fixture,Inactive,2026-01-04T14:00:00+00:00
1387846,61,2025,83,Nantes,50026,C. Awaziem,Missing Fixture,International duty,2026-01-04T14:00:00+00:00
1387846,61,2025,83,Nantes,197771,Y. Benhattab,Missing Fixture,Inactive,2026-01-04T14:00:00+00:00
1387846,61,2025,83,Nantes,26519,Hong Hyun-Seok,Missing Fixture,Inactive,2026-01-04T14:00:00+00:00
1387846,61,2025,83,Nantes,137296,Kwon Hyeok-Kyu,Missing Fixture,Inactive,2026-01-04T14:00:00+00:00
1387846,61,2025,83,Nantes,266200,M. Lahdo,Missing Fixture,Inactive,2026-01-04T14:00:00+00:00
1387846,61,2025,83,Nantes,2668,Mostafa Mohamed,Missing Fixture,International duty,2026-01-04T14:00:00+00:00
1387842,61,2025,106,Stade Brestois 29,90594,J. Dina Ebimbe,Missing Fixture,International duty,2026-01-04T16:15:00+00:00
1387842,61,2025,106,Stade Brestois 29,326068,K. Doumbia,Missing Fixture,International duty,2026-01-04T16:15:00+00:00
1387842,61,2025,106,Stade Brestois 29,22247,K. Lala,Missing Fixture,Knee Injury,2026-01-04T16:15:00+00:00
1387842,61,2025,106,Stade Brestois 29,85914,J. Le Cardinal,Missing Fixture,Red Card,2026-01-04T16:15:00+00:00
1387842,61,2025,108,Auxerre,191189,C. Akpa,Missing Fixture,Inactive,2026-01-04T16:15:00+00:00
1387842,61,2025,108,Auxerre,335064,N. Buayi-Kiala,Missing Fixture,Knee Injury,2026-01-04T16:15:00+00:00
1387842,61,2025,108,Auxerre,319919,O. El Azzouzi,Missing Fixture,Red Card,2026-01-04T16:15:00+00:00
1387842,61,2025,108,Auxerre,19625,D. Namaso,Missing Fixture,International duty,2026-01-04T16:15:00+00:00
1387842,61,2025,108,Auxerre,31016,F. Sierralta,Missing Fixture,Injury,2026-01-04T16:15:00+00:00
1387842,61,2025,108,Auxerre,90617,L. Sinayoko,Missing Fixture,International duty,2026-01-04T16:15:00+00:00
1387842,61,2025,108,Auxerre,402542,T. Siwe,Missing Fixture,Knee Injury,2026-01-04T16:15:00+00:00
1387843,61,2025,111,Le Havre,20521,T. Delaine,Missing Fixture,Inactive,2026-01-04T16:15:00+00:00
1387843,61,2025,111,Le Havre,119853,M. Diaw,Missing Fixture,International duty,2026-01-04T16:15:00+00:00
1387843,61,2025,111,Le Havre,174625,F. Doucoure,Missing Fixture,International duty,2026-01-04T16:15:00+00:00
1387843,61,2025,111,Le Havre,355955,G. Gomis,Missing Fixture,Suspended,2026-01-04T16:15:00+00:00
1387843,61,2025,111,Le Havre,145476,R. Khadra,Missing Fixture,Inactive,2026-01-04T16:15:00+00:00
1387843,61,2025,111,Le Havre,24012,L. Mpasi-Nzau,Missing Fixture,International duty,2026-01-04T16:15:00+00:00
1387843,61,2025,111,Le Havre,1945,A. Samatta,Missing Fixture,International duty,2026-01-04T16:15:00+00:00
1387843,61,2025,111,Le Havre,21103,A. Toure,Missing Fixture,Injury,2026-01-04T16:15:00+00:00
1387843,61,2025,111,Le Havre,162443,E. Youte Kinkoue,Missing Fixture,Health problems,2026-01-04T16:15:00+00:00
1387843,61,2025,111,Le Havre,513415,S. Zagadou,Missing Fixture,Injury,2026-01-04T16:15:00+00:00
1387843,61,2025,77,Angers,20692,H. Abdelli,Missing Fixture,International duty,2026-01-04T16:15:00+00:00
1387843,61,2025,77,Angers,21618,J. Allevinah,Missing Fixture,Inactive,2026-01-04T16:15:00+00:00
1387843,61,2025,77,Angers,271540,O. Camara,Missing Fixture,International duty,2026-01-04T16:15:00+00:00
1387843,61,2025,77,Angers,579375,H. Djibirin,Missing Fixture,Inactive,2026-01-04T16:15:00+00:00
1387843,61,2025,77,Angers,22220,H. Koffi,Missing Fixture,International duty,2026-01-04T16:15:00+00:00
1387845,61,2025,97,Lorient,402265,A. Avom,Missing Fixture,International duty,2026-01-04T16:15:00+00:00
1387845,61,2025,97,Lorient,437776,A. Faye,Missing Fixture,Foot Injury,2026-01-04T16:15:00+00:00
1387845,61,2025,97,Lorient,384112,P. Katseris,Missing Fixture,Thigh Injury,2026-01-04T16:15:00+00:00
1387845,61,2025,97,Lorient,402386,A. Kouassi,Missing Fixture,International duty,2026-01-04T16:15:00+00:00
1387845,61,2025,97,Lorient,50030,M. Talbi,Missing Fixture,International duty,2026-01-04T16:15:00+00:00
1387845,61,2025,97,Lorient,72457,A. Tosin,Missing Fixture,International duty,2026-01-04T16:15:00+00:00
1387845,61,2025,97,Lorient,195893,I. Toure,Missing Fixture,Knee Injury,2026-01-04T16:15:00+00:00
1387845,61,2025,97,Lorient,152669,D. Yongwa,Missing Fixture,International duty,2026-01-04T16:15:00+00:00
1387845,61,2025,112,Metz,20535,H. Diallo,Missing Fixture,International duty,2026-01-04T16:15:00+00:00
1387845,61,2025,112,Metz,3240,J. Gbamin,Missing Fixture,International duty,2026-01-04T16:15:00+00:00
1387845,61,2025,112,Metz,514519,B. Madjo,Missing Fixture,Inactive,2026-01-04T16:15:00+00:00
1387845,61,2025,112,Metz,405072,J. Mangondo,Missing Fixture,Knee Injury,2026-01-04T16:15:00+00:00
1387845,61,2025,112,Metz,20534,C. Sabaly,Missing Fixture,International duty,2026-01-04T16:15:00+00:00
1387845,61,2025,112,Metz,403878,P. Sy,Missing Fixture,Concussion,2026-01-04T16:15:00+00:00
1387849,61,2025,85,Paris Saint Germain,9,A. Hakimi,Missing Fixture,International duty,2026-01-04T19:45:00+00:00
1387849,61,2025,85,Paris Saint Germain,493421,M. James,Missing Fixture,Illness,2026-01-04T19:45:00+00:00
1387849,61,2025,85,Paris Saint Germain,927,Lee Kang-In,Missing Fixture,Thigh Injury,2026-01-04T19:45:00+00:00
1387849,61,2025,85,Paris Saint Germain,446249,I. Mbaye,Missing Fixture,International duty,2026-01-04T19:45:00+00:00
1387849,61,2025,85,Paris Saint Germain,471107,Q. Ndjantou,Missing Fixture,Muscle Injury,2026-01-04T19:45:00+00:00
1387849,61,2025,85,Paris Saint Germain,2068,M. Safonov,Missing Fixture,Broken Hand,2026-01-04T19:45:00+00:00
1387849,61,2025,114,Paris FC,21436,S. Alakouch,Missing Fixture,Injury,2026-01-04T19:45:00+00:00
1387849,61,2025,114,Paris FC,20869,S. Chergui,Missing Fixture,International duty,2026-01-04T19:45:00+00:00
1387849,61,2025,114,Paris FC,19430,N. Dicko,Missing Fixture,Inactive,2026-01-04T19:45:00+00:00
1387849,61,2025,114,Paris FC,20647,P. Hamel,Missing Fixture,Calf Injury,2026-01-04T19:45:00+00:00
1387849,61,2025,114,Paris FC,83831,I. Kebbal,Missing Fixture,International duty,2026-01-04T19:45:00+00:00
1387849,61,2025,114,Paris FC,22842,J. Krasso,Missing Fixture,International duty,2026-01-04T19:45:00+00:00
1387849,61,2025,114,Paris FC,22170,P. Lees-Melou,Missing Fixture,Shin Injury,2026-01-04T19:45:00+00:00
1387849,61,2025,114,Paris FC,2781,M. Simon,Missing Fixture,International duty,2026-01-04T19:45:00+00:00
1387849,61,2025,114,Paris FC,2202,H. Traore,Missing Fixture,International duty,2026-01-04T19:45:00+00:00
1387854,61,2025,91,Monaco,543470,P. Cabral,Missing Fixture,Muscle Injury,2026-01-16T18:00:00+00:00
1387854,61,2025,91,Monaco,374058,L. Camara,Missing Fixture,International duty,2026-01-16T18:00:00+00:00
1387854,61,2025,91,Monaco,419035,M. Coulibaly,Missing Fixture,Red Card,2026-01-16T18:00:00+00:00
1387854,61,2025,91,Monaco,81,K. Diatta,Missing Fixture,International duty,2026-01-16T18:00:00+00:00
1387854,61,2025,91,Monaco,963,L. Hradecky,Missing Fixture,Knee Injury,2026-01-16T18:00:00+00:00
1387854,61,2025,91,Monaco,340152,S. Idumbo,Missing Fixture,Red Card,2026-01-16T18:00:00+00:00
1387854,61,2025,91,Monaco,261,T. Kehrer,Missing Fixture,Yellow Cards,2026-01-16T18:00:00+00:00
1387854,61,2025,91,Monaco,371916,C. Mawissa,Missing Fixture,Injury,2026-01-16T18:00:00+00:00
1387854,61,2025,91,Monaco,343319,L. Michal,Missing Fixture,Illness,2026-01-16T18:00:00+00:00
1387854,61,2025,91,Monaco,1101,T. Minamino,Missing Fixture,Knee Injury,2026-01-16T18:00:00+00:00
1387854,61,2025,91,Monaco,904,P. Pogba,Missing Fixture,Calf Injury,2026-01-16T18:00:00+00:00
1387854,61,2025,91,Monaco,47480,M. Salisu,Missing Fixture,Suspended,2026-01-16T18:00:00+00:00
1387854,61,2025,97,Lorient,402265,A. Avom,Missing Fixture,Ankle Injury,2026-01-16T18:00:00+00:00
1387854,61,2025,97,Lorient,437776,A. Faye,Missing Fixture,Foot Injury,2026-01-16T18:00:00+00:00
1387854,61,2025,97,Lorient,384112,P. Katseris,Missing Fixture,Thigh Injury,2026-01-16T18:00:00+00:00
1387854,61,2025,97,Lorient,401389,T. Sanusi,Missing Fixture,Inactive,2026-01-16T18:00:00+00:00
1387854,61,2025,97,Lorient,144319,S. Soumano,Missing Fixture,Knee Injury,2026-01-16T18:00:00+00:00
1387854,61,2025,97,Lorient,72457,A. Tosin,Missing Fixture,Knee Injury,2026-01-16T18:00:00+00:00
1387854,61,2025,97,Lorient,195893,I. Toure,Missing Fixture,Knee Injury,2026-01-16T18:00:00+00:00
1387854,61,2025,97,Lorient,152669,D. Yongwa,Missing Fixture,Muscle Injury,2026-01-16T18:00:00+00:00
1387856,61,2025,85,Paris Saint Germain,9,A. Hakimi,Missing Fixture,International duty,2026-01-16T20:00:00+00:00
1387856,61,2025,85,Paris Saint Germain,927,Lee Kang-In,Missing Fixture,Thigh Injury,2026-01-16T20:00:00+00:00
1387856,61,2025,85,Paris Saint Germain,446249,I. Mbaye,Missing Fixture,International duty,2026-01-16T20:00:00+00:00
1387856,61,2025,85,Paris Saint Germain,471107,Q. Ndjantou,Missing Fixture,Muscle Injury,2026-01-16T20:00:00+00:00
1387856,61,2025,85,Paris Saint Germain,335051,J. Neves,Missing Fixture,Muscle Injury,2026-01-16T20:00:00+00:00
1387856,61,2025,85,Paris Saint Germain,2068,M. Safonov,Missing Fixture,Broken Hand,2026-01-16T20:00:00+00:00
1387856,61,2025,79,Lille,2204,B. Andre,Missing Fixture,Injury,2026-01-16T20:00:00+00:00
1387856,61,2025,79,Lille,340077,M. Fernandez-Pardo,Missing Fixture,Inactive,2026-01-16T20:00:00+00:00
1387856,61,2025,79,Lille,306979,H. Igamane,Missing Fixture,International duty,2026-01-16T20:00:00+00:00
1387856,61,2025,79,Lille,351888,O. Toure,Missing Fixture,Knee Injury,2026-01-16T20:00:00+00:00
1387852,61,2025,116,Lens,402066,A. Bermont,Missing Fixture,Knock,2026-01-17T16:00:00+00:00
1387852,61,2025,116,Lens,1135,O. Edouard,Missing Fixture,Knock,2026-01-17T16:00:00+00:00
1387852,61,2025,116,Lens,21635,J. Gradit,Missing Fixture,Thigh Injury,2026-01-17T16:00:00+00:00
1387852,61,2025,116,Lens,21378,R. Gurtner,Missing Fixture,Muscle Injury,2026-01-17T16:00:00+00:00
1387852,61,2025,116,Lens,1153,A. Haidara,Missing Fixture,Lacking Match Fitness,2026-01-17T16:00:00+00:00
1387852,61,2025,116,Lens,237191,Jhoanner Chavez,Missing Fixture,Thigh Injury,2026-01-17T16:00:00+00:00
1387852,61,2025,108,Auxerre,335064,N. Buayi-Kiala,Missing Fixture,Knee Injury,2026-01-17T16:00:00+00:00
1387852,61,2025,108,Auxerre,7578,G. Mensah,Missing Fixture,Yellow Cards,2026-01-17T16:00:00+00:00
1387852,61,2025,108,Auxerre,21010,E. Owusu,Missing Fixture,Yellow Cards,2026-01-17T16:00:00+00:00
1387852,61,2025,108,Auxerre,31016,F. Sierralta,Missing Fixture,Injury,2026-01-17T16:00:00+00:00
1387859,61,2025,96,Toulouse,489903,I. Azizi,Missing Fixture,Knee Injury,2026-01-17T18:00:00+00:00
1387859,61,2025,96,Toulouse,321648,Emersonn,Missing Fixture,Red Card,2026-01-17T18:00:00+00:00
1387859,61,2025,96,Toulouse,118345,A. Francis,Missing Fixture,Broken Leg,2026-01-17T18:00:00+00:00
1387859,61,2025,96,Toulouse,452697,D. Methalie,Missing Fixture,Knee Injury,2026-01-17T18:00:00+00:00
1387859,61,2025,84,Nice,196343,M. Abdelmonem,Missing Fixture,Knee Injury,2026-01-17T18:00:00+00:00
1387859,61,2025,84,Nice,407017,M. Bombito,Missing Fixture,Leg Injury,2026-01-17T18:00:00+00:00
1387859,61,2025,84,Nice,4399,H. Boudaoui,Missing Fixture,Rest,2026-01-17T18:00:00+00:00
1387859,61,2025,84,Nice,107,S. Diop,Missing Fixture,Injury,2026-01-17T18:00:00+00:00
1387859,61,2025,84,Nice,20566,Y. Diouf,Missing Fixture,International duty,2026-01-17T18:00:00+00:00
1387859,61,2025,84,Nice,313937,A. Mendy,Missing Fixture,International duty,2026-01-17T18:00:00+00:00
1387859,61,2025,84,Nice,3099,Y. Ndayishimiye,Missing Fixture,Knee Injury,2026-01-17T18:00:00+00:00
1387851,61,2025,77,Angers,20692,H. Abdelli,Missing Fixture,Inactive,2026-01-17T20:05:00+00:00
1387851,61,2025,77,Angers,174660,L. Raolisoa,Missing Fixture,Coach's decision,2026-01-17T20:05:00+00:00
1387851,61,2025,81,Marseille,21694,N. Aguerd,Missing Fixture,International duty,2026-01-17T20:05:00+00:00
1387851,61,2025,81,Marseille,2725,B. Pavard,Missing Fixture,Injury,2026-01-17T20:05:00+00:00
1387858,61,2025,95,Strasbourg,395762,M. Amougou,Missing Fixture,Ankle Injury,2026-01-18T14:00:00+00:00
1387858,61,2025,95,Strasbourg,203762,E. Emegha,Missing Fixture,Leg Injury,2026-01-18T14:00:00+00:00
1387858,61,2025,95,Strasbourg,147835,A. Omobamidele,Missing Fixture,Calf Injury,2026-01-18T14:00:00+00:00
1387858,61,2025,95,Strasbourg,303016,M. Oyedele,Missing Fixture,Groin Injury,2026-01-18T14:00:00+00:00
1387858,61,2025,95,Strasbourg,276184,M. Sarr,Missing Fixture,International duty,2026-01-18T14:00:00+00:00
1387858,61,2025,95,Strasbourg,274328,S. Sow,Missing Fixture,Knee Injury,2026-01-18T14:00:00+00:00
1387858,61,2025,112,Metz,20535,H. Diallo,Missing Fixture,International duty,2026-01-18T14:00:00+00:00
1387858,61,2025,112,Metz,96331,K. Kouao,Missing Fixture,Yellow Cards,2026-01-18T14:00:00+00:00
1387858,61,2025,112,Metz,405072,J. Mangondo,Missing Fixture,Knee Injury,2026-01-18T14:00:00+00:00
1387858,61,2025,112,Metz,20534,C. Sabaly,Missing Fixture,International duty,2026-01-18T14:00:00+00:00
1387858,61,2025,112,Metz,403878,P. Sy,Missing Fixture,Concussion,2026-01-18T14:00:00+00:00
1387858,61,2025,112,Metz,157912,B. Traore,Missing Fixture,Inactive,2026-01-18T14:00:00+00:00
1387855,61,2025,83,Nantes,50026,C. Awaziem,Missing Fixture,International duty,2026-01-18T16:15:00+00:00
1387855,61,2025,83,Nantes,20654,F. Centonze,Missing Fixture,Injury,2026-01-18T16:15:00+00:00
1387855,61,2025,83,Nantes,2668,Mostafa Mohamed,Missing Fixture,International duty,2026-01-18T16:15:00+00:00
1387855,61,2025,114,Paris FC,21436,S. Alakouch,Missing Fixture,Injury,2026-01-18T16:15:00+00:00
1387855,61,2025,114,Paris FC,20869,S. Chergui,Missing Fixture,Injury,2026-01-18T16:15:00+00:00
1387855,61,2025,114,Paris FC,19430,N. Dicko,Missing Fixture,Inactive,2026-01-18T16:15:00+00:00
1387855,61,2025,114,Paris FC,120,W. Geubbels,Missing Fixture,Muscle Injury,2026-01-18T16:15:00+00:00
1387855,61,2025,114,Paris FC,20647,P. Hamel,Missing Fixture,Calf Injury,2026-01-18T16:15:00+00:00
1387855,61,2025,114,Paris FC,22170,P. Lees-Melou,Missing Fixture,Shin Injury,2026-01-18T16:15:00+00:00
1387855,61,2025,114,Paris FC,2781,M. Simon,Missing Fixture,International duty,2026-01-18T16:15:00+00:00
1387857,61,2025,94,Rennes,417830,A. Ait Boudlal,Missing Fixture,International duty,2026-01-18T16:15:00+00:00
1387857,61,2025,94,Rennes,367636,J. Jacquet,Missing Fixture,Yellow Cards,2026-01-18T16:15:00+00:00
1387857,61,2025,111,Le Havre,119853,M. Diaw,Missing Fixture,International duty,2026-01-18T16:15:00+00:00
1387857,61,2025,111,Le Havre,145476,R. Khadra,Missing Fixture,Shoulder Injury,2026-01-18T16:15:00+00:00
1387857,61,2025,111,Le Havre,460805,D. N. Mosengo,Missing Fixture,Knock,2026-01-18T16:15:00+00:00
1387857,61,2025,111,Le Havre,21103,A. Toure,Missing Fixture,Knee Injury,2026-01-18T16:15:00+00:00
1387857,61,2025,111,Le Havre,162443,E. Youte Kinkoue,Missing Fixture,Health problems,2026-01-18T16:15:00+00:00
1387857,61,2025,111,Le Havre,513415,S. Zagadou,Missing Fixture,Injury,2026-01-18T16:15:00+00:00
1387853,61,2025,80,Lyon,361348,M. Fofana,Missing Fixture,Ankle Injury,2026-01-18T19:45:00+00:00
1387853,61,2025,80,Lyon,18780,R. Ghezzal,Missing Fixture,Muscle Injury,2026-01-18T19:45:00+00:00
1387853,61,2025,80,Lyon,471106,E. Molebe,Missing Fixture,Inactive,2026-01-18T19:45:00+00:00
1387853,61,2025,80,Lyon,25916,M. Niakhate,Missing Fixture,International duty,2026-01-18T19:45:00+00:00
1387853,61,2025,80,Lyon,350856,E. Nuamah,Missing Fixture,Knee Injury,2026-01-18T19:45:00+00:00
1387853,61,2025,80,Lyon,519,C. Tolisso,Missing Fixture,Red Card,2026-01-18T19:45:00+00:00
1387853,61,2025,106,Stade Brestois 29,41323,M. Balde,Missing Fixture,Injury,2026-01-18T19:45:00+00:00
1387853,61,2025,106,Stade Brestois 29,85914,J. Le Cardinal,Missing Fixture,Red Card,2026-01-18T19:45:00+00:00
1387860,61,2025,108,Auxerre,335064,N. Buayi-Kiala,Missing Fixture,Knee Injury,2026-01-23T19:00:00+00:00
1387860,61,2025,108,Auxerre,31016,F. Sierralta,Missing Fixture,Injury,2026-01-23T19:00:00+00:00
1387860,61,2025,85,Paris Saint Germain,9,A. Hakimi,Missing Fixture,Personal Reasons,2026-01-23T19:00:00+00:00
1387860,61,2025,85,Paris Saint Germain,927,Lee Kang-In,Missing Fixture,Thigh Injury,2026-01-23T19:00:00+00:00
1387860,61,2025,85,Paris Saint Germain,263482,N. Mendes,Missing Fixture,Injury,2026-01-23T19:00:00+00:00
1387860,61,2025,85,Paris Saint Germain,471107,Q. Ndjantou,Missing Fixture,Muscle Injury,2026-01-23T19:00:00+00:00
1387860,61,2025,85,Paris Saint Germain,335051,J. Neves,Missing Fixture,Muscle Injury,2026-01-23T19:00:00+00:00
1387860,61,2025,85,Paris Saint Germain,328,F. Ruiz,Missing Fixture,Injury,2026-01-23T19:00:00+00:00
1387860,61,2025,85,Paris Saint Germain,2068,M. Safonov,Missing Fixture,Broken Hand,2026-01-23T19:00:00+00:00
1387868,61,2025,97,Lorient,200873,M. Bamba,Missing Fixture,Knee Injury,2026-01-24T16:00:00+00:00
1387868,61,2025,97,Lorient,162018,B. Fadiga,Missing Fixture,Injury,2026-01-24T16:00:00+00:00
1387868,61,2025,97,Lorient,437776,A. Faye,Missing Fixture,Foot Injury,2026-01-24T16:00:00+00:00
1387868,61,2025,97,Lorient,384112,P. Katseris,Missing Fixture,Thigh Injury,2026-01-24T16:00:00+00:00
1387868,61,2025,97,Lorient,72457,A. Tosin,Missing Fixture,Knee Injury,2026-01-24T16:00:00+00:00
1387868,61,2025,97,Lorient,195893,I. Toure,Missing Fixture,Knee Injury,2026-01-24T16:00:00+00:00
1387868,61,2025,97,Lorient,152669,D. Yongwa,Missing Fixture,Muscle Injury,2026-01-24T16:00:00+00:00
1387862,61,2025,111,Le Havre,119853,M. Diaw,Missing Fixture,Rest,2026-01-24T18:00:00+00:00
1387862,61,2025,111,Le Havre,145476,R. Khadra,Missing Fixture,Shoulder Injury,2026-01-24T18:00:00+00:00
1387862,61,2025,111,Le Havre,64255,G. Lloris,Missing Fixture,Injury,2026-01-24T18:00:00+00:00
1387862,61,2025,111,Le Havre,21103,A. Toure,Missing Fixture,Knee Injury,2026-01-24T18:00:00+00:00
1387862,61,2025,111,Le Havre,162443,E. Youte Kinkoue,Missing Fixture,Health problems,2026-01-24T18:00:00+00:00
1387862,61,2025,111,Le Havre,513415,S. Zagadou,Missing Fixture,Injury,2026-01-24T18:00:00+00:00
1387862,61,2025,111,Le Havre,451961,G. Zohouri,Missing Fixture,Injury,2026-01-24T18:00:00+00:00
1387862,61,2025,91,Monaco,543470,P. Cabral,Missing Fixture,Muscle Injury,2026-01-24T18:00:00+00:00
1387862,61,2025,91,Monaco,419035,M. Coulibaly,Missing Fixture,Red Card,2026-01-24T18:00:00+00:00
1387862,61,2025,91,Monaco,81,K. Diatta,Missing Fixture,Rest,2026-01-24T18:00:00+00:00
1387862,61,2025,91,Monaco,963,L. Hradecky,Missing Fixture,Knee Injury,2026-01-24T18:00:00+00:00
1387862,61,2025,91,Monaco,371916,C. Mawissa,Missing Fixture,Injury,2026-01-24T18:00:00+00:00
1387862,61,2025,91,Monaco,1101,T. Minamino,Missing Fixture,Knee Injury,2026-01-24T18:00:00+00:00
1387862,61,2025,91,Monaco,904,P. Pogba,Missing Fixture,Calf Injury,2026-01-24T18:00:00+00:00
1387862,61,2025,91,Monaco,47480,M. Salisu,Missing Fixture,Knee Injury,2026-01-24T18:00:00+00:00
1387864,61,2025,81,Marseille,2284,Emerson,Missing Fixture,Thigh Injury,2026-01-24T20:05:00+00:00
1387864,61,2025,81,Marseille,943,U. Garcia,Missing Fixture,Inactive,2026-01-24T20:05:00+00:00
1387864,61,2025,81,Marseille,896,A. Gomes,Missing Fixture,Yellow Cards,2026-01-24T20:05:00+00:00
1387864,61,2025,81,Marseille,926,G. Kondogbia,Missing Fixture,Inactive,2026-01-24T20:05:00+00:00
1387864,61,2025,81,Marseille,19364,N. Maupay,Missing Fixture,Inactive,2026-01-24T20:05:00+00:00
1387864,61,2025,116,Lens,322984,S. Baidoo,Missing Fixture,Muscle Injury,2026-01-24T20:05:00+00:00
1387864,61,2025,116,Lens,21635,J. Gradit,Missing Fixture,Thigh Injury,2026-01-24T20:05:00+00:00
1387864,61,2025,116,Lens,23643,M. Guilavogui,Missing Fixture,Injury,2026-01-24T20:05:00+00:00
1387864,61,2025,116,Lens,21378,R. Gurtner,Missing Fixture,Muscle Injury,2026-01-24T20:05:00+00:00
1387864,61,2025,116,Lens,1153,A. Haidara,Missing Fixture,Lacking Match Fitness,2026-01-24T20:05:00+00:00
1387864,61,2025,116,Lens,237191,Jhoanner Chavez,Missing Fixture,Thigh Injury,2026-01-24T20:05:00+00:00
1387866,61,2025,83,Nantes,428504,A. Camara,Missing Fixture,Injury,2026-01-25T14:00:00+00:00
1387866,61,2025,83,Nantes,20654,F. Centonze,Missing Fixture,Injury,2026-01-25T14:00:00+00:00
1387866,61,2025,83,Nantes,924,F. Coquelin,Missing Fixture,Injury,2026-01-25T14:00:00+00:00
1387866,61,2025,83,Nantes,443674,L. Leroux,Missing Fixture,Inactive,2026-01-25T14:00:00+00:00
1387866,61,2025,83,Nantes,2483,D. Machado,Missing Fixture,Injury,2026-01-25T14:00:00+00:00
1387866,61,2025,83,Nantes,388779,D. Tabibou,Missing Fixture,Inactive,2026-01-25T14:00:00+00:00
1387866,61,2025,84,Nice,196343,M. Abdelmonem,Missing Fixture,Knee Injury,2026-01-25T14:00:00+00:00
1387866,61,2025,84,Nice,162465,M. Bard,Missing Fixture,Groin Injury,2026-01-25T14:00:00+00:00
1387866,61,2025,84,Nice,30531,J. Boga,Missing Fixture,Injury,2026-01-25T14:00:00+00:00
1387866,61,2025,84,Nice,407017,M. Bombito,Missing Fixture,Leg Injury,2026-01-25T14:00:00+00:00
1387866,61,2025,84,Nice,4399,H. Boudaoui,Missing Fixture,Inactive,2026-01-25T14:00:00+00:00
1387866,61,2025,84,Nice,504157,D. Coulibaly,Missing Fixture,Inactive,2026-01-25T14:00:00+00:00
1387866,61,2025,84,Nice,69971,T. Moffi,Missing Fixture,Injury,2026-01-25T14:00:00+00:00
1387866,61,2025,84,Nice,3099,Y. Ndayishimiye,Missing Fixture,Knee Injury,2026-01-25T14:00:00+00:00
1387861,61,2025,106,Stade Brestois 29,41323,M. Balde,Missing Fixture,Injury,2026-01-25T16:15:00+00:00
1387861,61,2025,106,Stade Brestois 29,2214,R. Del Castillo,Missing Fixture,Red Card,2026-01-25T16:15:00+00:00
1387861,61,2025,96,Toulouse,489903,I. Azizi,Missing Fixture,Knee Injury,2026-01-25T16:15:00+00:00
1387861,61,2025,96,Toulouse,47351,A. Dominguez,Missing Fixture,Inactive,2026-01-25T16:15:00+00:00
1387861,61,2025,96,Toulouse,321648,Emersonn,Missing Fixture,Red Card,2026-01-25T16:15:00+00:00
1387861,61,2025,96,Toulouse,118345,A. Francis,Missing Fixture,Broken Leg,2026-01-25T16:15:00+00:00
1387861,61,2025,96,Toulouse,174724,F. Magri,Missing Fixture,Knee Injury,2026-01-25T16:15:00+00:00
1387861,61,2025,96,Toulouse,452697,D. Methalie,Missing Fixture,Knee Injury,2026-01-25T16:15:00+00:00
1387865,61,2025,112,Metz,405072,J. Mangondo,Missing Fixture,Knee Injury,2026-01-25T16:15:00+00:00
1387865,61,2025,112,Metz,403878,P. Sy,Missing Fixture,Concussion,2026-01-25T16:15:00+00:00
1387865,61,2025,80,Lyon,9700,Abner Vinicius,Missing Fixture,Injury,2026-01-25T16:15:00+00:00
1387865,61,2025,80,Lyon,361348,M. Fofana,Missing Fixture,Ankle Injury,2026-01-25T16:15:00+00:00
1387865,61,2025,80,Lyon,18780,R. Ghezzal,Missing Fixture,Muscle Injury,2026-01-25T16:15:00+00:00
1387865,61,2025,80,Lyon,350856,E. Nuamah,Missing Fixture,Knee Injury,2026-01-25T16:15:00+00:00
1387865,61,2025,80,Lyon,529,N. Tagliafico,Missing Fixture,Ankle Injury,2026-01-25T16:15:00+00:00
1387867,61,2025,114,Paris FC,21436,S. Alakouch,Missing Fixture,Injury,2026-01-25T16:15:00+00:00
1387867,61,2025,114,Paris FC,20869,S. Chergui,Missing Fixture,Injury,2026-01-25T16:15:00+00:00
1387867,61,2025,114,Paris FC,8474,T. De Smet,Missing Fixture,Injury,2026-01-25T16:15:00+00:00
1387867,61,2025,114,Paris FC,19430,N. Dicko,Missing Fixture,Inactive,2026-01-25T16:15:00+00:00
1387867,61,2025,114,Paris FC,23126,L. Gueye,Missing Fixture,Injury,2026-01-25T16:15:00+00:00
1387867,61,2025,114,Paris FC,20647,P. Hamel,Missing Fixture,Calf Injury,2026-01-25T16:15:00+00:00
1387867,61,2025,114,Paris FC,22170,P. Lees-Melou,Missing Fixture,Shin Injury,2026-01-25T16:15:00+00:00
1387867,61,2025,77,Angers,20692,H. Abdelli,Missing Fixture,Inactive,2026-01-25T16:15:00+00:00
1387867,61,2025,77,Angers,403277,L. Machine,Missing Fixture,Injury,2026-01-25T16:15:00+00:00
1387863,61,2025,79,Lille,409,N. Bentaleb,Missing Fixture,Injury,2026-01-25T19:45:00+00:00
1387863,61,2025,79,Lille,67889,H. Haraldsson,Missing Fixture,Yellow Cards,2026-01-25T19:45:00+00:00
1387863,61,2025,79,Lille,306979,H. Igamane,Missing Fixture,Knee Injury,2026-01-25T19:45:00+00:00
1387863,61,2025,79,Lille,351888,O. Toure,Missing Fixture,Knee Injury,2026-01-25T19:45:00+00:00
1387863,61,2025,79,Lille,2204,B. Andre,Questionable,Injury,2026-01-25T19:45:00+00:00
1387863,61,2025,79,Lille,18765,A. Gomes,Questionable,Inactive,2026-01-25T19:45:00+00:00
1387863,61,2025,79,Lille,99576,O. Sahraoui,Questionable,Injury,2026-01-25T19:45:00+00:00
1387863,61,2025,95,Strasbourg,395762,M. Amougou,Missing Fixture,Ankle Injury,2026-01-25T19:45:00+00:00
1387863,61,2025,95,Strasbourg,303016,M. Oyedele,Missing Fixture,Groin Injury,2026-01-25T19:45:00+00:00
1387863,61,2025,95,Strasbourg,274328,S. Sow,Missing Fixture,Knee Injury,2026-01-25T19:45:00+00:00
1387870,61,2025,116,Lens,322984,S. Baidoo,Missing Fixture,Muscle Injury,2026-01-30T19:45:00+00:00
1387870,61,2025,116,Lens,21635,J. Gradit,Missing Fixture,Thigh Injury,2026-01-30T19:45:00+00:00
1387870,61,2025,116,Lens,23643,M. Guilavogui,Missing Fixture,Yellow Cards,2026-01-30T19:45:00+00:00
1387870,61,2025,116,Lens,21378,R. Gurtner,Missing Fixture,Muscle Injury,2026-01-30T19:45:00+00:00
1387870,61,2025,116,Lens,237191,Jhoanner Chavez,Missing Fixture,Thigh Injury,2026-01-30T19:45:00+00:00
1387870,61,2025,116,Lens,18816,A. Masuaku,Missing Fixture,Ankle Injury,2026-01-30T19:45:00+00:00
1387870,61,2025,111,Le Havre,145476,R. Khadra,Missing Fixture,Shoulder Injury,2026-01-30T19:45:00+00:00
1387870,61,2025,111,Le Havre,64255,G. Lloris,Missing Fixture,Injury,2026-01-30T19:45:00+00:00
1387870,61,2025,111,Le Havre,1945,A. Samatta,Missing Fixture,Knock,2026-01-30T19:45:00+00:00
1387870,61,2025,111,Le Havre,21103,A. Toure,Missing Fixture,Knee Injury,2026-01-30T19:45:00+00:00
1387870,61,2025,111,Le Havre,437349,E. K. Vinette,Missing Fixture,Shoulder Injury,2026-01-30T19:45:00+00:00
1387870,61,2025,111,Le Havre,162443,E. Youte Kinkoue,Missing Fixture,Health problems,2026-01-30T19:45:00+00:00
1387875,61,2025,114,Paris FC,21436,S. Alakouch,Missing Fixture,Injury,2026-01-31T16:00:00+00:00
1387875,61,2025,114,Paris FC,20869,S. Chergui,Missing Fixture,Injury,2026-01-31T16:00:00+00:00
1387875,61,2025,114,Paris FC,8474,T. De Smet,Missing Fixture,Injury,2026-01-31T16:00:00+00:00
1387875,61,2025,114,Paris FC,19430,N. Dicko,Missing Fixture,Inactive,2026-01-31T16:00:00+00:00
1387875,61,2025,114,Paris FC,20647,P. Hamel,Missing Fixture,Calf Injury,2026-01-31T16:00:00+00:00
1387875,61,2025,114,Paris FC,22170,P. Lees-Melou,Missing Fixture,Shin Injury,2026-01-31T16:00:00+00:00
1387875,61,2025,81,Marseille,2284,Emerson,Missing Fixture,Thigh Injury,2026-01-31T16:00:00+00:00
1387875,61,2025,81,Marseille,896,A. Gomes,Missing Fixture,Yellow Cards,2026-01-31T16:00:00+00:00
1387871,61,2025,97,Lorient,162018,B. Fadiga,Missing Fixture,Injury,2026-01-31T18:00:00+00:00
1387871,61,2025,97,Lorient,437776,A. Faye,Missing Fixture,Foot Injury,2026-01-31T18:00:00+00:00
1387871,61,2025,97,Lorient,384112,P. Katseris,Missing Fixture,Thigh Injury,2026-01-31T18:00:00+00:00
1387871,61,2025,97,Lorient,72457,A. Tosin,Missing Fixture,Knee Injury,2026-01-31T18:00:00+00:00
1387871,61,2025,97,Lorient,195893,I. Toure,Missing Fixture,Knee Injury,2026-01-31T18:00:00+00:00
1387871,61,2025,97,Lorient,152669,D. Yongwa,Missing Fixture,Muscle Injury,2026-01-31T18:00:00+00:00
1387871,61,2025,83,Nantes,21636,F. Guilbert,Missing Fixture,Lacking Match Fitness,2026-01-31T18:00:00+00:00
1387871,61,2025,83,Nantes,2483,D. Machado,Missing Fixture,Injury,2026-01-31T18:00:00+00:00
1387871,61,2025,83,Nantes,282549,J. Mwanga,Missing Fixture,Inactive,2026-01-31T18:00:00+00:00
1387871,61,2025,83,Nantes,522609,T. Tati,Missing Fixture,Yellow Cards,2026-01-31T18:00:00+00:00
1387873,61,2025,91,Monaco,543470,P. Cabral,Missing Fixture,Muscle Injury,2026-01-31T20:05:00+00:00
1387873,61,2025,91,Monaco,175,E. Dier,Missing Fixture,Injury,2026-01-31T20:05:00+00:00
1387873,61,2025,91,Monaco,8694,W. Faes,Missing Fixture,Injury,2026-01-31T20:05:00+00:00
1387873,61,2025,91,Monaco,963,L. Hradecky,Missing Fixture,Knee Injury,2026-01-31T20:05:00+00:00
1387873,61,2025,91,Monaco,1101,T. Minamino,Missing Fixture,Knee Injury,2026-01-31T20:05:00+00:00
1387873,61,2025,91,Monaco,904,P. Pogba,Missing Fixture,Calf Injury,2026-01-31T20:05:00+00:00
1387873,61,2025,91,Monaco,47480,M. Salisu,Missing Fixture,Knee Injury,2026-01-31T20:05:00+00:00
1387873,61,2025,91,Monaco,371916,C. Mawissa,Questionable,Injury,2026-01-31T20:05:00+00:00
1387873,61,2025,94,Rennes,30807,S. Fofana,Missing Fixture,Calf Injury,2026-01-31T20:05:00+00:00
1387873,61,2025,94,Rennes,449662,M. Meite,Missing Fixture,Inactive,2026-01-31T20:05:00+00:00
1387873,61,2025,94,Rennes,21102,V. Rongier,Missing Fixture,Calf Injury,2026-01-31T20:05:00+00:00
1387872,61,2025,80,Lyon,361348,M. Fofana,Missing Fixture,Ankle Injury,2026-02-01T14:00:00+00:00
1387872,61,2025,80,Lyon,18780,R. Ghezzal,Missing Fixture,Muscle Injury,2026-02-01T14:00:00+00:00
1387872,61,2025,80,Lyon,24882,O. Mangala,Missing Fixture,Injury,2026-02-01T14:00:00+00:00
1387872,61,2025,80,Lyon,350856,E. Nuamah,Missing Fixture,Knee Injury,2026-02-01T14:00:00+00:00
1387872,61,2025,80,Lyon,529,N. Tagliafico,Missing Fixture,Ankle Injury,2026-02-01T14:00:00+00:00
1387872,61,2025,80,Lyon,519,C. Tolisso,Missing Fixture,Muscle Injury,2026-02-01T14:00:00+00:00
1387872,61,2025,79,Lille,409,N. Bentaleb,Missing Fixture,Injury,2026-02-01T14:00:00+00:00
1387872,61,2025,79,Lille,21483,M. Caillard,Missing Fixture,Inactive,2026-02-01T14:00:00+00:00
1387872,61,2025,79,Lille,18765,A. Gomes,Missing Fixture,Inactive,2026-02-01T14:00:00+00:00
1387872,61,2025,79,Lille,306979,H. Igamane,Missing Fixture,Knee Injury,2026-02-01T14:00:00+00:00
1387872,61,2025,79,Lille,264,T. Meunier,Missing Fixture,Muscle Injury,2026-02-01T14:00:00+00:00
1387872,61,2025,79,Lille,99576,O. Sahraoui,Missing Fixture,Injury,2026-02-01T14:00:00+00:00
1387872,61,2025,79,Lille,351888,O. Toure,Missing Fixture,Knee Injury,2026-02-01T14:00:00+00:00
1387869,61,2025,77,Angers,20692,H. Abdelli,Missing Fixture,Inactive,2026-02-01T16:15:00+00:00
1387869,61,2025,77,Angers,421875,S. Cherif,Missing Fixture,Knock,2026-02-01T16:15:00+00:00
1387869,61,2025,112,Metz,405072,J. Mangondo,Missing Fixture,Knee Injury,2026-02-01T16:15:00+00:00
1387869,61,2025,112,Metz,20534,C. Sabaly,Missing Fixture,Inactive,2026-02-01T16:15:00+00:00
1387869,61,2025,112,Metz,403878,P. Sy,Missing Fixture,Concussion,2026-02-01T16:15:00+00:00
1387874,61,2025,84,Nice,196343,M. Abdelmonem,Missing Fixture,Knee Injury,2026-02-01T16:15:00+00:00
1387874,61,2025,84,Nice,449509,J. Bah,Missing Fixture,Yellow Cards,2026-02-01T16:15:00+00:00
1387874,61,2025,84,Nice,162465,M. Bard,Missing Fixture,Groin Injury,2026-02-01T16:15:00+00:00
1387874,61,2025,84,Nice,407017,M. Bombito,Missing Fixture,Leg Injury,2026-02-01T16:15:00+00:00
1387874,61,2025,84,Nice,3099,Y. Ndayishimiye,Missing Fixture,Knee Injury,2026-02-01T16:15:00+00:00
1387874,61,2025,106,Stade Brestois 29,41323,M. Balde,Missing Fixture,Injury,2026-02-01T16:15:00+00:00
1387874,61,2025,106,Stade Brestois 29,274267,B. Locko,Missing Fixture,Muscle Injury,2026-02-01T16:15:00+00:00
1387877,61,2025,96,Toulouse,489903,I. Azizi,Missing Fixture,Knee Injury,2026-02-01T16:15:00+00:00
1387877,61,2025,96,Toulouse,118345,A. Francis,Missing Fixture,Broken Leg,2026-02-01T16:15:00+00:00
1387877,61,2025,96,Toulouse,174724,F. Magri,Missing Fixture,Knee Injury,2026-02-01T16:15:00+00:00
1387877,61,2025,96,Toulouse,452697,D. Methalie,Missing Fixture,Knee Injury,2026-02-01T16:15:00+00:00
1387877,61,2025,108,Auxerre,335064,N. Buayi-Kiala,Missing Fixture,Knee Injury,2026-02-01T16:15:00+00:00
1387877,61,2025,108,Auxerre,496896,R. Matondo,Missing Fixture,Knock,2026-02-01T16:15:00+00:00
1387877,61,2025,108,Auxerre,191240,M. Senaya,Missing Fixture,Yellow Cards,2026-02-01T16:15:00+00:00
1387877,61,2025,108,Auxerre,31016,F. Sierralta,Missing Fixture,Injury,2026-02-01T16:15:00+00:00
1387876,61,2025,95,Strasbourg,319572,V. Barco,Missing Fixture,Yellow Cards,2026-02-01T19:45:00+00:00
1387876,61,2025,95,Strasbourg,303016,M. Oyedele,Missing Fixture,Groin Injury,2026-02-01T19:45:00+00:00
1387876,61,2025,95,Strasbourg,274328,S. Sow,Missing Fixture,Knee Injury,2026-02-01T19:45:00+00:00
1387876,61,2025,95,Strasbourg,203762,E. Emegha,Questionable,Leg Injury,2026-02-01T19:45:00+00:00
1387876,61,2025,85,Paris Saint Germain,483,K. Kvaratskhelia,Missing Fixture,Ankle Injury,2026-02-01T19:45:00+00:00
1387876,61,2025,85,Paris Saint Germain,471107,Q. Ndjantou,Missing Fixture,Muscle Injury,2026-02-01T19:45:00+00:00
1387876,61,2025,85,Paris Saint Germain,328,F. Ruiz,Missing Fixture,Knee Injury,2026-02-01T19:45:00+00:00
1387883,61,2025,112,Metz,3240,J. Gbamin,Missing Fixture,Red Card,2026-02-06T19:45:00+00:00
1387883,61,2025,112,Metz,405072,J. Mangondo,Missing Fixture,Knee Injury,2026-02-06T19:45:00+00:00
1387883,61,2025,112,Metz,403878,P. Sy,Missing Fixture,Concussion,2026-02-06T19:45:00+00:00
1387883,61,2025,79,Lille,409,N. Bentaleb,Missing Fixture,Injury,2026-02-06T19:45:00+00:00
1387883,61,2025,79,Lille,306979,H. Igamane,Missing Fixture,Knee Injury,2026-02-06T19:45:00+00:00
1387883,61,2025,79,Lille,386287,E. Mbappe,Missing Fixture,Thigh Injury,2026-02-06T19:45:00+00:00
1387883,61,2025,79,Lille,264,T. Meunier,Missing Fixture,Muscle Injury,2026-02-06T19:45:00+00:00
1387883,61,2025,79,Lille,99576,O. Sahraoui,Missing Fixture,Injury,2026-02-06T19:45:00+00:00
1387883,61,2025,79,Lille,351888,O. Toure,Missing Fixture,Knee Injury,2026-02-06T19:45:00+00:00
1387882,61,2025,116,Lens,394950,A. Bulatovic,Missing Fixture,Inactive,2026-02-07T16:00:00+00:00
1387882,61,2025,116,Lens,21635,J. Gradit,Missing Fixture,Thigh Injury,2026-02-07T16:00:00+00:00
1387882,61,2025,116,Lens,21378,R. Gurtner,Missing Fixture,Muscle Injury,2026-02-07T16:00:00+00:00
1387882,61,2025,116,Lens,237191,Jhoanner Chavez,Missing Fixture,Thigh Injury,2026-02-07T16:00:00+00:00
1387882,61,2025,94,Rennes,343792,D. Cisse,Missing Fixture,Injury,2026-02-07T16:00:00+00:00
1387882,61,2025,94,Rennes,3007,P. Frankowski,Missing Fixture,Injury,2026-02-07T16:00:00+00:00
1387882,61,2025,94,Rennes,1754,G. Kamara,Missing Fixture,Injury,2026-02-07T16:00:00+00:00
1387882,61,2025,94,Rennes,21628,B. Samba,Missing Fixture,Coach's decision,2026-02-07T16:00:00+00:00
1387882,61,2025,94,Rennes,457101,Y. Zabiri,Missing Fixture,Muscle Injury,2026-02-07T16:00:00+00:00
1387880,61,2025,106,Stade Brestois 29,41323,M. Balde,Missing Fixture,Injury,2026-02-07T18:00:00+00:00
1387880,61,2025,106,Stade Brestois 29,162568,S. Coulibaly,Missing Fixture,Thigh Injury,2026-02-07T18:00:00+00:00
1387880,61,2025,106,Stade Brestois 29,274267,B. Locko,Missing Fixture,Muscle Injury,2026-02-07T18:00:00+00:00
1387880,61,2025,97,Lorient,162018,B. Fadiga,Missing Fixture,Injury,2026-02-07T18:00:00+00:00
1387880,61,2025,97,Lorient,437776,A. Faye,Missing Fixture,Foot Injury,2026-02-07T18:00:00+00:00
1387880,61,2025,97,Lorient,384112,P. Katseris,Missing Fixture,Inactive,2026-02-07T18:00:00+00:00
1387880,61,2025,97,Lorient,195893,I. Toure,Missing Fixture,Knee Injury,2026-02-07T18:00:00+00:00
1387884,61,2025,83,Nantes,21636,F. Guilbert,Missing Fixture,Lacking Match Fitness,2026-02-07T20:05:00+00:00
1387884,61,2025,83,Nantes,610593,J. Kone,Missing Fixture,Inactive,2026-02-07T20:05:00+00:00
1387884,61,2025,80,Lyon,361348,M. Fofana,Missing Fixture,Ankle Injury,2026-02-07T20:05:00+00:00
1387884,61,2025,80,Lyon,585333,T. Goncalves,Missing Fixture,Inactive,2026-02-07T20:05:00+00:00
1387884,61,2025,80,Lyon,193293,R. Kluivert,Missing Fixture,Muscle Injury,2026-02-07T20:05:00+00:00
1387884,61,2025,80,Lyon,24882,O. Mangala,Missing Fixture,Injury,2026-02-07T20:05:00+00:00
1387884,61,2025,80,Lyon,350856,E. Nuamah,Missing Fixture,Knee Injury,2026-02-07T20:05:00+00:00
1387884,61,2025,80,Lyon,529,N. Tagliafico,Missing Fixture,Ankle Injury,2026-02-07T20:05:00+00:00
1387884,61,2025,80,Lyon,519,C. Tolisso,Missing Fixture,Muscle Injury,2026-02-07T20:05:00+00:00
1387884,61,2025,80,Lyon,8493,R. Yaremchuk,Missing Fixture,Calf Injury,2026-02-07T20:05:00+00:00
1387885,61,2025,84,Nice,196343,M. Abdelmonem,Missing Fixture,Knee Injury,2026-02-08T14:00:00+00:00
1387885,61,2025,84,Nice,162465,M. Bard,Missing Fixture,Groin Injury,2026-02-08T14:00:00+00:00
1387885,61,2025,84,Nice,407017,M. Bombito,Missing Fixture,Leg Injury,2026-02-08T14:00:00+00:00
1387885,61,2025,84,Nice,4399,H. Boudaoui,Missing Fixture,Back Injury,2026-02-08T14:00:00+00:00
1387885,61,2025,84,Nice,274312,M. Cho,Missing Fixture,Muscle Injury,2026-02-08T14:00:00+00:00
1387885,61,2025,84,Nice,188319,Kevin,Missing Fixture,Ankle Injury,2026-02-08T14:00:00+00:00
1387885,61,2025,84,Nice,3099,Y. Ndayishimiye,Missing Fixture,Knee Injury,2026-02-08T14:00:00+00:00
1387885,61,2025,91,Monaco,543470,P. Cabral,Missing Fixture,Muscle Injury,2026-02-08T14:00:00+00:00
1387885,61,2025,91,Monaco,175,E. Dier,Missing Fixture,Injury,2026-02-08T14:00:00+00:00
1387885,61,2025,91,Monaco,135775,A. Fati,Missing Fixture,Muscle Injury,2026-02-08T14:00:00+00:00
1387885,61,2025,91,Monaco,963,L. Hradecky,Missing Fixture,Knee Injury,2026-02-08T14:00:00+00:00
1387885,61,2025,91,Monaco,371916,C. Mawissa,Missing Fixture,Injury,2026-02-08T14:00:00+00:00
1387885,61,2025,91,Monaco,1101,T. Minamino,Missing Fixture,Knee Injury,2026-02-08T14:00:00+00:00
1387885,61,2025,91,Monaco,333137,K. Ouattara,Missing Fixture,Calf Injury,2026-02-08T14:00:00+00:00
1387885,61,2025,91,Monaco,904,P. Pogba,Missing Fixture,Calf Injury,2026-02-08T14:00:00+00:00
1387885,61,2025,91,Monaco,47480,M. Salisu,Missing Fixture,Knee Injury,2026-02-08T14:00:00+00:00
1387878,61,2025,77,Angers,20554,H. Belkebla,Missing Fixture,Injury,2026-02-08T16:15:00+00:00
1387878,61,2025,96,Toulouse,489903,I. Azizi,Missing Fixture,Knee Injury,2026-02-08T16:15:00+00:00
1387878,61,2025,96,Toulouse,118345,A. Francis,Missing Fixture,Broken Leg,2026-02-08T16:15:00+00:00
1387878,61,2025,96,Toulouse,174724,F. Magri,Missing Fixture,Knee Injury,2026-02-08T16:15:00+00:00
1387878,61,2025,96,Toulouse,514464,A. Vossah,Missing Fixture,Inactive,2026-02-08T16:15:00+00:00
1387879,61,2025,108,Auxerre,335064,N. Buayi-Kiala,Missing Fixture,Knee Injury,2026-02-08T16:15:00+00:00
1387879,61,2025,108,Auxerre,31016,F. Sierralta,Missing Fixture,Injury,2026-02-08T16:15:00+00:00
1387879,61,2025,114,Paris FC,21436,S. Alakouch,Missing Fixture,Injury,2026-02-08T16:15:00+00:00
1387879,61,2025,114,Paris FC,20869,S. Chergui,Missing Fixture,Injury,2026-02-08T16:15:00+00:00
1387879,61,2025,114,Paris FC,8474,T. De Smet,Missing Fixture,Injury,2026-02-08T16:15:00+00:00
1387879,61,2025,114,Paris FC,19430,N. Dicko,Missing Fixture,Inactive,2026-02-08T16:15:00+00:00
1387879,61,2025,114,Paris FC,20647,P. Hamel,Missing Fixture,Calf Injury,2026-02-08T16:15:00+00:00
1387879,61,2025,114,Paris FC,22170,P. Lees-Melou,Missing Fixture,Shin Injury,2026-02-08T16:15:00+00:00
1387879,61,2025,114,Paris FC,496896,R. Matondo,Missing Fixture,Inactive,2026-02-08T16:15:00+00:00
1387879,61,2025,114,Paris FC,2202,H. Traore,Missing Fixture,Knee Injury,2026-02-08T16:15:00+00:00
1387881,61,2025,111,Le Havre,33165,A. Seko,Missing Fixture,Ribs Injury,2026-02-08T16:15:00+00:00
1387881,61,2025,111,Le Havre,21103,A. Toure,Missing Fixture,Knee Injury,2026-02-08T16:15:00+00:00
1387881,61,2025,111,Le Havre,162443,E. Youte Kinkoue,Missing Fixture,Health problems,2026-02-08T16:15:00+00:00
1387881,61,2025,95,Strasbourg,422780,A. Anselmino,Missing Fixture,Thigh Injury,2026-02-08T16:15:00+00:00
1387881,61,2025,95,Strasbourg,203762,E. Emegha,Missing Fixture,Leg Injury,2026-02-08T16:15:00+00:00
1387886,61,2025,85,Paris Saint Germain,9,A. Hakimi,Missing Fixture,Red Card,2026-02-08T19:45:00+00:00
1387886,61,2025,85,Paris Saint Germain,471107,Q. Ndjantou,Missing Fixture,Muscle Injury,2026-02-08T19:45:00+00:00
1387886,61,2025,85,Paris Saint Germain,328,F. Ruiz,Missing Fixture,Knee Injury,2026-02-08T19:45:00+00:00
1387895,61,2025,94,Rennes,417830,A. Ait Boudlal,Missing Fixture,Injury,2026-02-13T18:00:00+00:00
1387895,61,2025,94,Rennes,3007,P. Frankowski,Missing Fixture,Injury,2026-02-13T18:00:00+00:00
1387895,61,2025,94,Rennes,367636,J. Jacquet,Missing Fixture,Shoulder Injury,2026-02-13T18:00:00+00:00
1387895,61,2025,94,Rennes,1754,G. Kamara,Missing Fixture,Injury,2026-02-13T18:00:00+00:00
1387895,61,2025,94,Rennes,457101,Y. Zabiri,Missing Fixture,Muscle Injury,2026-02-13T18:00:00+00:00
1387895,61,2025,85,Paris Saint Germain,471107,Q. Ndjantou,Missing Fixture,Muscle Injury,2026-02-13T18:00:00+00:00
1387895,61,2025,85,Paris Saint Germain,328,F. Ruiz,Missing Fixture,Knee Injury,2026-02-13T18:00:00+00:00
1387893,61,2025,91,Monaco,543470,P. Cabral,Missing Fixture,Muscle Injury,2026-02-13T20:05:00+00:00
1387893,61,2025,91,Monaco,175,E. Dier,Missing Fixture,Injury,2026-02-13T20:05:00+00:00
1387893,61,2025,91,Monaco,963,L. Hradecky,Missing Fixture,Knee Injury,2026-02-13T20:05:00+00:00
1387893,61,2025,91,Monaco,371916,C. Mawissa,Missing Fixture,Injury,2026-02-13T20:05:00+00:00
1387893,61,2025,91,Monaco,1101,T. Minamino,Missing Fixture,Knee Injury,2026-02-13T20:05:00+00:00
1387893,61,2025,91,Monaco,333137,K. Ouattara,Missing Fixture,Calf Injury,2026-02-13T20:05:00+00:00
1387893,61,2025,91,Monaco,904,P. Pogba,Missing Fixture,Calf Injury,2026-02-13T20:05:00+00:00
1387893,61,2025,91,Monaco,47480,M. Salisu,Missing Fixture,Knee Injury,2026-02-13T20:05:00+00:00
1387893,61,2025,83,Nantes,21636,F. Guilbert,Missing Fixture,Lacking Match Fitness,2026-02-13T20:05:00+00:00
1387891,61,2025,81,Marseille,6,L. Balerdi,Missing Fixture,Illness,2026-02-14T16:00:00+00:00
1387891,61,2025,95,Strasbourg,271542,I. Doukoure,Missing Fixture,Red Card,2026-02-14T16:00:00+00:00
1387891,61,2025,95,Strasbourg,203762,E. Emegha,Missing Fixture,Leg Injury,2026-02-14T16:00:00+00:00
1387891,61,2025,95,Strasbourg,303016,M. Oyedele,Missing Fixture,Groin Injury,2026-02-14T16:00:00+00:00
1387888,61,2025,79,Lille,21483,M. Caillard,Missing Fixture,Injury,2026-02-14T18:00:00+00:00
1387888,61,2025,79,Lille,430816,N. Edjouma,Missing Fixture,Muscle Injury,2026-02-14T18:00:00+00:00
1387888,61,2025,79,Lille,306979,H. Igamane,Missing Fixture,Knee Injury,2026-02-14T18:00:00+00:00
1387888,61,2025,79,Lille,1567,A. Mandi,Missing Fixture,Yellow Cards,2026-02-14T18:00:00+00:00
1387888,61,2025,79,Lille,386287,E. Mbappe,Missing Fixture,Thigh Injury,2026-02-14T18:00:00+00:00
1387888,61,2025,79,Lille,264,T. Meunier,Missing Fixture,Muscle Injury,2026-02-14T18:00:00+00:00
1387888,61,2025,79,Lille,312964,N. Ngoy,Missing Fixture,Yellow Cards,2026-02-14T18:00:00+00:00
1387888,61,2025,79,Lille,99576,O. Sahraoui,Missing Fixture,Injury,2026-02-14T18:00:00+00:00
1387888,61,2025,79,Lille,351888,O. Toure,Missing Fixture,Knee Injury,2026-02-14T18:00:00+00:00
1387888,61,2025,106,Stade Brestois 29,41323,M. Balde,Missing Fixture,Injury,2026-02-14T18:00:00+00:00
1387888,61,2025,106,Stade Brestois 29,162568,S. Coulibaly,Missing Fixture,Thigh Injury,2026-02-14T18:00:00+00:00
1387888,61,2025,106,Stade Brestois 29,326068,K. Doumbia,Missing Fixture,Yellow Cards,2026-02-14T18:00:00+00:00
1387888,61,2025,106,Stade Brestois 29,274267,B. Locko,Missing Fixture,Muscle Injury,2026-02-14T18:00:00+00:00
1387894,61,2025,114,Paris FC,21436,S. Alakouch,Missing Fixture,Injury,2026-02-14T20:05:00+00:00
1387894,61,2025,114,Paris FC,20869,S. Chergui,Missing Fixture,Injury,2026-02-14T20:05:00+00:00
1387894,61,2025,114,Paris FC,8474,T. De Smet,Missing Fixture,Ankle Injury,2026-02-14T20:05:00+00:00
1387894,61,2025,114,Paris FC,23126,L. Gueye,Missing Fixture,Injury,2026-02-14T20:05:00+00:00
1387894,61,2025,114,Paris FC,20647,P. Hamel,Missing Fixture,Calf Injury,2026-02-14T20:05:00+00:00
1387894,61,2025,114,Paris FC,55819,T. Ollila,Missing Fixture,Inactive,2026-02-14T20:05:00+00:00
1387894,61,2025,114,Paris FC,8551,R. Riou,Missing Fixture,Injury,2026-02-14T20:05:00+00:00
1387894,61,2025,114,Paris FC,2202,H. Traore,Missing Fixture,Knee Injury,2026-02-14T20:05:00+00:00
1387894,61,2025,116,Lens,21568,R. Aguilar,Missing Fixture,Red Card,2026-02-14T20:05:00+00:00
1387894,61,2025,116,Lens,441264,K. Antonio,Missing Fixture,Foot Injury,2026-02-14T20:05:00+00:00
1387894,61,2025,116,Lens,322984,S. Baidoo,Missing Fixture,Muscle Injury,2026-02-14T20:05:00+00:00
1387894,61,2025,116,Lens,21635,J. Gradit,Missing Fixture,Thigh Injury,2026-02-14T20:05:00+00:00
1387894,61,2025,116,Lens,21378,R. Gurtner,Missing Fixture,Muscle Injury,2026-02-14T20:05:00+00:00
1387887,61,2025,111,Le Havre,33165,A. Seko,Missing Fixture,Ribs Injury,2026-02-15T14:00:00+00:00
1387887,61,2025,111,Le Havre,21103,A. Toure,Missing Fixture,Knee Injury,2026-02-15T14:00:00+00:00
1387887,61,2025,111,Le Havre,437349,E. K. Vinette,Missing Fixture,Inactive,2026-02-15T14:00:00+00:00
1387887,61,2025,111,Le Havre,162443,E. Youte Kinkoue,Missing Fixture,Health problems,2026-02-15T14:00:00+00:00
1387887,61,2025,96,Toulouse,489903,I. Azizi,Missing Fixture,Knee Injury,2026-02-15T14:00:00+00:00
1387887,61,2025,96,Toulouse,47351,A. Dominguez,Missing Fixture,Inactive,2026-02-15T14:00:00+00:00
1387887,61,2025,96,Toulouse,118345,A. Francis,Missing Fixture,Broken Leg,2026-02-15T14:00:00+00:00
1387887,61,2025,96,Toulouse,174724,F. Magri,Missing Fixture,Knee Injury,2026-02-15T14:00:00+00:00
1387887,61,2025,96,Toulouse,514464,A. Vossah,Missing Fixture,Inactive,2026-02-15T14:00:00+00:00
1387889,61,2025,97,Lorient,162018,B. Fadiga,Missing Fixture,Injury,2026-02-15T16:15:00+00:00
1387889,61,2025,97,Lorient,437776,A. Faye,Missing Fixture,Foot Injury,2026-02-15T16:15:00+00:00
1387889,61,2025,97,Lorient,401389,T. Sanusi,Missing Fixture,Injury,2026-02-15T16:15:00+00:00
1387889,61,2025,97,Lorient,195893,I. Toure,Missing Fixture,Knee Injury,2026-02-15T16:15:00+00:00
1387889,61,2025,77,Angers,579375,H. Djibirin,Missing Fixture,Injury,2026-02-15T16:15:00+00:00
1387892,61,2025,112,Metz,3240,J. Gbamin,Missing Fixture,Red Card,2026-02-15T16:15:00+00:00
1387892,61,2025,112,Metz,384683,I. Guerti,Missing Fixture,Injury,2026-02-15T16:15:00+00:00
1387892,61,2025,112,Metz,456867,Y. Lawson,Missing Fixture,Injury,2026-02-15T16:15:00+00:00
1387892,61,2025,112,Metz,405072,J. Mangondo,Missing Fixture,Knee Injury,2026-02-15T16:15:00+00:00
1387892,61,2025,112,Metz,407,B. Stambouli,Missing Fixture,Injury,2026-02-15T16:15:00+00:00
1387892,61,2025,112,Metz,403878,P. Sy,Missing Fixture,Concussion,2026-02-15T16:15:00+00:00
1387892,61,2025,112,Metz,157912,B. Traore,Missing Fixture,Injury,2026-02-15T16:15:00+00:00
1387892,61,2025,108,Auxerre,335064,N. Buayi-Kiala,Missing Fixture,Knee Injury,2026-02-15T16:15:00+00:00
1387892,61,2025,108,Auxerre,319919,O. El Azzouzi,Missing Fixture,Injury,2026-02-15T16:15:00+00:00
1387892,61,2025,108,Auxerre,19625,D. Namaso,Missing Fixture,Yellow Cards,2026-02-15T16:15:00+00:00
1387892,61,2025,108,Auxerre,31016,F. Sierralta,Missing Fixture,Injury,2026-02-15T16:15:00+00:00
1387892,61,2025,108,Auxerre,402542,T. Siwe,Missing Fixture,Injury,2026-02-15T16:15:00+00:00
1387890,61,2025,80,Lyon,377122,Endrick,Missing Fixture,Red Card,2026-02-15T19:45:00+00:00
1387890,61,2025,80,Lyon,361348,M. Fofana,Missing Fixture,Ankle Injury,2026-02-15T19:45:00+00:00
1387890,61,2025,80,Lyon,193293,R. Kluivert,Missing Fixture,Muscle Injury,2026-02-15T19:45:00+00:00
1387890,61,2025,80,Lyon,24882,O. Mangala,Missing Fixture,Injury,2026-02-15T19:45:00+00:00
1387890,61,2025,80,Lyon,345388,A. Moreira,Missing Fixture,Injury,2026-02-15T19:45:00+00:00
1387890,61,2025,80,Lyon,350856,E. Nuamah,Missing Fixture,Knee Injury,2026-02-15T19:45:00+00:00
1387890,61,2025,80,Lyon,529,N. Tagliafico,Missing Fixture,Ankle Injury,2026-02-15T19:45:00+00:00
1387890,61,2025,84,Nice,196343,M. Abdelmonem,Missing Fixture,Knee Injury,2026-02-15T19:45:00+00:00
1387890,61,2025,84,Nice,162465,M. Bard,Missing Fixture,Groin Injury,2026-02-15T19:45:00+00:00
1387890,61,2025,84,Nice,407017,M. Bombito,Missing Fixture,Leg Injury,2026-02-15T19:45:00+00:00
1387890,61,2025,84,Nice,158065,T. Gouveia,Missing Fixture,Inactive,2026-02-15T19:45:00+00:00
1387890,61,2025,84,Nice,3099,Y. Ndayishimiye,Missing Fixture,Knee Injury,2026-02-15T19:45:00+00:00
1387898,61,2025,106,Stade Brestois 29,41323,M. Balde,Missing Fixture,Muscle Injury,2026-02-20T19:45:00+00:00
1387898,61,2025,81,Marseille,6,L. Balerdi,Missing Fixture,Yellow Cards,2026-02-20T19:45:00+00:00
1387899,61,2025,116,Lens,441264,K. Antonio,Missing Fixture,Foot Injury,2026-02-21T16:00:00+00:00
1387899,61,2025,116,Lens,322984,S. Baidoo,Missing Fixture,Muscle Injury,2026-02-21T16:00:00+00:00
1387899,61,2025,116,Lens,21635,J. Gradit,Missing Fixture,Thigh Injury,2026-02-21T16:00:00+00:00
1387899,61,2025,116,Lens,21378,R. Gurtner,Missing Fixture,Muscle Injury,2026-02-21T16:00:00+00:00
1387899,61,2025,116,Lens,277306,M. Sangare,Missing Fixture,Hip Injury,2026-02-21T16:00:00+00:00
1387899,61,2025,91,Monaco,274300,M. Akliouche,Missing Fixture,Hip Injury,2026-02-21T16:00:00+00:00
1387899,61,2025,91,Monaco,543470,P. Cabral,Missing Fixture,Muscle Injury,2026-02-21T16:00:00+00:00
1387899,61,2025,91,Monaco,175,E. Dier,Missing Fixture,Injury,2026-02-21T16:00:00+00:00
1387899,61,2025,91,Monaco,109,A. Golovin,Missing Fixture,Red Card,2026-02-21T16:00:00+00:00
1387899,61,2025,91,Monaco,963,L. Hradecky,Missing Fixture,Knee Injury,2026-02-21T16:00:00+00:00
1387899,61,2025,91,Monaco,371916,C. Mawissa,Missing Fixture,Injury,2026-02-21T16:00:00+00:00
1387899,61,2025,91,Monaco,1101,T. Minamino,Missing Fixture,Knee Injury,2026-02-21T16:00:00+00:00
1387899,61,2025,91,Monaco,333137,K. Ouattara,Missing Fixture,Calf Injury,2026-02-21T16:00:00+00:00
1387899,61,2025,91,Monaco,904,P. Pogba,Missing Fixture,Calf Injury,2026-02-21T16:00:00+00:00
1387899,61,2025,91,Monaco,47480,M. Salisu,Missing Fixture,Knee Injury,2026-02-21T16:00:00+00:00
1387899,61,2025,91,Monaco,291649,Vanderson,Missing Fixture,Yellow Cards,2026-02-21T16:00:00+00:00
1387904,61,2025,96,Toulouse,489903,I. Azizi,Missing Fixture,Knee Injury,2026-02-21T18:00:00+00:00
1387904,61,2025,96,Toulouse,47351,A. Dominguez,Missing Fixture,Inactive,2026-02-21T18:00:00+00:00
1387904,61,2025,96,Toulouse,39115,A. Donnum,Missing Fixture,Suspended,2026-02-21T18:00:00+00:00
1387904,61,2025,96,Toulouse,118345,A. Francis,Missing Fixture,Broken Leg,2026-02-21T18:00:00+00:00
1387904,61,2025,96,Toulouse,174724,F. Magri,Missing Fixture,Knee Injury,2026-02-21T18:00:00+00:00
1387904,61,2025,96,Toulouse,50735,M. McKenzie,Missing Fixture,Yellow Cards,2026-02-21T18:00:00+00:00
1387904,61,2025,96,Toulouse,334952,R. Messali,Missing Fixture,Injury,2026-02-21T18:00:00+00:00
1387904,61,2025,114,Paris FC,21436,S. Alakouch,Missing Fixture,Injury,2026-02-21T18:00:00+00:00
1387904,61,2025,114,Paris FC,84218,A. Camara,Missing Fixture,Yellow Cards,2026-02-21T18:00:00+00:00
1387904,61,2025,114,Paris FC,20869,S. Chergui,Missing Fixture,Injury,2026-02-21T18:00:00+00:00
1387904,61,2025,114,Paris FC,23126,L. Gueye,Missing Fixture,Injury,2026-02-21T18:00:00+00:00
1387904,61,2025,114,Paris FC,20647,P. Hamel,Missing Fixture,Calf Injury,2026-02-21T18:00:00+00:00
1387904,61,2025,114,Paris FC,1910,M. Lopez,Missing Fixture,Yellow Cards,2026-02-21T18:00:00+00:00
1387904,61,2025,114,Paris FC,496896,R. Matondo,Missing Fixture,Yellow Cards,2026-02-21T18:00:00+00:00
1387904,61,2025,114,Paris FC,8551,R. Riou,Missing Fixture,Injury,2026-02-21T18:00:00+00:00
1387904,61,2025,114,Paris FC,2202,H. Traore,Missing Fixture,Knee Injury,2026-02-21T18:00:00+00:00
1387902,61,2025,85,Paris Saint Germain,153,O. Dembele,Missing Fixture,Calf Injury,2026-02-21T20:05:00+00:00
1387902,61,2025,85,Paris Saint Germain,409216,S. Mayulu,Missing Fixture,Calf Injury,2026-02-21T20:05:00+00:00
1387902,61,2025,85,Paris Saint Germain,471107,Q. Ndjantou,Missing Fixture,Muscle Injury,2026-02-21T20:05:00+00:00
1387902,61,2025,85,Paris Saint Germain,328,F. Ruiz,Missing Fixture,Knee Injury,2026-02-21T20:05:00+00:00
1387902,61,2025,112,Metz,384683,I. Guerti,Missing Fixture,Injury,2026-02-21T20:05:00+00:00
1387902,61,2025,112,Metz,20529,G. Hein,Missing Fixture,Ankle Injury,2026-02-21T20:05:00+00:00
1387902,61,2025,112,Metz,405072,J. Mangondo,Missing Fixture,Knee Injury,2026-02-21T20:05:00+00:00
1387902,61,2025,112,Metz,407,B. Stambouli,Missing Fixture,Injury,2026-02-21T20:05:00+00:00
1387902,61,2025,112,Metz,403878,P. Sy,Missing Fixture,Concussion,2026-02-21T20:05:00+00:00
1387897,61,2025,108,Auxerre,335064,N. Buayi-Kiala,Missing Fixture,Knee Injury,2026-02-22T14:00:00+00:00
1387897,61,2025,108,Auxerre,322595,L. Coulibaly,Missing Fixture,Injury,2026-02-22T14:00:00+00:00
1387897,61,2025,108,Auxerre,319919,O. El Azzouzi,Missing Fixture,Injury,2026-02-22T14:00:00+00:00
1387897,61,2025,108,Auxerre,84082,R. Faivre,Missing Fixture,Injury,2026-02-22T14:00:00+00:00
1387897,61,2025,108,Auxerre,31016,F. Sierralta,Missing Fixture,Injury,2026-02-22T14:00:00+00:00
1387897,61,2025,108,Auxerre,402542,T. Siwe,Missing Fixture,Injury,2026-02-22T14:00:00+00:00
1387897,61,2025,94,Rennes,3007,P. Frankowski,Missing Fixture,Injury,2026-02-22T14:00:00+00:00
1387897,61,2025,94,Rennes,367636,J. Jacquet,Missing Fixture,Shoulder Injury,2026-02-22T14:00:00+00:00
1387897,61,2025,94,Rennes,1754,G. Kamara,Missing Fixture,Injury,2026-02-22T14:00:00+00:00
1387896,61,2025,77,Angers,20850,C. Arcus,Missing Fixture,Yellow Cards,2026-02-22T16:15:00+00:00
1387896,61,2025,79,Lille,142691,Alexsandro,Missing Fixture,Calf Injury,2026-02-22T16:15:00+00:00
1387896,61,2025,79,Lille,21483,M. Caillard,Missing Fixture,Injury,2026-02-22T16:15:00+00:00
1387896,61,2025,79,Lille,306979,H. Igamane,Missing Fixture,Knee Injury,2026-02-22T16:15:00+00:00
1387896,61,2025,79,Lille,386287,E. Mbappe,Missing Fixture,Thigh Injury,2026-02-22T16:15:00+00:00
1387896,61,2025,79,Lille,264,T. Meunier,Missing Fixture,Muscle Injury,2026-02-22T16:15:00+00:00
1387896,61,2025,79,Lille,99576,O. Sahraoui,Missing Fixture,Injury,2026-02-22T16:15:00+00:00
1387896,61,2025,79,Lille,351888,O. Toure,Missing Fixture,Knee Injury,2026-02-22T16:15:00+00:00
1387900,61,2025,83,Nantes,161622,M. Abline,Missing Fixture,Yellow Cards,2026-02-22T16:15:00+00:00
1387900,61,2025,83,Nantes,22134,K. Amian,Missing Fixture,Yellow Cards,2026-02-22T16:15:00+00:00
1387900,61,2025,111,Le Havre,174927,A. Sangante,Missing Fixture,Red Card,2026-02-22T16:15:00+00:00
1387900,61,2025,111,Le Havre,33165,A. Seko,Missing Fixture,Ribs Injury,2026-02-22T16:15:00+00:00
1387900,61,2025,111,Le Havre,21103,A. Toure,Missing Fixture,Knee Injury,2026-02-22T16:15:00+00:00
1387900,61,2025,111,Le Havre,162443,E. Youte Kinkoue,Missing Fixture,Health problems,2026-02-22T16:15:00+00:00
1387900,61,2025,111,Le Havre,451961,G. Zohouri,Missing Fixture,Injury,2026-02-22T16:15:00+00:00
1387901,61,2025,84,Nice,196343,M. Abdelmonem,Missing Fixture,Knee Injury,2026-02-22T16:15:00+00:00
1387901,61,2025,84,Nice,407017,M. Bombito,Missing Fixture,Leg Injury,2026-02-22T16:15:00+00:00
1387901,61,2025,84,Nice,105154,I. Jansson,Missing Fixture,Injury,2026-02-22T16:15:00+00:00
1387901,61,2025,84,Nice,3099,Y. Ndayishimiye,Missing Fixture,Knee Injury,2026-02-22T16:15:00+00:00
1387901,61,2025,84,Nice,162707,E. Wahi,Missing Fixture,Injury,2026-02-22T16:15:00+00:00
1387901,61,2025,97,Lorient,162018,B. Fadiga,Missing Fixture,Injury,2026-02-22T16:15:00+00:00
1387901,61,2025,97,Lorient,437776,A. Faye,Missing Fixture,Foot Injury,2026-02-22T16:15:00+00:00
1387901,61,2025,97,Lorient,20936,B. Leroy,Missing Fixture,Injury,2026-02-22T16:15:00+00:00
1387901,61,2025,97,Lorient,401389,T. Sanusi,Missing Fixture,Injury,2026-02-22T16:15:00+00:00
1387901,61,2025,97,Lorient,195893,I. Toure,Missing Fixture,Knee Injury,2026-02-22T16:15:00+00:00
1387903,61,2025,95,Strasbourg,203762,E. Emegha,Missing Fixture,Leg Injury,2026-02-22T19:45:00+00:00
1387903,61,2025,95,Strasbourg,303016,M. Oyedele,Missing Fixture,Groin Injury,2026-02-22T19:45:00+00:00
1387903,61,2025,80,Lyon,361348,M. Fofana,Missing Fixture,Ankle Injury,2026-02-22T19:45:00+00:00
1387903,61,2025,80,Lyon,30423,H. Hateboer,Missing Fixture,Injury,2026-02-22T19:45:00+00:00
1387903,61,2025,80,Lyon,24882,O. Mangala,Missing Fixture,Injury,2026-02-22T19:45:00+00:00
1387903,61,2025,80,Lyon,345388,A. Moreira,Missing Fixture,Injury,2026-02-22T19:45:00+00:00
1387903,61,2025,80,Lyon,350856,E. Nuamah,Missing Fixture,Knee Injury,2026-02-22T19:45:00+00:00
1387913,61,2025,95,Strasbourg,203762,E. Emegha,Missing Fixture,Leg Injury,2026-02-27T19:45:00+00:00
1387913,61,2025,95,Strasbourg,334035,S. Amo-Ameyaw,Questionable,Injury,2026-02-27T19:45:00+00:00
1387913,61,2025,116,Lens,21568,R. Aguilar,Missing Fixture,Injury,2026-02-27T19:45:00+00:00
1387913,61,2025,116,Lens,441264,K. Antonio,Missing Fixture,Foot Injury,2026-02-27T19:45:00+00:00
1387913,61,2025,116,Lens,322984,S. Baidoo,Missing Fixture,Muscle Injury,2026-02-27T19:45:00+00:00
1387913,61,2025,116,Lens,21635,J. Gradit,Missing Fixture,Thigh Injury,2026-02-27T19:45:00+00:00
1387913,61,2025,116,Lens,21378,R. Gurtner,Missing Fixture,Muscle Injury,2026-02-27T19:45:00+00:00
1387912,61,2025,94,Rennes,3007,P. Frankowski,Missing Fixture,Injury,2026-02-28T16:00:00+00:00
1387912,61,2025,94,Rennes,367636,J. Jacquet,Missing Fixture,Shoulder Injury,2026-02-28T16:00:00+00:00
1387912,61,2025,94,Rennes,1754,G. Kamara,Missing Fixture,Injury,2026-02-28T16:00:00+00:00
1387912,61,2025,96,Toulouse,489903,I. Azizi,Missing Fixture,Knee Injury,2026-02-28T16:00:00+00:00
1387912,61,2025,96,Toulouse,50956,C. Casseres,Missing Fixture,Yellow Cards,2026-02-28T16:00:00+00:00
1387912,61,2025,96,Toulouse,47351,A. Dominguez,Missing Fixture,Inactive,2026-02-28T16:00:00+00:00
1387912,61,2025,96,Toulouse,39115,A. Donnum,Missing Fixture,Suspended,2026-02-28T16:00:00+00:00
1387912,61,2025,96,Toulouse,118345,A. Francis,Missing Fixture,Broken Leg,2026-02-28T16:00:00+00:00
1387912,61,2025,96,Toulouse,174724,F. Magri,Missing Fixture,Knee Injury,2026-02-28T16:00:00+00:00
1387912,61,2025,96,Toulouse,334952,R. Messali,Missing Fixture,Injury,2026-02-28T16:00:00+00:00
1387912,61,2025,96,Toulouse,15793,R. Nicolaisen,Missing Fixture,Injury,2026-02-28T16:00:00+00:00
1387910,61,2025,91,Monaco,419035,M. Coulibaly,Missing Fixture,Yellow Cards,2026-02-28T18:00:00+00:00
1387910,61,2025,91,Monaco,81,K. Diatta,Missing Fixture,Muscle Injury,2026-02-28T18:00:00+00:00
1387910,61,2025,91,Monaco,175,E. Dier,Missing Fixture,Injury,2026-02-28T18:00:00+00:00
1387910,61,2025,91,Monaco,963,L. Hradecky,Missing Fixture,Knee Injury,2026-02-28T18:00:00+00:00
1387910,61,2025,91,Monaco,1101,T. Minamino,Missing Fixture,Knee Injury,2026-02-28T18:00:00+00:00
1387910,61,2025,91,Monaco,333137,K. Ouattara,Missing Fixture,Calf Injury,2026-02-28T18:00:00+00:00
1387910,61,2025,91,Monaco,904,P. Pogba,Missing Fixture,Calf Injury,2026-02-28T18:00:00+00:00
1387910,61,2025,91,Monaco,47480,M. Salisu,Missing Fixture,Knee Injury,2026-02-28T18:00:00+00:00
1387910,61,2025,91,Monaco,543470,P. Cabral,Questionable,Muscle Injury,2026-02-28T18:00:00+00:00
1387905,61,2025,111,Le Havre,2336,L. Nego,Missing Fixture,Injury,2026-02-28T20:05:00+00:00
1387905,61,2025,111,Le Havre,174927,A. Sangante,Missing Fixture,Red Card,2026-02-28T20:05:00+00:00
1387905,61,2025,111,Le Havre,21103,A. Toure,Missing Fixture,Knee Injury,2026-02-28T20:05:00+00:00
1387905,61,2025,85,Paris Saint Germain,153,O. Dembele,Missing Fixture,Calf Injury,2026-02-28T20:05:00+00:00
1387905,61,2025,85,Paris Saint Germain,409216,S. Mayulu,Missing Fixture,Calf Injury,2026-02-28T20:05:00+00:00
1387905,61,2025,85,Paris Saint Germain,471107,Q. Ndjantou,Missing Fixture,Muscle Injury,2026-02-28T20:05:00+00:00
1387905,61,2025,85,Paris Saint Germain,335051,J. Neves,Missing Fixture,Ankle Injury,2026-02-28T20:05:00+00:00
1387905,61,2025,85,Paris Saint Germain,328,F. Ruiz,Missing Fixture,Knee Injury,2026-02-28T20:05:00+00:00
1387911,61,2025,114,Paris FC,21436,S. Alakouch,Missing Fixture,Injury,2026-03-01T14:00:00+00:00
1387911,61,2025,114,Paris FC,20869,S. Chergui,Missing Fixture,Injury,2026-03-01T14:00:00+00:00
1387911,61,2025,114,Paris FC,120,W. Geubbels,Missing Fixture,Inactive,2026-03-01T14:00:00+00:00
1387911,61,2025,114,Paris FC,23126,L. Gueye,Missing Fixture,Injury,2026-03-01T14:00:00+00:00
1387911,61,2025,114,Paris FC,20647,P. Hamel,Missing Fixture,Calf Injury,2026-03-01T14:00:00+00:00
1387911,61,2025,114,Paris FC,22086,T. Kolodziejczak,Missing Fixture,Inactive,2026-03-01T14:00:00+00:00
1387911,61,2025,114,Paris FC,8551,R. Riou,Missing Fixture,Injury,2026-03-01T14:00:00+00:00
1387911,61,2025,114,Paris FC,2202,H. Traore,Missing Fixture,Knee Injury,2026-03-01T14:00:00+00:00
1387911,61,2025,84,Nice,196343,M. Abdelmonem,Missing Fixture,Knee Injury,2026-03-01T14:00:00+00:00
1387911,61,2025,84,Nice,49583,A. Abdi,Missing Fixture,Inactive,2026-03-01T14:00:00+00:00
1387911,61,2025,84,Nice,407017,M. Bombito,Missing Fixture,Leg Injury,2026-03-01T14:00:00+00:00
1387911,61,2025,84,Nice,4399,H. Boudaoui,Missing Fixture,Inactive,2026-03-01T14:00:00+00:00
1387911,61,2025,84,Nice,105154,I. Jansson,Missing Fixture,Injury,2026-03-01T14:00:00+00:00
1387911,61,2025,84,Nice,3099,Y. Ndayishimiye,Missing Fixture,Knee Injury,2026-03-01T14:00:00+00:00
1387911,61,2025,84,Nice,162707,E. Wahi,Missing Fixture,Injury,2026-03-01T14:00:00+00:00
1387906,61,2025,79,Lille,142691,Alexsandro,Missing Fixture,Calf Injury,2026-03-01T16:15:00+00:00
1387906,61,2025,79,Lille,318416,M. Broholm,Missing Fixture,Inactive,2026-03-01T16:15:00+00:00
1387906,61,2025,79,Lille,21483,M. Caillard,Missing Fixture,Injury,2026-03-01T16:15:00+00:00
1387906,61,2025,79,Lille,306979,H. Igamane,Missing Fixture,Knee Injury,2026-03-01T16:15:00+00:00
1387906,61,2025,79,Lille,386287,E. Mbappe,Missing Fixture,Thigh Injury,2026-03-01T16:15:00+00:00
1387906,61,2025,79,Lille,99576,O. Sahraoui,Missing Fixture,Injury,2026-03-01T16:15:00+00:00
1387906,61,2025,79,Lille,351888,O. Toure,Missing Fixture,Knee Injury,2026-03-01T16:15:00+00:00
1387906,61,2025,83,Nantes,22134,K. Amian,Missing Fixture,Suspended,2026-03-01T16:15:00+00:00
1387906,61,2025,83,Nantes,364810,A. Sylla,Missing Fixture,Inactive,2026-03-01T16:15:00+00:00
1387907,61,2025,97,Lorient,162018,B. Fadiga,Missing Fixture,Injury,2026-03-01T16:15:00+00:00
1387907,61,2025,97,Lorient,437776,A. Faye,Missing Fixture,Foot Injury,2026-03-01T16:15:00+00:00
1387907,61,2025,97,Lorient,402386,A. Kouassi,Missing Fixture,Injury,2026-03-01T16:15:00+00:00
1387907,61,2025,97,Lorient,20936,B. Leroy,Missing Fixture,Injury,2026-03-01T16:15:00+00:00
1387907,61,2025,97,Lorient,401389,T. Sanusi,Missing Fixture,Injury,2026-03-01T16:15:00+00:00
1387907,61,2025,97,Lorient,195893,I. Toure,Missing Fixture,Knee Injury,2026-03-01T16:15:00+00:00
1387907,61,2025,108,Auxerre,335064,N. Buayi-Kiala,Missing Fixture,Knee Injury,2026-03-01T16:15:00+00:00
1387907,61,2025,108,Auxerre,322595,L. Coulibaly,Missing Fixture,Injury,2026-03-01T16:15:00+00:00
1387907,61,2025,108,Auxerre,551415,T. Devernois,Missing Fixture,Injury,2026-03-01T16:15:00+00:00
1387907,61,2025,108,Auxerre,319919,O. El Azzouzi,Missing Fixture,Injury,2026-03-01T16:15:00+00:00
1387907,61,2025,108,Auxerre,84082,R. Faivre,Missing Fixture,Injury,2026-03-01T16:15:00+00:00
1387907,61,2025,108,Auxerre,381123,R. Rodin,Missing Fixture,Inactive,2026-03-01T16:15:00+00:00
1387907,61,2025,108,Auxerre,402542,T. Siwe,Missing Fixture,Injury,2026-03-01T16:15:00+00:00
1387909,61,2025,112,Metz,20529,G. Hein,Missing Fixture,Ankle Injury,2026-03-01T16:15:00+00:00
1387909,61,2025,112,Metz,405072,J. Mangondo,Missing Fixture,Knee Injury,2026-03-01T16:15:00+00:00
1387909,61,2025,112,Metz,407,B. Stambouli,Missing Fixture,Injury,2026-03-01T16:15:00+00:00
1387909,61,2025,112,Metz,403878,P. Sy,Missing Fixture,Concussion,2026-03-01T16:15:00+00:00
1387909,61,2025,106,Stade Brestois 29,41323,M. Balde,Missing Fixture,Muscle Injury,2026-03-01T16:15:00+00:00
1387908,61,2025,81,Marseille,283216,B. Nadir,Missing Fixture,Inactive,2026-03-01T19:45:00+00:00
1387908,61,2025,80,Lyon,361348,M. Fofana,Missing Fixture,Ankle Injury,2026-03-01T19:45:00+00:00
1387908,61,2025,80,Lyon,193293,R. Kluivert,Missing Fixture,Inactive,2026-03-01T19:45:00+00:00
1387908,61,2025,80,Lyon,24882,O. Mangala,Missing Fixture,Injury,2026-03-01T19:45:00+00:00
1387908,61,2025,80,Lyon,345388,A. Moreira,Missing Fixture,Injury,2026-03-01T19:45:00+00:00
1387908,61,2025,80,Lyon,350856,E. Nuamah,Missing Fixture,Knee Injury,2026-03-01T19:45:00+00:00
1387908,61,2025,80,Lyon,66387,P. Sulc,Missing Fixture,Muscle Injury,2026-03-01T19:45:00+00:00
1387921,61,2025,85,Paris Saint Germain,471107,Q. Ndjantou,Missing Fixture,Muscle Injury,2026-03-06T19:45:00+00:00
1387921,61,2025,85,Paris Saint Germain,335051,J. Neves,Missing Fixture,Ankle Injury,2026-03-06T19:45:00+00:00
1387921,61,2025,85,Paris Saint Germain,328,F. Ruiz,Missing Fixture,Knee Injury,2026-03-06T19:45:00+00:00
1387921,61,2025,91,Monaco,81,K. Diatta,Missing Fixture,Muscle Injury,2026-03-06T19:45:00+00:00
1387921,61,2025,91,Monaco,175,E. Dier,Missing Fixture,Injury,2026-03-06T19:45:00+00:00
1387921,61,2025,91,Monaco,963,L. Hradecky,Missing Fixture,Knee Injury,2026-03-06T19:45:00+00:00
1387921,61,2025,91,Monaco,1101,T. Minamino,Missing Fixture,Knee Injury,2026-03-06T19:45:00+00:00
1387921,61,2025,91,Monaco,333137,K. Ouattara,Missing Fixture,Calf Injury,2026-03-06T19:45:00+00:00
1387921,61,2025,91,Monaco,904,P. Pogba,Missing Fixture,Calf Injury,2026-03-06T19:45:00+00:00
1387921,61,2025,91,Monaco,47480,M. Salisu,Missing Fixture,Knee Injury,2026-03-06T19:45:00+00:00
1387919,61,2025,83,Nantes,522609,T. Tati,Missing Fixture,Inactive,2026-03-07T16:00:00+00:00
1387919,61,2025,77,Angers,457541,P. Peter,Missing Fixture,Muscle Injury,2026-03-07T16:00:00+00:00
1387914,61,2025,108,Auxerre,335064,N. Buayi-Kiala,Missing Fixture,Knee Injury,2026-03-07T18:00:00+00:00
1387914,61,2025,108,Auxerre,322595,L. Coulibaly,Missing Fixture,Injury,2026-03-07T18:00:00+00:00
1387914,61,2025,108,Auxerre,551415,T. Devernois,Missing Fixture,Injury,2026-03-07T18:00:00+00:00
1387914,61,2025,108,Auxerre,319919,O. El Azzouzi,Missing Fixture,Injury,2026-03-07T18:00:00+00:00
1387914,61,2025,108,Auxerre,84082,R. Faivre,Missing Fixture,Injury,2026-03-07T18:00:00+00:00
1387914,61,2025,108,Auxerre,190686,S. Mara,Missing Fixture,Loan agreement,2026-03-07T18:00:00+00:00
1387914,61,2025,108,Auxerre,402542,T. Siwe,Missing Fixture,Injury,2026-03-07T18:00:00+00:00
1387914,61,2025,95,Strasbourg,422780,A. Anselmino,Missing Fixture,Muscle Injury,2026-03-07T18:00:00+00:00
1387914,61,2025,95,Strasbourg,203762,E. Emegha,Missing Fixture,Leg Injury,2026-03-07T18:00:00+00:00
1387914,61,2025,95,Strasbourg,335056,D. Moreira,Missing Fixture,Ankle Injury,2026-03-07T18:00:00+00:00
1387914,61,2025,95,Strasbourg,282549,J. Mwanga,Missing Fixture,Arm Injury,2026-03-07T18:00:00+00:00
1387922,61,2025,96,Toulouse,489903,I. Azizi,Missing Fixture,Knee Injury,2026-03-07T20:05:00+00:00
1387922,61,2025,96,Toulouse,278392,C. Cresswell,Missing Fixture,Muscle Injury,2026-03-07T20:05:00+00:00
1387922,61,2025,96,Toulouse,47351,A. Dominguez,Missing Fixture,Inactive,2026-03-07T20:05:00+00:00
1387922,61,2025,96,Toulouse,118345,A. Francis,Missing Fixture,Broken Leg,2026-03-07T20:05:00+00:00
1387922,61,2025,96,Toulouse,174724,F. Magri,Missing Fixture,Knee Injury,2026-03-07T20:05:00+00:00
1387922,61,2025,96,Toulouse,334952,R. Messali,Missing Fixture,Injury,2026-03-07T20:05:00+00:00
1387922,61,2025,81,Marseille,21694,N. Aguerd,Missing Fixture,Groin Injury,2026-03-07T20:05:00+00:00
1387922,61,2025,81,Marseille,283216,B. Nadir,Missing Fixture,Injury,2026-03-07T20:05:00+00:00
1387916,61,2025,116,Lens,21568,R. Aguilar,Missing Fixture,Injury,2026-03-08T14:00:00+00:00
1387916,61,2025,116,Lens,441264,K. Antonio,Missing Fixture,Foot Injury,2026-03-08T14:00:00+00:00
1387916,61,2025,116,Lens,322984,S. Baidoo,Missing Fixture,Muscle Injury,2026-03-08T14:00:00+00:00
1387916,61,2025,116,Lens,21635,J. Gradit,Missing Fixture,Thigh Injury,2026-03-08T14:00:00+00:00
1387916,61,2025,116,Lens,21378,R. Gurtner,Missing Fixture,Muscle Injury,2026-03-08T14:00:00+00:00
1387916,61,2025,116,Lens,18816,A. Masuaku,Missing Fixture,Red Card,2026-03-08T14:00:00+00:00
1387916,61,2025,116,Lens,21715,W. Said,Missing Fixture,Injury,2026-03-08T14:00:00+00:00
1387916,61,2025,116,Lens,22173,A. Saint-Maximin,Missing Fixture,Calf Injury,2026-03-08T14:00:00+00:00
1387916,61,2025,112,Metz,405072,J. Mangondo,Missing Fixture,Knee Injury,2026-03-08T14:00:00+00:00
1387916,61,2025,112,Metz,404588,C. Melieres,Missing Fixture,Injury,2026-03-08T14:00:00+00:00
1387916,61,2025,112,Metz,343319,L. Michal,Missing Fixture,Injury,2026-03-08T14:00:00+00:00
1387916,61,2025,112,Metz,407,B. Stambouli,Missing Fixture,Injury,2026-03-08T14:00:00+00:00
1387916,61,2025,112,Metz,403878,P. Sy,Missing Fixture,Concussion,2026-03-08T14:00:00+00:00
1387917,61,2025,79,Lille,21483,M. Caillard,Missing Fixture,Injury,2026-03-08T16:15:00+00:00
1387917,61,2025,79,Lille,306979,H. Igamane,Missing Fixture,Knee Injury,2026-03-08T16:15:00+00:00
1387917,61,2025,79,Lille,386287,E. Mbappe,Missing Fixture,Thigh Injury,2026-03-08T16:15:00+00:00
1387917,61,2025,79,Lille,99576,O. Sahraoui,Missing Fixture,Injury,2026-03-08T16:15:00+00:00
1387917,61,2025,79,Lille,351888,O. Toure,Missing Fixture,Knee Injury,2026-03-08T16:15:00+00:00
1387917,61,2025,97,Lorient,20917,L. Abergel,Missing Fixture,Ankle Injury,2026-03-08T16:15:00+00:00
1387917,61,2025,97,Lorient,162018,B. Fadiga,Missing Fixture,Injury,2026-03-08T16:15:00+00:00
1387917,61,2025,97,Lorient,1031,Igor Silva,Missing Fixture,Injury,2026-03-08T16:15:00+00:00
1387917,61,2025,97,Lorient,276662,P. Pagis,Missing Fixture,Red Card,2026-03-08T16:15:00+00:00
1387917,61,2025,97,Lorient,401389,T. Sanusi,Missing Fixture,Injury,2026-03-08T16:15:00+00:00
1387917,61,2025,97,Lorient,195893,I. Toure,Missing Fixture,Knee Injury,2026-03-08T16:15:00+00:00
1387920,61,2025,84,Nice,196343,M. Abdelmonem,Missing Fixture,Knee Injury,2026-03-08T16:15:00+00:00
1387920,61,2025,84,Nice,49583,A. Abdi,Missing Fixture,Inactive,2026-03-08T16:15:00+00:00
1387920,61,2025,84,Nice,407017,M. Bombito,Missing Fixture,Leg Injury,2026-03-08T16:15:00+00:00
1387920,61,2025,84,Nice,105154,I. Jansson,Missing Fixture,Injury,2026-03-08T16:15:00+00:00
1387920,61,2025,84,Nice,442866,E. Pereira,Missing Fixture,Injury,2026-03-08T16:15:00+00:00
1387920,61,2025,84,Nice,162707,E. Wahi,Missing Fixture,Injury,2026-03-08T16:15:00+00:00
1387920,61,2025,94,Rennes,3007,P. Frankowski,Missing Fixture,Injury,2026-03-08T16:15:00+00:00
1387920,61,2025,94,Rennes,367636,J. Jacquet,Missing Fixture,Shoulder Injury,2026-03-08T16:15:00+00:00
1387915,61,2025,106,Stade Brestois 29,41323,M. Balde,Missing Fixture,Muscle Injury,2026-03-08T16:15:00+00:00
1387915,61,2025,106,Stade Brestois 29,302868,D. Guindo,Missing Fixture,Red Card,2026-03-08T16:15:00+00:00
1387915,61,2025,111,Le Havre,174625,F. Doucoure,Missing Fixture,Inactive,2026-03-08T16:15:00+00:00
1387915,61,2025,111,Le Havre,2336,L. Nego,Missing Fixture,Injury,2026-03-08T16:15:00+00:00
1387915,61,2025,111,Le Havre,162067,T. Pembele,Missing Fixture,Inactive,2026-03-08T16:15:00+00:00
1387915,61,2025,111,Le Havre,21103,A. Toure,Missing Fixture,Knee Injury,2026-03-08T16:15:00+00:00
1387918,61,2025,80,Lyon,361348,M. Fofana,Missing Fixture,Ankle Injury,2026-03-08T19:45:00+00:00
1387918,61,2025,80,Lyon,493026,N. Kamara,Missing Fixture,Muscle Injury,2026-03-08T19:45:00+00:00
1387918,61,2025,80,Lyon,193293,R. Kluivert,Missing Fixture,Hamstring Injury,2026-03-08T19:45:00+00:00
1387918,61,2025,80,Lyon,1456,A. Maitland-Niles,Missing Fixture,Groin Injury,2026-03-08T19:45:00+00:00
1387918,61,2025,80,Lyon,345388,A. Moreira,Missing Fixture,Injury,2026-03-08T19:45:00+00:00
1387918,61,2025,80,Lyon,350856,E. Nuamah,Missing Fixture,Knee Injury,2026-03-08T19:45:00+00:00
1387918,61,2025,80,Lyon,66387,P. Sulc,Missing Fixture,Muscle Injury,2026-03-08T19:45:00+00:00
1387918,61,2025,114,Paris FC,21436,S. Alakouch,Missing Fixture,Injury,2026-03-08T19:45:00+00:00
1387918,61,2025,114,Paris FC,20869,S. Chergui,Missing Fixture,Hamstring Injury,2026-03-08T19:45:00+00:00
1387918,61,2025,114,Paris FC,8474,T. De Smet,Missing Fixture,Red Card,2026-03-08T19:45:00+00:00
1387918,61,2025,114,Paris FC,20647,P. Hamel,Missing Fixture,Calf Injury,2026-03-08T19:45:00+00:00
1387918,61,2025,114,Paris FC,83831,I. Kebbal,Missing Fixture,Yellow Cards,2026-03-08T19:45:00+00:00
1387918,61,2025,114,Paris FC,1910,M. Lopez,Missing Fixture,Achilles Tendon Injury,2026-03-08T19:45:00+00:00
1387918,61,2025,114,Paris FC,266013,Otavio,Missing Fixture,Yellow Cards,2026-03-08T19:45:00+00:00
1387918,61,2025,114,Paris FC,8551,R. Riou,Missing Fixture,Groin Injury,2026-03-08T19:45:00+00:00
1387918,61,2025,114,Paris FC,2202,H. Traore,Missing Fixture,Knee Injury,2026-03-08T19:45:00+00:00
1387926,61,2025,81,Marseille,21694,N. Aguerd,Missing Fixture,Groin Injury,2026-03-13T19:45:00+00:00
1387926,61,2025,81,Marseille,6,L. Balerdi,Missing Fixture,Injury,2026-03-13T19:45:00+00:00
1387926,61,2025,81,Marseille,283216,B. Nadir,Missing Fixture,Injury,2026-03-13T19:45:00+00:00
1387926,61,2025,108,Auxerre,335064,N. Buayi-Kiala,Missing Fixture,Knee Injury,2026-03-13T19:45:00+00:00
1387926,61,2025,108,Auxerre,322595,L. Coulibaly,Missing Fixture,Injury,2026-03-13T19:45:00+00:00
1387926,61,2025,108,Auxerre,319919,O. El Azzouzi,Missing Fixture,Knee Injury,2026-03-13T19:45:00+00:00
1387926,61,2025,108,Auxerre,90617,L. Sinayoko,Missing Fixture,Yellow Cards,2026-03-13T19:45:00+00:00
1387925,61,2025,97,Lorient,20917,L. Abergel,Missing Fixture,Ankle Injury,2026-03-14T16:00:00+00:00
1387925,61,2025,97,Lorient,1031,Igor Silva,Missing Fixture,Injury,2026-03-14T16:00:00+00:00
1387925,61,2025,97,Lorient,276662,P. Pagis,Missing Fixture,Red Card,2026-03-14T16:00:00+00:00
1387925,61,2025,97,Lorient,195893,I. Toure,Missing Fixture,Knee Injury,2026-03-14T16:00:00+00:00
1387925,61,2025,116,Lens,21568,R. Aguilar,Missing Fixture,Calf Injury,2026-03-14T16:00:00+00:00
1387925,61,2025,116,Lens,441264,K. Antonio,Missing Fixture,Foot Injury,2026-03-14T16:00:00+00:00
1387925,61,2025,116,Lens,322984,S. Baidoo,Missing Fixture,Muscle Injury,2026-03-14T16:00:00+00:00
1387925,61,2025,116,Lens,21635,J. Gradit,Missing Fixture,Thigh Injury,2026-03-14T16:00:00+00:00
1387925,61,2025,116,Lens,21378,R. Gurtner,Missing Fixture,Muscle Injury,2026-03-14T16:00:00+00:00
1387925,61,2025,116,Lens,18816,A. Masuaku,Missing Fixture,Red Card,2026-03-14T16:00:00+00:00
1387925,61,2025,116,Lens,21715,W. Said,Missing Fixture,Hamstring Injury,2026-03-14T16:00:00+00:00
1387925,61,2025,116,Lens,22173,A. Saint-Maximin,Missing Fixture,Calf Injury,2026-03-14T16:00:00+00:00
1387923,61,2025,77,Angers,174708,Y. Belkhdim,Missing Fixture,Yellow Cards,2026-03-14T18:00:00+00:00
1387923,61,2025,77,Angers,343609,J. Ekomie,Missing Fixture,Inactive,2026-03-14T18:00:00+00:00
1387923,61,2025,84,Nice,196343,M. Abdelmonem,Missing Fixture,Knee Injury,2026-03-14T18:00:00+00:00
1387923,61,2025,84,Nice,49583,A. Abdi,Missing Fixture,Injury,2026-03-14T18:00:00+00:00
1387923,61,2025,84,Nice,483118,G. Bernardeau,Missing Fixture,Inactive,2026-03-14T18:00:00+00:00
1387923,61,2025,84,Nice,407017,M. Bombito,Missing Fixture,Leg Injury,2026-03-14T18:00:00+00:00
1387923,61,2025,84,Nice,274312,M. Cho,Missing Fixture,Foot Injury,2026-03-14T18:00:00+00:00
1387923,61,2025,84,Nice,105154,I. Jansson,Missing Fixture,Knee Injury,2026-03-14T18:00:00+00:00
1387923,61,2025,84,Nice,662,T. Ndombele,Missing Fixture,Muscle Injury,2026-03-14T18:00:00+00:00
1387923,61,2025,84,Nice,404172,K. Peprah,Missing Fixture,Injury,2026-03-14T18:00:00+00:00
1387923,61,2025,84,Nice,442866,E. Pereira,Missing Fixture,Ankle Injury,2026-03-14T18:00:00+00:00
1387927,61,2025,112,Metz,8490,G. Kvilitaia,Missing Fixture,Inactive,2026-03-15T16:15:00+00:00
1387927,61,2025,112,Metz,405072,J. Mangondo,Missing Fixture,Knee Injury,2026-03-15T16:15:00+00:00
1387927,61,2025,112,Metz,404588,C. Melieres,Missing Fixture,Injury,2026-03-15T16:15:00+00:00
1387927,61,2025,112,Metz,407,B. Stambouli,Missing Fixture,Ribs Injury,2026-03-15T16:15:00+00:00
1387927,61,2025,112,Metz,157912,B. Traore,Missing Fixture,Calf Injury,2026-03-15T16:15:00+00:00
1387927,61,2025,96,Toulouse,50956,C. Casseres,Missing Fixture,Injury,2026-03-15T16:15:00+00:00
1387927,61,2025,96,Toulouse,278392,C. Cresswell,Missing Fixture,Muscle Injury,2026-03-15T16:15:00+00:00
1387927,61,2025,96,Toulouse,118345,A. Francis,Missing Fixture,Broken Leg,2026-03-15T16:15:00+00:00
1387927,61,2025,96,Toulouse,174724,F. Magri,Missing Fixture,Knee Injury,2026-03-15T16:15:00+00:00
1387927,61,2025,96,Toulouse,334952,R. Messali,Missing Fixture,Ankle Injury,2026-03-15T16:15:00+00:00
1387927,61,2025,96,Toulouse,452697,D. Methalie,Missing Fixture,Knee Injury,2026-03-15T16:15:00+00:00
1387931,61,2025,95,Strasbourg,422780,A. Anselmino,Missing Fixture,Muscle Injury,2026-03-15T14:00:00+00:00
1387931,61,2025,95,Strasbourg,203762,E. Emegha,Missing Fixture,Leg Injury,2026-03-15T14:00:00+00:00
1387931,61,2025,95,Strasbourg,335056,D. Moreira,Missing Fixture,Groin Injury,2026-03-15T14:00:00+00:00
1387931,61,2025,95,Strasbourg,282549,J. Mwanga,Missing Fixture,Arm Injury,2026-03-15T14:00:00+00:00
1387931,61,2025,95,Strasbourg,303016,M. Oyedele,Missing Fixture,Illness,2026-03-15T14:00:00+00:00
1387931,61,2025,114,Paris FC,21436,S. Alakouch,Missing Fixture,Injury,2026-03-15T14:00:00+00:00
1387931,61,2025,114,Paris FC,20647,P. Hamel,Missing Fixture,Calf Injury,2026-03-15T14:00:00+00:00
1387931,61,2025,114,Paris FC,83831,I. Kebbal,Missing Fixture,Thigh Injury,2026-03-15T14:00:00+00:00
1387931,61,2025,114,Paris FC,55819,T. Ollila,Missing Fixture,Calf Injury,2026-03-15T14:00:00+00:00
1387931,61,2025,114,Paris FC,8551,R. Riou,Missing Fixture,Groin Injury,2026-03-15T14:00:00+00:00
1387931,61,2025,114,Paris FC,2202,H. Traore,Missing Fixture,Knee Injury,2026-03-15T14:00:00+00:00
1387927,61,2025,112,Metz,8490,G. Kvilitaia,Missing Fixture,Inactive,2026-03-15T16:15:00+00:00
1387927,61,2025,112,Metz,405072,J. Mangondo,Missing Fixture,Knee Injury,2026-03-15T16:15:00+00:00
1387927,61,2025,112,Metz,404588,C. Melieres,Missing Fixture,Injury,2026-03-15T16:15:00+00:00
1387927,61,2025,112,Metz,407,B. Stambouli,Missing Fixture,Ribs Injury,2026-03-15T16:15:00+00:00
1387927,61,2025,112,Metz,157912,B. Traore,Missing Fixture,Calf Injury,2026-03-15T16:15:00+00:00
1387927,61,2025,96,Toulouse,50956,C. Casseres,Missing Fixture,Injury,2026-03-15T16:15:00+00:00
1387927,61,2025,96,Toulouse,278392,C. Cresswell,Missing Fixture,Muscle Injury,2026-03-15T16:15:00+00:00
1387927,61,2025,96,Toulouse,118345,A. Francis,Missing Fixture,Broken Leg,2026-03-15T16:15:00+00:00
1387927,61,2025,96,Toulouse,174724,F. Magri,Missing Fixture,Knee Injury,2026-03-15T16:15:00+00:00
1387927,61,2025,96,Toulouse,334952,R. Messali,Missing Fixture,Ankle Injury,2026-03-15T16:15:00+00:00
1387927,61,2025,96,Toulouse,452697,D. Methalie,Missing Fixture,Knee Injury,2026-03-15T16:15:00+00:00
1387931,61,2025,95,Strasbourg,422780,A. Anselmino,Missing Fixture,Muscle Injury,2026-03-15T14:00:00+00:00
1387931,61,2025,95,Strasbourg,203762,E. Emegha,Missing Fixture,Leg Injury,2026-03-15T14:00:00+00:00
1387931,61,2025,95,Strasbourg,335056,D. Moreira,Missing Fixture,Groin Injury,2026-03-15T14:00:00+00:00
1387931,61,2025,95,Strasbourg,282549,J. Mwanga,Missing Fixture,Arm Injury,2026-03-15T14:00:00+00:00
1387931,61,2025,95,Strasbourg,303016,M. Oyedele,Missing Fixture,Illness,2026-03-15T14:00:00+00:00
1387931,61,2025,114,Paris FC,21436,S. Alakouch,Missing Fixture,Injury,2026-03-15T14:00:00+00:00
1387931,61,2025,114,Paris FC,20647,P. Hamel,Missing Fixture,Calf Injury,2026-03-15T14:00:00+00:00
1387931,61,2025,114,Paris FC,83831,I. Kebbal,Missing Fixture,Thigh Injury,2026-03-15T14:00:00+00:00
1387931,61,2025,114,Paris FC,55819,T. Ollila,Missing Fixture,Calf Injury,2026-03-15T14:00:00+00:00
1387931,61,2025,114,Paris FC,8551,R. Riou,Missing Fixture,Groin Injury,2026-03-15T14:00:00+00:00
1387931,61,2025,114,Paris FC,2202,H. Traore,Missing Fixture,Knee Injury,2026-03-15T14:00:00+00:00
1387928,61,2025,91,Monaco,10316,Caio Henrique,Missing Fixture,Thigh Injury,2026-03-14T20:05:00+00:00
1387928,61,2025,91,Monaco,81,K. Diatta,Missing Fixture,Muscle Injury,2026-03-14T20:05:00+00:00
1387928,61,2025,91,Monaco,175,E. Dier,Missing Fixture,Injury,2026-03-14T20:05:00+00:00
1387928,61,2025,91,Monaco,1101,T. Minamino,Missing Fixture,Knee Injury,2026-03-14T20:05:00+00:00
1387928,61,2025,91,Monaco,904,P. Pogba,Missing Fixture,Calf Injury,2026-03-14T20:05:00+00:00
1387928,61,2025,91,Monaco,47480,M. Salisu,Missing Fixture,Knee Injury,2026-03-14T20:05:00+00:00
1387928,61,2025,91,Monaco,291649,Vanderson,Missing Fixture,Thigh Injury,2026-03-14T20:05:00+00:00
1387928,61,2025,106,Stade Brestois 29,41323,M. Balde,Missing Fixture,Muscle Injury,2026-03-14T20:05:00+00:00
1387928,61,2025,106,Stade Brestois 29,274267,B. Locko,Missing Fixture,Injury,2026-03-14T20:05:00+00:00
1387928,61,2025,106,Stade Brestois 29,40384,R. Majecki,Missing Fixture,Loan agreement,2026-03-14T20:05:00+00:00
1387924,61,2025,111,Le Havre,174625,F. Doucoure,Missing Fixture,Inactive,2026-03-15T16:15:00+00:00
1387924,61,2025,111,Le Havre,364093,S. Ebonog,Missing Fixture,Yellow Cards,2026-03-15T16:15:00+00:00
1387924,61,2025,111,Le Havre,64255,G. Lloris,Missing Fixture,Hamstring Injury,2026-03-15T16:15:00+00:00
1387924,61,2025,111,Le Havre,21103,A. Toure,Missing Fixture,Knee Injury,2026-03-15T16:15:00+00:00
1387924,61,2025,80,Lyon,361348,M. Fofana,Missing Fixture,Ankle Injury,2026-03-15T16:15:00+00:00
1387924,61,2025,80,Lyon,497617,R. Himbert,Missing Fixture,Ankle Injury,2026-03-15T16:15:00+00:00
1387924,61,2025,80,Lyon,193293,R. Kluivert,Missing Fixture,Hamstring Injury,2026-03-15T16:15:00+00:00
1387924,61,2025,80,Lyon,1456,A. Maitland-Niles,Missing Fixture,Groin Injury,2026-03-15T16:15:00+00:00
1387924,61,2025,80,Lyon,68,C. Mata,Missing Fixture,Yellow Cards,2026-03-15T16:15:00+00:00
1387924,61,2025,80,Lyon,345388,A. Moreira,Missing Fixture,Injury,2026-03-15T16:15:00+00:00
1387924,61,2025,80,Lyon,350856,E. Nuamah,Missing Fixture,Knee Injury,2026-03-15T16:15:00+00:00
1387924,61,2025,80,Lyon,66387,P. Sulc,Missing Fixture,Muscle Injury,2026-03-15T16:15:00+00:00
1387930,61,2025,94,Rennes,367636,J. Jacquet,Missing Fixture,Shoulder Injury,2026-03-15T19:45:00+00:00
1387930,61,2025,79,Lille,2204,B. Andre,Missing Fixture,Hip Injury,2026-03-15T19:45:00+00:00
1387930,61,2025,79,Lille,21483,M. Caillard,Missing Fixture,Elbow Injury,2026-03-15T19:45:00+00:00
1387930,61,2025,79,Lille,306979,H. Igamane,Missing Fixture,Knee Injury,2026-03-15T19:45:00+00:00
1387930,61,2025,79,Lille,386287,E. Mbappe,Missing Fixture,Thigh Injury,2026-03-15T19:45:00+00:00
1387930,61,2025,79,Lille,20732,G. Perrin,Missing Fixture,Groin Injury,2026-03-15T19:45:00+00:00
1387930,61,2025,79,Lille,99576,O. Sahraoui,Missing Fixture,Groin Injury,2026-03-15T19:45:00+00:00
1387930,61,2025,79,Lille,351888,O. Toure,Missing Fixture,Knee Injury,2026-03-15T19:45:00+00:00
1387933,61,2025,116,Lens,21568,R. Aguilar,Missing Fixture,Calf Injury,2026-03-20T19:45:00+00:00
1387933,61,2025,116,Lens,441264,K. Antonio,Missing Fixture,Foot Injury,2026-03-20T19:45:00+00:00
1387933,61,2025,116,Lens,322984,S. Baidoo,Missing Fixture,Muscle Injury,2026-03-20T19:45:00+00:00
1387933,61,2025,116,Lens,21635,J. Gradit,Missing Fixture,Thigh Injury,2026-03-20T19:45:00+00:00
1387933,61,2025,116,Lens,21378,R. Gurtner,Missing Fixture,Muscle Injury,2026-03-20T19:45:00+00:00
1387933,61,2025,116,Lens,18816,A. Masuaku,Missing Fixture,Red Card,2026-03-20T19:45:00+00:00
1387933,61,2025,116,Lens,21715,W. Said,Missing Fixture,Hamstring Injury,2026-03-20T19:45:00+00:00
1387933,61,2025,77,Angers,20850,C. Arcus,Missing Fixture,Groin Injury,2026-03-20T19:45:00+00:00
1387933,61,2025,77,Angers,343609,J. Ekomie,Missing Fixture,Inactive,2026-03-20T19:45:00+00:00
1387933,61,2025,77,Angers,22220,H. Koffi,Missing Fixture,Loan agreement,2026-03-20T19:45:00+00:00
1387933,61,2025,77,Angers,20817,G. Koyalipou,Missing Fixture,Loan agreement,2026-03-20T19:45:00+00:00
1387933,61,2025,77,Angers,457541,P. Peter,Missing Fixture,Face Injury,2026-03-20T19:45:00+00:00
1387940,61,2025,96,Toulouse,278392,C. Cresswell,Missing Fixture,Muscle Injury,2026-03-21T16:00:00+00:00
1387940,61,2025,96,Toulouse,47351,A. Dominguez,Missing Fixture,Injury,2026-03-21T16:00:00+00:00
1387940,61,2025,96,Toulouse,118345,A. Francis,Missing Fixture,Broken Leg,2026-03-21T16:00:00+00:00
1387940,61,2025,96,Toulouse,174724,F. Magri,Missing Fixture,Knee Injury,2026-03-21T16:00:00+00:00
1387940,61,2025,96,Toulouse,334952,R. Messali,Missing Fixture,Ankle Injury,2026-03-21T16:00:00+00:00
1387940,61,2025,96,Toulouse,452697,D. Methalie,Missing Fixture,Knee Injury,2026-03-21T16:00:00+00:00
1387940,61,2025,97,Lorient,20917,L. Abergel,Missing Fixture,Ankle Injury,2026-03-21T16:00:00+00:00
1387940,61,2025,97,Lorient,162018,B. Fadiga,Missing Fixture,Muscle Injury,2026-03-21T16:00:00+00:00
1387940,61,2025,97,Lorient,1031,Igor Silva,Missing Fixture,Injury,2026-03-21T16:00:00+00:00
1387940,61,2025,97,Lorient,193501,B. Meite,Missing Fixture,Yellow Cards,2026-03-21T16:00:00+00:00
1387940,61,2025,97,Lorient,276662,P. Pagis,Missing Fixture,Red Card,2026-03-21T16:00:00+00:00
1387940,61,2025,97,Lorient,195893,I. Toure,Missing Fixture,Knee Injury,2026-03-21T16:00:00+00:00
1387932,61,2025,108,Auxerre,335064,N. Buayi-Kiala,Missing Fixture,Knee Injury,2026-03-21T18:00:00+00:00
1387932,61,2025,108,Auxerre,322595,L. Coulibaly,Missing Fixture,Injury,2026-03-21T18:00:00+00:00
1387932,61,2025,108,Auxerre,551415,T. Devernois,Missing Fixture,Calf Injury,2026-03-21T18:00:00+00:00
1387932,61,2025,108,Auxerre,319919,O. El Azzouzi,Missing Fixture,Knee Injury,2026-03-21T18:00:00+00:00
1387932,61,2025,106,Stade Brestois 29,22264,L. Ajorque,Missing Fixture,Yellow Cards,2026-03-21T18:00:00+00:00
1387932,61,2025,106,Stade Brestois 29,20546,B. Chardonnet,Missing Fixture,Yellow Cards,2026-03-21T18:00:00+00:00
1387934,61,2025,80,Lyon,497617,R. Himbert,Missing Fixture,Ankle Injury,2026-03-22T14:00:00+00:00
1387934,61,2025,80,Lyon,493026,N. Kamara,Missing Fixture,Muscle Injury,2026-03-22T14:00:00+00:00
1387934,61,2025,80,Lyon,193293,R. Kluivert,Missing Fixture,Hamstring Injury,2026-03-22T14:00:00+00:00
1387934,61,2025,80,Lyon,1456,A. Maitland-Niles,Missing Fixture,Groin Injury,2026-03-22T14:00:00+00:00
1387934,61,2025,80,Lyon,162590,T. Morton,Missing Fixture,Yellow Cards,2026-03-22T14:00:00+00:00
1387934,61,2025,80,Lyon,350856,E. Nuamah,Missing Fixture,Knee Injury,2026-03-22T14:00:00+00:00
1387934,61,2025,91,Monaco,10316,Caio Henrique,Missing Fixture,Thigh Injury,2026-03-22T14:00:00+00:00
1387934,61,2025,91,Monaco,1101,T. Minamino,Missing Fixture,Knee Injury,2026-03-22T14:00:00+00:00
1387934,61,2025,91,Monaco,904,P. Pogba,Missing Fixture,Calf Injury,2026-03-22T14:00:00+00:00
1387934,61,2025,91,Monaco,47480,M. Salisu,Missing Fixture,Knee Injury,2026-03-22T14:00:00+00:00
1387934,61,2025,91,Monaco,291649,Vanderson,Missing Fixture,Thigh Injury,2026-03-22T14:00:00+00:00
1387934,61,2025,80,Lyon,497617,R. Himbert,Missing Fixture,Ankle Injury,2026-03-22T14:00:00+00:00
1387934,61,2025,80,Lyon,493026,N. Kamara,Missing Fixture,Muscle Injury,2026-03-22T14:00:00+00:00
1387934,61,2025,80,Lyon,193293,R. Kluivert,Missing Fixture,Hamstring Injury,2026-03-22T14:00:00+00:00
1387934,61,2025,80,Lyon,1456,A. Maitland-Niles,Missing Fixture,Groin Injury,2026-03-22T14:00:00+00:00
1387934,61,2025,80,Lyon,162590,T. Morton,Missing Fixture,Yellow Cards,2026-03-22T14:00:00+00:00
1387934,61,2025,80,Lyon,350856,E. Nuamah,Missing Fixture,Knee Injury,2026-03-22T14:00:00+00:00
1387934,61,2025,91,Monaco,10316,Caio Henrique,Missing Fixture,Thigh Injury,2026-03-22T14:00:00+00:00
1387934,61,2025,91,Monaco,1101,T. Minamino,Missing Fixture,Knee Injury,2026-03-22T14:00:00+00:00
1387934,61,2025,91,Monaco,904,P. Pogba,Missing Fixture,Calf Injury,2026-03-22T14:00:00+00:00
1387934,61,2025,91,Monaco,47480,M. Salisu,Missing Fixture,Knee Injury,2026-03-22T14:00:00+00:00
1387934,61,2025,91,Monaco,291649,Vanderson,Missing Fixture,Thigh Injury,2026-03-22T14:00:00+00:00
1387937,61,2025,84,Nice,196343,M. Abdelmonem,Missing Fixture,Knee Injury,2026-03-21T20:05:00+00:00
1387937,61,2025,84,Nice,407017,M. Bombito,Missing Fixture,Leg Injury,2026-03-21T20:05:00+00:00
1387937,61,2025,84,Nice,105154,I. Jansson,Missing Fixture,Knee Injury,2026-03-21T20:05:00+00:00
1387937,61,2025,84,Nice,662,T. Ndombele,Missing Fixture,Muscle Injury,2026-03-21T20:05:00+00:00
1387937,61,2025,84,Nice,442866,E. Pereira,Missing Fixture,Ankle Injury,2026-03-21T20:05:00+00:00
1387937,61,2025,85,Paris Saint Germain,161904,B. Barcola,Missing Fixture,Ankle Injury,2026-03-21T20:05:00+00:00
1387937,61,2025,85,Paris Saint Germain,9,A. Hakimi,Missing Fixture,Yellow Cards,2026-03-21T20:05:00+00:00
1387937,61,2025,85,Paris Saint Germain,471107,Q. Ndjantou,Missing Fixture,Muscle Injury,2026-03-21T20:05:00+00:00
1387937,61,2025,85,Paris Saint Germain,335051,J. Neves,Missing Fixture,Injury,2026-03-21T20:05:00+00:00
1387937,61,2025,85,Paris Saint Germain,328,F. Ruiz,Missing Fixture,Knee Injury,2026-03-21T20:05:00+00:00
1387939,61,2025,94,Rennes,367636,J. Jacquet,Missing Fixture,Shoulder Injury,2026-03-22T16:15:00+00:00
1387939,61,2025,94,Rennes,399890,N. Mukiele,Missing Fixture,Injury,2026-03-22T16:15:00+00:00
1387939,61,2025,94,Rennes,585073,L. Rosier,Missing Fixture,Injury,2026-03-22T16:15:00+00:00
1387939,61,2025,112,Metz,20529,G. Hein,Missing Fixture,Illness,2026-03-22T16:15:00+00:00
1387939,61,2025,112,Metz,405072,J. Mangondo,Missing Fixture,Knee Injury,2026-03-22T16:15:00+00:00
1387939,61,2025,112,Metz,404588,C. Melieres,Missing Fixture,Injury,2026-03-22T16:15:00+00:00
1387939,61,2025,112,Metz,407,B. Stambouli,Missing Fixture,Ribs Injury,2026-03-22T16:15:00+00:00
1387939,61,2025,112,Metz,157912,B. Traore,Missing Fixture,Calf Injury,2026-03-22T16:15:00+00:00
1387938,61,2025,114,Paris FC,21436,S. Alakouch,Missing Fixture,Injury,2026-03-22T16:15:00+00:00
1387938,61,2025,114,Paris FC,20869,S. Chergui,Missing Fixture,Hamstring Injury,2026-03-22T16:15:00+00:00
1387938,61,2025,114,Paris FC,20647,P. Hamel,Missing Fixture,Calf Injury,2026-03-22T16:15:00+00:00
1387938,61,2025,114,Paris FC,83831,I. Kebbal,Missing Fixture,Thigh Injury,2026-03-22T16:15:00+00:00
1387938,61,2025,114,Paris FC,20925,V. Marchetti,Missing Fixture,Lower Back Injury,2026-03-22T16:15:00+00:00
1387938,61,2025,114,Paris FC,55819,T. Ollila,Missing Fixture,Calf Injury,2026-03-22T16:15:00+00:00
1387938,61,2025,114,Paris FC,8551,R. Riou,Missing Fixture,Groin Injury,2026-03-22T16:15:00+00:00
1387938,61,2025,114,Paris FC,2202,H. Traore,Missing Fixture,Knee Injury,2026-03-22T16:15:00+00:00
1387938,61,2025,111,Le Havre,64255,G. Lloris,Missing Fixture,Hamstring Injury,2026-03-22T16:15:00+00:00
1387938,61,2025,111,Le Havre,21103,A. Toure,Missing Fixture,Knee Injury,2026-03-22T16:15:00+00:00
1387938,61,2025,111,Le Havre,513415,S. Zagadou,Missing Fixture,Red Card,2026-03-22T16:15:00+00:00
1387938,61,2025,111,Le Havre,23637,Y. Zouaoui,Missing Fixture,Yellow Cards,2026-03-22T16:15:00+00:00
1387935,61,2025,81,Marseille,21694,N. Aguerd,Missing Fixture,Groin Injury,2026-03-22T16:15:00+00:00
1387935,61,2025,81,Marseille,340154,A. Vermeeren,Missing Fixture,Inactive,2026-03-22T16:15:00+00:00
1387935,61,2025,79,Lille,2204,B. Andre,Missing Fixture,Hip Injury,2026-03-22T16:15:00+00:00
1387935,61,2025,79,Lille,21483,M. Caillard,Missing Fixture,Elbow Injury,2026-03-22T16:15:00+00:00
1387935,61,2025,79,Lille,306979,H. Igamane,Missing Fixture,Knee Injury,2026-03-22T16:15:00+00:00
1387935,61,2025,79,Lille,386287,E. Mbappe,Missing Fixture,Thigh Injury,2026-03-22T16:15:00+00:00
1387935,61,2025,79,Lille,20732,G. Perrin,Missing Fixture,Groin Injury,2026-03-22T16:15:00+00:00
1387935,61,2025,79,Lille,99576,O. Sahraoui,Missing Fixture,Groin Injury,2026-03-22T16:15:00+00:00
1387935,61,2025,79,Lille,379329,T. Santos,Missing Fixture,Knee Injury,2026-03-22T16:15:00+00:00
1387935,61,2025,79,Lille,351888,O. Toure,Missing Fixture,Knee Injury,2026-03-22T16:15:00+00:00
1387936,61,2025,83,Nantes,428504,A. Camara,Missing Fixture,Groin Injury,2026-03-22T19:45:00+00:00
1387936,61,2025,83,Nantes,20654,F. Centonze,Missing Fixture,Knee Injury,2026-03-22T19:45:00+00:00
1387936,61,2025,83,Nantes,924,F. Coquelin,Missing Fixture,Injury,2026-03-22T19:45:00+00:00
1387936,61,2025,83,Nantes,443755,B. Deuff,Missing Fixture,Foot Injury,2026-03-22T19:45:00+00:00
1387936,61,2025,83,Nantes,364810,A. Sylla,Missing Fixture,Suspended,2026-03-22T19:45:00+00:00
1387936,61,2025,95,Strasbourg,422780,A. Anselmino,Missing Fixture,Muscle Injury,2026-03-22T19:45:00+00:00
1387936,61,2025,95,Strasbourg,2933,B. Chilwell,Missing Fixture,Muscle Injury,2026-03-22T19:45:00+00:00
1387936,61,2025,95,Strasbourg,203762,E. Emegha,Missing Fixture,Leg Injury,2026-03-22T19:45:00+00:00
1387936,61,2025,95,Strasbourg,335056,D. Moreira,Missing Fixture,Groin Injury,2026-03-22T19:45:00+00:00
1387936,61,2025,95,Strasbourg,282549,J. Mwanga,Missing Fixture,Shoulder Injury,2026-03-22T19:45:00+00:00
1387948,61,2025,85,Paris Saint Germain,161904,B. Barcola,Missing Fixture,Ankle Injury,2026-04-03T18:45:00+00:00
1387948,61,2025,85,Paris Saint Germain,409216,S. Mayulu,Missing Fixture,Calf Injury,2026-04-03T18:45:00+00:00
1387948,61,2025,85,Paris Saint Germain,471107,Q. Ndjantou,Missing Fixture,Muscle Injury,2026-04-03T18:45:00+00:00
1387948,61,2025,85,Paris Saint Germain,328,F. Ruiz,Missing Fixture,Knee Injury,2026-04-03T18:45:00+00:00
1387948,61,2025,96,Toulouse,278392,C. Cresswell,Missing Fixture,Muscle Injury,2026-04-03T18:45:00+00:00
1387948,61,2025,96,Toulouse,118345,A. Francis,Missing Fixture,Broken Leg,2026-04-03T18:45:00+00:00
1387948,61,2025,96,Toulouse,362741,S. Hidalgo,Missing Fixture,Yellow Cards,2026-04-03T18:45:00+00:00
1387948,61,2025,96,Toulouse,174724,F. Magri,Missing Fixture,Knee Injury,2026-04-03T18:45:00+00:00
1387948,61,2025,96,Toulouse,334952,R. Messali,Missing Fixture,Ankle Injury,2026-04-03T18:45:00+00:00
1387949,61,2025,95,Strasbourg,335056,D. Moreira,Missing Fixture,Groin Injury,2026-04-04T15:00:00+00:00
1387949,61,2025,95,Strasbourg,358166,A. Ouattara,Missing Fixture,Back Injury,2026-04-04T15:00:00+00:00
1387949,61,2025,95,Strasbourg,390742,J. Panichelli,Missing Fixture,Knee Injury,2026-04-04T15:00:00+00:00
1387949,61,2025,84,Nice,196343,M. Abdelmonem,Missing Fixture,Lacking Match Fitness,2026-04-04T15:00:00+00:00
1387949,61,2025,84,Nice,407017,M. Bombito,Missing Fixture,Leg Injury,2026-04-04T15:00:00+00:00
1387949,61,2025,84,Nice,3099,Y. Ndayishimiye,Missing Fixture,Red Card,2026-04-04T15:00:00+00:00
1387949,61,2025,84,Nice,404172,K. Peprah,Missing Fixture,Injury,2026-04-04T15:00:00+00:00
1387949,61,2025,84,Nice,442866,E. Pereira,Missing Fixture,Ankle Injury,2026-04-04T15:00:00+00:00
1387941,61,2025,77,Angers,20850,C. Arcus,Missing Fixture,Groin Injury,2026-04-05T13:00:00+00:00
1387941,61,2025,77,Angers,3234,A. Bamba,Missing Fixture,Injury,2026-04-05T13:00:00+00:00
1387941,61,2025,77,Angers,385569,E. Biumla,Missing Fixture,Injury,2026-04-05T13:00:00+00:00
1387941,61,2025,77,Angers,425207,M. Courcoul,Missing Fixture,Injury,2026-04-05T13:00:00+00:00
1387941,61,2025,77,Angers,174973,M. Zinga,Missing Fixture,Knee Injury,2026-04-05T13:00:00+00:00
1387941,61,2025,80,Lyon,361348,M. Fofana,Missing Fixture,Ankle Injury,2026-04-05T13:00:00+00:00
1387941,61,2025,80,Lyon,497617,R. Himbert,Missing Fixture,Ankle Injury,2026-04-05T13:00:00+00:00
1387941,61,2025,80,Lyon,193293,R. Kluivert,Missing Fixture,Hamstring Injury,2026-04-05T13:00:00+00:00
1387941,61,2025,80,Lyon,350856,E. Nuamah,Missing Fixture,Knee Injury,2026-04-05T13:00:00+00:00
1387941,61,2025,80,Lyon,529,N. Tagliafico,Missing Fixture,Red Card,2026-04-05T13:00:00+00:00
1387941,61,2025,77,Angers,20850,C. Arcus,Missing Fixture,Groin Injury,2026-04-05T13:00:00+00:00
1387941,61,2025,77,Angers,3234,A. Bamba,Missing Fixture,Injury,2026-04-05T13:00:00+00:00
1387941,61,2025,77,Angers,385569,E. Biumla,Missing Fixture,Injury,2026-04-05T13:00:00+00:00
1387941,61,2025,77,Angers,425207,M. Courcoul,Missing Fixture,Injury,2026-04-05T13:00:00+00:00
1387941,61,2025,77,Angers,174973,M. Zinga,Missing Fixture,Knee Injury,2026-04-05T13:00:00+00:00
1387941,61,2025,80,Lyon,361348,M. Fofana,Missing Fixture,Ankle Injury,2026-04-05T13:00:00+00:00
1387941,61,2025,80,Lyon,497617,R. Himbert,Missing Fixture,Ankle Injury,2026-04-05T13:00:00+00:00
1387941,61,2025,80,Lyon,193293,R. Kluivert,Missing Fixture,Hamstring Injury,2026-04-05T13:00:00+00:00
1387941,61,2025,80,Lyon,350856,E. Nuamah,Missing Fixture,Knee Injury,2026-04-05T13:00:00+00:00
1387941,61,2025,80,Lyon,529,N. Tagliafico,Missing Fixture,Red Card,2026-04-05T13:00:00+00:00
1387944,61,2025,79,Lille,306979,H. Igamane,Missing Fixture,Knee Injury,2026-04-04T19:05:00+00:00
1387944,61,2025,79,Lille,375,C. Mbemba,Missing Fixture,Injury,2026-04-04T19:05:00+00:00
1387944,61,2025,79,Lille,351888,O. Toure,Missing Fixture,Knee Injury,2026-04-04T19:05:00+00:00
1387944,61,2025,116,Lens,21568,R. Aguilar,Missing Fixture,Calf Injury,2026-04-04T19:05:00+00:00
1387944,61,2025,116,Lens,441264,K. Antonio,Missing Fixture,Foot Injury,2026-04-04T19:05:00+00:00
1387944,61,2025,116,Lens,322984,S. Baidoo,Missing Fixture,Muscle Injury,2026-04-04T19:05:00+00:00
1387944,61,2025,116,Lens,21635,J. Gradit,Missing Fixture,Thigh Injury,2026-04-04T19:05:00+00:00
1387944,61,2025,116,Lens,21378,R. Gurtner,Missing Fixture,Muscle Injury,2026-04-04T19:05:00+00:00
1387944,61,2025,116,Lens,18816,A. Masuaku,Missing Fixture,Inactive,2026-04-04T19:05:00+00:00
1387942,61,2025,106,Stade Brestois 29,41323,M. Balde,Missing Fixture,Thigh Injury,2026-04-04T17:00:00+00:00
1387942,61,2025,106,Stade Brestois 29,326068,K. Doumbia,Missing Fixture,Injury,2026-04-04T17:00:00+00:00
1387942,61,2025,94,Rennes,3007,P. Frankowski,Missing Fixture,Yellow Cards,2026-04-04T17:00:00+00:00
1387942,61,2025,94,Rennes,367636,J. Jacquet,Missing Fixture,Shoulder Injury,2026-04-04T17:00:00+00:00
1387942,61,2025,94,Rennes,585073,L. Rosier,Missing Fixture,Injury,2026-04-04T17:00:00+00:00
1387942,61,2025,94,Rennes,129681,A. Rouault,Missing Fixture,Yellow Cards,2026-04-04T17:00:00+00:00
1387946,61,2025,112,Metz,384683,I. Guerti,Missing Fixture,Injury,2026-04-05T15:15:00+00:00
1387946,61,2025,112,Metz,405072,J. Mangondo,Missing Fixture,Knee Injury,2026-04-05T15:15:00+00:00
1387946,61,2025,112,Metz,404588,C. Melieres,Missing Fixture,Injury,2026-04-05T15:15:00+00:00
1387946,61,2025,112,Metz,407,B. Stambouli,Missing Fixture,Ribs Injury,2026-04-05T15:15:00+00:00
1387946,61,2025,112,Metz,434352,A. Toure,Missing Fixture,Yellow Cards,2026-04-05T15:15:00+00:00
1387946,61,2025,112,Metz,157912,B. Traore,Missing Fixture,Calf Injury,2026-04-05T15:15:00+00:00
1387946,61,2025,83,Nantes,443755,B. Deuff,Missing Fixture,Foot Injury,2026-04-05T15:15:00+00:00
1387946,61,2025,83,Nantes,388779,D. Tabibou,Missing Fixture,Calf Injury,2026-04-05T15:15:00+00:00
1387945,61,2025,97,Lorient,20917,L. Abergel,Missing Fixture,Ankle Injury,2026-04-05T15:15:00+00:00
1387945,61,2025,97,Lorient,200873,M. Bamba,Missing Fixture,Injury,2026-04-05T15:15:00+00:00
1387945,61,2025,97,Lorient,195893,I. Toure,Missing Fixture,Knee Injury,2026-04-05T15:15:00+00:00
1387945,61,2025,114,Paris FC,21436,S. Alakouch,Missing Fixture,Injury,2026-04-05T15:15:00+00:00
1387945,61,2025,114,Paris FC,20647,P. Hamel,Missing Fixture,Calf Injury,2026-04-05T15:15:00+00:00
1387945,61,2025,114,Paris FC,1863,C. Immobile,Missing Fixture,Illness,2026-04-05T15:15:00+00:00
1387945,61,2025,114,Paris FC,22842,J. Krasso,Missing Fixture,Knee Injury,2026-04-05T15:15:00+00:00
1387945,61,2025,114,Paris FC,20599,J. Lopez,Missing Fixture,Back Injury,2026-04-05T15:15:00+00:00
1387945,61,2025,114,Paris FC,20925,V. Marchetti,Missing Fixture,Lower Back Injury,2026-04-05T15:15:00+00:00
1387945,61,2025,114,Paris FC,496896,R. Matondo,Missing Fixture,Red Card,2026-04-05T15:15:00+00:00
1387945,61,2025,114,Paris FC,8551,R. Riou,Missing Fixture,Groin Injury,2026-04-05T15:15:00+00:00
1387943,61,2025,111,Le Havre,24012,L. Mpasi-Nzau,Missing Fixture,Inactive,2026-04-05T15:15:00+00:00
1387943,61,2025,111,Le Havre,21103,A. Toure,Missing Fixture,Knee Injury,2026-04-05T15:15:00+00:00
1387943,61,2025,108,Auxerre,335064,N. Buayi-Kiala,Missing Fixture,Knee Injury,2026-04-05T15:15:00+00:00
1387943,61,2025,108,Auxerre,322595,L. Coulibaly,Missing Fixture,Injury,2026-04-05T15:15:00+00:00
1387943,61,2025,108,Auxerre,319919,O. El Azzouzi,Missing Fixture,Knee Injury,2026-04-05T15:15:00+00:00
1387943,61,2025,108,Auxerre,20542,D. Leon,Missing Fixture,Red Card,2026-04-05T15:15:00+00:00
1387947,61,2025,91,Monaco,386276,P. Brunner,Missing Fixture,Hamstring Injury,2026-04-05T18:45:00+00:00
1387947,61,2025,91,Monaco,10316,Caio Henrique,Missing Fixture,Thigh Injury,2026-04-05T18:45:00+00:00
1387947,61,2025,91,Monaco,1101,T. Minamino,Missing Fixture,Knee Injury,2026-04-05T18:45:00+00:00
1387947,61,2025,91,Monaco,333137,K. Ouattara,Missing Fixture,Knee Injury,2026-04-05T18:45:00+00:00
1387947,61,2025,91,Monaco,47480,M. Salisu,Missing Fixture,Knee Injury,2026-04-05T18:45:00+00:00
1387947,61,2025,91,Monaco,291649,Vanderson,Missing Fixture,Thigh Injury,2026-04-05T18:45:00+00:00
1387947,61,2025,81,Marseille,21694,N. Aguerd,Missing Fixture,Groin Injury,2026-04-05T18:45:00+00:00
1387947,61,2025,81,Marseille,897,M. Greenwood,Missing Fixture,Yellow Cards,2026-04-05T18:45:00+00:00
1387947,61,2025,81,Marseille,926,G. Kondogbia,Missing Fixture,Thigh Injury,2026-04-05T18:45:00+00:00
1387954,61,2025,81,Marseille,21694,N. Aguerd,Missing Fixture,Groin Injury,2026-04-10T19:05:00+00:00
1387954,61,2025,81,Marseille,181827,C. Egan-Riley,Missing Fixture,Injury,2026-04-10T19:05:00+00:00
1387954,61,2025,81,Marseille,926,G. Kondogbia,Missing Fixture,Thigh Injury,2026-04-10T19:05:00+00:00
1387954,61,2025,112,Metz,405072,J. Mangondo,Missing Fixture,Knee Injury,2026-04-10T19:05:00+00:00
1387954,61,2025,112,Metz,570580,B. Munongo,Missing Fixture,Knee Injury,2026-04-10T19:05:00+00:00
1387954,61,2025,112,Metz,157912,B. Traore,Missing Fixture,Calf Injury,2026-04-10T19:05:00+00:00
1387956,61,2025,114,Paris FC,21436,S. Alakouch,Missing Fixture,Injury,2026-04-10T17:00:00+00:00
1387956,61,2025,114,Paris FC,20647,P. Hamel,Missing Fixture,Calf Injury,2026-04-10T17:00:00+00:00
1387956,61,2025,114,Paris FC,22842,J. Krasso,Missing Fixture,Knee Injury,2026-04-10T17:00:00+00:00
1387956,61,2025,114,Paris FC,20599,J. Lopez,Missing Fixture,Back Injury,2026-04-10T17:00:00+00:00
1387956,61,2025,114,Paris FC,20925,V. Marchetti,Missing Fixture,Lower Back Injury,2026-04-10T17:00:00+00:00
1387956,61,2025,91,Monaco,386276,P. Brunner,Missing Fixture,Injury,2026-04-10T17:00:00+00:00
1387956,61,2025,91,Monaco,10316,Caio Henrique,Missing Fixture,Thigh Injury,2026-04-10T17:00:00+00:00
1387956,61,2025,91,Monaco,109,A. Golovin,Missing Fixture,Muscle Injury,2026-04-10T17:00:00+00:00
1387956,61,2025,91,Monaco,1101,T. Minamino,Missing Fixture,Knee Injury,2026-04-10T17:00:00+00:00
1387956,61,2025,91,Monaco,333137,K. Ouattara,Missing Fixture,Knee Injury,2026-04-10T17:00:00+00:00
1387956,61,2025,91,Monaco,47480,M. Salisu,Missing Fixture,Knee Injury,2026-04-10T17:00:00+00:00
1387956,61,2025,91,Monaco,291649,Vanderson,Missing Fixture,Thigh Injury,2026-04-10T17:00:00+00:00
1387950,61,2025,108,Auxerre,335064,N. Buayi-Kiala,Missing Fixture,Knee Injury,2026-04-11T17:00:00+00:00
1387950,61,2025,108,Auxerre,319919,O. El Azzouzi,Missing Fixture,Knee Injury,2026-04-11T17:00:00+00:00
1387950,61,2025,83,Nantes,522609,T. Tati,Missing Fixture,Red Card,2026-04-11T17:00:00+00:00
1387955,61,2025,84,Nice,407017,M. Bombito,Missing Fixture,Leg Injury,2026-04-12T15:15:00+00:00
1387955,61,2025,84,Nice,22163,Dante,Missing Fixture,Injury,2026-04-12T15:15:00+00:00
1387955,61,2025,84,Nice,3099,Y. Ndayishimiye,Missing Fixture,Red Card,2026-04-12T15:15:00+00:00
1387955,61,2025,84,Nice,442866,E. Pereira,Missing Fixture,Ankle Injury,2026-04-12T15:15:00+00:00
1387955,61,2025,111,Le Havre,961,F. Mambimbi,Missing Fixture,Injury,2026-04-12T15:15:00+00:00
1387955,61,2025,111,Le Havre,21103,A. Toure,Missing Fixture,Knee Injury,2026-04-12T15:15:00+00:00
1387958,61,2025,96,Toulouse,47351,A. Dominguez,Missing Fixture,Injury,2026-04-12T15:15:00+00:00
1387958,61,2025,96,Toulouse,118345,A. Francis,Missing Fixture,Broken Leg,2026-04-12T15:15:00+00:00
1387958,61,2025,96,Toulouse,174724,F. Magri,Missing Fixture,Knee Injury,2026-04-12T15:15:00+00:00
1387958,61,2025,96,Toulouse,334952,R. Messali,Missing Fixture,Ankle Injury,2026-04-12T15:15:00+00:00
1387958,61,2025,79,Lille,306979,H. Igamane,Missing Fixture,Knee Injury,2026-04-12T15:15:00+00:00
1387958,61,2025,79,Lille,99576,O. Sahraoui,Missing Fixture,Groin Injury,2026-04-12T15:15:00+00:00
1387958,61,2025,79,Lille,351888,O. Toure,Missing Fixture,Knee Injury,2026-04-12T15:15:00+00:00
1387957,61,2025,94,Rennes,367636,J. Jacquet,Missing Fixture,Shoulder Injury,2026-04-11T19:05:00+00:00
1387957,61,2025,94,Rennes,22097,A. Nordin,Missing Fixture,Inactive,2026-04-11T19:05:00+00:00
1387957,61,2025,94,Rennes,585073,L. Rosier,Missing Fixture,Injury,2026-04-11T19:05:00+00:00
1387957,61,2025,77,Angers,20850,C. Arcus,Missing Fixture,Groin Injury,2026-04-11T19:05:00+00:00
1387957,61,2025,77,Angers,3234,A. Bamba,Missing Fixture,Injury,2026-04-11T19:05:00+00:00
1387957,61,2025,77,Angers,425207,M. Courcoul,Missing Fixture,Injury,2026-04-11T19:05:00+00:00
1387957,61,2025,77,Angers,579375,H. Djibirin,Missing Fixture,Injury,2026-04-11T19:05:00+00:00
1387953,61,2025,80,Lyon,361348,M. Fofana,Missing Fixture,Ankle Injury,2026-04-12T18:45:00+00:00
1387953,61,2025,80,Lyon,497617,R. Himbert,Missing Fixture,Ankle Injury,2026-04-12T18:45:00+00:00
1387953,61,2025,80,Lyon,493026,N. Kamara,Missing Fixture,Muscle Injury,2026-04-12T18:45:00+00:00
1387953,61,2025,80,Lyon,350856,E. Nuamah,Missing Fixture,Knee Injury,2026-04-12T18:45:00+00:00
1387953,61,2025,80,Lyon,66387,P. Sulc,Missing Fixture,Muscle Injury,2026-04-12T18:45:00+00:00
1387953,61,2025,80,Lyon,529,N. Tagliafico,Missing Fixture,Red Card,2026-04-12T18:45:00+00:00
1387953,61,2025,97,Lorient,20917,L. Abergel,Missing Fixture,Ankle Injury,2026-04-12T18:45:00+00:00
1387953,61,2025,97,Lorient,200873,M. Bamba,Missing Fixture,Injury,2026-04-12T18:45:00+00:00
1387953,61,2025,97,Lorient,322865,D. Karim,Missing Fixture,Injury,2026-04-12T18:45:00+00:00
1387953,61,2025,97,Lorient,50030,M. Talbi,Missing Fixture,Calf Injury,2026-04-12T18:45:00+00:00
1387953,61,2025,97,Lorient,195893,I. Toure,Missing Fixture,Knee Injury,2026-04-12T18:45:00+00:00
1387962,61,2025,97,Lorient,200873,M. Bamba,Missing Fixture,Injury,2026-04-18T15:00:00+00:00
1387962,61,2025,97,Lorient,402386,A. Kouassi,Missing Fixture,Yellow Cards,2026-04-18T15:00:00+00:00
1387962,61,2025,97,Lorient,174703,T. Le Bris,Missing Fixture,Knee Injury,2026-04-18T15:00:00+00:00
1387962,61,2025,97,Lorient,50030,M. Talbi,Missing Fixture,Calf Injury,2026-04-18T15:00:00+00:00
1387962,61,2025,97,Lorient,195893,I. Toure,Missing Fixture,Knee Injury,2026-04-18T15:00:00+00:00
1387962,61,2025,81,Marseille,21694,N. Aguerd,Missing Fixture,Groin Injury,2026-04-18T15:00:00+00:00
1387962,61,2025,81,Marseille,181827,C. Egan-Riley,Missing Fixture,Injury,2026-04-18T15:00:00+00:00
1387962,61,2025,81,Marseille,926,G. Kondogbia,Missing Fixture,Thigh Injury,2026-04-18T15:00:00+00:00
1387962,61,2025,81,Marseille,6231,F. Medina,Missing Fixture,Yellow Cards,2026-04-18T15:00:00+00:00
1387962,61,2025,97,Lorient,200873,M. Bamba,Missing Fixture,Injury,2026-04-18T15:00:00+00:00
1387962,61,2025,97,Lorient,402386,A. Kouassi,Missing Fixture,Yellow Cards,2026-04-18T15:00:00+00:00
1387962,61,2025,97,Lorient,174703,T. Le Bris,Missing Fixture,Knee Injury,2026-04-18T15:00:00+00:00
1387962,61,2025,97,Lorient,50030,M. Talbi,Missing Fixture,Calf Injury,2026-04-18T15:00:00+00:00
1387962,61,2025,97,Lorient,195893,I. Toure,Missing Fixture,Knee Injury,2026-04-18T15:00:00+00:00
1387962,61,2025,81,Marseille,21694,N. Aguerd,Missing Fixture,Groin Injury,2026-04-18T15:00:00+00:00
1387962,61,2025,81,Marseille,181827,C. Egan-Riley,Missing Fixture,Injury,2026-04-18T15:00:00+00:00
1387962,61,2025,81,Marseille,926,G. Kondogbia,Missing Fixture,Thigh Injury,2026-04-18T15:00:00+00:00
1387962,61,2025,81,Marseille,6231,F. Medina,Missing Fixture,Yellow Cards,2026-04-18T15:00:00+00:00
1387960,61,2025,116,Lens,441264,K. Antonio,Missing Fixture,Foot Injury,2026-04-17T18:45:00+00:00
1387960,61,2025,116,Lens,395589,N. Celik,Missing Fixture,Inactive,2026-04-17T18:45:00+00:00
1387960,61,2025,116,Lens,21635,J. Gradit,Missing Fixture,Thigh Injury,2026-04-17T18:45:00+00:00
1387960,61,2025,116,Lens,21378,R. Gurtner,Missing Fixture,Muscle Injury,2026-04-17T18:45:00+00:00
1387960,61,2025,96,Toulouse,47351,A. Dominguez,Missing Fixture,Injury,2026-04-17T18:45:00+00:00
1387960,61,2025,96,Toulouse,118345,A. Francis,Missing Fixture,Broken Leg,2026-04-17T18:45:00+00:00
1387960,61,2025,96,Toulouse,174724,F. Magri,Missing Fixture,Knee Injury,2026-04-17T18:45:00+00:00
1387960,61,2025,96,Toulouse,50735,M. McKenzie,Missing Fixture,Red Card,2026-04-17T18:45:00+00:00
1387960,61,2025,96,Toulouse,334952,R. Messali,Missing Fixture,Ankle Injury,2026-04-17T18:45:00+00:00
1387959,61,2025,77,Angers,20850,C. Arcus,Missing Fixture,Groin Injury,2026-04-18T17:00:00+00:00
1387959,61,2025,77,Angers,174708,Y. Belkhdim,Missing Fixture,Arm Injury,2026-04-18T17:00:00+00:00
1387959,61,2025,77,Angers,425207,M. Courcoul,Missing Fixture,Injury,2026-04-18T17:00:00+00:00
1387959,61,2025,77,Angers,579375,H. Djibirin,Missing Fixture,Injury,2026-04-18T17:00:00+00:00
1387959,61,2025,111,Le Havre,961,F. Mambimbi,Missing Fixture,Injury,2026-04-18T17:00:00+00:00
1387959,61,2025,111,Le Havre,21103,A. Toure,Missing Fixture,Knee Injury,2026-04-18T17:00:00+00:00
1387961,61,2025,79,Lille,409,N. Bentaleb,Missing Fixture,Injury,2026-04-18T19:05:00+00:00
1387961,61,2025,79,Lille,21483,M. Caillard,Missing Fixture,Elbow Injury,2026-04-18T19:05:00+00:00
1387961,61,2025,79,Lille,306979,H. Igamane,Missing Fixture,Knee Injury,2026-04-18T19:05:00+00:00
1387961,61,2025,79,Lille,312964,N. Ngoy,Missing Fixture,Yellow Cards,2026-04-18T19:05:00+00:00
1387961,61,2025,79,Lille,351888,O. Toure,Missing Fixture,Knee Injury,2026-04-18T19:05:00+00:00
1387961,61,2025,84,Nice,196343,M. Abdelmonem,Missing Fixture,Injury,2026-04-18T19:05:00+00:00
1387961,61,2025,84,Nice,407017,M. Bombito,Missing Fixture,Leg Injury,2026-04-18T19:05:00+00:00
1387961,61,2025,84,Nice,4399,H. Boudaoui,Missing Fixture,Yellow Cards,2026-04-18T19:05:00+00:00
1387961,61,2025,84,Nice,22163,Dante,Missing Fixture,Injury,2026-04-18T19:05:00+00:00
1387961,61,2025,84,Nice,3099,Y. Ndayishimiye,Missing Fixture,Injury,2026-04-18T19:05:00+00:00
1387961,61,2025,84,Nice,442866,E. Pereira,Missing Fixture,Ankle Injury,2026-04-18T19:05:00+00:00
1387961,61,2025,84,Nice,1914,M. Sanson,Missing Fixture,Yellow Cards,2026-04-18T19:05:00+00:00
1387961,61,2025,84,Nice,8680,C. Vanhoutte,Missing Fixture,Injury,2026-04-18T19:05:00+00:00
1387964,61,2025,91,Monaco,386276,P. Brunner,Missing Fixture,Injury,2026-04-19T13:00:00+00:00
1387964,61,2025,91,Monaco,10316,Caio Henrique,Missing Fixture,Thigh Injury,2026-04-19T13:00:00+00:00
1387964,61,2025,91,Monaco,374058,L. Camara,Missing Fixture,Yellow Cards,2026-04-19T13:00:00+00:00
1387964,61,2025,91,Monaco,340152,S. Idumbo,Missing Fixture,Shoulder Injury,2026-04-19T13:00:00+00:00
1387964,61,2025,91,Monaco,1101,T. Minamino,Missing Fixture,Knee Injury,2026-04-19T13:00:00+00:00
1387964,61,2025,91,Monaco,333137,K. Ouattara,Missing Fixture,Knee Injury,2026-04-19T13:00:00+00:00
1387964,61,2025,91,Monaco,47480,M. Salisu,Missing Fixture,Knee Injury,2026-04-19T13:00:00+00:00
1387964,61,2025,91,Monaco,291649,Vanderson,Missing Fixture,Thigh Injury,2026-04-19T13:00:00+00:00
1387964,61,2025,108,Auxerre,335064,N. Buayi-Kiala,Missing Fixture,Knee Injury,2026-04-19T13:00:00+00:00
1387964,61,2025,108,Auxerre,322595,L. Coulibaly,Missing Fixture,Injury,2026-04-19T13:00:00+00:00
1387964,61,2025,108,Auxerre,551415,T. Devernois,Missing Fixture,Calf Injury,2026-04-19T13:00:00+00:00
1387964,61,2025,108,Auxerre,319919,O. El Azzouzi,Missing Fixture,Knee Injury,2026-04-19T13:00:00+00:00
1387963,61,2025,112,Metz,68177,G. Abuashvili,Missing Fixture,Inactive,2026-04-19T15:15:00+00:00
1387963,61,2025,112,Metz,237198,O. Ba,Missing Fixture,Injury,2026-04-19T15:15:00+00:00
1387963,61,2025,112,Metz,19518,M. Colin,Missing Fixture,Calf Injury,2026-04-19T15:15:00+00:00
1387963,61,2025,112,Metz,384683,I. Guerti,Missing Fixture,Injury,2026-04-19T15:15:00+00:00
1387963,61,2025,112,Metz,405072,J. Mangondo,Missing Fixture,Knee Injury,2026-04-19T15:15:00+00:00
1387963,61,2025,112,Metz,570580,B. Munongo,Missing Fixture,Knee Injury,2026-04-19T15:15:00+00:00
1387963,61,2025,112,Metz,157912,B. Traore,Missing Fixture,Calf Injury,2026-04-19T15:15:00+00:00
1387963,61,2025,114,Paris FC,21436,S. Alakouch,Missing Fixture,Injury,2026-04-19T15:15:00+00:00
1387963,61,2025,114,Paris FC,20647,P. Hamel,Missing Fixture,Calf Injury,2026-04-19T15:15:00+00:00
1387963,61,2025,114,Paris FC,22086,T. Kolodziejczak,Missing Fixture,Inactive,2026-04-19T15:15:00+00:00
1387963,61,2025,114,Paris FC,22842,J. Krasso,Missing Fixture,Knee Injury,2026-04-19T15:15:00+00:00
1387963,61,2025,114,Paris FC,22170,P. Lees-Melou,Missing Fixture,Yellow Cards,2026-04-19T15:15:00+00:00
1387963,61,2025,114,Paris FC,20599,J. Lopez,Missing Fixture,Back Injury,2026-04-19T15:15:00+00:00
1387963,61,2025,114,Paris FC,8551,R. Riou,Missing Fixture,Injury,2026-04-19T15:15:00+00:00
1387963,61,2025,114,Paris FC,2781,M. Simon,Missing Fixture,Injury,2026-04-19T15:15:00+00:00
1387965,61,2025,83,Nantes,22134,K. Amian,Missing Fixture,Injury,2026-04-19T15:15:00+00:00
1387965,61,2025,83,Nantes,22093,R. Cabella,Missing Fixture,Muscle Injury,2026-04-19T15:15:00+00:00
1387965,61,2025,83,Nantes,20654,F. Centonze,Missing Fixture,Injury,2026-04-19T15:15:00+00:00
1387965,61,2025,83,Nantes,522609,T. Tati,Missing Fixture,Red Card,2026-04-19T15:15:00+00:00
1387965,61,2025,106,Stade Brestois 29,41323,M. Balde,Missing Fixture,Thigh Injury,2026-04-19T15:15:00+00:00
1387965,61,2025,106,Stade Brestois 29,365742,J. M. Diaz,Missing Fixture,Yellow Cards,2026-04-19T15:15:00+00:00
1387965,61,2025,106,Stade Brestois 29,326068,K. Doumbia,Missing Fixture,Injury,2026-04-19T15:15:00+00:00
1387965,61,2025,106,Stade Brestois 29,274267,B. Locko,Missing Fixture,Muscle Injury,2026-04-19T15:15:00+00:00
1387967,61,2025,95,Strasbourg,422780,A. Anselmino,Missing Fixture,Knee Injury,2026-04-19T15:15:00+00:00
1387967,61,2025,95,Strasbourg,319572,V. Barco,Missing Fixture,Leg Injury,2026-04-19T15:15:00+00:00
1387967,61,2025,95,Strasbourg,161747,G. Doue,Missing Fixture,Illness,2026-04-19T15:15:00+00:00
1387967,61,2025,95,Strasbourg,390742,J. Panichelli,Missing Fixture,Knee Injury,2026-04-19T15:15:00+00:00
1387967,61,2025,94,Rennes,3007,P. Frankowski,Missing Fixture,Injury,2026-04-19T15:15:00+00:00
1387967,61,2025,94,Rennes,367636,J. Jacquet,Missing Fixture,Shoulder Injury,2026-04-19T15:15:00+00:00
1387967,61,2025,94,Rennes,21102,V. Rongier,Missing Fixture,Yellow Cards,2026-04-19T15:15:00+00:00
1387967,61,2025,94,Rennes,585073,L. Rosier,Missing Fixture,Injury,2026-04-19T15:15:00+00:00
1387966,61,2025,85,Paris Saint Germain,263482,N. Mendes,Missing Fixture,Thigh Injury,2026-04-19T18:45:00+00:00
1387966,61,2025,85,Paris Saint Germain,471107,Q. Ndjantou,Missing Fixture,Muscle Injury,2026-04-19T18:45:00+00:00
1387966,61,2025,80,Lyon,361348,M. Fofana,Missing Fixture,Ankle Injury,2026-04-19T18:45:00+00:00
1387966,61,2025,80,Lyon,497617,R. Himbert,Missing Fixture,Ankle Injury,2026-04-19T18:45:00+00:00
1387966,61,2025,80,Lyon,350856,E. Nuamah,Missing Fixture,Knee Injury,2026-04-19T18:45:00+00:00
1387966,61,2025,80,Lyon,66387,P. Sulc,Missing Fixture,Muscle Injury,2026-04-19T18:45:00+00:00
1387966,61,2025,80,Lyon,529,N. Tagliafico,Missing Fixture,Red Card,2026-04-19T18:45:00+00:00
1387966,61,2025,80,Lyon,519,C. Tolisso,Missing Fixture,Muscle Injury,2026-04-19T18:45:00+00:00
1387929,61,2025,85,Paris Saint Germain,263482,N. Mendes,Missing Fixture,Thigh Injury,2026-04-22T17:00:00+00:00
1387929,61,2025,85,Paris Saint Germain,471107,Q. Ndjantou,Missing Fixture,Muscle Injury,2026-04-22T17:00:00+00:00
1387929,61,2025,85,Paris Saint Germain,128384,Vitinha,Missing Fixture,Heel Injury,2026-04-22T17:00:00+00:00
1387929,61,2025,83,Nantes,22134,K. Amian,Missing Fixture,Groin Injury,2026-04-22T17:00:00+00:00
1387929,61,2025,83,Nantes,22093,R. Cabella,Missing Fixture,Muscle Injury,2026-04-22T17:00:00+00:00
1387929,61,2025,83,Nantes,20654,F. Centonze,Missing Fixture,Yellow Cards,2026-04-22T17:00:00+00:00
1387929,61,2025,83,Nantes,924,F. Coquelin,Missing Fixture,Thigh Injury,2026-04-22T17:00:00+00:00
1387929,61,2025,83,Nantes,197779,M. Kaba,Missing Fixture,Injury,2026-04-22T17:00:00+00:00
1387929,61,2025,83,Nantes,522609,T. Tati,Missing Fixture,Thigh Injury,2026-04-22T17:00:00+00:00
1387970,61,2025,111,Le Havre,174927,A. Sangante,Missing Fixture,Red Card,2026-04-26T15:15:00+00:00
1387970,61,2025,111,Le Havre,21103,A. Toure,Missing Fixture,Knee Injury,2026-04-26T15:15:00+00:00
1387970,61,2025,111,Le Havre,513415,S. Zagadou,Missing Fixture,Injury,2026-04-26T15:15:00+00:00
1387970,61,2025,112,Metz,237198,O. Ba,Missing Fixture,Injury,2026-04-26T15:15:00+00:00
1387970,61,2025,112,Metz,105,F. Ballo-Toure,Missing Fixture,Injury,2026-04-26T15:15:00+00:00
1387970,61,2025,112,Metz,20535,H. Diallo,Missing Fixture,Injury,2026-04-26T15:15:00+00:00
1387970,61,2025,112,Metz,405072,J. Mangondo,Missing Fixture,Knee Injury,2026-04-26T15:15:00+00:00
1387970,61,2025,112,Metz,404588,C. Melieres,Missing Fixture,Injury,2026-04-26T15:15:00+00:00
1387970,61,2025,112,Metz,570580,B. Munongo,Missing Fixture,Knee Injury,2026-04-26T15:15:00+00:00
1387970,61,2025,112,Metz,157912,B. Traore,Missing Fixture,Calf Injury,2026-04-26T15:15:00+00:00
1387974,61,2025,114,Paris FC,21436,S. Alakouch,Missing Fixture,Injury,2026-04-26T15:15:00+00:00
1387974,61,2025,114,Paris FC,20647,P. Hamel,Missing Fixture,Calf Injury,2026-04-26T15:15:00+00:00
1387974,61,2025,114,Paris FC,20599,J. Lopez,Missing Fixture,Back Injury,2026-04-26T15:15:00+00:00
1387974,61,2025,114,Paris FC,8551,R. Riou,Missing Fixture,Injury,2026-04-26T15:15:00+00:00
1387974,61,2025,79,Lille,409,N. Bentaleb,Missing Fixture,Injury,2026-04-26T15:15:00+00:00
1387974,61,2025,79,Lille,318416,M. Broholm,Missing Fixture,Injury,2026-04-26T15:15:00+00:00
1387974,61,2025,79,Lille,21483,M. Caillard,Missing Fixture,Elbow Injury,2026-04-26T15:15:00+00:00
1387974,61,2025,79,Lille,306979,H. Igamane,Missing Fixture,Knee Injury,2026-04-26T15:15:00+00:00
1387974,61,2025,79,Lille,351888,O. Toure,Missing Fixture,Knee Injury,2026-04-26T15:15:00+00:00
1387975,61,2025,94,Rennes,3007,P. Frankowski,Missing Fixture,Injury,2026-04-26T15:15:00+00:00
1387975,61,2025,94,Rennes,367636,J. Jacquet,Missing Fixture,Shoulder Injury,2026-04-26T15:15:00+00:00
1387975,61,2025,94,Rennes,22097,A. Nordin,Missing Fixture,Inactive,2026-04-26T15:15:00+00:00
1387975,61,2025,94,Rennes,585073,L. Rosier,Missing Fixture,Injury,2026-04-26T15:15:00+00:00
1387975,61,2025,83,Nantes,22134,K. Amian,Missing Fixture,Groin Injury,2026-04-26T15:15:00+00:00
1387975,61,2025,83,Nantes,20654,F. Centonze,Missing Fixture,Knee Injury,2026-04-26T15:15:00+00:00
1387975,61,2025,83,Nantes,924,F. Coquelin,Missing Fixture,Thigh Injury,2026-04-26T15:15:00+00:00
1387975,61,2025,83,Nantes,331856,A. Mirbach,Missing Fixture,Inactive,2026-04-26T15:15:00+00:00
1387975,61,2025,83,Nantes,522609,T. Tati,Missing Fixture,Thigh Injury,2026-04-26T15:15:00+00:00
1387971,61,2025,97,Lorient,162018,B. Fadiga,Missing Fixture,Muscle Injury,2026-04-26T13:00:00+00:00
1387971,61,2025,97,Lorient,174703,T. Le Bris,Missing Fixture,Knee Injury,2026-04-26T13:00:00+00:00
1387971,61,2025,97,Lorient,50030,M. Talbi,Missing Fixture,Calf Injury,2026-04-26T13:00:00+00:00
1387971,61,2025,97,Lorient,195893,I. Toure,Missing Fixture,Knee Injury,2026-04-26T13:00:00+00:00
1387971,61,2025,95,Strasbourg,395762,M. Amougou,Missing Fixture,Ankle Injury,2026-04-26T13:00:00+00:00
1387971,61,2025,95,Strasbourg,422780,A. Anselmino,Missing Fixture,Knee Injury,2026-04-26T13:00:00+00:00
1387971,61,2025,95,Strasbourg,319572,V. Barco,Missing Fixture,Leg Injury,2026-04-26T13:00:00+00:00
1387971,61,2025,95,Strasbourg,161747,G. Doue,Missing Fixture,Illness,2026-04-26T13:00:00+00:00
1387971,61,2025,95,Strasbourg,390742,J. Panichelli,Missing Fixture,Knee Injury,2026-04-26T13:00:00+00:00
1387976,61,2025,96,Toulouse,118345,A. Francis,Missing Fixture,Broken Leg,2026-04-25T19:05:00+00:00
1387976,61,2025,96,Toulouse,84128,Y. Gboho,Missing Fixture,Red Card,2026-04-25T19:05:00+00:00
1387976,61,2025,96,Toulouse,174724,F. Magri,Missing Fixture,Knee Injury,2026-04-25T19:05:00+00:00
1387976,61,2025,96,Toulouse,334952,R. Messali,Missing Fixture,Ankle Injury,2026-04-25T19:05:00+00:00
1387976,61,2025,91,Monaco,386276,P. Brunner,Missing Fixture,Injury,2026-04-25T19:05:00+00:00
1387976,61,2025,91,Monaco,10316,Caio Henrique,Missing Fixture,Thigh Injury,2026-04-25T19:05:00+00:00
1387976,61,2025,91,Monaco,340152,S. Idumbo,Missing Fixture,Shoulder Injury,2026-04-25T19:05:00+00:00
1387976,61,2025,91,Monaco,1101,T. Minamino,Missing Fixture,Knee Injury,2026-04-25T19:05:00+00:00
1387976,61,2025,91,Monaco,333137,K. Ouattara,Missing Fixture,Knee Injury,2026-04-25T19:05:00+00:00
1387976,61,2025,91,Monaco,47480,M. Salisu,Missing Fixture,Knee Injury,2026-04-25T19:05:00+00:00
1387976,61,2025,91,Monaco,291649,Vanderson,Missing Fixture,Thigh Injury,2026-04-25T19:05:00+00:00
1387968,61,2025,77,Angers,20850,C. Arcus,Missing Fixture,Groin Injury,2026-04-25T17:00:00+00:00
1387968,61,2025,77,Angers,174708,Y. Belkhdim,Missing Fixture,Arm Injury,2026-04-25T17:00:00+00:00
1387968,61,2025,77,Angers,425207,M. Courcoul,Missing Fixture,Injury,2026-04-25T17:00:00+00:00
1387968,61,2025,77,Angers,579375,H. Djibirin,Missing Fixture,Injury,2026-04-25T17:00:00+00:00
1387968,61,2025,77,Angers,456831,M. Louer,Missing Fixture,Thigh Injury,2026-04-25T17:00:00+00:00
1387968,61,2025,77,Angers,396308,O. Pona,Missing Fixture,Inactive,2026-04-25T17:00:00+00:00
1387968,61,2025,85,Paris Saint Germain,257,Marquinhos,Missing Fixture,Inactive,2026-04-25T17:00:00+00:00
1387968,61,2025,85,Paris Saint Germain,471107,Q. Ndjantou,Missing Fixture,Muscle Injury,2026-04-25T17:00:00+00:00
1387968,61,2025,85,Paris Saint Germain,128384,Vitinha,Missing Fixture,Heel Injury,2026-04-25T17:00:00+00:00
1387972,61,2025,80,Lyon,361348,M. Fofana,Missing Fixture,Ankle Injury,2026-04-25T13:00:00+00:00
1387972,61,2025,80,Lyon,497617,R. Himbert,Missing Fixture,Ankle Injury,2026-04-25T13:00:00+00:00
1387972,61,2025,80,Lyon,493026,N. Kamara,Missing Fixture,Inactive,2026-04-25T13:00:00+00:00
1387972,61,2025,80,Lyon,350856,E. Nuamah,Missing Fixture,Knee Injury,2026-04-25T13:00:00+00:00
1387972,61,2025,108,Auxerre,335064,N. Buayi-Kiala,Missing Fixture,Knee Injury,2026-04-25T13:00:00+00:00
1387972,61,2025,108,Auxerre,319919,O. El Azzouzi,Missing Fixture,Knee Injury,2026-04-25T13:00:00+00:00
1387972,61,2025,108,Auxerre,20542,D. Leon,Missing Fixture,Thigh Injury,2026-04-25T13:00:00+00:00
1387970,61,2025,111,Le Havre,174927,A. Sangante,Missing Fixture,Red Card,2026-04-26T15:15:00+00:00
1387970,61,2025,111,Le Havre,21103,A. Toure,Missing Fixture,Knee Injury,2026-04-26T15:15:00+00:00
1387970,61,2025,111,Le Havre,513415,S. Zagadou,Missing Fixture,Injury,2026-04-26T15:15:00+00:00
1387970,61,2025,112,Metz,237198,O. Ba,Missing Fixture,Injury,2026-04-26T15:15:00+00:00
1387970,61,2025,112,Metz,105,F. Ballo-Toure,Missing Fixture,Injury,2026-04-26T15:15:00+00:00
1387970,61,2025,112,Metz,20535,H. Diallo,Missing Fixture,Injury,2026-04-26T15:15:00+00:00
1387970,61,2025,112,Metz,405072,J. Mangondo,Missing Fixture,Knee Injury,2026-04-26T15:15:00+00:00
1387970,61,2025,112,Metz,404588,C. Melieres,Missing Fixture,Injury,2026-04-26T15:15:00+00:00
1387970,61,2025,112,Metz,570580,B. Munongo,Missing Fixture,Knee Injury,2026-04-26T15:15:00+00:00
1387970,61,2025,112,Metz,157912,B. Traore,Missing Fixture,Calf Injury,2026-04-26T15:15:00+00:00
1387974,61,2025,114,Paris FC,21436,S. Alakouch,Missing Fixture,Injury,2026-04-26T15:15:00+00:00
1387974,61,2025,114,Paris FC,20647,P. Hamel,Missing Fixture,Calf Injury,2026-04-26T15:15:00+00:00
1387974,61,2025,114,Paris FC,20599,J. Lopez,Missing Fixture,Back Injury,2026-04-26T15:15:00+00:00
1387974,61,2025,114,Paris FC,8551,R. Riou,Missing Fixture,Injury,2026-04-26T15:15:00+00:00
1387974,61,2025,79,Lille,409,N. Bentaleb,Missing Fixture,Injury,2026-04-26T15:15:00+00:00
1387974,61,2025,79,Lille,318416,M. Broholm,Missing Fixture,Injury,2026-04-26T15:15:00+00:00
1387974,61,2025,79,Lille,21483,M. Caillard,Missing Fixture,Elbow Injury,2026-04-26T15:15:00+00:00
1387974,61,2025,79,Lille,306979,H. Igamane,Missing Fixture,Knee Injury,2026-04-26T15:15:00+00:00
1387974,61,2025,79,Lille,351888,O. Toure,Missing Fixture,Knee Injury,2026-04-26T15:15:00+00:00
1387975,61,2025,94,Rennes,3007,P. Frankowski,Missing Fixture,Injury,2026-04-26T15:15:00+00:00
1387975,61,2025,94,Rennes,367636,J. Jacquet,Missing Fixture,Shoulder Injury,2026-04-26T15:15:00+00:00
1387975,61,2025,94,Rennes,22097,A. Nordin,Missing Fixture,Inactive,2026-04-26T15:15:00+00:00
1387975,61,2025,94,Rennes,585073,L. Rosier,Missing Fixture,Injury,2026-04-26T15:15:00+00:00
1387975,61,2025,83,Nantes,22134,K. Amian,Missing Fixture,Groin Injury,2026-04-26T15:15:00+00:00
1387975,61,2025,83,Nantes,20654,F. Centonze,Missing Fixture,Knee Injury,2026-04-26T15:15:00+00:00
1387975,61,2025,83,Nantes,924,F. Coquelin,Missing Fixture,Thigh Injury,2026-04-26T15:15:00+00:00
1387975,61,2025,83,Nantes,331856,A. Mirbach,Missing Fixture,Inactive,2026-04-26T15:15:00+00:00
1387975,61,2025,83,Nantes,522609,T. Tati,Missing Fixture,Thigh Injury,2026-04-26T15:15:00+00:00
1387971,61,2025,97,Lorient,162018,B. Fadiga,Missing Fixture,Muscle Injury,2026-04-26T13:00:00+00:00
1387971,61,2025,97,Lorient,174703,T. Le Bris,Missing Fixture,Knee Injury,2026-04-26T13:00:00+00:00
1387971,61,2025,97,Lorient,50030,M. Talbi,Missing Fixture,Calf Injury,2026-04-26T13:00:00+00:00
1387971,61,2025,97,Lorient,195893,I. Toure,Missing Fixture,Knee Injury,2026-04-26T13:00:00+00:00
1387971,61,2025,95,Strasbourg,395762,M. Amougou,Missing Fixture,Ankle Injury,2026-04-26T13:00:00+00:00
1387971,61,2025,95,Strasbourg,422780,A. Anselmino,Missing Fixture,Knee Injury,2026-04-26T13:00:00+00:00
1387971,61,2025,95,Strasbourg,319572,V. Barco,Missing Fixture,Leg Injury,2026-04-26T13:00:00+00:00
1387971,61,2025,95,Strasbourg,161747,G. Doue,Missing Fixture,Illness,2026-04-26T13:00:00+00:00
1387971,61,2025,95,Strasbourg,390742,J. Panichelli,Missing Fixture,Knee Injury,2026-04-26T13:00:00+00:00
1387976,61,2025,96,Toulouse,118345,A. Francis,Missing Fixture,Broken Leg,2026-04-25T19:05:00+00:00
1387976,61,2025,96,Toulouse,84128,Y. Gboho,Missing Fixture,Red Card,2026-04-25T19:05:00+00:00
1387976,61,2025,96,Toulouse,174724,F. Magri,Missing Fixture,Knee Injury,2026-04-25T19:05:00+00:00
1387976,61,2025,96,Toulouse,334952,R. Messali,Missing Fixture,Ankle Injury,2026-04-25T19:05:00+00:00
1387976,61,2025,91,Monaco,386276,P. Brunner,Missing Fixture,Injury,2026-04-25T19:05:00+00:00
1387976,61,2025,91,Monaco,10316,Caio Henrique,Missing Fixture,Thigh Injury,2026-04-25T19:05:00+00:00
1387976,61,2025,91,Monaco,340152,S. Idumbo,Missing Fixture,Shoulder Injury,2026-04-25T19:05:00+00:00
1387976,61,2025,91,Monaco,1101,T. Minamino,Missing Fixture,Knee Injury,2026-04-25T19:05:00+00:00
1387976,61,2025,91,Monaco,333137,K. Ouattara,Missing Fixture,Knee Injury,2026-04-25T19:05:00+00:00
1387976,61,2025,91,Monaco,47480,M. Salisu,Missing Fixture,Knee Injury,2026-04-25T19:05:00+00:00
1387976,61,2025,91,Monaco,291649,Vanderson,Missing Fixture,Thigh Injury,2026-04-25T19:05:00+00:00
1387968,61,2025,77,Angers,20850,C. Arcus,Missing Fixture,Groin Injury,2026-04-25T17:00:00+00:00
1387968,61,2025,77,Angers,174708,Y. Belkhdim,Missing Fixture,Arm Injury,2026-04-25T17:00:00+00:00
1387968,61,2025,77,Angers,425207,M. Courcoul,Missing Fixture,Injury,2026-04-25T17:00:00+00:00
1387968,61,2025,77,Angers,579375,H. Djibirin,Missing Fixture,Injury,2026-04-25T17:00:00+00:00
1387968,61,2025,77,Angers,456831,M. Louer,Missing Fixture,Thigh Injury,2026-04-25T17:00:00+00:00
1387968,61,2025,77,Angers,396308,O. Pona,Missing Fixture,Inactive,2026-04-25T17:00:00+00:00
1387968,61,2025,85,Paris Saint Germain,257,Marquinhos,Missing Fixture,Inactive,2026-04-25T17:00:00+00:00
1387968,61,2025,85,Paris Saint Germain,471107,Q. Ndjantou,Missing Fixture,Muscle Injury,2026-04-25T17:00:00+00:00
1387968,61,2025,85,Paris Saint Germain,128384,Vitinha,Missing Fixture,Heel Injury,2026-04-25T17:00:00+00:00
1387972,61,2025,80,Lyon,361348,M. Fofana,Missing Fixture,Ankle Injury,2026-04-25T13:00:00+00:00
1387972,61,2025,80,Lyon,497617,R. Himbert,Missing Fixture,Ankle Injury,2026-04-25T13:00:00+00:00
1387972,61,2025,80,Lyon,493026,N. Kamara,Missing Fixture,Inactive,2026-04-25T13:00:00+00:00
1387972,61,2025,80,Lyon,350856,E. Nuamah,Missing Fixture,Knee Injury,2026-04-25T13:00:00+00:00
1387972,61,2025,108,Auxerre,335064,N. Buayi-Kiala,Missing Fixture,Knee Injury,2026-04-25T13:00:00+00:00
1387972,61,2025,108,Auxerre,319919,O. El Azzouzi,Missing Fixture,Knee Injury,2026-04-25T13:00:00+00:00
1387972,61,2025,108,Auxerre,20542,D. Leon,Missing Fixture,Thigh Injury,2026-04-25T13:00:00+00:00
1387969,61,2025,106,Stade Brestois 29,326068,K. Doumbia,Missing Fixture,Injury,2026-04-24T18:45:00+00:00
1387969,61,2025,106,Stade Brestois 29,326073,R. Labeau Lascary,Missing Fixture,Loan agreement,2026-04-24T18:45:00+00:00
1387969,61,2025,106,Stade Brestois 29,274267,B. Locko,Missing Fixture,Muscle Injury,2026-04-24T18:45:00+00:00
1387969,61,2025,116,Lens,441264,K. Antonio,Missing Fixture,Foot Injury,2026-04-24T18:45:00+00:00
1387969,61,2025,116,Lens,21635,J. Gradit,Missing Fixture,Thigh Injury,2026-04-24T18:45:00+00:00
1387969,61,2025,116,Lens,21378,R. Gurtner,Missing Fixture,Muscle Injury,2026-04-24T18:45:00+00:00
1545409,61,2025,84,Nice,196343,M. Abdelmonem,Missing Fixture,Knee Injury,2026-05-29T18:45:00+00:00
1545409,61,2025,84,Nice,49583,A. Abdi,Missing Fixture,International duty,2026-05-29T18:45:00+00:00
1545409,61,2025,84,Nice,407017,M. Bombito,Missing Fixture,Leg Injury,2026-05-29T18:45:00+00:00
1545409,61,2025,84,Nice,4399,H. Boudaoui,Missing Fixture,Injury,2026-05-29T18:45:00+00:00
1545409,61,2025,84,Nice,662,T. Ndombele,Missing Fixture,Inactive,2026-05-29T18:45:00+00:00
1545409,61,2025,84,Nice,442866,E. Pereira,Missing Fixture,Ankle Injury,2026-05-29T18:45:00+00:00
1545409,61,2025,1063,Saint Etienne,500070,N. El Jamali,Missing Fixture,Knee Injury,2026-05-29T18:45:00+00:00
1545409,61,2025,1063,Saint Etienne,583992,P. Eymard,Missing Fixture,Foot Injury,2026-05-29T18:45:00+00:00
1545409,61,2025,1063,Saint Etienne,136155,M. Jaber,Missing Fixture,Surgery,2026-05-29T18:45:00+00:00
1545409,61,2025,1063,Saint Etienne,281438,C. Lamba,Missing Fixture,Injury,2026-05-29T18:45:00+00:00
1545409,61,2025,1063,Saint Etienne,531403,D. N'Guessan,Missing Fixture,Inactive,2026-05-29T18:45:00+00:00
1545409,61,2025,1063,Saint Etienne,564761,M. Paalberg,Missing Fixture,Inactive,2026-05-29T18:45:00+00:00
1545409,61,2025,1063,Saint Etienne,417858,L. Traore,Missing Fixture,Inactive,2026-05-29T18:45:00+00:00
1545408,61,2025,1063,Saint Etienne,500070,N. El Jamali,Missing Fixture,Knee Injury,2026-05-26T18:45:00+00:00
1545408,61,2025,1063,Saint Etienne,583992,P. Eymard,Missing Fixture,Foot Injury,2026-05-26T18:45:00+00:00
1545408,61,2025,1063,Saint Etienne,136155,M. Jaber,Missing Fixture,Surgery,2026-05-26T18:45:00+00:00
1545408,61,2025,1063,Saint Etienne,281438,C. Lamba,Missing Fixture,Injury,2026-05-26T18:45:00+00:00
1545408,61,2025,1063,Saint Etienne,531403,D. N'Guessan,Missing Fixture,Inactive,2026-05-26T18:45:00+00:00
1545408,61,2025,1063,Saint Etienne,179856,B. Old,Missing Fixture,Thigh Injury,2026-05-26T18:45:00+00:00
1545408,61,2025,1063,Saint Etienne,564761,M. Paalberg,Missing Fixture,Inactive,2026-05-26T18:45:00+00:00
1545408,61,2025,1063,Saint Etienne,417858,L. Traore,Missing Fixture,Inactive,2026-05-26T18:45:00+00:00
1545408,61,2025,84,Nice,196343,M. Abdelmonem,Missing Fixture,Knee Injury,2026-05-26T18:45:00+00:00
1545408,61,2025,84,Nice,407017,M. Bombito,Missing Fixture,Leg Injury,2026-05-26T18:45:00+00:00
1545408,61,2025,84,Nice,21079,M. Dupe,Missing Fixture,Inactive,2026-05-26T18:45:00+00:00
1545408,61,2025,84,Nice,662,T. Ndombele,Missing Fixture,Inactive,2026-05-26T18:45:00+00:00
1545408,61,2025,84,Nice,442866,E. Pereira,Missing Fixture,Ankle Injury,2026-05-26T18:45:00+00:00
1545408,61,2025,84,Nice,162707,E. Wahi,Missing Fixture,Yellow Cards,2026-05-26T18:45:00+00:00
1387995,61,2025,106,Stade Brestois 29,41323,M. Balde,Missing Fixture,Leg Injury,2026-05-17T19:00:00+00:00
1387995,61,2025,106,Stade Brestois 29,162568,S. Coulibaly,Missing Fixture,Leg Injury,2026-05-17T19:00:00+00:00
1387995,61,2025,106,Stade Brestois 29,90594,J. Dina Ebimbe,Missing Fixture,Muscle Injury,2026-05-17T19:00:00+00:00
1387995,61,2025,77,Angers,174708,Y. Belkhdim,Missing Fixture,Arm Injury,2026-05-17T19:00:00+00:00
1387995,61,2025,77,Angers,425207,M. Courcoul,Missing Fixture,Injury,2026-05-17T19:00:00+00:00
1387995,61,2025,77,Angers,579375,H. Djibirin,Missing Fixture,Ankle Injury,2026-05-17T19:00:00+00:00
1387995,61,2025,77,Angers,289555,L. Mouton,Missing Fixture,Knee Injury,2026-05-17T19:00:00+00:00
1387995,61,2025,77,Angers,457541,P. Peter,Missing Fixture,Muscle Injury,2026-05-17T19:00:00+00:00
1387996,61,2025,79,Lille,21483,M. Caillard,Missing Fixture,Elbow Injury,2026-05-17T19:00:00+00:00
1387996,61,2025,79,Lille,306979,H. Igamane,Missing Fixture,Knee Injury,2026-05-17T19:00:00+00:00
1387996,61,2025,79,Lille,351888,O. Toure,Missing Fixture,Knee Injury,2026-05-17T19:00:00+00:00
1387996,61,2025,108,Auxerre,191189,C. Akpa,Missing Fixture,Muscle Injury,2026-05-17T19:00:00+00:00
1387996,61,2025,108,Auxerre,335064,N. Buayi-Kiala,Missing Fixture,Knee Injury,2026-05-17T19:00:00+00:00
1387996,61,2025,108,Auxerre,319919,O. El Azzouzi,Missing Fixture,Knee Injury,2026-05-17T19:00:00+00:00
1387996,61,2025,108,Auxerre,84082,R. Faivre,Missing Fixture,Injury,2026-05-17T19:00:00+00:00
1387996,61,2025,108,Auxerre,115588,B. Okoh,Missing Fixture,Knee Injury,2026-05-17T19:00:00+00:00
1387996,61,2025,108,Auxerre,215827,F. Oppegard,Missing Fixture,Ankle Injury,2026-05-17T19:00:00+00:00
1387997,61,2025,97,Lorient,174703,T. Le Bris,Missing Fixture,Knee Injury,2026-05-17T19:00:00+00:00
1387997,61,2025,111,Le Havre,179843,L. Gourna-Douath,Missing Fixture,Yellow Cards,2026-05-17T19:00:00+00:00
1387997,61,2025,111,Le Havre,33165,A. Seko,Missing Fixture,Yellow Cards,2026-05-17T19:00:00+00:00
1387997,61,2025,111,Le Havre,21103,A. Toure,Missing Fixture,Knee Injury,2026-05-17T19:00:00+00:00
1387997,61,2025,111,Le Havre,513415,S. Zagadou,Missing Fixture,Injury,2026-05-17T19:00:00+00:00
1387997,61,2025,111,Le Havre,23637,Y. Zouaoui,Missing Fixture,Calf Injury,2026-05-17T19:00:00+00:00
1387998,61,2025,80,Lyon,162590,T. Morton,Missing Fixture,Groin Injury,2026-05-17T19:00:00+00:00
1387998,61,2025,80,Lyon,80752,T. Tessmann,Missing Fixture,Muscle Injury,2026-05-17T19:00:00+00:00
1387998,61,2025,116,Lens,322984,S. Baidoo,Missing Fixture,Muscle Injury,2026-05-17T19:00:00+00:00
1387998,61,2025,116,Lens,21635,J. Gradit,Missing Fixture,Thigh Injury,2026-05-17T19:00:00+00:00
1387998,61,2025,116,Lens,21378,R. Gurtner,Missing Fixture,Muscle Injury,2026-05-17T19:00:00+00:00
1387999,61,2025,81,Marseille,21694,N. Aguerd,Missing Fixture,Groin Injury,2026-05-17T19:00:00+00:00
1387999,61,2025,81,Marseille,181827,C. Egan-Riley,Missing Fixture,Leg Injury,2026-05-17T19:00:00+00:00
1387999,61,2025,81,Marseille,926,G. Kondogbia,Missing Fixture,Thigh Injury,2026-05-17T19:00:00+00:00
1387999,61,2025,81,Marseille,31057,H. J. Traore,Missing Fixture,Muscle Injury,2026-05-17T19:00:00+00:00
1387999,61,2025,94,Rennes,3007,P. Frankowski,Missing Fixture,Muscle Injury,2026-05-17T19:00:00+00:00
1387999,61,2025,94,Rennes,367636,J. Jacquet,Missing Fixture,Shoulder Injury,2026-05-17T19:00:00+00:00
1387999,61,2025,94,Rennes,21628,B. Samba,Missing Fixture,Yellow Cards,2026-05-17T19:00:00+00:00
1388000,61,2025,83,Nantes,22134,K. Amian,Missing Fixture,Groin Injury,2026-05-17T19:00:00+00:00
1388000,61,2025,83,Nantes,20654,F. Centonze,Missing Fixture,Knee Injury,2026-05-17T19:00:00+00:00
1388000,61,2025,83,Nantes,924,F. Coquelin,Missing Fixture,Injury,2026-05-17T19:00:00+00:00
1388000,61,2025,83,Nantes,21636,F. Guilbert,Missing Fixture,Knee Injury,2026-05-17T19:00:00+00:00
1388000,61,2025,83,Nantes,2483,D. Machado,Missing Fixture,Injury,2026-05-17T19:00:00+00:00
1388000,61,2025,83,Nantes,522609,T. Tati,Missing Fixture,Thigh Injury,2026-05-17T19:00:00+00:00
1388000,61,2025,96,Toulouse,39115,A. Donnum,Missing Fixture,Red Card,2026-05-17T19:00:00+00:00
1388000,61,2025,96,Toulouse,174724,F. Magri,Missing Fixture,Knee Injury,2026-05-17T19:00:00+00:00
1388000,61,2025,96,Toulouse,334952,R. Messali,Missing Fixture,Ankle Injury,2026-05-17T19:00:00+00:00
1388001,61,2025,84,Nice,196343,M. Abdelmonem,Missing Fixture,Knee Injury,2026-05-17T19:00:00+00:00
1388001,61,2025,84,Nice,162465,M. Bard,Missing Fixture,Yellow Cards,2026-05-17T19:00:00+00:00
1388001,61,2025,84,Nice,407017,M. Bombito,Missing Fixture,Leg Injury,2026-05-17T19:00:00+00:00
1388001,61,2025,84,Nice,442866,E. Pereira,Missing Fixture,Ankle Injury,2026-05-17T19:00:00+00:00
1388001,61,2025,112,Metz,21640,J. Deminguet,Missing Fixture,Ankle Injury,2026-05-17T19:00:00+00:00
1388001,61,2025,112,Metz,405072,J. Mangondo,Missing Fixture,Knee Injury,2026-05-17T19:00:00+00:00
1388001,61,2025,112,Metz,584096,N. Mbala,Missing Fixture,Knee Injury,2026-05-17T19:00:00+00:00
1388001,61,2025,112,Metz,343319,L. Michal,Missing Fixture,Inactive,2026-05-17T19:00:00+00:00
1388001,61,2025,112,Metz,403878,P. Sy,Missing Fixture,Ankle Injury,2026-05-17T19:00:00+00:00
1388001,61,2025,112,Metz,2181,G. Tsitaishvili,Missing Fixture,Eye injury,2026-05-17T19:00:00+00:00
1388002,61,2025,114,Paris FC,21436,S. Alakouch,Missing Fixture,Injury,2026-05-17T19:00:00+00:00
1388002,61,2025,114,Paris FC,20647,P. Hamel,Missing Fixture,Calf Injury,2026-05-17T19:00:00+00:00
1388002,61,2025,114,Paris FC,20599,J. Lopez,Missing Fixture,Back Injury,2026-05-17T19:00:00+00:00
1388002,61,2025,114,Paris FC,174881,M. Mbow,Missing Fixture,Yellow Cards,2026-05-17T19:00:00+00:00
1388002,61,2025,114,Paris FC,389322,N. Sangui,Missing Fixture,Hamstring Injury,2026-05-17T19:00:00+00:00
1388002,61,2025,85,Paris Saint Germain,162453,L. Chevalier,Missing Fixture,Muscle Injury,2026-05-17T19:00:00+00:00
1388002,61,2025,85,Paris Saint Germain,9,A. Hakimi,Missing Fixture,Thigh Injury,2026-05-17T19:00:00+00:00
1388002,61,2025,85,Paris Saint Germain,263482,N. Mendes,Missing Fixture,Thigh Injury,2026-05-17T19:00:00+00:00
1388002,61,2025,85,Paris Saint Germain,471107,Q. Ndjantou,Missing Fixture,Muscle Injury,2026-05-17T19:00:00+00:00
1388002,61,2025,85,Paris Saint Germain,16367,W. Pacho,Missing Fixture,Thigh Injury,2026-05-17T19:00:00+00:00
1388003,61,2025,95,Strasbourg,422780,A. Anselmino,Missing Fixture,Hamstring Injury,2026-05-17T19:00:00+00:00
1388003,61,2025,95,Strasbourg,203762,E. Emegha,Missing Fixture,Muscle Injury,2026-05-17T19:00:00+00:00
1388003,61,2025,95,Strasbourg,390742,J. Panichelli,Missing Fixture,Knee Injury,2026-05-17T19:00:00+00:00
1388003,61,2025,91,Monaco,10316,Caio Henrique,Missing Fixture,Calf Injury,2026-05-17T19:00:00+00:00
1388003,61,2025,91,Monaco,175,E. Dier,Missing Fixture,Ankle Injury,2026-05-17T19:00:00+00:00
1388003,61,2025,91,Monaco,109,A. Golovin,Missing Fixture,Finger Injury,2026-05-17T19:00:00+00:00
1388003,61,2025,91,Monaco,340152,S. Idumbo,Missing Fixture,Shoulder Injury,2026-05-17T19:00:00+00:00
1388003,61,2025,91,Monaco,1101,T. Minamino,Missing Fixture,Knee Injury,2026-05-17T19:00:00+00:00
1388003,61,2025,91,Monaco,333137,K. Ouattara,Missing Fixture,Knee Injury,2026-05-17T19:00:00+00:00
1388003,61,2025,91,Monaco,904,P. Pogba,Missing Fixture,Injury,2026-05-17T19:00:00+00:00
1388003,61,2025,91,Monaco,47480,M. Salisu,Missing Fixture,Knee Injury,2026-05-17T19:00:00+00:00
1388003,61,2025,91,Monaco,291649,Vanderson,Missing Fixture,Thigh Injury,2026-05-17T19:00:00+00:00
1544972,61,2025,1063,Saint Etienne,337426,A. Boakye,Missing Fixture,Yellow Cards,2026-05-15T18:30:00+00:00
1544972,61,2025,1063,Saint Etienne,500070,N. El Jamali,Missing Fixture,Knee Injury,2026-05-15T18:30:00+00:00
1544972,61,2025,1063,Saint Etienne,583992,P. Eymard,Missing Fixture,Foot Injury,2026-05-15T18:30:00+00:00
1544972,61,2025,1063,Saint Etienne,136155,M. Jaber,Missing Fixture,Surgery,2026-05-15T18:30:00+00:00
1544972,61,2025,1063,Saint Etienne,281438,C. Lamba,Missing Fixture,Injury,2026-05-15T18:30:00+00:00
1544972,61,2025,1063,Saint Etienne,564761,M. Paalberg,Missing Fixture,Inactive,2026-05-15T18:30:00+00:00
1544972,61,2025,1063,Saint Etienne,8624,F. Tardieu,Missing Fixture,Calf Injury,2026-05-15T18:30:00+00:00
1544972,61,2025,1063,Saint Etienne,417858,L. Traore,Missing Fixture,Inactive,2026-05-15T18:30:00+00:00
1544972,61,2025,1301,Rodez,306021,M. Achi,Missing Fixture,Inactive,2026-05-15T18:30:00+00:00
1544972,61,2025,1301,Rodez,413609,M. Corredor,Missing Fixture,Inactive,2026-05-15T18:30:00+00:00
1544972,61,2025,1301,Rodez,180304,H. Tebily,Missing Fixture,Knee Injury,2026-05-15T18:30:00+00:00
1387952,61,2025,116,Lens,44594,S. Abdulhamid,Missing Fixture,Red Card,2026-05-13T19:00:00+00:00
1387952,61,2025,116,Lens,21635,J. Gradit,Missing Fixture,Thigh Injury,2026-05-13T19:00:00+00:00
1387952,61,2025,116,Lens,21378,R. Gurtner,Missing Fixture,Muscle Injury,2026-05-13T19:00:00+00:00
1387952,61,2025,85,Paris Saint Germain,162453,L. Chevalier,Missing Fixture,Muscle Injury,2026-05-13T19:00:00+00:00
1387952,61,2025,85,Paris Saint Germain,9,A. Hakimi,Missing Fixture,Thigh Injury,2026-05-13T19:00:00+00:00
1387952,61,2025,85,Paris Saint Germain,927,Lee Kang-In,Missing Fixture,Ankle Injury,2026-05-13T19:00:00+00:00
1387952,61,2025,85,Paris Saint Germain,263482,N. Mendes,Missing Fixture,Thigh Injury,2026-05-13T19:00:00+00:00
1387952,61,2025,85,Paris Saint Germain,471107,Q. Ndjantou,Missing Fixture,Muscle Injury,2026-05-13T19:00:00+00:00
1387952,61,2025,85,Paris Saint Germain,16367,W. Pacho,Missing Fixture,Thigh Injury,2026-05-13T19:00:00+00:00
1387952,61,2025,85,Paris Saint Germain,336657,W. Zaire-Emery,Missing Fixture,Back Injury,2026-05-13T19:00:00+00:00
1387951,61,2025,106,Stade Brestois 29,20546,B. Chardonnet,Missing Fixture,Ribs Injury,2026-05-13T17:00:00+00:00
1387951,61,2025,106,Stade Brestois 29,162568,S. Coulibaly,Missing Fixture,Leg Injury,2026-05-13T17:00:00+00:00
1387951,61,2025,106,Stade Brestois 29,274267,B. Locko,Missing Fixture,Muscle Injury,2026-05-13T17:00:00+00:00
1387951,61,2025,95,Strasbourg,422780,A. Anselmino,Missing Fixture,Hamstring Injury,2026-05-13T17:00:00+00:00
1387951,61,2025,95,Strasbourg,271542,I. Doukoure,Missing Fixture,Illness,2026-05-13T17:00:00+00:00
1387951,61,2025,95,Strasbourg,203762,E. Emegha,Missing Fixture,Muscle Injury,2026-05-13T17:00:00+00:00
1387951,61,2025,95,Strasbourg,390742,J. Panichelli,Missing Fixture,Knee Injury,2026-05-13T17:00:00+00:00
1545409,61,2025,84,Nice,196343,M. Abdelmonem,Missing Fixture,Knee Injury,2026-05-29T18:45:00+00:00
1545409,61,2025,84,Nice,49583,A. Abdi,Missing Fixture,International duty,2026-05-29T18:45:00+00:00
1545409,61,2025,84,Nice,407017,M. Bombito,Missing Fixture,Leg Injury,2026-05-29T18:45:00+00:00
1545409,61,2025,84,Nice,4399,H. Boudaoui,Missing Fixture,Injury,2026-05-29T18:45:00+00:00
1545409,61,2025,84,Nice,662,T. Ndombele,Missing Fixture,Inactive,2026-05-29T18:45:00+00:00
1545409,61,2025,84,Nice,442866,E. Pereira,Missing Fixture,Ankle Injury,2026-05-29T18:45:00+00:00
1545409,61,2025,1063,Saint Etienne,500070,N. El Jamali,Missing Fixture,Knee Injury,2026-05-29T18:45:00+00:00
1545409,61,2025,1063,Saint Etienne,583992,P. Eymard,Missing Fixture,Foot Injury,2026-05-29T18:45:00+00:00
1545409,61,2025,1063,Saint Etienne,136155,M. Jaber,Missing Fixture,Surgery,2026-05-29T18:45:00+00:00
1545409,61,2025,1063,Saint Etienne,281438,C. Lamba,Missing Fixture,Injury,2026-05-29T18:45:00+00:00
1545409,61,2025,1063,Saint Etienne,531403,D. N'Guessan,Missing Fixture,Inactive,2026-05-29T18:45:00+00:00
1545409,61,2025,1063,Saint Etienne,564761,M. Paalberg,Missing Fixture,Inactive,2026-05-29T18:45:00+00:00
1545409,61,2025,1063,Saint Etienne,417858,L. Traore,Missing Fixture,Inactive,2026-05-29T18:45:00+00:00
1545408,61,2025,1063,Saint Etienne,500070,N. El Jamali,Missing Fixture,Knee Injury,2026-05-26T18:45:00+00:00
1545408,61,2025,1063,Saint Etienne,583992,P. Eymard,Missing Fixture,Foot Injury,2026-05-26T18:45:00+00:00
1545408,61,2025,1063,Saint Etienne,136155,M. Jaber,Missing Fixture,Surgery,2026-05-26T18:45:00+00:00
1545408,61,2025,1063,Saint Etienne,281438,C. Lamba,Missing Fixture,Injury,2026-05-26T18:45:00+00:00
1545408,61,2025,1063,Saint Etienne,531403,D. N'Guessan,Missing Fixture,Inactive,2026-05-26T18:45:00+00:00
1545408,61,2025,1063,Saint Etienne,179856,B. Old,Missing Fixture,Thigh Injury,2026-05-26T18:45:00+00:00
1545408,61,2025,1063,Saint Etienne,564761,M. Paalberg,Missing Fixture,Inactive,2026-05-26T18:45:00+00:00
1545408,61,2025,1063,Saint Etienne,417858,L. Traore,Missing Fixture,Inactive,2026-05-26T18:45:00+00:00
1545408,61,2025,84,Nice,196343,M. Abdelmonem,Missing Fixture,Knee Injury,2026-05-26T18:45:00+00:00
1545408,61,2025,84,Nice,407017,M. Bombito,Missing Fixture,Leg Injury,2026-05-26T18:45:00+00:00
1545408,61,2025,84,Nice,21079,M. Dupe,Missing Fixture,Inactive,2026-05-26T18:45:00+00:00
1545408,61,2025,84,Nice,662,T. Ndombele,Missing Fixture,Inactive,2026-05-26T18:45:00+00:00
1545408,61,2025,84,Nice,442866,E. Pereira,Missing Fixture,Ankle Injury,2026-05-26T18:45:00+00:00
1545408,61,2025,84,Nice,162707,E. Wahi,Missing Fixture,Yellow Cards,2026-05-26T18:45:00+00:00
1387995,61,2025,106,Stade Brestois 29,41323,M. Balde,Missing Fixture,Leg Injury,2026-05-17T19:00:00+00:00
1387995,61,2025,106,Stade Brestois 29,162568,S. Coulibaly,Missing Fixture,Leg Injury,2026-05-17T19:00:00+00:00
1387995,61,2025,106,Stade Brestois 29,90594,J. Dina Ebimbe,Missing Fixture,Muscle Injury,2026-05-17T19:00:00+00:00
1387995,61,2025,77,Angers,174708,Y. Belkhdim,Missing Fixture,Arm Injury,2026-05-17T19:00:00+00:00
1387995,61,2025,77,Angers,425207,M. Courcoul,Missing Fixture,Injury,2026-05-17T19:00:00+00:00
1387995,61,2025,77,Angers,579375,H. Djibirin,Missing Fixture,Ankle Injury,2026-05-17T19:00:00+00:00
1387995,61,2025,77,Angers,289555,L. Mouton,Missing Fixture,Knee Injury,2026-05-17T19:00:00+00:00
1387995,61,2025,77,Angers,457541,P. Peter,Missing Fixture,Muscle Injury,2026-05-17T19:00:00+00:00
1387996,61,2025,79,Lille,21483,M. Caillard,Missing Fixture,Elbow Injury,2026-05-17T19:00:00+00:00
1387996,61,2025,79,Lille,306979,H. Igamane,Missing Fixture,Knee Injury,2026-05-17T19:00:00+00:00
1387996,61,2025,79,Lille,351888,O. Toure,Missing Fixture,Knee Injury,2026-05-17T19:00:00+00:00
1387996,61,2025,108,Auxerre,191189,C. Akpa,Missing Fixture,Muscle Injury,2026-05-17T19:00:00+00:00
1387996,61,2025,108,Auxerre,335064,N. Buayi-Kiala,Missing Fixture,Knee Injury,2026-05-17T19:00:00+00:00
1387996,61,2025,108,Auxerre,319919,O. El Azzouzi,Missing Fixture,Knee Injury,2026-05-17T19:00:00+00:00
1387996,61,2025,108,Auxerre,84082,R. Faivre,Missing Fixture,Injury,2026-05-17T19:00:00+00:00
1387996,61,2025,108,Auxerre,115588,B. Okoh,Missing Fixture,Knee Injury,2026-05-17T19:00:00+00:00
1387996,61,2025,108,Auxerre,215827,F. Oppegard,Missing Fixture,Ankle Injury,2026-05-17T19:00:00+00:00
1387997,61,2025,97,Lorient,174703,T. Le Bris,Missing Fixture,Knee Injury,2026-05-17T19:00:00+00:00
1387997,61,2025,111,Le Havre,179843,L. Gourna-Douath,Missing Fixture,Yellow Cards,2026-05-17T19:00:00+00:00
1387997,61,2025,111,Le Havre,33165,A. Seko,Missing Fixture,Yellow Cards,2026-05-17T19:00:00+00:00
1387997,61,2025,111,Le Havre,21103,A. Toure,Missing Fixture,Knee Injury,2026-05-17T19:00:00+00:00
1387997,61,2025,111,Le Havre,513415,S. Zagadou,Missing Fixture,Injury,2026-05-17T19:00:00+00:00
1387997,61,2025,111,Le Havre,23637,Y. Zouaoui,Missing Fixture,Calf Injury,2026-05-17T19:00:00+00:00
1387998,61,2025,80,Lyon,162590,T. Morton,Missing Fixture,Groin Injury,2026-05-17T19:00:00+00:00
1387998,61,2025,80,Lyon,80752,T. Tessmann,Missing Fixture,Muscle Injury,2026-05-17T19:00:00+00:00
1387998,61,2025,116,Lens,322984,S. Baidoo,Missing Fixture,Muscle Injury,2026-05-17T19:00:00+00:00
1387998,61,2025,116,Lens,21635,J. Gradit,Missing Fixture,Thigh Injury,2026-05-17T19:00:00+00:00
1387998,61,2025,116,Lens,21378,R. Gurtner,Missing Fixture,Muscle Injury,2026-05-17T19:00:00+00:00
1387999,61,2025,81,Marseille,21694,N. Aguerd,Missing Fixture,Groin Injury,2026-05-17T19:00:00+00:00
1387999,61,2025,81,Marseille,181827,C. Egan-Riley,Missing Fixture,Leg Injury,2026-05-17T19:00:00+00:00
1387999,61,2025,81,Marseille,926,G. Kondogbia,Missing Fixture,Thigh Injury,2026-05-17T19:00:00+00:00
1387999,61,2025,81,Marseille,31057,H. J. Traore,Missing Fixture,Muscle Injury,2026-05-17T19:00:00+00:00
1387999,61,2025,94,Rennes,3007,P. Frankowski,Missing Fixture,Muscle Injury,2026-05-17T19:00:00+00:00
1387999,61,2025,94,Rennes,367636,J. Jacquet,Missing Fixture,Shoulder Injury,2026-05-17T19:00:00+00:00
1387999,61,2025,94,Rennes,21628,B. Samba,Missing Fixture,Yellow Cards,2026-05-17T19:00:00+00:00
1388000,61,2025,83,Nantes,22134,K. Amian,Missing Fixture,Groin Injury,2026-05-17T19:00:00+00:00
1388000,61,2025,83,Nantes,20654,F. Centonze,Missing Fixture,Knee Injury,2026-05-17T19:00:00+00:00
1388000,61,2025,83,Nantes,924,F. Coquelin,Missing Fixture,Injury,2026-05-17T19:00:00+00:00
1388000,61,2025,83,Nantes,21636,F. Guilbert,Missing Fixture,Knee Injury,2026-05-17T19:00:00+00:00
1388000,61,2025,83,Nantes,2483,D. Machado,Missing Fixture,Injury,2026-05-17T19:00:00+00:00
1388000,61,2025,83,Nantes,522609,T. Tati,Missing Fixture,Thigh Injury,2026-05-17T19:00:00+00:00
1388000,61,2025,96,Toulouse,39115,A. Donnum,Missing Fixture,Red Card,2026-05-17T19:00:00+00:00
1388000,61,2025,96,Toulouse,174724,F. Magri,Missing Fixture,Knee Injury,2026-05-17T19:00:00+00:00
1388000,61,2025,96,Toulouse,334952,R. Messali,Missing Fixture,Ankle Injury,2026-05-17T19:00:00+00:00
1388001,61,2025,84,Nice,196343,M. Abdelmonem,Missing Fixture,Knee Injury,2026-05-17T19:00:00+00:00
1388001,61,2025,84,Nice,162465,M. Bard,Missing Fixture,Yellow Cards,2026-05-17T19:00:00+00:00
1388001,61,2025,84,Nice,407017,M. Bombito,Missing Fixture,Leg Injury,2026-05-17T19:00:00+00:00
1388001,61,2025,84,Nice,442866,E. Pereira,Missing Fixture,Ankle Injury,2026-05-17T19:00:00+00:00
1388001,61,2025,112,Metz,21640,J. Deminguet,Missing Fixture,Ankle Injury,2026-05-17T19:00:00+00:00
1388001,61,2025,112,Metz,405072,J. Mangondo,Missing Fixture,Knee Injury,2026-05-17T19:00:00+00:00
1388001,61,2025,112,Metz,584096,N. Mbala,Missing Fixture,Knee Injury,2026-05-17T19:00:00+00:00
1388001,61,2025,112,Metz,343319,L. Michal,Missing Fixture,Inactive,2026-05-17T19:00:00+00:00
1388001,61,2025,112,Metz,403878,P. Sy,Missing Fixture,Ankle Injury,2026-05-17T19:00:00+00:00
1388001,61,2025,112,Metz,2181,G. Tsitaishvili,Missing Fixture,Eye injury,2026-05-17T19:00:00+00:00
1388002,61,2025,114,Paris FC,21436,S. Alakouch,Missing Fixture,Injury,2026-05-17T19:00:00+00:00
1388002,61,2025,114,Paris FC,20647,P. Hamel,Missing Fixture,Calf Injury,2026-05-17T19:00:00+00:00
1388002,61,2025,114,Paris FC,20599,J. Lopez,Missing Fixture,Back Injury,2026-05-17T19:00:00+00:00
1388002,61,2025,114,Paris FC,174881,M. Mbow,Missing Fixture,Yellow Cards,2026-05-17T19:00:00+00:00
1388002,61,2025,114,Paris FC,389322,N. Sangui,Missing Fixture,Hamstring Injury,2026-05-17T19:00:00+00:00
1388002,61,2025,85,Paris Saint Germain,162453,L. Chevalier,Missing Fixture,Muscle Injury,2026-05-17T19:00:00+00:00
1388002,61,2025,85,Paris Saint Germain,9,A. Hakimi,Missing Fixture,Thigh Injury,2026-05-17T19:00:00+00:00
1388002,61,2025,85,Paris Saint Germain,263482,N. Mendes,Missing Fixture,Thigh Injury,2026-05-17T19:00:00+00:00
1388002,61,2025,85,Paris Saint Germain,471107,Q. Ndjantou,Missing Fixture,Muscle Injury,2026-05-17T19:00:00+00:00
1388002,61,2025,85,Paris Saint Germain,16367,W. Pacho,Missing Fixture,Thigh Injury,2026-05-17T19:00:00+00:00
1388003,61,2025,95,Strasbourg,422780,A. Anselmino,Missing Fixture,Hamstring Injury,2026-05-17T19:00:00+00:00
1388003,61,2025,95,Strasbourg,203762,E. Emegha,Missing Fixture,Muscle Injury,2026-05-17T19:00:00+00:00
1388003,61,2025,95,Strasbourg,390742,J. Panichelli,Missing Fixture,Knee Injury,2026-05-17T19:00:00+00:00
1388003,61,2025,91,Monaco,10316,Caio Henrique,Missing Fixture,Calf Injury,2026-05-17T19:00:00+00:00
1388003,61,2025,91,Monaco,175,E. Dier,Missing Fixture,Ankle Injury,2026-05-17T19:00:00+00:00
1388003,61,2025,91,Monaco,109,A. Golovin,Missing Fixture,Finger Injury,2026-05-17T19:00:00+00:00
1388003,61,2025,91,Monaco,340152,S. Idumbo,Missing Fixture,Shoulder Injury,2026-05-17T19:00:00+00:00
1388003,61,2025,91,Monaco,1101,T. Minamino,Missing Fixture,Knee Injury,2026-05-17T19:00:00+00:00
1388003,61,2025,91,Monaco,333137,K. Ouattara,Missing Fixture,Knee Injury,2026-05-17T19:00:00+00:00
1388003,61,2025,91,Monaco,904,P. Pogba,Missing Fixture,Injury,2026-05-17T19:00:00+00:00
1388003,61,2025,91,Monaco,47480,M. Salisu,Missing Fixture,Knee Injury,2026-05-17T19:00:00+00:00
1388003,61,2025,91,Monaco,291649,Vanderson,Missing Fixture,Thigh Injury,2026-05-17T19:00:00+00:00
1544972,61,2025,1063,Saint Etienne,337426,A. Boakye,Missing Fixture,Yellow Cards,2026-05-15T18:30:00+00:00
1544972,61,2025,1063,Saint Etienne,500070,N. El Jamali,Missing Fixture,Knee Injury,2026-05-15T18:30:00+00:00
1544972,61,2025,1063,Saint Etienne,583992,P. Eymard,Missing Fixture,Foot Injury,2026-05-15T18:30:00+00:00
1544972,61,2025,1063,Saint Etienne,136155,M. Jaber,Missing Fixture,Surgery,2026-05-15T18:30:00+00:00
1544972,61,2025,1063,Saint Etienne,281438,C. Lamba,Missing Fixture,Injury,2026-05-15T18:30:00+00:00
1544972,61,2025,1063,Saint Etienne,564761,M. Paalberg,Missing Fixture,Inactive,2026-05-15T18:30:00+00:00
1544972,61,2025,1063,Saint Etienne,8624,F. Tardieu,Missing Fixture,Calf Injury,2026-05-15T18:30:00+00:00
1544972,61,2025,1063,Saint Etienne,417858,L. Traore,Missing Fixture,Inactive,2026-05-15T18:30:00+00:00
1544972,61,2025,1301,Rodez,306021,M. Achi,Missing Fixture,Inactive,2026-05-15T18:30:00+00:00
1544972,61,2025,1301,Rodez,413609,M. Corredor,Missing Fixture,Inactive,2026-05-15T18:30:00+00:00
1544972,61,2025,1301,Rodez,180304,H. Tebily,Missing Fixture,Knee Injury,2026-05-15T18:30:00+00:00
1387952,61,2025,116,Lens,44594,S. Abdulhamid,Missing Fixture,Red Card,2026-05-13T19:00:00+00:00
1387952,61,2025,116,Lens,21635,J. Gradit,Missing Fixture,Thigh Injury,2026-05-13T19:00:00+00:00
1387952,61,2025,116,Lens,21378,R. Gurtner,Missing Fixture,Muscle Injury,2026-05-13T19:00:00+00:00
1387952,61,2025,85,Paris Saint Germain,162453,L. Chevalier,Missing Fixture,Muscle Injury,2026-05-13T19:00:00+00:00
1387952,61,2025,85,Paris Saint Germain,9,A. Hakimi,Missing Fixture,Thigh Injury,2026-05-13T19:00:00+00:00
1387952,61,2025,85,Paris Saint Germain,927,Lee Kang-In,Missing Fixture,Ankle Injury,2026-05-13T19:00:00+00:00
1387952,61,2025,85,Paris Saint Germain,263482,N. Mendes,Missing Fixture,Thigh Injury,2026-05-13T19:00:00+00:00
1387952,61,2025,85,Paris Saint Germain,471107,Q. Ndjantou,Missing Fixture,Muscle Injury,2026-05-13T19:00:00+00:00
1387952,61,2025,85,Paris Saint Germain,16367,W. Pacho,Missing Fixture,Thigh Injury,2026-05-13T19:00:00+00:00
1387952,61,2025,85,Paris Saint Germain,336657,W. Zaire-Emery,Missing Fixture,Back Injury,2026-05-13T19:00:00+00:00
1387951,61,2025,106,Stade Brestois 29,20546,B. Chardonnet,Missing Fixture,Ribs Injury,2026-05-13T17:00:00+00:00
1387951,61,2025,106,Stade Brestois 29,162568,S. Coulibaly,Missing Fixture,Leg Injury,2026-05-13T17:00:00+00:00
1387951,61,2025,106,Stade Brestois 29,274267,B. Locko,Missing Fixture,Muscle Injury,2026-05-13T17:00:00+00:00
1387951,61,2025,95,Strasbourg,422780,A. Anselmino,Missing Fixture,Hamstring Injury,2026-05-13T17:00:00+00:00
1387951,61,2025,95,Strasbourg,271542,I. Doukoure,Missing Fixture,Illness,2026-05-13T17:00:00+00:00
1387951,61,2025,95,Strasbourg,203762,E. Emegha,Missing Fixture,Muscle Injury,2026-05-13T17:00:00+00:00
1387951,61,2025,95,Strasbourg,390742,J. Panichelli,Missing Fixture,Knee Injury,2026-05-13T17:00:00+00:00
1544684,61,2025,104,RED Star FC 93,161748,R. Doucoure,Missing Fixture,Knee Injury,2026-05-12T18:30:00+00:00
1544684,61,2025,104,RED Star FC 93,24196,P. Lemonnier,Missing Fixture,Inactive,2026-05-12T18:30:00+00:00
1544684,61,2025,1301,Rodez,306021,M. Achi,Missing Fixture,Inactive,2026-05-12T18:30:00+00:00
1544684,61,2025,1301,Rodez,413609,M. Corredor,Missing Fixture,Inactive,2026-05-12T18:30:00+00:00
1544684,61,2025,1301,Rodez,180304,H. Tebily,Missing Fixture,Knee Injury,2026-05-12T18:30:00+00:00
1387986,61,2025,77,Angers,174708,Y. Belkhdim,Missing Fixture,Arm Injury,2026-05-10T19:00:00+00:00
1387986,61,2025,77,Angers,425207,M. Courcoul,Missing Fixture,Injury,2026-05-10T19:00:00+00:00
1387986,61,2025,77,Angers,579375,H. Djibirin,Missing Fixture,Ankle Injury,2026-05-10T19:00:00+00:00
1387986,61,2025,77,Angers,191289,A. Sbai,Missing Fixture,Red Card,2026-05-10T19:00:00+00:00
1387986,61,2025,95,Strasbourg,422780,A. Anselmino,Missing Fixture,Hamstring Injury,2026-05-10T19:00:00+00:00
1387986,61,2025,95,Strasbourg,319572,V. Barco,Missing Fixture,Ankle Injury,2026-05-10T19:00:00+00:00
1387986,61,2025,95,Strasbourg,415431,S. El Mourabet,Missing Fixture,Injury,2026-05-10T19:00:00+00:00
1387986,61,2025,95,Strasbourg,203762,E. Emegha,Missing Fixture,Muscle Injury,2026-05-10T19:00:00+00:00
1387986,61,2025,95,Strasbourg,335056,D. Moreira,Missing Fixture,Yellow Cards,2026-05-10T19:00:00+00:00
1387986,61,2025,95,Strasbourg,226803,S. Nanasi,Missing Fixture,Illness,2026-05-10T19:00:00+00:00
1387986,61,2025,95,Strasbourg,147835,A. Omobamidele,Missing Fixture,Yellow Cards,2026-05-10T19:00:00+00:00
1387986,61,2025,95,Strasbourg,390742,J. Panichelli,Missing Fixture,Knee Injury,2026-05-10T19:00:00+00:00
1387987,61,2025,108,Auxerre,335064,N. Buayi-Kiala,Missing Fixture,Knee Injury,2026-05-10T19:00:00+00:00
1387987,61,2025,108,Auxerre,319919,O. El Azzouzi,Missing Fixture,Knee Injury,2026-05-10T19:00:00+00:00
1387987,61,2025,108,Auxerre,84082,R. Faivre,Missing Fixture,Injury,2026-05-10T19:00:00+00:00
1387987,61,2025,108,Auxerre,215827,F. Oppegard,Missing Fixture,Ankle Injury,2026-05-10T19:00:00+00:00
1387987,61,2025,84,Nice,196343,M. Abdelmonem,Missing Fixture,Knee Injury,2026-05-10T19:00:00+00:00
1387987,61,2025,84,Nice,407017,M. Bombito,Missing Fixture,Leg Injury,2026-05-10T19:00:00+00:00
1387987,61,2025,84,Nice,442866,E. Pereira,Missing Fixture,Ankle Injury,2026-05-10T19:00:00+00:00
1387988,61,2025,111,Le Havre,21103,A. Toure,Missing Fixture,Knee Injury,2026-05-10T19:00:00+00:00
1387988,61,2025,111,Le Havre,513415,S. Zagadou,Missing Fixture,Injury,2026-05-10T19:00:00+00:00
1387988,61,2025,81,Marseille,20692,H. Abdelli,Missing Fixture,Coach's decision,2026-05-10T19:00:00+00:00
1387988,61,2025,81,Marseille,21694,N. Aguerd,Missing Fixture,Groin Injury,2026-05-10T19:00:00+00:00
1387988,61,2025,81,Marseille,1465,P. Aubameyang,Missing Fixture,Suspended,2026-05-10T19:00:00+00:00
1387988,61,2025,81,Marseille,181827,C. Egan-Riley,Missing Fixture,Leg Injury,2026-05-10T19:00:00+00:00
1387988,61,2025,81,Marseille,926,G. Kondogbia,Missing Fixture,Thigh Injury,2026-05-10T19:00:00+00:00
1387988,61,2025,81,Marseille,283216,B. Nadir,Missing Fixture,Injury,2026-05-10T19:00:00+00:00
1387988,61,2025,81,Marseille,31057,H. J. Traore,Missing Fixture,Muscle Injury,2026-05-10T19:00:00+00:00
1387988,61,2025,81,Marseille,1138,T. Weah,Missing Fixture,Injury,2026-05-10T19:00:00+00:00
1387990,61,2025,112,Metz,405072,J. Mangondo,Missing Fixture,Knee Injury,2026-05-10T19:00:00+00:00
1387990,61,2025,97,Lorient,174703,T. Le Bris,Missing Fixture,Knee Injury,2026-05-10T19:00:00+00:00
1387990,61,2025,97,Lorient,193501,B. Meite,Missing Fixture,Inactive,2026-05-10T19:00:00+00:00
1387990,61,2025,97,Lorient,152669,D. Yongwa,Missing Fixture,Heel Injury,2026-05-10T19:00:00+00:00
1387991,61,2025,91,Monaco,10316,Caio Henrique,Missing Fixture,Calf Injury,2026-05-10T19:00:00+00:00
1387991,61,2025,91,Monaco,340152,S. Idumbo,Missing Fixture,Shoulder Injury,2026-05-10T19:00:00+00:00
1387991,61,2025,91,Monaco,1101,T. Minamino,Missing Fixture,Knee Injury,2026-05-10T19:00:00+00:00
1387991,61,2025,91,Monaco,333137,K. Ouattara,Missing Fixture,Knee Injury,2026-05-10T19:00:00+00:00
1387991,61,2025,91,Monaco,47480,M. Salisu,Missing Fixture,Knee Injury,2026-05-10T19:00:00+00:00
1387991,61,2025,91,Monaco,291649,Vanderson,Missing Fixture,Thigh Injury,2026-05-10T19:00:00+00:00
1387991,61,2025,79,Lille,318416,M. Broholm,Missing Fixture,Injury,2026-05-10T19:00:00+00:00
1387991,61,2025,79,Lille,21483,M. Caillard,Missing Fixture,Elbow Injury,2026-05-10T19:00:00+00:00
1387991,61,2025,79,Lille,430816,N. Edjouma,Missing Fixture,Thigh Injury,2026-05-10T19:00:00+00:00
1387991,61,2025,79,Lille,306979,H. Igamane,Missing Fixture,Knee Injury,2026-05-10T19:00:00+00:00
1387991,61,2025,79,Lille,379329,T. Santos,Missing Fixture,Inactive,2026-05-10T19:00:00+00:00
1387991,61,2025,79,Lille,351888,O. Toure,Missing Fixture,Knee Injury,2026-05-10T19:00:00+00:00
1387992,61,2025,85,Paris Saint Germain,162453,L. Chevalier,Missing Fixture,Muscle Injury,2026-05-10T19:00:00+00:00
1387992,61,2025,85,Paris Saint Germain,9,A. Hakimi,Missing Fixture,Thigh Injury,2026-05-10T19:00:00+00:00
1387992,61,2025,85,Paris Saint Germain,263482,N. Mendes,Missing Fixture,Thigh Injury,2026-05-10T19:00:00+00:00
1387992,61,2025,85,Paris Saint Germain,471107,Q. Ndjantou,Missing Fixture,Muscle Injury,2026-05-10T19:00:00+00:00
1387992,61,2025,85,Paris Saint Germain,16367,W. Pacho,Missing Fixture,Thigh Injury,2026-05-10T19:00:00+00:00
1387992,61,2025,85,Paris Saint Germain,336657,W. Zaire-Emery,Missing Fixture,Back Injury,2026-05-10T19:00:00+00:00
1387992,61,2025,106,Stade Brestois 29,162568,S. Coulibaly,Missing Fixture,Leg Injury,2026-05-10T19:00:00+00:00
1387992,61,2025,106,Stade Brestois 29,22247,K. Lala,Missing Fixture,Yellow Cards,2026-05-10T19:00:00+00:00
1387992,61,2025,106,Stade Brestois 29,274267,B. Locko,Missing Fixture,Muscle Injury,2026-05-10T19:00:00+00:00
1387993,61,2025,94,Rennes,3007,P. Frankowski,Missing Fixture,Muscle Injury,2026-05-10T19:00:00+00:00
1387993,61,2025,94,Rennes,367636,J. Jacquet,Missing Fixture,Shoulder Injury,2026-05-10T19:00:00+00:00
1387993,61,2025,114,Paris FC,21436,S. Alakouch,Missing Fixture,Injury,2026-05-10T19:00:00+00:00
1387993,61,2025,114,Paris FC,20647,P. Hamel,Missing Fixture,Calf Injury,2026-05-10T19:00:00+00:00
1387993,61,2025,114,Paris FC,20599,J. Lopez,Missing Fixture,Back Injury,2026-05-10T19:00:00+00:00
1387994,61,2025,96,Toulouse,174724,F. Magri,Missing Fixture,Knee Injury,2026-05-10T19:00:00+00:00
1387994,61,2025,96,Toulouse,334952,R. Messali,Missing Fixture,Ankle Injury,2026-05-10T19:00:00+00:00
1387994,61,2025,96,Toulouse,304140,M. Sauer,Missing Fixture,Yellow Cards,2026-05-10T19:00:00+00:00
1387994,61,2025,80,Lyon,623922,A. Hamdani,Missing Fixture,Inactive,2026-05-10T19:00:00+00:00
1387994,61,2025,80,Lyon,497617,R. Himbert,Missing Fixture,Ankle Injury,2026-05-10T19:00:00+00:00
1387994,61,2025,80,Lyon,645969,S. Kango,Missing Fixture,Inactive,2026-05-10T19:00:00+00:00
1387994,61,2025,80,Lyon,24882,O. Mangala,Missing Fixture,Thigh Injury,2026-05-10T19:00:00+00:00
1387994,61,2025,80,Lyon,80752,T. Tessmann,Missing Fixture,Muscle Injury,2026-05-10T19:00:00+00:00
1387989,61,2025,116,Lens,44594,S. Abdulhamid,Missing Fixture,Red Card,2026-05-08T18:45:00+00:00
1387989,61,2025,116,Lens,21635,J. Gradit,Missing Fixture,Thigh Injury,2026-05-08T18:45:00+00:00
1387989,61,2025,116,Lens,21378,R. Gurtner,Missing Fixture,Muscle Injury,2026-05-08T18:45:00+00:00
1387989,61,2025,116,Lens,22173,A. Saint-Maximin,Missing Fixture,Injury,2026-05-08T18:45:00+00:00
1387989,61,2025,116,Lens,277306,M. Sangare,Missing Fixture,Yellow Cards,2026-05-08T18:45:00+00:00
1387989,61,2025,116,Lens,1922,F. Thauvin,Missing Fixture,Injury,2026-05-08T18:45:00+00:00
1387989,61,2025,116,Lens,22261,A. Thomasson,Missing Fixture,Yellow Cards,2026-05-08T18:45:00+00:00
1387989,61,2025,83,Nantes,22134,K. Amian,Missing Fixture,Groin Injury,2026-05-08T18:45:00+00:00
1387989,61,2025,83,Nantes,20654,F. Centonze,Missing Fixture,Knee Injury,2026-05-08T18:45:00+00:00
1387989,61,2025,83,Nantes,924,F. Coquelin,Missing Fixture,Injury,2026-05-08T18:45:00+00:00
1387989,61,2025,83,Nantes,2483,D. Machado,Missing Fixture,Injury,2026-05-08T18:45:00+00:00
1387989,61,2025,83,Nantes,522609,T. Tati,Missing Fixture,Thigh Injury,2026-05-08T18:45:00+00:00
1387979,61,2025,80,Lyon,30423,H. Hateboer,Missing Fixture,Loan agreement,2026-05-03T18:45:00+00:00
1387979,61,2025,80,Lyon,497617,R. Himbert,Missing Fixture,Ankle Injury,2026-05-03T18:45:00+00:00
1387979,61,2025,80,Lyon,24882,O. Mangala,Missing Fixture,Thigh Injury,2026-05-03T18:45:00+00:00
1387979,61,2025,80,Lyon,80752,T. Tessmann,Missing Fixture,Coach's decision,2026-05-03T18:45:00+00:00
1387979,61,2025,94,Rennes,3007,P. Frankowski,Missing Fixture,Muscle Injury,2026-05-03T18:45:00+00:00
1387979,61,2025,94,Rennes,367636,J. Jacquet,Missing Fixture,Shoulder Injury,2026-05-03T18:45:00+00:00
1387979,61,2025,94,Rennes,22097,A. Nordin,Missing Fixture,Inactive,2026-05-03T18:45:00+00:00
1387979,61,2025,94,Rennes,585073,L. Rosier,Missing Fixture,Injury,2026-05-03T18:45:00+00:00
1387977,61,2025,108,Auxerre,335064,N. Buayi-Kiala,Missing Fixture,Knee Injury,2026-05-03T15:15:00+00:00
1387977,61,2025,108,Auxerre,319919,O. El Azzouzi,Missing Fixture,Knee Injury,2026-05-03T15:15:00+00:00
1387977,61,2025,108,Auxerre,84082,R. Faivre,Missing Fixture,Injury,2026-05-03T15:15:00+00:00
1387977,61,2025,108,Auxerre,20542,D. Leon,Missing Fixture,Thigh Injury,2026-05-03T15:15:00+00:00
1387977,61,2025,108,Auxerre,215827,F. Oppegard,Missing Fixture,Ankle Injury,2026-05-03T15:15:00+00:00
1387977,61,2025,77,Angers,174708,Y. Belkhdim,Missing Fixture,Arm Injury,2026-05-03T15:15:00+00:00
1387977,61,2025,77,Angers,425207,M. Courcoul,Missing Fixture,Injury,2026-05-03T15:15:00+00:00
1387977,61,2025,77,Angers,579375,H. Djibirin,Missing Fixture,Ankle Injury,2026-05-03T15:15:00+00:00
1387983,61,2025,114,Paris FC,21436,S. Alakouch,Missing Fixture,Injury,2026-05-03T15:15:00+00:00
1387983,61,2025,114,Paris FC,20647,P. Hamel,Missing Fixture,Calf Injury,2026-05-03T15:15:00+00:00
1387983,61,2025,114,Paris FC,22170,P. Lees-Melou,Missing Fixture,Red Card,2026-05-03T15:15:00+00:00
1387983,61,2025,114,Paris FC,20599,J. Lopez,Missing Fixture,Back Injury,2026-05-03T15:15:00+00:00
1387983,61,2025,106,Stade Brestois 29,302868,D. Guindo,Missing Fixture,Yellow Cards,2026-05-03T15:15:00+00:00
1387983,61,2025,106,Stade Brestois 29,274267,B. Locko,Missing Fixture,Muscle Injury,2026-05-03T15:15:00+00:00
1387985,61,2025,95,Strasbourg,422780,A. Anselmino,Missing Fixture,Hamstring Injury,2026-05-03T15:15:00+00:00
1387985,61,2025,95,Strasbourg,319572,V. Barco,Missing Fixture,Ankle Injury,2026-05-03T15:15:00+00:00
1387985,61,2025,95,Strasbourg,161747,G. Doue,Missing Fixture,Illness,2026-05-03T15:15:00+00:00
1387985,61,2025,95,Strasbourg,390742,J. Panichelli,Missing Fixture,Knee Injury,2026-05-03T15:15:00+00:00
1387985,61,2025,96,Toulouse,118345,A. Francis,Missing Fixture,Broken Leg,2026-05-03T15:15:00+00:00
1387985,61,2025,96,Toulouse,174724,F. Magri,Missing Fixture,Knee Injury,2026-05-03T15:15:00+00:00
1387985,61,2025,96,Toulouse,334952,R. Messali,Missing Fixture,Ankle Injury,2026-05-03T15:15:00+00:00
1387978,61,2025,79,Lille,409,N. Bentaleb,Missing Fixture,Injury,2026-05-03T13:00:00+00:00
1387978,61,2025,79,Lille,318416,M. Broholm,Missing Fixture,Injury,2026-05-03T13:00:00+00:00
1387978,61,2025,79,Lille,21483,M. Caillard,Missing Fixture,Elbow Injury,2026-05-03T13:00:00+00:00
1387978,61,2025,79,Lille,430816,N. Edjouma,Missing Fixture,Thigh Injury,2026-05-03T13:00:00+00:00
1387978,61,2025,79,Lille,306979,H. Igamane,Missing Fixture,Knee Injury,2026-05-03T13:00:00+00:00
1387978,61,2025,79,Lille,351888,O. Toure,Missing Fixture,Knee Injury,2026-05-03T13:00:00+00:00
1387978,61,2025,111,Le Havre,128342,R. Ndiaye,Missing Fixture,Thigh Injury,2026-05-03T13:00:00+00:00
1387978,61,2025,111,Le Havre,174927,A. Sangante,Missing Fixture,Red Card,2026-05-03T13:00:00+00:00
1387978,61,2025,111,Le Havre,21103,A. Toure,Missing Fixture,Knee Injury,2026-05-03T13:00:00+00:00
1387978,61,2025,111,Le Havre,513415,S. Zagadou,Missing Fixture,Injury,2026-05-03T13:00:00+00:00
1387982,61,2025,84,Nice,196343,M. Abdelmonem,Missing Fixture,Knee Injury,2026-05-02T19:05:00+00:00
1387982,61,2025,84,Nice,407017,M. Bombito,Missing Fixture,Leg Injury,2026-05-02T19:05:00+00:00
1387982,61,2025,84,Nice,442866,E. Pereira,Missing Fixture,Ankle Injury,2026-05-02T19:05:00+00:00
1387982,61,2025,84,Nice,162707,E. Wahi,Missing Fixture,Muscle Injury,2026-05-02T19:05:00+00:00
1387982,61,2025,116,Lens,21635,J. Gradit,Missing Fixture,Thigh Injury,2026-05-02T19:05:00+00:00
1387982,61,2025,116,Lens,21378,R. Gurtner,Missing Fixture,Muscle Injury,2026-05-02T19:05:00+00:00
1387982,61,2025,116,Lens,18816,A. Masuaku,Missing Fixture,Yellow Cards,2026-05-02T19:05:00+00:00
1387980,61,2025,112,Metz,96331,K. Kouao,Missing Fixture,Yellow Cards,2026-05-02T17:00:00+00:00
1387980,61,2025,112,Metz,405072,J. Mangondo,Missing Fixture,Knee Injury,2026-05-02T17:00:00+00:00
1387980,61,2025,112,Metz,343319,L. Michal,Missing Fixture,Loan agreement,2026-05-02T17:00:00+00:00
1387980,61,2025,112,Metz,434352,A. Toure,Missing Fixture,Injury,2026-05-02T17:00:00+00:00
1387980,61,2025,112,Metz,157912,B. Traore,Missing Fixture,Calf Injury,2026-05-02T17:00:00+00:00
1387980,61,2025,91,Monaco,340152,S. Idumbo,Missing Fixture,Shoulder Injury,2026-05-02T17:00:00+00:00
1387980,61,2025,91,Monaco,1101,T. Minamino,Missing Fixture,Knee Injury,2026-05-02T17:00:00+00:00
1387980,61,2025,91,Monaco,333137,K. Ouattara,Missing Fixture,Knee Injury,2026-05-02T17:00:00+00:00
1387980,61,2025,91,Monaco,47480,M. Salisu,Missing Fixture,Knee Injury,2026-05-02T17:00:00+00:00
1387980,61,2025,91,Monaco,291649,Vanderson,Missing Fixture,Thigh Injury,2026-05-02T17:00:00+00:00
1387984,61,2025,85,Paris Saint Germain,162453,L. Chevalier,Missing Fixture,Muscle Injury,2026-05-02T15:00:00+00:00
1387984,61,2025,85,Paris Saint Germain,9,A. Hakimi,Missing Fixture,Thigh Injury,2026-05-02T15:00:00+00:00
1387984,61,2025,85,Paris Saint Germain,471107,Q. Ndjantou,Missing Fixture,Muscle Injury,2026-05-02T15:00:00+00:00
1387984,61,2025,85,Paris Saint Germain,41585,G. Ramos,Missing Fixture,Red Card,2026-05-02T15:00:00+00:00
1387984,61,2025,85,Paris Saint Germain,2068,M. Safonov,Missing Fixture,Inactive,2026-05-02T15:00:00+00:00
1387984,61,2025,85,Paris Saint Germain,161671,I. Zabarnyi,Missing Fixture,Yellow Cards,2026-05-02T15:00:00+00:00
1387984,61,2025,97,Lorient,162018,B. Fadiga,Missing Fixture,Muscle Injury,2026-05-02T15:00:00+00:00
1387984,61,2025,97,Lorient,174703,T. Le Bris,Missing Fixture,Knee Injury,2026-05-02T15:00:00+00:00
1387984,61,2025,97,Lorient,193501,B. Meite,Missing Fixture,Inactive,2026-05-02T15:00:00+00:00
1387981,61,2025,83,Nantes,22134,K. Amian,Missing Fixture,Groin Injury,2026-05-02T13:00:00+00:00
1387981,61,2025,83,Nantes,20654,F. Centonze,Missing Fixture,Knee Injury,2026-05-02T13:00:00+00:00
1387981,61,2025,83,Nantes,388779,D. Tabibou,Missing Fixture,Yellow Cards,2026-05-02T13:00:00+00:00
1387981,61,2025,83,Nantes,522609,T. Tati,Missing Fixture,Thigh Injury,2026-05-02T13:00:00+00:00
1387981,61,2025,81,Marseille,20692,H. Abdelli,Missing Fixture,Coach's decision,2026-05-02T13:00:00+00:00
1387981,61,2025,81,Marseille,21694,N. Aguerd,Missing Fixture,Groin Injury,2026-05-02T13:00:00+00:00
1387981,61,2025,81,Marseille,181827,C. Egan-Riley,Missing Fixture,Leg Injury,2026-05-02T13:00:00+00:00
1387981,61,2025,81,Marseille,926,G. Kondogbia,Missing Fixture,Thigh Injury,2026-05-02T13:00:00+00:00
1387981,61,2025,81,Marseille,283216,B. Nadir,Missing Fixture,Injury,2026-05-02T13:00:00+00:00
1387981,61,2025,81,Marseille,2725,B. Pavard,Missing Fixture,Yellow Cards,2026-05-02T13:00:00+00:00
1387981,61,2025,81,Marseille,47296,G. Rulli,Missing Fixture,Back Injury,2026-05-02T13:00:00+00:00
1387981,61,2025,81,Marseille,1138,T. Weah,Missing Fixture,Yellow Cards,2026-05-02T13:00:00+00:00
1387973,61,2025,81,Marseille,21694,N. Aguerd,Missing Fixture,Groin Injury,2026-04-26T18:45:00+00:00
1387973,61,2025,81,Marseille,181827,C. Egan-Riley,Missing Fixture,Leg Injury,2026-04-26T18:45:00+00:00
1387973,61,2025,81,Marseille,85041,A. Gouiri,Missing Fixture,Injury,2026-04-26T18:45:00+00:00
1387973,61,2025,81,Marseille,926,G. Kondogbia,Missing Fixture,Thigh Injury,2026-04-26T18:45:00+00:00
1387973,61,2025,81,Marseille,283216,B. Nadir,Missing Fixture,Injury,2026-04-26T18:45:00+00:00
1387973,61,2025,81,Marseille,9363,I. Paixao,Missing Fixture,Injury,2026-04-26T18:45:00+00:00
1387973,61,2025,81,Marseille,31057,H. J. Traore,Missing Fixture,Illness,2026-04-26T18:45:00+00:00
1387973,61,2025,84,Nice,196343,M. Abdelmonem,Missing Fixture,Knee Injury,2026-04-26T18:45:00+00:00
1387973,61,2025,84,Nice,407017,M. Bombito,Missing Fixture,Leg Injury,2026-04-26T18:45:00+00:00
1387973,61,2025,84,Nice,3099,Y. Ndayishimiye,Missing Fixture,Injury,2026-04-26T18:45:00+00:00
1387973,61,2025,84,Nice,442866,E. Pereira,Missing Fixture,Ankle Injury,2026-04-26T18:45:00+00:00
