fixture_id,date,league_id,season,home_team_id,home_team_name,away_team_id,away_team_name,goals_home,goals_away,status_short,home_formation,away_formation,formation_matchup,home_injuries_count,away_injuries_count,injuries_diff,home_formation_stability_5,home_recent_formations_count,home_api_possession_5,home_api_yellow_cards_5,home_api_red_cards_5,home_api_shots_on_goal_for_5,home_api_shots_on_goal_against_5,home_api_total_shots_for_5,home_api_total_shots_against_5,home_api_expected_goals_for_5,home_api_expected_goals_against_5,home_api_corners_for_5,home_api_corners_against_5,away_formation_stability_5,away_recent_formations_count,away_api_possession_5,away_api_yellow_cards_5,away_api_red_cards_5,away_api_shots_on_goal_for_5,away_api_shots_on_goal_against_5,away_api_total_shots_for_5,away_api_total_shots_against_5,away_api_expected_goals_for_5,away_api_expected_goals_against_5,away_api_corners_for_5,away_api_corners_against_5,api_shots_on_goal_diff_5,api_total_shots_diff_5,api_expected_goals_diff_5,api_corners_diff_5,api_possession_diff_5,formation_stability_diff_5,home_expected_goals,away_expected_goals,home_team_formation_matches_before,home_team_formation_win_rate_before,home_team_formation_draw_rate_before,home_team_formation_loss_rate_before,home_team_formation_xg_for_avg_before,home_team_formation_xg_against_avg_before,home_team_formation_goal_diff_avg_before,away_team_formation_matches_before,away_team_formation_win_rate_before,away_team_formation_draw_rate_before,away_team_formation_loss_rate_before,away_team_formation_xg_for_avg_before,away_team_formation_xg_against_avg_before,away_team_formation_goal_diff_avg_before,formation_matchup_matches_before,formation_matchup_home_win_rate_before,formation_matchup_draw_rate_before,formation_matchup_away_win_rate_before,formation_matchup_avg_total_goals_before,formation_matchup_avg_xg_total_before,home_formation_signal_strength,away_formation_signal_strength,matchup_signal_strength
1213754,2024-08-16 18:45:00+00:00,61,2024,111,Le Havre,85,Paris Saint Germain,1,4,FT,4-3-3,4-3-3,4-3-3 vs 4-3-3,1,3,-2,,0,,,,,,,,,,,,,0,,,,,,,,,,,,,,,,,,0.21,2.87,0,,,,,,,0,,,,,,,0,,,,,,weak,weak,weak
1213747,2024-08-17 15:00:00+00:00,61,2024,106,Stade Brestois 29,81,Marseille,1,5,FT,4-3-3,4-2-3-1,4-3-3 vs 4-2-3-1,2,6,-4,,0,,,,,,,,,,,,,0,,,,,,,,,,,,,,,,,,1.32,2.38,0,,,,,,,0,,,,,,,0,,,,,,weak,weak,weak
1213752,2024-08-17 17:00:00+00:00,61,2024,93,Reims,79,Lille,0,2,FT,4-3-3,5-4-1,4-3-3 vs 5-4-1,3,5,-2,,0,,,,,,,,,,,,,0,,,,,,,,,,,,,,,,,,0.07,2.1,0,,,,,,,0,,,,,,,0,,,,,,weak,weak,weak
1213751,2024-08-17 19:00:00+00:00,61,2024,91,Monaco,1063,Saint Etienne,1,0,FT,4-4-2,4-1-4-1,4-4-2 vs 4-1-4-1,2,1,1,,0,,,,,,,,,,,,,0,,,,,,,,,,,,,,,,,,1.96,0.45,0,,,,,,,0,,,,,,,0,,,,,,weak,weak,weak
1213753,2024-08-18 13:00:00+00:00,61,2024,108,Auxerre,84,Nice,2,1,FT,4-4-2,3-4-3,4-4-2 vs 3-4-3,1,4,-3,,0,,,,,,,,,,,,,0,,,,,,,,,,,,,,,,,,1.96,0.71,0,,,,,,,0,,,,,,,0,,,,,,weak,weak,weak
1213748,2024-08-18 15:00:00+00:00,61,2024,82,Montpellier,95,Strasbourg,1,1,FT,4-2-3-1,3-4-2-1,4-2-3-1 vs 3-4-2-1,3,1,2,,0,,,,,,,,,,,,,0,,,,,,,,,,,,,,,,,,1.41,0.91,0,,,,,,,0,,,,,,,0,,,,,,weak,weak,weak
1213749,2024-08-18 15:00:00+00:00,61,2024,96,Toulouse,83,Nantes,0,0,FT,3-4-3,4-2-3-1,3-4-3 vs 4-2-3-1,0,0,0,,0,,,,,,,,,,,,,0,,,,,,,,,,,,,,,,,,1.71,0.47,0,,,,,,,0,,,,,,,0,,,,,,weak,weak,weak
1213750,2024-08-18 15:00:00+00:00,61,2024,77,Angers,116,Lens,0,1,FT,5-3-2,3-4-1-2,5-3-2 vs 3-4-1-2,4,5,-1,,0,,,,,,,,,,,,,0,,,,,,,,,,,,,,,,,,0.39,1.23,0,,,,,,,0,,,,,,,0,,,,,,weak,weak,weak
1213755,2024-08-18 18:45:00+00:00,61,2024,94,Rennes,80,Lyon,3,0,FT,4-3-1-2,4-3-3,4-3-1-2 vs 4-3-3,1,2,-1,,0,,,,,,,,,,,,,0,,,,,,,,,,,,,,,,,,2.05,2.06,0,,,,,,,0,,,,,,,0,,,,,,weak,weak,weak
1213756,2024-08-23 18:45:00+00:00,61,2024,85,Paris Saint Germain,82,Montpellier,6,0,FT,4-3-3,5-3-2,4-3-3 vs 5-3-2,8,2,6,1.0,1,76.0,0.0,,10.0,2.0,15.0,5.0,2.87,0.21,8.0,2.0,1.0,1,42.0,4.0,,5.0,4.0,8.0,11.0,1.41,0.91,6.0,4.0,5.0,7.0,1.4600000000000002,2.0,34.0,0.0,3.82,0.63,1,1.0,0.0,0.0,2.87,0.21,3.0,0,,,,,,,0,,,,,,weak,weak,weak
1213763,2024-08-24 15:00:00+00:00,61,2024,80,Lyon,91,Monaco,0,2,FT,4-2-3-1,4-2-3-1,4-2-3-1 vs 4-2-3-1,0,2,-2,1.0,1,52.0,1.0,,2.0,8.0,16.0,22.0,2.06,2.05,7.0,7.0,1.0,1,62.0,1.0,,6.0,4.0,17.0,11.0,1.96,0.45,5.0,4.0,-4.0,-1.0,0.1,2.0,-10.0,0.0,0.03,2.26,0,,,,,,,0,,,,,,,0,,,,,,weak,weak,weak
1213760,2024-08-24 17:00:00+00:00,61,2024,79,Lille,77,Angers,2,0,FT,3-4-2-1,5-3-2,3-4-2-1 vs 5-3-2,6,2,4,1.0,1,69.0,2.0,0.0,6.0,0.0,22.0,2.0,2.1,0.07,8.0,0.0,1.0,1,41.0,1.0,,3.0,4.0,8.0,10.0,0.39,1.23,7.0,3.0,3.0,14.0,1.71,1.0,28.0,0.0,0.88,0.58,0,,,,,,,1,0.0,0.0,1.0,0.39,1.23,-1.0,0,,,,,,weak,weak,weak
1213759,2024-08-24 19:00:00+00:00,61,2024,1063,Saint Etienne,111,Le Havre,0,2,FT,4-1-4-1,5-4-1,4-1-4-1 vs 5-4-1,0,1,-1,1.0,1,38.0,1.0,,4.0,6.0,11.0,17.0,0.45,1.96,4.0,5.0,1.0,1,24.0,3.0,,2.0,10.0,5.0,15.0,0.21,2.87,2.0,8.0,2.0,6.0,0.24,2.0,14.0,0.0,1.11,2.38,1,0.0,0.0,1.0,0.45,1.96,-1.0,0,,,,,,,0,,,,,,weak,weak,weak
1213762,2024-08-25 13:00:00+00:00,61,2024,116,Lens,106,Stade Brestois 29,2,0,FT,3-4-1-2,4-3-3,3-4-1-2 vs 4-3-3,4,1,3,1.0,1,59.0,0.0,,4.0,3.0,10.0,8.0,1.23,0.39,3.0,7.0,1.0,1,50.0,4.0,,7.0,5.0,10.0,7.0,1.32,2.38,5.0,0.0,-3.0,0.0,-0.09,-2.0,9.0,0.0,2.97,0.86,1,1.0,0.0,0.0,1.23,0.39,1.0,1,0.0,0.0,1.0,1.32,2.38,-4.0,0,,,,,,weak,weak,weak
1213757,2024-08-25 15:00:00+00:00,61,2024,95,Strasbourg,94,Rennes,3,1,FT,3-4-1-2,4-3-1-2,3-4-1-2 vs 4-3-1-2,3,1,2,1.0,1,58.0,3.0,,4.0,5.0,11.0,8.0,0.91,1.41,4.0,6.0,1.0,1,48.0,2.0,,8.0,2.0,22.0,16.0,2.05,2.06,7.0,7.0,-4.0,-11.0,-1.1399999999999997,-3.0,10.0,0.0,0.72,1.09,0,,,,,,,1,1.0,0.0,0.0,2.05,2.06,3.0,0,,,,,,weak,weak,weak
1213758,2024-08-25 15:00:00+00:00,61,2024,83,Nantes,108,Auxerre,2,0,FT,4-2-3-1,4-2-3-1,4-2-3-1 vs 4-2-3-1,4,5,-1,1.0,1,46.0,3.0,,2.0,6.0,10.0,12.0,0.47,1.71,5.0,10.0,1.0,1,45.0,,,7.0,2.0,16.0,9.0,1.96,0.71,3.0,5.0,-5.0,-6.0,-1.49,2.0,1.0,0.0,1.44,1.11,1,0.0,1.0,0.0,0.47,1.71,0.0,0,,,,,,,1,0.0,0.0,1.0,2.0,2.2899999999999996,weak,weak,weak
1213761,2024-08-25 15:00:00+00:00,61,2024,84,Nice,96,Toulouse,1,1,FT,3-5-2,3-4-2-1,3-5-2 vs 3-4-2-1,4,0,4,1.0,1,55.0,,,2.0,7.0,9.0,16.0,0.71,1.96,5.0,3.0,1.0,1,54.0,1.0,,6.0,2.0,12.0,10.0,1.71,0.47,10.0,5.0,-4.0,-3.0,-1.0,-5.0,1.0,0.0,1.28,0.98,0,,,,,,,0,,,,,,,0,,,,,,weak,weak,weak
1213764,2024-08-25 18:45:00+00:00,61,2024,81,Marseille,93,Reims,2,2,FT,4-2-3-1,4-3-3,4-2-3-1 vs 4-3-3,3,2,1,1.0,1,50.0,1.0,,5.0,7.0,7.0,10.0,2.38,1.32,0.0,5.0,1.0,1,31.0,2.0,1.0,0.0,6.0,2.0,22.0,0.07,2.1,0.0,8.0,5.0,5.0,2.31,0.0,19.0,0.0,3.17,0.88,1,1.0,0.0,0.0,2.38,1.32,4.0,1,0.0,0.0,1.0,0.07,2.1,-2.0,0,,,,,,weak,weak,weak
1213766,2024-08-30 18:45:00+00:00,61,2024,80,Lyon,95,Strasbourg,4,3,FT,3-5-2,3-2-4-1,3-5-2 vs 3-2-4-1,2,3,-1,0.5,2,45.5,1.5,0.0,1.0,7.0,8.5,21.5,1.045,2.155,3.5,6.5,0.5,2,59.0,2.5,,4.5,5.0,11.0,11.0,0.815,1.25,3.0,5.5,-3.5,-2.5,0.2299999999999999,0.5,-13.5,0.0,2.92,2.72,0,,,,,,,0,,,,,,,0,,,,,,weak,weak,weak
1213767,2024-08-31 15:00:00+00:00,61,2024,106,Stade Brestois 29,1063,Saint Etienne,4,0,FT,4-3-3,4-2-3-1,4-3-3 vs 4-2-3-1,2,2,0,1.0,1,49.0,3.5,0.0,4.5,7.0,10.5,13.5,1.09,2.675,3.5,2.5,1.0,1,48.5,2.0,,4.5,5.5,15.0,15.5,0.78,2.17,3.0,4.5,0.0,-4.5,0.31,0.5,0.5,0.0,3.12,0.17,2,0.0,0.0,1.0,1.09,2.675,-3.0,0,,,,,,,1,0.0,0.0,1.0,6.0,3.7,weak,weak,weak
1213768,2024-08-31 17:00:00+00:00,61,2024,82,Montpellier,83,Nantes,1,3,FT,4-2-3-1,4-2-3-1,4-2-3-1 vs 4-2-3-1,6,5,1,0.5,2,36.5,4.0,,4.0,7.5,8.0,19.0,1.02,2.365,4.0,7.0,1.0,1,40.5,2.5,0.0,3.5,4.5,9.5,12.0,0.955,1.41,4.0,11.0,0.5,-1.5,0.065,0.0,-4.0,-0.5,0.92,1.48,1,0.0,1.0,0.0,1.41,0.91,0.0,2,0.5,0.5,0.0,0.955,1.4100000000000001,1.0,2,0.5,0.0,0.5,2.0,2.42,weak,weak,weak
1213773,2024-08-31 19:00:00+00:00,61,2024,96,Toulouse,81,Marseille,1,3,FT,3-4-2-1,4-2-3-1,3-4-2-1 vs 4-2-3-1,0,3,-3,0.5,2,48.0,1.5,,4.5,2.5,13.5,10.5,1.345,0.875,7.0,4.5,1.0,1,58.0,1.0,,8.0,5.0,14.0,11.5,2.775,1.1,1.0,4.5,-3.5,-0.5,-1.43,6.0,-10.0,-0.5,0.99,0.84,1,0.0,1.0,0.0,0.98,1.28,0.0,2,0.5,0.5,0.0,2.775,1.1,2.0,0,,,,,,weak,weak,weak
1213770,2024-09-01 13:00:00+00:00,61,2024,91,Monaco,116,Lens,1,1,FT,4-2-3-1,3-4-1-2,4-2-3-1 vs 3-4-1-2,3,3,0,0.5,2,61.5,2.0,1.0,6.0,2.0,19.0,6.0,2.11,0.24,5.5,2.0,1.0,1,55.5,1.0,1.0,6.5,2.5,15.0,9.5,2.1,0.625,4.0,4.5,-0.5,4.0,0.0099999999999997,1.5,6.0,-0.5,1.03,2.24,1,1.0,0.0,0.0,2.26,0.03,2.0,2,1.0,0.0,0.0,2.1,0.625,1.5,0,,,,,,weak,weak,weak
1213769,2024-09-01 15:00:00+00:00,61,2024,77,Angers,84,Nice,1,4,FT,5-3-2,3-4-3,5-3-2 vs 3-4-3,3,5,-2,1.0,1,38.0,1.5,,2.5,5.0,7.0,10.5,0.485,1.055,4.5,3.0,0.5,2,56.5,4.0,,2.5,5.0,10.0,15.5,0.995,1.47,4.5,3.5,0.0,-3.0,-0.51,0.0,-18.5,0.5,1.42,2.24,2,0.0,0.0,1.0,0.485,1.055,-1.5,1,0.0,0.0,1.0,0.71,1.96,-1.0,0,,,,,,weak,weak,weak
1213771,2024-09-01 15:00:00+00:00,61,2024,111,Le Havre,108,Auxerre,3,1,FT,5-4-1,4-2-3-1,5-4-1 vs 4-2-3-1,1,4,-3,0.5,2,32.5,3.0,,3.5,7.5,9.5,17.0,1.295,1.99,3.0,5.0,0.5,2,55.0,1.0,1.0,5.0,3.5,14.0,9.0,1.535,1.075,7.5,4.0,-1.5,-4.5,-0.2400000000000002,-4.5,-22.5,0.0,2.76,0.58,1,1.0,0.0,0.0,2.38,1.11,2.0,1,0.0,0.0,1.0,1.11,1.44,-2.0,0,,,,,,weak,weak,weak
1213772,2024-09-01 15:00:00+00:00,61,2024,93,Reims,94,Rennes,2,1,FT,4-3-3,4-4-2,4-3-3 vs 4-4-2,3,1,2,1.0,1,32.5,1.5,1.0,1.5,8.5,7.5,21.5,0.475,2.635,2.0,5.0,1.0,1,44.0,3.0,,6.5,3.5,18.0,13.5,1.5699999999999998,1.39,6.0,4.5,-5.0,-10.5,-1.0949999999999998,-4.0,-11.5,0.0,1.39,0.79,2,0.0,0.5,0.5,0.475,2.635,-1.0,0,,,,,,,0,,,,,,weak,weak,weak
1213765,2024-09-01 18:45:00+00:00,61,2024,79,Lille,85,Paris Saint Germain,1,3,FT,3-4-2-1,4-3-3,3-4-2-1 vs 4-3-3,5,5,0,0.5,2,67.0,1.5,0.0,6.0,1.0,16.5,4.0,1.49,0.3249999999999999,5.5,1.0,1.0,1,72.5,0.5,,10.5,2.5,21.0,6.5,3.345,0.42,9.0,2.0,-4.5,-4.5,-1.855,-3.5,-5.5,-0.5,1.4,2.6,1,1.0,0.0,0.0,0.88,0.58,2.0,2,1.0,0.0,0.0,3.3449999999999998,0.42,4.5,0,,,,,,weak,weak,weak
1213780,2024-09-13 18:45:00+00:00,61,2024,1063,Saint Etienne,79,Lille,1,0,FT,4-1-4-1,5-4-1,4-1-4-1 vs 5-4-1,3,6,-3,0.6666666666666666,2,50.0,3.0,,3.0,6.666666666666667,12.0,17.666666666666668,0.5766666666666667,2.486666666666667,2.6666666666666665,5.333333333333333,0.6666666666666666,2,58.66666666666666,2.0,0.0,5.333333333333333,3.0,13.666666666666666,6.333333333333333,1.46,1.0833333333333333,4.666666666666667,1.0,-2.333333333333333,-1.666666666666666,-0.8833333333333333,-2.0000000000000004,-8.666666666666664,0.0,1.25,1.24,2,0.0,0.0,1.0,0.78,2.17,-1.5,1,1.0,0.0,0.0,2.1,0.07,2.0,1,0.0,0.0,1.0,2.0,3.49,weak,weak,weak
1213781,2024-09-14 15:00:00+00:00,61,2024,81,Marseille,84,Nice,2,0,FT,4-2-3-1,3-4-3,4-2-3-1 vs 3-4-3,2,5,-3,1.0,1,64.0,1.3333333333333333,0.0,6.666666666666667,3.6666666666666665,13.333333333333334,8.666666666666666,2.13,1.0633333333333337,1.6666666666666667,3.6666666666666665,0.6666666666666666,2,53.0,4.0,1.0,4.666666666666667,5.666666666666667,11.333333333333334,15.0,1.41,1.4533333333333331,5.333333333333333,3.6666666666666665,2.0,2.0,0.7199999999999998,-3.666666666666666,11.0,0.3333333333333333,0.67,2.05,3,0.6666666666666666,0.3333333333333333,0.0,2.13,1.0633333333333335,2.0,2,0.5,0.0,0.5,1.475,1.69,1.0,0,,,,,,weak,weak,weak
1213774,2024-09-14 17:00:00+00:00,61,2024,108,Auxerre,91,Monaco,0,3,FT,3-4-2-1,4-2-3-1,3-4-2-1 vs 4-2-3-1,4,3,1,0.6666666666666666,2,53.66666666666666,3.0,1.0,4.333333333333333,5.0,11.666666666666666,13.333333333333334,1.2166666666666668,1.6366666666666667,5.666666666666667,3.333333333333333,0.6666666666666666,2,61.333333333333336,1.6666666666666667,1.0,5.0,2.6666666666666665,17.333333333333332,8.0,1.75,0.9066666666666668,6.0,3.6666666666666665,-0.666666666666667,-5.666666666666666,-0.5333333333333332,-0.333333333333333,-7.666666666666671,0.0,0.56,3.49,0,,,,,,,2,0.5,0.5,0.0,1.645,1.135,1.0,1,0.0,0.0,1.0,4.0,1.83,weak,weak,weak
1213782,2024-09-14 19:00:00+00:00,61,2024,85,Paris Saint Germain,106,Stade Brestois 29,3,1,FT,4-3-3,4-3-3,4-3-3 vs 4-3-3,5,2,3,1.0,1,67.66666666666667,1.0,,9.333333333333334,3.0,17.666666666666668,7.0,3.0966666666666662,0.7466666666666666,6.333333333333333,2.333333333333333,1.0,1,48.333333333333336,2.333333333333333,0.0,6.0,4.666666666666667,14.333333333333334,11.0,1.7666666666666668,1.84,4.666666666666667,2.333333333333333,3.333333333333334,3.333333333333334,1.3299999999999994,1.666666666666666,19.333333333333336,0.0,2.88,0.97,3,1.0,0.0,0.0,3.0966666666666662,0.7466666666666666,3.6666666666666665,3,0.3333333333333333,0.0,0.6666666666666666,1.7666666666666668,1.8399999999999999,-0.6666666666666666,1,0.0,0.0,1.0,5.0,3.08,weak,weak,weak
1213775,2024-09-15 13:00:00+00:00,61,2024,94,Rennes,82,Montpellier,3,0,FT,3-4-3,4-2-3-1,3-4-3 vs 4-2-3-1,2,6,-4,0.6666666666666666,2,45.0,2.333333333333333,,6.0,4.666666666666667,16.333333333333332,12.666666666666666,1.3099999999999998,1.39,5.666666666666667,4.0,0.6666666666666666,2,47.333333333333336,3.333333333333333,,4.0,6.333333333333333,8.666666666666666,15.666666666666666,0.9866666666666668,2.07,5.333333333333333,5.666666666666667,2.0,7.666666666666666,0.3233333333333331,0.3333333333333339,-2.333333333333336,0.0,1.29,0.33,0,,,,,,,2,0.0,0.5,0.5,1.165,1.195,-1.0,1,0.0,1.0,0.0,0.0,2.1799999999999997,weak,weak,weak
1213777,2024-09-15 15:00:00+00:00,61,2024,83,Nantes,93,Reims,1,2,FT,4-2-3-1,4-3-3,4-2-3-1 vs 4-3-3,3,4,-1,1.0,1,37.333333333333336,2.333333333333333,0.0,3.6666666666666665,4.333333333333333,9.333333333333334,11.333333333333334,1.13,1.2466666666666668,3.6666666666666665,10.0,1.0,1,39.333333333333336,1.6666666666666667,1.0,3.333333333333333,7.333333333333333,8.666666666666666,18.666666666666668,0.7799999999999999,2.02,2.333333333333333,5.0,0.333333333333333,0.6666666666666679,0.35,1.333333333333333,-2.0,0.0,1.53,0.51,3,0.6666666666666666,0.3333333333333333,0.0,1.13,1.2466666666666668,1.3333333333333333,3,0.3333333333333333,0.3333333333333333,0.3333333333333333,0.7799999999999999,2.02,-0.3333333333333333,1,0.0,1.0,0.0,4.0,4.05,weak,weak,weak
1213778,2024-09-15 15:00:00+00:00,61,2024,96,Toulouse,111,Le Havre,2,0,FT,3-4-2-1,5-4-1,3-4-2-1 vs 5-4-1,2,1,1,0.6666666666666666,2,40.0,2.333333333333333,1.0,3.333333333333333,3.0,10.0,11.0,1.2266666666666666,0.8633333333333333,5.333333333333333,4.0,0.6666666666666666,2,38.0,2.333333333333333,0.0,5.0,6.0,13.666666666666666,13.666666666666666,1.7833333333333332,1.5200000000000002,2.6666666666666665,4.0,-1.6666666666666663,-3.666666666666666,-0.5566666666666666,2.6666666666666665,2.0,0.0,1.32,0.21,2,0.0,0.5,0.5,0.985,1.06,-1.0,2,1.0,0.0,0.0,2.57,0.845,2.0,0,,,,,,weak,weak,weak
1213779,2024-09-15 15:00:00+00:00,61,2024,95,Strasbourg,77,Angers,1,1,FT,4-4-2,4-2-3-1,4-4-2 vs 4-2-3-1,5,2,3,0.3333333333333333,3,56.66666666666666,2.333333333333333,,5.666666666666667,7.333333333333333,12.333333333333334,14.0,1.45,1.8066666666666664,2.6666666666666665,6.666666666666667,1.0,1,43.333333333333336,3.0,0.0,4.0,6.333333333333333,9.333333333333334,11.666666666666666,0.7966666666666665,1.45,4.333333333333333,4.333333333333333,1.666666666666667,3.0,0.6533333333333334,-1.6666666666666663,13.333333333333329,-0.6666666666666667,2.26,0.92,0,,,,,,,0,,,,,,,0,,,,,,weak,weak,weak
1213776,2024-09-15 18:45:00+00:00,61,2024,116,Lens,80,Lyon,0,0,FT,3-4-1-2,3-5-2,3-4-1-2 vs 3-5-2,1,0,1,1.0,1,50.0,2.0,1.0,5.666666666666667,2.6666666666666665,14.0,11.0,2.146666666666667,0.7600000000000001,5.0,5.333333333333333,0.3333333333333333,3,46.333333333333336,2.0,0.0,4.666666666666667,7.333333333333333,12.333333333333334,19.33333333333333,1.67,2.3433333333333333,5.333333333333333,5.0,1.0,1.666666666666666,0.476666666666667,-0.333333333333333,3.666666666666664,0.6666666666666667,1.05,0.56,3,0.6666666666666666,0.3333333333333333,0.0,2.146666666666667,0.7600000000000001,1.0,1,1.0,0.0,0.0,2.92,2.72,1.0,0,,,,,,weak,weak,weak
1213784,2024-09-20 18:45:00+00:00,61,2024,84,Nice,1063,Saint Etienne,8,0,FT,3-4-3,4-3-3,3-4-3 vs 4-3-3,3,4,-1,0.75,2,50.75,3.333333333333333,0.5,4.5,5.5,11.5,13.75,1.57,1.2574999999999998,4.5,3.0,0.75,2,44.75,2.5,,3.5,6.0,11.5,17.5,0.745,2.175,2.5,5.75,1.0,0.0,0.8250000000000001,2.0,6.0,0.0,4.73,0.32,3,0.3333333333333333,0.0,0.6666666666666666,1.6666666666666667,1.3499999999999999,0.0,0,,,,,,,0,,,,,,weak,weak,weak
1213789,2024-09-21 15:00:00+00:00,61,2024,79,Lille,95,Strasbourg,3,3,FT,4-2-3-1,4-1-4-1,4-2-3-1 vs 4-1-4-1,6,5,1,0.5,2,61.75,1.75,0.0,5.0,3.5,14.5,7.25,1.405,1.125,5.25,1.25,0.25,4,55.25,2.75,,5.5,6.0,11.75,13.5,1.6525,1.585,3.5,7.25,-0.5,2.75,-0.2474999999999998,1.75,6.5,0.25,2.75,3.23,0,,,,,,,0,,,,,,,0,,,,,,weak,weak,weak
1213790,2024-09-21 17:00:00+00:00,61,2024,94,Rennes,116,Lens,1,1,FT,3-4-2-1,3-4-1-2,3-4-2-1 vs 3-4-1-2,3,3,0,0.5,3,46.5,2.0,,6.0,4.5,15.0,12.5,1.305,1.125,5.0,4.0,1.0,1,51.0,2.0,1.0,5.5,2.75,13.5,10.25,1.8725,0.7100000000000001,5.0,6.0,0.5,1.5,-0.5675000000000001,0.0,-4.5,-0.5,1.37,0.56,0,,,,,,,4,0.5,0.5,0.0,1.8725,0.7100000000000001,0.75,0,,,,,,weak,weak,weak
1213785,2024-09-21 19:00:00+00:00,61,2024,93,Reims,85,Paris Saint Germain,1,1,FT,4-3-3,4-3-3,4-3-3 vs 4-3-3,3,6,-3,1.0,1,43.25,1.5,1.0,3.5,7.0,9.25,18.5,0.7124999999999999,1.8975,2.5,5.25,1.0,1,67.5,1.25,,9.25,3.0,18.75,6.5,3.0424999999999995,0.8025,7.0,2.0,-5.75,-9.5,-2.33,-4.5,-24.25,0.0,0.31,1.59,4,0.5,0.25,0.25,0.7124999999999999,1.8975,0.0,4,1.0,0.0,0.0,3.0424999999999995,0.8025,3.25,2,0.5,0.0,0.5,4.5,3.465,weak,weak,weak
1213791,2024-09-22 13:00:00+00:00,61,2024,91,Monaco,111,Le Havre,3,1,FT,4-4-2,3-5-1-1,4-4-2 vs 3-5-1-1,3,1,2,0.75,2,60.75,1.25,1.0,6.0,2.75,17.75,9.25,2.185,0.8200000000000001,6.0,3.0,0.75,2,40.0,2.0,0.0,4.5,6.25,11.5,14.0,1.39,1.4700000000000002,3.25,4.5,1.5,6.25,0.7950000000000002,2.75,20.75,0.0,1.98,0.57,1,1.0,0.0,0.0,1.96,0.45,1.0,0,,,,,,,0,,,,,,weak,weak,weak
1213786,2024-09-22 15:00:00+00:00,61,2024,106,Stade Brestois 29,96,Toulouse,2,0,FT,4-3-1-2,3-4-2-1,4-3-1-2 vs 3-4-2-1,2,1,1,1.0,1,44.5,2.5,0.0,5.25,5.75,12.0,13.75,1.5675,2.1,3.75,4.0,0.75,2,43.5,2.0,1.0,4.25,3.0,11.25,9.5,1.25,0.7,5.5,4.25,1.0,0.75,0.3175000000000001,-1.75,1.0,0.25,0.43,2.77,0,,,,,,,3,0.3333333333333333,0.3333333333333333,0.3333333333333333,1.0966666666666667,0.7766666666666667,0.0,0,,,,,,weak,weak,weak
1213787,2024-09-22 15:00:00+00:00,61,2024,77,Angers,83,Nantes,1,1,FT,4-2-3-1,4-2-3-1,4-2-3-1 vs 4-2-3-1,4,4,0,0.75,2,44.75,2.5,0.0,3.5,6.0,10.0,11.25,0.8274999999999999,1.6525,5.5,4.75,1.0,1,39.25,2.5,0.0,4.25,4.25,11.5,11.25,1.23,1.0625,4.25,8.25,-0.75,-1.5,-0.4025000000000001,1.25,5.5,-0.25,0.85,0.62,1,0.0,1.0,0.0,0.92,2.26,0.0,4,0.5,0.25,0.25,1.23,1.0625,0.75,3,0.3333333333333333,0.0,0.6666666666666666,2.6666666666666665,2.4133333333333336,weak,weak,weak
1213788,2024-09-22 15:00:00+00:00,61,2024,82,Montpellier,108,Auxerre,3,2,FT,4-2-3-1,5-4-1,4-2-3-1 vs 5-4-1,7,3,4,0.75,2,47.75,3.25,,4.0,6.25,9.5,14.5,0.8225,1.875,5.0,5.0,0.5,3,50.5,3.0,1.0,4.0,6.0,12.0,14.75,1.0525000000000002,2.1,4.5,4.0,0.0,-2.5,-0.2300000000000002,0.5,-2.75,0.25,2.04,1.27,3,0.0,0.3333333333333333,0.6666666666666666,0.8866666666666667,1.2266666666666668,-1.6666666666666667,0,,,,,,,0,,,,,,weak,weak,weak
1213783,2024-09-22 18:45:00+00:00,61,2024,80,Lyon,81,Marseille,2,3,FT,3-5-2,4-2-3-1,3-5-2 vs 4-2-3-1,0,5,-5,0.5,3,46.25,2.0,0.0,4.25,6.75,11.25,17.5,1.3925,2.02,6.0,5.0,1.0,1,62.0,2.25,0.5,6.25,3.75,12.5,9.5,1.765,1.31,1.5,3.25,-2.0,-1.25,-0.3724999999999998,4.5,-15.75,-0.5,3.01,0.79,2,0.5,0.5,0.0,1.74,1.8850000000000002,0.5,4,0.75,0.25,0.0,1.765,1.31,2.0,0,,,,,,weak,weak,weak
1213794,2024-09-27 17:00:00+00:00,61,2024,108,Auxerre,106,Stade Brestois 29,3,0,FT,5-3-2,4-3-3,5-3-2 vs 4-3-3,0,0,0,0.4,4,49.6,3.25,1.0,4.4,5.8,11.8,14.6,1.096,2.088,4.6,5.4,0.8,2,44.2,2.2,0.0,5.2,4.8,11.2,13.2,1.34,2.2339999999999995,3.8,3.8,-0.7999999999999998,0.6000000000000014,-0.244,0.7999999999999998,5.399999999999999,-0.4,2.57,0.8,0,,,,,,,4,0.25,0.0,0.75,1.5675000000000001,2.0999999999999996,-1.0,0,,,,,,weak,weak,weak
1213793,2024-09-27 19:00:00+00:00,61,2024,85,Paris Saint Germain,94,Rennes,3,1,FT,4-3-3,3-4-2-1,4-3-3 vs 3-4-2-1,0,0,0,1.0,1,69.6,1.2,,8.2,2.6,17.2,6.8,2.752,0.704,6.6,2.2,0.4,4,45.2,2.0,,6.0,4.0,14.2,12.0,1.318,1.012,4.8,3.8,2.1999999999999997,3.0,1.4339999999999995,1.7999999999999998,24.39999999999999,0.6,3.05,1.5,5,0.8,0.2,0.0,2.752,0.704,2.6,1,0.0,1.0,0.0,1.37,0.56,0.0,0,,,,,,medium,weak,weak
1213795,2024-09-28 15:00:00+00:00,61,2024,116,Lens,84,Nice,0,0,FT,4-2-3-1,3-4-2-1,4-2-3-1 vs 3-4-2-1,0,0,0,1.0,1,52.8,2.5,1.0,4.8,3.4,12.8,10.4,1.61,0.8420000000000002,4.6,5.6,0.8,2,52.4,2.5,0.5,6.0,4.8,12.8,12.6,2.2020000000000004,1.0699999999999998,4.2,2.8,-1.2000000000000002,0.0,-0.5920000000000003,0.3999999999999994,0.3999999999999986,0.1999999999999999,1.99,1.15,0,,,,,,,0,,,,,,,1,0.0,1.0,0.0,2.0,2.32,weak,weak,weak
1213797,2024-09-28 17:00:00+00:00,61,2024,111,Le Havre,79,Lille,0,3,FT,5-4-1,4-2-3-1,5-4-1 vs 4-2-3-1,0,0,0,0.6,3,39.6,2.2,0.0,4.0,5.8,10.8,13.6,1.226,1.5720000000000005,3.4,4.8,0.4,3,62.2,1.8,0.0,5.4,4.6,14.6,8.2,1.6740000000000002,1.546,6.0,2.0,-1.4000000000000004,-3.799999999999999,-0.4480000000000002,-2.6,-22.6,0.1999999999999999,0.41,3.58,3,0.6666666666666666,0.0,0.3333333333333333,1.7833333333333332,1.0033333333333332,0.6666666666666666,1,0.0,1.0,0.0,2.75,3.23,0.0,1,1.0,0.0,0.0,4.0,3.34,weak,weak,weak
1213799,2024-09-28 19:00:00+00:00,61,2024,91,Monaco,82,Montpellier,2,1,FT,4-2-2-2,4-2-3-1,4-2-2-2 vs 4-2-3-1,0,0,0,0.6,2,61.0,1.2,1.0,5.6,2.6,16.6,9.0,2.144,0.77,6.0,3.2,0.8,2,49.0,3.2,,4.2,6.2,10.4,13.8,1.066,1.754,6.2,5.0,1.3999999999999997,6.200000000000001,1.078,-0.2000000000000001,12.0,-0.2,3.25,0.88,0,,,,,,,4,0.25,0.25,0.5,1.175,1.2375,-1.0,0,,,,,,weak,weak,weak
1213798,2024-09-29 13:00:00+00:00,61,2024,96,Toulouse,80,Lyon,1,2,FT,3-4-2-1,4-3-3,3-4-2-1 vs 4-3-3,0,0,0,0.8,2,46.2,1.8,1.0,3.6,3.4,11.2,9.2,1.5539999999999998,0.646,5.0,4.2,0.6,3,49.6,2.5,0.0,5.2,6.4,13.4,15.8,1.716,1.7740000000000002,6.8,4.6,-1.6,-2.200000000000001,-0.1620000000000001,-1.7999999999999998,-3.3999999999999986,0.2,0.94,0.42,4,0.25,0.25,0.5,1.5150000000000001,0.6900000000000001,-0.5,1,0.0,0.0,1.0,2.06,2.05,-3.0,1,0.0,0.0,1.0,4.0,4.0,weak,weak,weak
1213796,2024-09-29 15:00:00+00:00,61,2024,83,Nantes,1063,Saint Etienne,2,2,FT,4-2-3-1,4-3-3,4-2-3-1 vs 4-3-3,0,0,0,1.0,1,41.4,2.8,0.0,4.0,3.6,11.0,9.8,1.108,1.02,4.6,7.2,0.6,3,44.0,2.2,,3.2,7.2,10.8,17.6,0.6599999999999999,2.686,2.4,5.2,0.7999999999999998,0.1999999999999993,0.4480000000000002,2.2,-2.6000000000000014,0.4,1.8,1.02,5,0.4,0.4,0.2,1.108,1.02,0.6,1,0.0,0.0,1.0,0.32,4.73,-8.0,2,0.0,0.5,0.5,3.5,3.045,medium,weak,weak
1213800,2024-09-29 15:00:00+00:00,61,2024,77,Angers,93,Reims,1,3,FT,4-2-3-1,4-2-3-1,4-2-3-1 vs 4-2-3-1,0,0,0,0.6,2,45.8,2.2,0.0,3.0,5.4,8.8,10.8,0.8319999999999999,1.446,5.0,5.0,1.0,1,39.0,1.6,1.0,3.0,6.4,9.0,17.0,0.6319999999999999,1.836,2.6,5.2,0.0,-0.1999999999999993,0.1999999999999999,2.4,6.799999999999997,-0.4,1.12,2.91,2,0.0,1.0,0.0,0.885,1.44,0.0,0,,,,,,,4,0.25,0.25,0.5,2.5,2.1775,weak,weak,weak
1213792,2024-09-29 18:45:00+00:00,61,2024,95,Strasbourg,81,Marseille,1,0,FT,4-2-3-1,4-2-3-1,4-2-3-1 vs 4-2-3-1,0,0,0,0.2,5,51.4,2.6,,6.2,6.2,11.8,13.8,1.968,1.818,3.8,7.6,1.0,1,57.0,2.4,0.6666666666666666,6.0,4.8,11.8,12.0,1.5699999999999998,1.65,1.8,4.6,0.2000000000000001,0.0,0.3980000000000001,2.0,-5.600000000000001,-0.8,1.31,0.5,0,,,,,,,5,0.8,0.2,0.0,1.5699999999999998,1.65,1.8,5,0.2,0.2,0.6,2.8,2.5480000000000005,weak,medium,medium
1213806,2024-10-04 18:45:00+00:00,61,2024,81,Marseille,77,Angers,1,1,FT,4-2-3-1,4-2-3-1,4-2-3-1 vs 4-2-3-1,5,4,1,1.0,1,58.8,2.4,0.6666666666666666,5.6,4.6,12.4,12.8,1.194,1.648,2.4,5.2,0.6,2,48.2,2.0,0.0,3.0,6.6,10.0,13.0,0.978,1.782,4.6,5.2,2.6,2.4000000000000004,0.2159999999999998,-2.2,10.599999999999994,0.4,0.89,0.83,6,0.6666666666666666,0.16666666666666666,0.16666666666666666,1.3916666666666666,1.5933333333333335,1.3333333333333333,3,0.0,0.6666666666666666,0.3333333333333333,0.9633333333333334,1.93,-0.6666666666666666,6,0.3333333333333333,0.16666666666666666,0.5,2.5,2.4250000000000003,medium,weak,medium
1213804,2024-10-05 15:00:00+00:00,61,2024,1063,Saint Etienne,108,Auxerre,3,1,FT,4-3-3,3-4-2-1,4-3-3 vs 3-4-2-1,5,3,2,0.4,3,44.2,2.4,0.0,3.0,6.6,9.6,17.4,0.774,2.6540000000000004,2.4,5.8,0.4,4,48.2,3.0,1.0,3.8,6.2,11.6,14.4,1.218,2.1060000000000003,4.4,5.0,-0.7999999999999998,-2.0,-0.4439999999999999,-2.0000000000000004,-4.0,0.0,2.73,0.79,2,0.0,0.5,0.5,0.67,3.265,-4.0,1,0.0,0.0,1.0,0.56,3.49,-3.0,1,1.0,0.0,0.0,4.0,4.55,weak,weak,weak
1213803,2024-10-05 17:00:00+00:00,61,2024,79,Lille,96,Toulouse,2,1,FT,4-2-3-1,3-4-2-1,4-2-3-1 vs 3-4-2-1,6,2,4,0.4,3,60.8,1.6,,6.2,5.4,13.8,9.2,1.97,1.614,5.4,2.2,1.0,1,44.4,2.0,1.0,3.2,3.2,10.8,8.0,1.4,0.636,3.6,4.0,3.0,3.0,0.5700000000000001,1.8000000000000005,16.4,-0.6,1.61,1.11,2,0.5,0.5,0.0,3.165,1.82,1.5,5,0.2,0.2,0.6,1.4,0.636,-0.6,2,0.0,1.0,0.0,1.0,2.7299999999999995,weak,medium,weak
1213807,2024-10-05 19:00:00+00:00,61,2024,94,Rennes,91,Monaco,1,2,FT,3-4-3,3-4-2-1,3-4-3 vs 3-4-2-1,2,2,0,0.4,4,43.2,2.2,,5.4,5.2,12.2,13.4,1.208,1.21,4.2,3.6,0.6,3,61.6,1.8,0.5,5.8,2.6,17.4,8.6,2.402,0.8560000000000001,6.2,2.8,-0.3999999999999994,-5.199999999999999,-1.1940000000000002,-2.0,-18.4,-0.1999999999999999,0.75,0.58,1,1.0,0.0,0.0,1.29,0.33,3.0,0,,,,,,,0,,,,,,weak,weak,weak
1213801,2024-10-06 13:00:00+00:00,61,2024,80,Lyon,83,Nantes,2,0,FT,4-2-3-1,4-2-3-1,4-2-3-1 vs 4-2-3-1,5,8,-3,0.6,3,50.2,2.75,0.0,5.0,5.6,11.0,13.4,1.388,1.552,6.2,3.8,1.0,1,44.4,2.6,0.5,4.2,3.0,12.2,8.4,1.374,0.882,5.2,6.0,0.7999999999999998,-1.1999999999999993,0.0139999999999997,1.0,5.800000000000004,-0.4,3.28,0.88,1,0.0,0.0,1.0,0.03,2.26,-2.0,6,0.3333333333333333,0.5,0.16666666666666666,1.2233333333333334,1.0199999999999998,0.5,7,0.2857142857142857,0.2857142857142857,0.42857142857142855,2.4285714285714284,2.3242857142857147,weak,medium,medium
1213805,2024-10-06 15:00:00+00:00,61,2024,106,Stade Brestois 29,111,Le Havre,2,0,FT,4-2-3-1,3-1-4-2,4-2-3-1 vs 3-1-4-2,2,4,-2,0.8,2,46.6,1.4,0.0,4.6,4.6,10.8,14.8,1.236,2.272,3.4,4.2,0.8,2,42.4,2.0,0.0,4.4,5.8,11.2,14.2,1.266,1.714,3.2,4.2,0.1999999999999993,-0.3999999999999986,-0.03,0.1999999999999997,4.200000000000003,0.0,0.75,1.06,0,,,,,,,0,,,,,,,0,,,,,,weak,weak,weak
1213808,2024-10-06 15:00:00+00:00,61,2024,95,Strasbourg,116,Lens,2,2,FT,4-2-3-1,3-4-1-2,4-2-3-1 vs 3-4-1-2,7,8,-1,0.2,5,48.0,2.4,,6.6,5.8,12.4,14.2,2.048,1.636,4.6,7.0,0.8,2,52.0,3.25,1.0,5.4,3.6,15.2,11.8,1.762,0.994,6.2,5.0,1.1999999999999993,-2.799999999999999,0.286,-1.6000000000000003,-4.0,-0.6000000000000001,1.24,0.99,1,1.0,0.0,0.0,1.31,0.5,1.0,5,0.4,0.6,0.0,1.61,0.8420000000000002,0.6,1,0.0,1.0,0.0,2.0,3.2700000000000005,weak,medium,weak
1213809,2024-10-06 15:00:00+00:00,61,2024,93,Reims,82,Montpellier,4,2,FT,4-2-3-1,4-2-3-1,4-2-3-1 vs 4-2-3-1,2,8,-6,0.8,2,42.2,1.8,,5.0,5.8,12.8,15.4,1.2,1.64,3.4,4.6,0.8,2,47.6,3.0,1.0,4.0,6.8,10.6,15.8,0.96,2.222,5.4,5.4,1.0,2.200000000000001,0.24,-2.0000000000000004,-5.399999999999999,0.0,3.03,0.5,1,1.0,0.0,0.0,2.91,1.12,2.0,5,0.2,0.2,0.6,1.116,1.64,-1.0,8,0.375,0.25,0.375,2.375,2.55375,weak,medium,medium
1213802,2024-10-06 18:45:00+00:00,61,2024,84,Nice,85,Paris Saint Germain,1,1,FT,3-4-2-1,4-3-3,3-4-2-1 vs 4-3-3,4,3,1,0.6,3,50.4,2.4,0.3333333333333333,6.4,4.8,14.0,13.8,2.29,1.076,4.0,4.4,1.0,1,66.8,1.4,,7.8,3.2,18.8,8.2,2.7880000000000003,0.962,6.2,2.6,-1.3999999999999997,-4.800000000000001,-0.4980000000000002,-2.2,-16.4,-0.4,0.35,1.3,1,0.0,1.0,0.0,1.15,1.99,0.0,6,0.8333333333333334,0.16666666666666666,0.0,2.8016666666666663,0.8366666666666666,2.5,2,0.0,0.0,1.0,3.5,2.6799999999999997,weak,medium,weak
1213815,2024-10-18 18:45:00+00:00,61,2024,91,Monaco,79,Lille,0,0,FT,4-2-3-1,4-2-3-1,4-2-3-1 vs 4-2-3-1,4,7,-3,0.4,4,57.8,2.0,0.0,5.0,3.2,14.2,11.2,2.066,1.0,5.8,4.8,0.6,3,59.4,2.0,,5.6,5.6,13.6,9.8,2.116,1.72,5.6,3.0,-0.5999999999999996,0.5999999999999996,-0.0499999999999998,0.2000000000000001,-1.6000000000000014,-0.1999999999999999,1.23,0.25,3,0.6666666666666666,0.3333333333333333,0.0,2.2600000000000002,0.9433333333333334,1.6666666666666667,3,0.6666666666666666,0.3333333333333333,0.0,2.646666666666667,1.5833333333333333,1.3333333333333333,9,0.4444444444444444,0.2222222222222222,0.3333333333333333,2.7777777777777777,2.6622222222222223,weak,weak,medium
1213817,2024-10-19 15:00:00+00:00,61,2024,106,Stade Brestois 29,94,Rennes,1,1,FT,4-3-3,3-4-2-1,4-3-3 vs 3-4-2-1,4,4,0,0.6,3,47.8,1.6,1.0,4.8,3.0,10.2,13.6,1.214,1.89,3.2,5.0,0.4,3,46.8,1.8,,5.0,4.6,12.2,12.2,1.14,1.182,5.2,4.0,-0.2000000000000001,-2.0,0.0739999999999998,-2.0,1.0,0.1999999999999999,1.47,1.16,5,0.2,0.0,0.8,1.4140000000000001,2.194,-1.4,2,0.0,0.5,0.5,1.435,1.805,-1.0,2,1.0,0.0,0.0,4.0,4.035,medium,weak,weak
1213816,2024-10-19 17:00:00+00:00,61,2024,1063,Saint Etienne,116,Lens,0,2,FT,4-3-3,3-4-2-1,4-3-3 vs 3-4-2-1,5,8,-3,0.6,3,40.8,2.4,0.0,3.0,6.2,8.4,16.8,1.098,2.336,3.0,5.8,0.8,2,54.2,3.75,1.0,4.6,4.2,13.6,11.2,1.366,1.0699999999999998,6.2,5.2,-1.5999999999999996,-5.199999999999999,-0.268,-3.2,-13.400000000000006,-0.2,0.78,1.22,3,0.3333333333333333,0.3333333333333333,0.3333333333333333,1.3566666666666667,2.44,-2.0,0,,,,,,,3,0.6666666666666666,0.3333333333333333,0.0,3.3333333333333335,3.5666666666666664,weak,weak,weak
1213818,2024-10-19 19:00:00+00:00,61,2024,85,Paris Saint Germain,95,Strasbourg,4,2,FT,4-3-3,4-2-3-1,4-3-3 vs 4-2-3-1,3,7,-4,1.0,1,67.2,1.6,,7.4,3.2,17.2,8.2,2.2840000000000003,0.906,7.2,3.2,0.4,4,43.4,2.4,,6.6,5.8,11.8,13.8,2.152,1.616,4.8,7.0,0.8000000000000007,5.399999999999999,0.1320000000000001,2.4000000000000004,23.800000000000004,0.6,3.49,1.96,7,0.7142857142857143,0.2857142857142857,0.0,2.587142857142857,0.767142857142857,2.142857142857143,2,0.5,0.5,0.0,1.275,0.745,0.5,2,0.5,0.0,0.5,5.0,3.495,medium,weak,weak
1213812,2024-10-20 13:00:00+00:00,61,2024,111,Le Havre,80,Lyon,0,4,FT,3-1-4-2,4-3-3,3-1-4-2 vs 4-3-3,7,3,4,0.6,3,43.4,1.4,0.5,3.6,5.4,11.2,12.0,1.002,1.642,4.2,4.0,0.6,3,54.8,2.5,0.0,6.2,5.6,14.2,11.4,2.038,1.276,7.4,4.4,-2.6,-3.0,-1.0359999999999998,-3.2,-11.4,0.0,0.49,2.72,1,0.0,0.0,1.0,1.06,0.75,-2.0,2,0.5,0.0,0.5,1.24,1.4949999999999999,-1.0,0,,,,,,weak,weak,weak
1213810,2024-10-20 15:00:00+00:00,61,2024,108,Auxerre,93,Reims,2,1,FT,3-4-2-1,4-2-3-1,3-4-2-1 vs 4-2-3-1,4,4,0,0.4,4,46.8,3.0,1.0,3.8,6.2,11.4,15.2,1.154,2.364,2.8,5.4,0.6,2,45.0,2.2,,5.4,4.2,13.8,13.2,1.63,1.106,3.4,5.0,-1.6000000000000003,-2.4000000000000004,-0.476,-0.6000000000000001,1.7999999999999972,-0.1999999999999999,2.91,1.08,2,0.0,0.0,1.0,0.675,3.1100000000000003,-2.5,2,1.0,0.0,0.0,2.9699999999999998,0.81,2.0,2,0.0,0.0,1.0,3.5,2.9400000000000004,weak,weak,weak
1213811,2024-10-20 15:00:00+00:00,61,2024,96,Toulouse,77,Angers,1,1,FT,4-2-3-1,4-2-3-1,4-2-3-1 vs 4-2-3-1,4,8,-4,1.0,1,44.4,2.0,1.0,3.2,3.2,9.6,7.8,1.426,0.702,4.0,4.0,0.8,2,46.0,1.6,0.5,3.2,6.2,10.8,14.0,1.028,1.7840000000000005,4.8,6.4,0.0,-1.200000000000001,0.3979999999999999,-0.7999999999999998,-1.6000000000000014,0.1999999999999999,1.97,1.38,0,,,,,,,4,0.0,0.75,0.25,0.93,1.67,-0.5,10,0.4,0.3,0.3,2.5,2.544,weak,weak,strong
1213813,2024-10-20 15:00:00+00:00,61,2024,83,Nantes,84,Nice,1,1,FT,4-3-3,3-4-2-1,4-3-3 vs 3-4-2-1,6,7,-1,1.0,1,45.0,2.6,1.0,4.4,3.6,12.6,9.4,1.262,1.316,6.4,4.8,0.6,2,44.6,1.8,0.3333333333333333,6.4,6.0,13.4,14.6,2.104,1.14,4.2,6.6,-2.0,-0.8000000000000007,-0.8420000000000001,2.2,0.3999999999999986,0.4,0.49,0.85,0,,,,,,,2,0.0,1.0,0.0,0.75,1.645,0.0,4,0.5,0.25,0.25,3.0,3.175,weak,weak,weak
1213814,2024-10-20 18:45:00+00:00,61,2024,82,Montpellier,81,Marseille,0,5,FT,4-2-3-1,4-2-3-1,4-2-3-1 vs 4-2-3-1,8,6,2,1.0,1,51.8,3.2,1.0,4.0,5.6,11.0,14.0,0.934,2.064,5.8,4.2,1.0,1,60.8,3.0,0.75,4.2,4.6,11.4,12.2,0.738,1.638,3.8,5.0,-0.2000000000000001,-0.4000000000000003,0.1959999999999999,2.0,-9.0,0.0,1.19,3.36,6,0.16666666666666666,0.16666666666666666,0.6666666666666666,1.0133333333333334,1.8716666666666664,-1.1666666666666667,7,0.5714285714285714,0.2857142857142857,0.14285714285714285,1.32,1.4842857142857144,1.1428571428571428,11,0.36363636363636365,0.36363636363636365,0.2727272727272727,2.4545454545454546,2.617272727272727,medium,medium,strong
1213825,2024-10-25 18:45:00+00:00,61,2024,94,Rennes,111,Le Havre,1,0,FT,4-2-3-1,3-1-4-2,4-2-3-1 vs 3-1-4-2,2,6,-4,0.6,2,46.2,2.0,,4.8,3.6,10.8,12.4,1.214,1.198,5.0,3.8,0.4,3,41.2,1.8,1.0,2.2,6.4,8.2,13.8,0.548,2.07,4.6,4.8,2.6,2.6000000000000014,0.6659999999999999,0.4000000000000003,5.0,0.1999999999999999,1.59,0.43,0,,,,,,,2,0.0,0.0,1.0,0.775,1.735,-3.0,1,1.0,0.0,0.0,2.0,1.81,weak,weak,weak
1213826,2024-10-26 15:00:00+00:00,61,2024,77,Angers,1063,Saint Etienne,4,2,FT,4-2-3-1,4-1-4-1,4-2-3-1 vs 4-1-4-1,7,6,1,1.0,1,42.0,1.2,1.0,2.6,5.6,9.6,14.8,1.02,1.73,4.4,6.6,0.8,2,37.6,1.6,0.0,3.2,5.4,10.2,15.0,1.2200000000000002,1.956,3.0,5.8,-0.6000000000000001,-0.5999999999999996,-0.2000000000000001,1.4000000000000004,4.399999999999999,0.1999999999999999,2.96,1.47,5,0.0,0.8,0.2,1.02,1.73,-0.4,3,0.3333333333333333,0.0,0.6666666666666666,0.9366666666666666,1.86,-0.6666666666666666,1,0.0,1.0,0.0,6.0,5.98,medium,weak,weak
1213827,2024-10-26 17:00:00+00:00,61,2024,93,Reims,106,Stade Brestois 29,1,2,FT,4-3-3,4-2-3-1,4-3-3 vs 4-2-3-1,4,1,3,0.6,2,47.2,2.4,,4.6,4.8,14.6,12.6,1.568,1.53,4.6,5.0,0.6,3,49.6,2.0,1.0,3.4,3.8,8.2,13.6,0.884,2.088,2.2,5.4,1.1999999999999995,6.4,0.684,2.3999999999999995,-2.3999999999999986,0.0,0.79,1.5,5,0.4,0.4,0.2,0.6319999999999999,1.8359999999999999,0.0,1,1.0,0.0,0.0,0.75,1.06,2.0,3,0.6666666666666666,0.0,0.3333333333333333,5.333333333333333,4.146666666666667,medium,weak,weak
1213820,2024-10-26 19:00:00+00:00,61,2024,116,Lens,79,Lille,0,2,FT,3-4-1-2,4-2-3-1,3-4-1-2 vs 4-2-3-1,5,8,-3,0.6,3,59.0,3.25,1.0,4.8,3.8,13.8,11.4,1.162,1.02,6.2,4.2,0.8,2,60.8,2.4,0.0,5.0,5.0,12.6,10.4,1.886,1.4460000000000002,5.2,4.0,-0.2000000000000001,1.200000000000001,-0.724,1.0,-1.7999999999999972,-0.2,1.09,1.72,6,0.3333333333333333,0.6666666666666666,0.0,1.5066666666666668,0.9083333333333335,0.5,4,0.5,0.5,0.0,2.0475000000000003,1.495,1.0,0,,,,,,medium,weak,weak
1213822,2024-10-27 13:00:00+00:00,61,2024,80,Lyon,108,Auxerre,2,2,FT,4-3-3,3-4-2-1,4-3-3 vs 3-4-2-1,1,5,-4,0.4,3,57.6,2.75,0.0,5.4,4.2,13.4,9.8,1.998,0.8300000000000001,6.8,4.8,0.6,3,43.8,2.4,,4.8,5.2,12.0,13.8,1.6200000000000003,2.028,3.4,6.8,0.6000000000000005,1.4000000000000004,0.3779999999999996,3.4,13.800000000000004,-0.1999999999999999,2.05,1.54,3,0.6666666666666666,0.0,0.3333333333333333,1.7333333333333334,1.16,0.6666666666666666,3,0.3333333333333333,0.0,0.6666666666666666,1.42,2.4333333333333336,-1.3333333333333333,5,0.4,0.4,0.2,2.8,2.808,weak,weak,medium
1213819,2024-10-27 15:00:00+00:00,61,2024,84,Nice,91,Monaco,2,1,FT,3-4-2-1,4-2-3-1,3-4-2-1 vs 4-2-3-1,4,5,-1,0.6,2,47.0,1.2,0.0,6.0,6.0,13.2,14.0,1.826,0.954,4.4,6.6,0.4,4,55.8,2.0,0.5,5.2,2.6,14.2,9.4,2.1060000000000003,0.602,5.6,3.6,0.7999999999999998,-1.0,-0.2800000000000004,-1.1999999999999993,-8.799999999999997,0.1999999999999999,1.63,0.4,3,0.0,1.0,0.0,0.7833333333333333,1.26,0.0,4,0.5,0.5,0.0,2.0025,0.77,1.25,3,0.3333333333333333,0.0,0.6666666666666666,3.3333333333333335,3.2900000000000005,weak,weak,weak
1213823,2024-10-27 15:00:00+00:00,61,2024,82,Montpellier,96,Toulouse,0,3,FT,4-1-4-1,3-4-3,4-1-4-1 vs 3-4-3,8,1,7,1.0,1,45.0,3.0,1.0,4.2,6.8,11.6,16.4,0.988,2.44,4.8,4.0,0.8,2,52.8,1.6,,4.2,3.2,12.6,7.0,1.622,0.8099999999999999,5.2,3.8,0.0,-1.0,-0.634,-0.4000000000000003,-7.799999999999997,0.1999999999999999,0.21,1.88,0,,,,,,,1,0.0,1.0,0.0,1.71,0.47,0.0,0,,,,,,weak,weak,weak
1213824,2024-10-27 15:00:00+00:00,61,2024,95,Strasbourg,83,Nantes,3,1,FT,3-4-1-2,4-2-3-1,3-4-1-2 vs 4-2-3-1,6,2,4,0.6,3,41.8,2.4,,6.6,5.4,12.0,13.4,2.0,1.73,5.4,6.2,0.8,2,47.2,2.6,1.0,5.0,4.2,13.0,10.0,1.064,1.302,6.6,4.8,1.5999999999999996,-1.0,0.936,-1.1999999999999993,-5.400000000000006,-0.2,1.73,0.76,1,1.0,0.0,0.0,0.72,1.09,2.0,7,0.2857142857142857,0.42857142857142855,0.2857142857142857,1.1742857142857144,1.3428571428571427,0.14285714285714285,1,0.0,0.0,1.0,2.0,2.81,weak,medium,weak
1213821,2024-10-27 19:45:00+00:00,61,2024,81,Marseille,85,Paris Saint Germain,0,3,FT,4-2-3-1,4-3-3,4-2-3-1 vs 4-3-3,7,3,4,1.0,1,58.6,3.2,0.75,5.4,5.4,13.2,14.2,1.242,1.6779999999999995,3.6,5.2,1.0,1,66.8,1.6,,8.0,4.0,18.6,9.8,2.462,1.018,8.0,3.6,-2.6,-5.400000000000002,-1.2200000000000002,-4.4,-8.199999999999996,0.0,0.22,3.1,8,0.625,0.25,0.125,1.575,1.4475,1.625,8,0.75,0.25,0.0,2.7,0.91625,2.125,3,0.0,0.6666666666666666,0.3333333333333333,3.6666666666666665,2.97,medium,medium,weak
1213830,2024-11-01 18:00:00+00:00,61,2024,91,Monaco,77,Angers,0,1,FT,4-4-2,4-2-3-1,4-4-2 vs 4-2-3-1,7,6,1,0.4,4,56.0,3.0,0.6666666666666666,4.4,3.8,12.6,10.2,1.4880000000000002,0.8160000000000001,5.6,4.6,1.0,1,40.6,1.2,1.0,3.8,6.0,9.8,16.6,1.428,1.5719999999999998,3.0,6.0,0.6000000000000005,2.799999999999999,0.0600000000000002,2.6,15.4,-0.6,1.39,0.46,2,1.0,0.0,0.0,1.97,0.51,1.5,6,0.16666666666666666,0.6666666666666666,0.16666666666666666,1.343333333333333,1.6866666666666668,0.0,1,0.0,1.0,0.0,2.0,3.1799999999999997,weak,medium,weak
1213833,2024-11-01 20:00:00+00:00,61,2024,79,Lille,80,Lyon,1,1,FT,4-2-3-1,4-3-3,4-2-3-1 vs 4-3-3,9,3,6,1.0,1,55.0,3.2,0.0,4.8,4.8,11.4,10.6,1.9820000000000004,1.414,4.2,5.2,0.6,3,61.0,2.2,0.0,6.4,4.4,14.2,11.2,2.2960000000000003,0.928,6.2,4.8,-1.6000000000000003,-2.799999999999999,-0.3139999999999998,-2.0,-6.0,0.4,1.67,1.24,5,0.6,0.4,0.0,1.9820000000000004,1.4140000000000001,1.2,4,0.5,0.25,0.25,1.8125,1.255,0.5,4,0.0,0.5,0.5,3.5,3.0575,medium,weak,weak
1213836,2024-11-02 16:00:00+00:00,61,2024,85,Paris Saint Germain,116,Lens,1,0,FT,4-3-3,3-4-3,4-3-3 vs 3-4-3,4,6,-2,1.0,1,68.4,1.2,0.0,7.8,3.6,18.0,9.8,2.506,0.868,6.6,3.6,0.6,3,59.8,3.4,1.0,4.6,3.8,13.6,12.0,1.17,1.252,6.8,3.0,3.2,4.4,1.336,-0.2000000000000001,8.600000000000009,0.4,2.88,0.83,9,0.7777777777777778,0.2222222222222222,0.0,2.744444444444445,0.8388888888888889,2.2222222222222223,0,,,,,,,0,,,,,,medium,weak,weak
1213835,2024-11-02 18:00:00+00:00,61,2024,106,Stade Brestois 29,84,Nice,0,1,FT,4-3-3,3-4-2-1,4-3-3 vs 3-4-2-1,3,3,0,0.4,3,52.4,1.8,1.0,3.6,2.6,9.8,11.4,0.99,1.6700000000000004,2.6,5.0,0.8,2,46.2,1.2,0.0,7.0,6.0,14.2,14.2,1.7420000000000002,0.9000000000000001,5.2,7.6,-3.4,-4.399999999999999,-0.7520000000000002,-2.6,6.199999999999996,-0.4,1.02,1.52,6,0.16666666666666666,0.16666666666666666,0.6666666666666666,1.4233333333333336,2.0216666666666665,-1.1666666666666667,4,0.25,0.75,0.0,0.995,1.0450000000000002,0.25,6,0.3333333333333333,0.5,0.16666666666666666,3.0,2.938333333333333,medium,weak,medium
1213834,2024-11-02 20:00:00+00:00,61,2024,1063,Saint Etienne,95,Strasbourg,2,0,FT,4-1-4-1,3-4-1-2,4-1-4-1 vs 3-4-1-2,5,5,0,0.8,2,43.4,2.0,0.0,3.6,6.2,12.0,14.2,1.264,2.3,3.2,4.8,0.6,3,41.8,2.0,,6.6,6.2,11.8,12.6,1.894,1.698,5.2,5.2,-3.0,0.1999999999999993,-0.6300000000000001,-2.0,1.6000000000000014,0.2,2.65,0.53,4,0.25,0.0,0.75,1.07,2.135,-1.0,2,1.0,0.0,0.0,1.225,0.925,2.0,0,,,,,,weak,weak,weak
1213829,2024-11-03 14:00:00+00:00,61,2024,96,Toulouse,93,Reims,1,0,FT,3-4-3,4-3-3,3-4-3 vs 4-3-3,1,5,-4,0.6,3,51.6,1.8,0.0,4.0,3.0,12.6,7.8,1.734,0.8099999999999999,4.6,3.0,0.6,2,46.8,2.8,,4.4,4.4,14.6,11.6,1.624,1.524,5.4,4.4,-0.4000000000000003,-2.0,0.1099999999999998,-0.8000000000000007,4.800000000000004,0.0,0.88,1.09,2,0.5,0.5,0.0,1.795,0.33999999999999997,1.5,6,0.3333333333333333,0.3333333333333333,0.3333333333333333,0.6583333333333333,1.78,-0.16666666666666666,1,1.0,0.0,0.0,8.0,5.050000000000001,weak,medium,weak
1213828,2024-11-03 16:00:00+00:00,61,2024,108,Auxerre,94,Rennes,4,0,FT,3-4-2-1,4-1-4-1,3-4-2-1 vs 4-1-4-1,5,2,3,0.6,3,43.0,2.6,,5.4,5.0,13.2,12.4,1.816,1.7399999999999998,4.2,6.6,0.6,3,48.2,2.2,0.0,4.4,3.0,12.6,11.0,1.274,1.2179999999999995,7.2,3.0,1.0,0.5999999999999996,0.542,-3.0,-5.200000000000003,0.0,2.79,0.8,4,0.25,0.25,0.5,1.45,2.3375000000000004,-1.0,0,,,,,,,0,,,,,,weak,weak,weak
1213831,2024-11-03 16:00:00+00:00,61,2024,111,Le Havre,82,Montpellier,1,0,FT,3-1-4-2,3-4-3,3-1-4-2 vs 3-4-3,8,8,0,0.6,3,39.8,2.4,1.0,1.8,5.8,8.2,14.8,0.5920000000000001,2.124,3.6,6.4,0.8,2,45.6,2.6,1.0,3.8,6.8,11.0,17.2,0.964,2.558,4.2,4.0,-2.0,-2.8000000000000007,-0.3719999999999998,-0.6000000000000001,-5.800000000000004,-0.2,2.18,1.01,3,0.0,0.0,1.0,0.66,1.6866666666666668,-2.3333333333333335,0,,,,,,,0,,,,,,weak,weak,weak
1213832,2024-11-03 19:45:00+00:00,61,2024,83,Nantes,81,Marseille,1,2,FT,4-2-3-1,4-2-3-1,4-2-3-1 vs 4-2-3-1,3,7,-4,0.8,2,48.0,2.6,1.0,5.0,4.4,11.0,9.6,0.91,1.546,6.2,5.2,1.0,1,52.4,2.4,0.75,4.6,6.2,12.2,15.6,1.152,1.888,3.6,5.2,0.4000000000000003,-1.1999999999999993,-0.242,2.6,-4.399999999999999,-0.1999999999999999,1.36,1.22,8,0.25,0.375,0.375,1.1225,1.3912499999999999,-0.125,9,0.5555555555555556,0.2222222222222222,0.2222222222222222,1.4244444444444444,1.6311111111111112,1.1111111111111112,12,0.3333333333333333,0.3333333333333333,0.3333333333333333,2.6666666666666665,2.778333333333333,medium,medium,strong
1213837,2024-11-08 19:45:00+00:00,61,2024,81,Marseille,108,Auxerre,1,3,FT,4-2-3-1,3-4-2-1,4-2-3-1 vs 3-4-2-1,5,7,-2,1.0,1,59.8,2.0,0.6666666666666666,4.4,5.0,12.2,12.6,1.238,1.558,4.0,3.6,0.8,2,41.6,1.8,,5.8,4.8,14.2,11.0,2.12,1.492,3.8,6.0,-1.3999999999999997,-2.0,-0.8820000000000001,0.2000000000000001,18.2,0.1999999999999999,2.59,1.92,10,0.6,0.2,0.2,1.4040000000000001,1.6039999999999999,1.1,5,0.4,0.2,0.4,1.718,2.0300000000000002,0.0,3,0.3333333333333333,0.6666666666666666,0.0,1.6666666666666667,2.7266666666666666,strong,medium,weak
1213841,2024-11-09 16:00:00+00:00,61,2024,95,Strasbourg,91,Monaco,1,3,FT,3-4-3,4-2-3-1,3-4-3 vs 4-2-3-1,5,4,1,0.6,2,47.6,1.8,,5.4,5.4,11.2,12.2,1.354,1.6780000000000002,4.8,3.8,0.4,4,56.4,3.0,0.6666666666666666,4.2,4.0,12.4,10.6,1.37,0.7939999999999999,5.2,4.6,1.2000000000000002,-1.200000000000001,-0.016,-0.4000000000000003,-8.799999999999997,0.1999999999999999,0.79,3.89,0,,,,,,,5,0.4,0.4,0.2,1.682,0.942,0.8,2,0.5,0.5,0.0,1.5,1.9,weak,medium,weak
1213842,2024-11-09 18:00:00+00:00,61,2024,116,Lens,83,Nantes,3,2,FT,3-4-2-1,3-4-3,3-4-2-1 vs 3-4-3,6,4,2,0.4,4,54.0,3.4,1.0,4.6,4.2,14.2,13.4,1.224,1.5539999999999998,7.0,3.6,0.8,2,43.2,2.0,1.0,5.0,5.0,10.6,10.6,1.058,1.62,5.4,5.6,-0.4000000000000003,3.6,0.1659999999999999,1.5999999999999996,10.799999999999995,-0.4,2.99,1.42,1,1.0,0.0,0.0,1.22,0.78,2.0,0,,,,,,,0,,,,,,weak,weak,weak
1213845,2024-11-09 20:00:00+00:00,61,2024,77,Angers,85,Paris Saint Germain,2,4,FT,4-2-3-1,4-3-3,4-2-3-1 vs 4-3-3,5,4,1,1.0,1,37.8,1.2,1.0,4.2,6.0,11.0,17.0,1.35,1.7260000000000002,3.2,5.6,1.0,1,66.6,1.2,0.0,8.6,3.8,19.4,10.8,2.764,0.972,7.0,3.8,-4.4,-8.399999999999999,-1.414,-3.8,-28.8,0.0,1.03,3.5,7,0.2857142857142857,0.5714285714285714,0.14285714285714285,1.217142857142857,1.6442857142857146,0.14285714285714285,10,0.8,0.2,0.0,2.758,0.8379999999999999,2.1,5,0.0,0.6,0.4,3.2,3.028,medium,strong,medium
1213844,2024-11-10 14:00:00+00:00,61,2024,84,Nice,79,Lille,2,2,FT,3-4-3,4-3-3,3-4-3 vs 4-3-3,3,9,-6,1.0,1,41.6,1.6,0.0,5.2,6.8,13.0,15.8,1.1,1.0400000000000005,5.0,8.4,1.0,1,51.6,3.4,0.0,3.8,3.6,11.2,11.0,1.766,1.016,3.2,6.0,1.4000000000000004,1.8000000000000007,-0.6659999999999999,1.7999999999999998,-10.0,0.0,2.11,1.68,4,0.5,0.0,0.5,2.4325,1.0925,2.0,0,,,,,,,2,1.0,0.0,0.0,4.5,3.5100000000000007,weak,weak,weak
1213839,2024-11-10 16:00:00+00:00,61,2024,82,Montpellier,106,Stade Brestois 29,3,1,FT,4-2-3-1,4-3-3,4-2-3-1 vs 4-3-3,8,1,7,0.6,3,45.2,2.2,1.0,3.0,6.4,11.2,17.4,0.758,2.74,4.0,3.4,0.6,2,56.6,1.6,1.0,3.8,3.0,11.4,11.6,1.108,1.42,3.0,4.8,-0.7999999999999998,-0.200000000000001,-0.3499999999999998,1.0,-11.4,0.0,2.47,0.93,7,0.14285714285714285,0.14285714285714285,0.7142857142857143,1.0385714285714285,2.084285714285714,-1.7142857142857142,7,0.14285714285714285,0.14285714285714285,0.7142857142857143,1.3657142857142859,1.9499999999999997,-1.1428571428571428,6,0.0,0.5,0.5,3.6666666666666665,3.2783333333333338,medium,medium,medium
1213840,2024-11-10 16:00:00+00:00,61,2024,111,Le Havre,93,Reims,0,3,FT,3-4-2-1,4-3-3,3-4-2-1 vs 4-3-3,6,2,4,0.8,2,41.8,2.2,1.0,2.2,5.2,9.0,15.4,0.914,1.93,3.2,7.2,0.6,2,52.2,3.0,,4.6,4.8,15.6,12.0,1.78,1.382,6.2,4.6,-2.3999999999999995,-6.6,-0.866,-3.0,-10.400000000000006,0.2,1.63,2.65,0,,,,,,,7,0.2857142857142857,0.2857142857142857,0.42857142857142855,0.72,1.6514285714285715,-0.2857142857142857,3,0.0,0.3333333333333333,0.6666666666666666,3.0,2.3366666666666664,weak,medium,weak
1213843,2024-11-10 16:00:00+00:00,61,2024,94,Rennes,96,Toulouse,0,2,FT,4-2-3-1,3-4-2-1,4-2-3-1 vs 3-4-2-1,1,1,0,0.4,4,52.4,2.2,0.0,4.0,4.2,11.8,12.2,1.16,1.664,8.0,3.0,0.4,3,50.4,1.6,0.0,5.0,2.4,13.0,8.8,1.356,0.942,5.2,3.6,-1.0,-1.1999999999999993,-0.1959999999999999,2.8,2.0,0.0,0.5,1.46,1,1.0,0.0,0.0,1.59,0.43,1.0,6,0.16666666666666666,0.16666666666666666,0.6666666666666666,1.3516666666666666,0.7983333333333333,-0.6666666666666666,4,0.25,0.5,0.25,2.25,3.1725,weak,medium,weak
1213838,2024-11-10 19:45:00+00:00,61,2024,80,Lyon,1063,Saint Etienne,1,0,FT,4-3-3,4-1-4-1,4-3-3 vs 4-1-4-1,1,4,-3,0.8,2,59.0,1.6,,5.2,3.8,12.6,12.2,1.942,1.104,6.0,5.0,0.6,2,42.2,2.2,0.0,3.8,4.4,13.0,12.4,1.73,1.46,3.2,4.8,1.4000000000000004,-0.4000000000000003,0.2119999999999997,2.8,16.799999999999997,0.2,1.17,0.68,5,0.4,0.4,0.2,1.698,1.3379999999999999,0.4,5,0.4,0.0,0.6,1.386,1.8139999999999996,-0.4,0,,,,,,medium,medium,weak
1213852,2024-11-22 18:00:00+00:00,61,2024,91,Monaco,106,Stade Brestois 29,3,2,FT,4-2-3-1,4-3-3,4-2-3-1 vs 4-3-3,5,4,1,0.6,3,55.0,2.6,1.0,4.4,3.6,12.0,9.8,1.498,0.776,4.4,4.4,0.6,2,57.6,1.8,1.0,4.2,3.8,13.6,11.4,1.134,1.4,3.8,5.0,0.2000000000000001,-1.5999999999999996,0.3640000000000001,0.6000000000000005,-2.6000000000000014,0.0,2.7,1.04,6,0.5,0.3333333333333333,0.16666666666666666,2.0500000000000003,0.9166666666666666,1.0,8,0.125,0.125,0.75,1.31125,2.0149999999999997,-1.25,7,0.14285714285714285,0.42857142857142855,0.42857142857142855,3.7142857142857144,3.295714285714286,medium,medium,medium
1213846,2024-11-22 20:00:00+00:00,61,2024,85,Paris Saint Germain,96,Toulouse,3,0,FT,4-2-3-1,3-4-2-1,4-2-3-1 vs 3-4-2-1,5,1,4,1.0,1,68.2,1.6,0.0,9.4,3.4,20.0,10.4,2.854,0.8780000000000001,7.4,4.2,0.4,3,48.0,1.4,0.0,4.6,2.4,12.8,9.4,1.46,0.958,5.2,3.8,4.800000000000001,7.199999999999999,1.394,2.2,20.200000000000003,0.6,1.16,1.39,0,,,,,,,7,0.2857142857142857,0.14285714285714285,0.5714285714285714,1.3671428571428572,0.7557142857142857,-0.2857142857142857,5,0.2,0.4,0.4,2.2,2.9299999999999997,weak,medium,medium
1213847,2024-11-23 16:00:00+00:00,61,2024,116,Lens,81,Marseille,1,3,FT,3-4-2-1,3-5-2,3-4-2-1 vs 3-5-2,7,7,0,0.4,3,56.6,3.2,1.0,3.8,4.0,12.8,12.2,1.424,1.608,6.0,3.0,1.0,1,62.8,2.4,0.6666666666666666,4.8,5.0,14.0,11.8,1.656,1.6800000000000002,4.4,2.6,-1.0,-1.1999999999999993,-0.2319999999999999,1.5999999999999996,-6.199999999999996,-0.6,2.72,1.21,2,1.0,0.0,0.0,2.105,1.1,1.5,0,,,,,,,0,,,,,,weak,weak,weak
1213849,2024-11-23 18:00:00+00:00,61,2024,1063,Saint Etienne,82,Montpellier,1,0,FT,5-4-1,4-2-3-1,5-4-1 vs 4-2-3-1,4,8,-4,0.6,2,42.0,2.2,,4.4,5.2,14.0,12.6,1.6619999999999997,1.334,3.6,4.6,0.6,3,44.8,2.6,1.0,3.8,6.2,12.2,17.0,1.076,2.276,4.2,3.6,0.6000000000000005,1.8000000000000007,0.5859999999999996,-0.6000000000000001,-2.799999999999997,0.0,1.49,0.95,0,,,,,,,8,0.25,0.125,0.625,1.2175,1.94,-1.25,2,0.5,0.0,0.5,3.5,3.665,weak,medium,weak
1213854,2024-11-23 20:00:00+00:00,61,2024,93,Reims,80,Lyon,1,1,FT,4-2-3-1,4-2-3-1,4-2-3-1 vs 4-2-3-1,6,3,3,0.6,2,51.8,3.2,,4.0,4.8,15.0,11.2,1.7279999999999998,1.484,6.8,5.2,0.8,2,60.4,1.8,,6.4,4.2,15.2,12.2,2.092,1.052,6.6,5.6,-2.4000000000000004,-0.1999999999999993,-0.3640000000000003,0.2000000000000001,-8.600000000000001,-0.2,1.01,1.7,3,0.6666666666666666,0.0,0.3333333333333333,2.34,1.51,1.0,2,0.5,0.0,0.5,1.6549999999999998,1.5699999999999998,0.0,13,0.3076923076923077,0.3076923076923077,0.38461538461538464,2.6923076923076925,2.7630769230769228,weak,weak,strong
1213850,2024-11-24 14:00:00+00:00,61,2024,79,Lille,94,Rennes,1,0,FT,4-2-3-1,3-4-2-1,4-2-3-1 vs 3-4-2-1,6,2,4,0.8,2,50.6,3.6,0.0,3.0,3.8,10.2,13.0,1.386,1.356,2.6,7.0,0.4,4,58.2,2.2,0.0,3.2,3.0,10.8,9.4,0.96,1.346,8.2,2.4,-0.2000000000000001,-0.6000000000000014,0.4259999999999999,-5.6,-7.600000000000001,0.4,0.41,0.18,6,0.5,0.5,0.0,1.9300000000000004,1.385,1.0,3,0.0,0.6666666666666666,0.3333333333333333,1.3433333333333335,1.6933333333333334,-0.6666666666666666,6,0.3333333333333333,0.3333333333333333,0.3333333333333333,2.3333333333333335,2.8666666666666667,medium,weak,medium
1213851,2024-11-24 16:00:00+00:00,61,2024,83,Nantes,111,Le Havre,0,2,FT,4-2-3-1,3-4-2-1,4-2-3-1 vs 3-4-2-1,3,7,-4,0.6,3,37.4,1.6,,5.0,5.0,9.2,12.6,0.982,2.014,4.0,6.0,0.8,2,45.2,2.0,1.0,2.0,4.6,9.6,15.4,1.158,1.7440000000000002,4.6,7.6,3.0,-0.4000000000000003,-0.1759999999999999,-0.5999999999999996,-7.800000000000004,-0.2,0.87,0.81,9,0.2222222222222222,0.3333333333333333,0.4444444444444444,1.1488888888888888,1.3722222222222222,-0.2222222222222222,1,0.0,0.0,1.0,1.63,2.65,-3.0,7,0.42857142857142855,0.2857142857142857,0.2857142857142857,2.142857142857143,2.5414285714285714,medium,weak,medium
1213853,2024-11-24 16:00:00+00:00,61,2024,108,Auxerre,77,Angers,1,0,FT,3-4-2-1,4-2-3-1,3-4-2-1 vs 4-2-3-1,3,4,-1,1.0,1,39.2,1.8,,6.2,5.0,13.2,13.2,1.99,1.85,4.0,6.4,1.0,1,33.2,1.2,1.0,4.2,6.4,10.2,18.0,1.332,1.844,3.4,6.4,2.0,3.0,0.6580000000000001,0.6000000000000001,6.0,0.0,0.59,0.88,6,0.5,0.16666666666666666,0.3333333333333333,1.7516666666666667,2.1233333333333335,0.3333333333333333,8,0.25,0.5,0.25,1.19375,1.87625,-0.125,4,0.5,0.0,0.5,3.25,2.975,medium,medium,weak
1213848,2024-11-24 19:45:00+00:00,61,2024,84,Nice,95,Strasbourg,2,1,FT,4-4-2,4-4-2,4-4-2 vs 4-4-2,5,5,0,0.8,2,41.2,1.6,0.0,5.4,6.6,13.4,14.0,1.2919999999999998,0.978,5.4,6.6,0.4,3,47.8,2.4,,4.6,6.4,9.4,14.0,1.25,2.3560000000000003,3.4,3.6,0.8000000000000007,4.0,0.0419999999999998,2.0000000000000004,-6.599999999999994,0.4,2.12,0.32,0,,,,,,,1,0.0,1.0,0.0,2.26,0.92,0.0,0,,,,,,weak,weak,weak
1213855,2024-11-29 19:45:00+00:00,61,2024,93,Reims,116,Lens,0,2,FT,4-3-3,4-2-3-1,4-3-3 vs 4-2-3-1,5,5,0,0.6,2,50.2,3.0,,4.2,5.6,14.2,11.8,1.3239999999999998,1.7239999999999998,6.8,4.8,0.6,3,53.0,3.0,1.0,4.2,3.8,13.6,12.6,1.7700000000000002,1.602,6.2,2.4,0.0,0.5999999999999996,-0.4460000000000004,0.5999999999999996,-2.799999999999997,0.0,0.85,1.82,8,0.375,0.25,0.375,0.9612499999999999,1.64875,0.125,1,0.0,1.0,0.0,1.99,1.15,0.0,4,0.5,0.0,0.5,4.75,3.6825,medium,weak,weak
1213856,2024-11-30 16:00:00+00:00,61,2024,94,Rennes,1063,Saint Etienne,5,0,FT,3-4-2-1,5-4-1,3-4-2-1 vs 5-4-1,2,5,-3,0.4,3,56.0,2.2,0.0,2.8,3.0,8.8,9.4,0.8459999999999999,1.3119999999999998,6.8,2.2,0.6,3,40.2,2.2,,4.2,5.2,13.6,12.6,1.414,1.366,3.6,6.0,-1.4000000000000004,-4.799999999999999,-0.5680000000000003,3.2,15.799999999999995,-0.1999999999999999,3.36,0.11,4,0.0,0.5,0.5,1.0525,1.3725,-0.75,1,1.0,0.0,0.0,1.49,0.95,1.0,1,1.0,0.0,0.0,2.0,1.53,weak,weak,weak
1213859,2024-11-30 18:00:00+00:00,61,2024,106,Stade Brestois 29,95,Strasbourg,3,1,FT,4-2-3-1,4-2-3-1,4-2-3-1 vs 4-2-3-1,4,6,-2,0.8,2,56.4,1.4,,4.4,4.4,14.4,10.6,1.192,1.7280000000000002,5.2,3.6,0.4,4,49.6,2.0,,4.2,6.4,9.8,14.6,1.066,2.582,4.2,3.4,0.2000000000000001,4.6,0.1259999999999999,1.0,6.799999999999997,0.4,2.46,1.02,2,1.0,0.0,0.0,1.125,0.925,1.5,3,0.3333333333333333,0.3333333333333333,0.3333333333333333,1.5033333333333332,1.6600000000000001,-0.3333333333333333,14,0.2857142857142857,0.35714285714285715,0.35714285714285715,2.642857142857143,2.759285714285714,weak,weak,strong
1213861,2024-11-30 20:00:00+00:00,61,2024,85,Paris Saint Germain,83,Nantes,1,1,FT,4-3-3,5-3-2,4-3-3 vs 5-3-2,2,1,1,0.8,2,68.6,1.4,0.0,9.2,3.2,19.6,11.0,2.826,1.086,5.8,4.2,0.6,3,44.0,1.6,,4.6,4.8,10.6,10.6,0.98,1.52,4.2,5.2,4.6,9.000000000000002,1.846,1.5999999999999996,24.599999999999994,0.2,2.73,0.65,11,0.8181818181818182,0.18181818181818182,0.0,2.8254545454545457,0.8554545454545454,2.090909090909091,0,,,,,,,1,1.0,0.0,0.0,6.0,4.45,strong,weak,weak
1213860,2024-12-01 14:00:00+00:00,61,2024,82,Montpellier,79,Lille,2,2,FT,4-2-3-1,4-2-3-1,4-2-3-1 vs 4-2-3-1,7,5,2,0.6,3,47.8,2.6,1.0,3.8,6.0,12.4,15.6,1.166,1.968,5.6,3.8,0.8,2,49.6,3.6,0.0,2.8,3.4,9.2,12.0,1.146,1.17,2.4,6.4,1.0,3.200000000000001,0.0200000000000002,3.2,-1.8000000000000045,-0.2,1.47,2.22,9,0.2222222222222222,0.1111111111111111,0.6666666666666666,1.1877777777777778,1.8899999999999997,-1.2222222222222223,7,0.5714285714285714,0.42857142857142855,0.0,1.712857142857143,1.2128571428571429,1.0,15,0.3333333333333333,0.3333333333333333,0.3333333333333333,2.7333333333333334,2.807333333333333,medium,medium,strong
1213857,2024-12-01 16:00:00+00:00,61,2024,111,Le Havre,77,Angers,0,1,FT,3-4-2-1,4-2-3-1,3-4-2-1 vs 4-2-3-1,5,4,1,0.6,2,41.8,2.2,1.0,2.8,4.8,8.2,17.4,1.108,1.768,3.2,9.4,1.0,1,38.8,1.4,,4.6,6.8,10.2,16.8,1.342,1.784,3.2,5.0,-1.7999999999999998,-2.0,-0.2339999999999999,0.0,3.0,-0.4,0.17,2.15,2,0.5,0.0,0.5,1.22,1.76,-0.5,9,0.2222222222222222,0.4444444444444444,0.3333333333333333,1.158888888888889,1.7333333333333334,-0.2222222222222222,5,0.6,0.0,0.4,2.8,2.6740000000000004,weak,medium,medium
1213858,2024-12-01 16:00:00+00:00,61,2024,96,Toulouse,108,Auxerre,2,0,FT,3-4-2-1,5-4-1,3-4-2-1 vs 5-4-1,1,3,-2,0.4,3,45.0,1.4,0.0,4.4,3.4,13.2,10.8,1.5159999999999998,0.868,5.0,4.4,1.0,1,37.2,2.4,,6.8,5.0,13.0,12.6,1.95,1.48,3.6,5.8,-2.3999999999999995,0.1999999999999993,-0.4340000000000001,1.4,7.799999999999997,-0.6,2.33,0.12,8,0.25,0.125,0.625,1.3699999999999999,0.8062500000000001,-0.625,1,0.0,0.0,1.0,1.27,2.04,-1.0,2,1.0,0.0,0.0,3.5,2.5,medium,weak,weak
1213863,2024-12-01 16:00:00+00:00,61,2024,80,Lyon,84,Nice,4,1,FT,4-3-3,4-3-3,4-3-3 vs 4-3-3,1,9,-8,0.8,2,60.0,1.6,,6.6,4.2,14.4,12.8,1.7759999999999998,1.0779999999999998,5.8,4.6,0.6,3,46.2,1.8,0.0,5.8,5.4,14.8,12.2,1.646,0.7819999999999999,5.2,5.0,0.7999999999999998,-0.4000000000000003,0.1299999999999996,0.5999999999999996,13.799999999999995,0.2,2.86,2.16,6,0.5,0.3333333333333333,0.16666666666666666,1.61,1.2283333333333333,0.5,0,,,,,,,3,0.3333333333333333,0.3333333333333333,0.3333333333333333,3.6666666666666665,2.9433333333333334,medium,weak,weak
1213862,2024-12-01 19:45:00+00:00,61,2024,81,Marseille,91,Monaco,2,1,FT,3-4-2-1,4-2-3-1,3-4-2-1 vs 4-2-3-1,6,4,2,0.8,2,58.6,2.2,0.5,4.8,5.8,12.8,13.0,1.72,2.0580000000000003,2.6,3.2,0.8,2,57.0,2.2,1.0,4.8,3.8,13.0,9.4,1.922,0.834,4.0,4.0,0.0,-0.1999999999999993,-0.2019999999999999,-1.4,1.6000000000000014,0.0,1.94,1.02,0,,,,,,,7,0.5714285714285714,0.2857142857142857,0.14285714285714285,2.142857142857143,0.9342857142857143,1.0,6,0.5,0.0,0.5,2.5,2.615,weak,medium,medium
1213868,2024-12-06 18:00:00+00:00,61,2024,79,Lille,106,Stade Brestois 29,3,1,FT,4-2-3-1,4-2-3-1,4-2-3-1 vs 4-2-3-1,6,5,1,0.8,2,51.4,3.6,1.0,3.4,3.6,11.2,11.4,1.5399999999999998,1.2179999999999995,2.6,6.6,0.6,2,52.8,1.6,,5.6,4.4,14.2,11.8,1.39,1.7,5.6,3.4,-2.2,-3.0,0.1499999999999997,-3.0,-1.3999999999999986,0.2,2.51,0.65,8,0.5,0.5,0.0,1.7762499999999999,1.245,0.875,3,1.0,0.0,0.0,1.57,0.9566666666666667,1.6666666666666667,16,0.3125,0.375,0.3125,2.8125,2.8625,medium,weak,strong
1213865,2024-12-06 20:00:00+00:00,61,2024,108,Auxerre,85,Paris Saint Germain,0,0,FT,3-4-2-1,4-3-3,3-4-2-1 vs 4-3-3,3,2,1,0.8,2,39.8,2.5,,5.2,5.8,11.8,12.0,1.392,1.7299999999999998,3.0,5.2,0.8,2,74.2,1.25,0.0,9.2,2.0,20.8,8.8,2.6740000000000004,0.8240000000000001,6.6,3.8,-3.999999999999999,-9.0,-1.2820000000000005,-3.6,-34.400000000000006,0.0,0.29,2.51,7,0.5714285714285714,0.14285714285714285,0.2857142857142857,1.5857142857142856,1.9457142857142862,0.42857142857142855,12,0.75,0.25,0.0,2.8175000000000003,0.8383333333333333,1.9166666666666667,4,0.0,0.25,0.75,3.0,2.8225,medium,strong,weak
1213872,2024-12-07 16:00:00+00:00,61,2024,91,Monaco,96,Toulouse,2,0,FT,4-2-3-1,3-4-2-1,4-2-3-1 vs 3-4-2-1,4,1,3,0.8,2,54.2,2.2,1.0,4.8,4.4,11.6,10.6,1.88,1.172,3.4,4.8,0.6,2,42.0,1.25,0.0,4.6,2.6,12.0,10.0,1.588,0.616,4.6,4.4,0.2000000000000001,-0.4000000000000003,0.2919999999999998,-1.1999999999999995,12.200000000000005,0.2,3.23,0.51,8,0.5,0.25,0.25,2.0025000000000004,1.06,0.75,9,0.3333333333333333,0.1111111111111111,0.5555555555555556,1.4766666666666666,0.7300000000000001,-0.3333333333333333,8,0.375,0.25,0.375,2.125,2.43375,medium,medium,medium
1213864,2024-12-07 18:00:00+00:00,61,2024,84,Nice,111,Le Havre,2,1,FT,4-3-1-2,3-5-1-1,4-3-1-2 vs 3-5-1-1,9,3,6,0.4,4,44.0,2.0,0.0,5.8,5.6,15.4,13.2,1.908,1.2559999999999998,4.4,5.2,0.6,2,45.4,2.0,1.0,2.8,3.8,7.8,16.8,1.044,1.654,2.8,9.0,3.0,7.6,0.8639999999999999,1.6000000000000003,-1.3999999999999986,-0.1999999999999999,2.03,1.01,0,,,,,,,1,0.0,0.0,1.0,0.57,1.98,-2.0,0,,,,,,weak,weak,weak
1213867,2024-12-07 20:00:00+00:00,61,2024,77,Angers,80,Lyon,0,3,FT,4-2-3-1,4-3-3,4-2-3-1 vs 4-3-3,3,2,1,1.0,1,40.8,0.6,,4.4,5.8,11.2,14.2,1.496,1.424,3.6,3.8,0.8,2,58.2,1.0,,6.6,5.4,14.4,14.6,1.804,1.412,5.6,4.6,-2.1999999999999997,-3.200000000000001,-0.3079999999999998,-2.0,-17.400000000000006,0.1999999999999999,0.63,2.03,10,0.3,0.4,0.3,1.2580000000000002,1.577,-0.1,7,0.5714285714285714,0.2857142857142857,0.14285714285714285,1.7885714285714285,1.3614285714285714,0.8571428571428571,8,0.25,0.375,0.375,3.875,3.3512500000000003,strong,medium,medium
1213869,2024-12-08 14:00:00+00:00,61,2024,116,Lens,82,Montpellier,2,0,FT,4-2-3-1,3-4-1-2,4-2-3-1 vs 3-4-1-2,4,8,-4,0.4,4,50.0,3.0,1.0,4.4,4.2,13.2,12.8,1.89,1.616,5.0,2.6,0.6,3,49.2,3.2,1.0,3.8,4.8,12.0,14.0,1.222,1.7400000000000002,6.4,3.8,0.6000000000000005,1.1999999999999993,0.6680000000000001,-1.4000000000000004,0.7999999999999972,-0.1999999999999999,1.27,1.1,2,0.5,0.5,0.0,1.905,1.0,1.0,0,,,,,,,2,0.0,1.0,0.0,3.0,2.75,weak,weak,weak
1213870,2024-12-08 16:00:00+00:00,61,2024,95,Strasbourg,93,Reims,0,0,FT,4-2-3-1,4-2-3-1,4-2-3-1 vs 4-2-3-1,5,5,0,0.4,4,53.2,2.0,,3.4,6.0,9.0,13.2,0.8779999999999999,2.3760000000000003,3.8,3.2,0.8,2,47.8,2.6,,4.2,5.2,14.4,12.0,1.278,1.506,5.6,4.0,-0.8000000000000003,-5.4,-0.4000000000000001,-1.7999999999999998,5.400000000000006,-0.4,0.8,1.11,4,0.25,0.25,0.5,1.3824999999999998,1.86,-0.75,4,0.5,0.25,0.25,2.0075,1.5575,0.75,17,0.35294117647058826,0.35294117647058826,0.29411764705882354,2.8823529411764706,2.8799999999999994,weak,weak,strong
1213871,2024-12-08 16:00:00+00:00,61,2024,83,Nantes,94,Rennes,1,0,FT,5-3-2,3-4-2-1,5-3-2 vs 3-4-2-1,1,2,-1,0.6,3,38.8,1.5,,3.6,5.4,9.4,12.8,1.012,1.896,4.0,5.4,0.4,3,61.6,1.8,0.0,3.8,2.6,11.2,7.4,1.286,1.04,7.2,2.0,-0.1999999999999997,-1.799999999999999,-0.274,-3.2,-22.800000000000004,0.1999999999999999,1.19,0.39,1,0.0,1.0,0.0,0.65,2.73,0.0,5,0.2,0.4,0.4,1.514,1.12,0.4,0,,,,,,weak,medium,weak
1213866,2024-12-08 19:45:00+00:00,61,2024,1063,Saint Etienne,81,Marseille,0,2,FT,5-4-1,3-4-2-1,5-4-1 vs 3-4-2-1,8,6,2,0.6,2,38.4,2.2,1.0,4.0,6.0,11.0,13.6,1.28,1.794,3.4,5.8,0.6,3,58.2,1.6,1.0,3.6,5.6,10.4,11.8,1.436,2.024,3.2,3.2,0.3999999999999999,0.5999999999999996,-0.1559999999999999,0.1999999999999997,-19.800000000000004,0.0,0.16,2.51,2,0.5,0.0,0.5,0.8,2.155,-2.0,1,1.0,0.0,0.0,1.94,1.02,1.0,0,,,,,,weak,weak,weak
1213877,2024-12-13 19:45:00+00:00,61,2024,96,Toulouse,1063,Saint Etienne,2,1,FT,3-4-2-1,3-5-2,3-4-2-1 vs 3-5-2,1,9,-8,0.8,2,40.8,1.25,,4.0,3.2,10.2,12.0,1.3139999999999998,1.22,4.6,4.6,0.6,2,33.0,1.8,1.0,3.0,6.4,7.8,15.2,1.0180000000000002,1.704,2.8,7.2,1.0,2.3999999999999995,0.2959999999999996,1.7999999999999998,7.799999999999997,0.2,1.41,0.52,10,0.3,0.1,0.6,1.38,0.9800000000000001,-0.5,0,,,,,,,1,0.0,0.0,1.0,4.0,3.93,strong,weak,weak
1213880,2024-12-14 16:00:00+00:00,61,2024,81,Marseille,79,Lille,1,1,FT,3-4-2-1,4-2-3-1,3-4-2-1 vs 4-2-3-1,5,5,0,0.4,3,67.0,1.6,,5.4,4.4,13.6,8.6,1.894,1.436,4.8,2.8,0.8,2,55.4,2.8,1.0,4.0,3.4,11.0,10.6,1.698,1.13,2.6,5.2,1.4000000000000004,2.6,0.1959999999999997,2.2,11.6,-0.4,1.27,1.44,2,1.0,0.0,0.0,2.2249999999999996,0.59,1.5,9,0.5555555555555556,0.4444444444444444,0.0,1.8577777777777778,1.178888888888889,1.0,7,0.5714285714285714,0.0,0.42857142857142855,2.5714285714285716,2.6642857142857146,weak,medium,medium
1213876,2024-12-14 18:00:00+00:00,61,2024,108,Auxerre,116,Lens,2,2,FT,3-4-2-1,4-2-3-1,3-4-2-1 vs 4-2-3-1,5,5,0,0.8,2,37.8,2.0,,4.4,6.4,9.2,14.4,1.142,1.822,2.6,7.2,0.4,3,49.4,2.6,1.0,4.2,4.4,14.4,12.0,1.926,1.4919999999999998,4.6,2.8,0.2000000000000001,-5.200000000000001,-0.7840000000000003,-2.0,-11.6,0.4,0.58,1.61,8,0.5,0.25,0.25,1.42375,2.0162500000000003,0.375,3,0.6666666666666666,0.3333333333333333,0.0,1.6933333333333334,1.0333333333333334,1.3333333333333333,8,0.5,0.125,0.375,2.5,2.67,medium,weak,medium
1213875,2024-12-14 20:00:00+00:00,61,2024,93,Reims,91,Monaco,0,0,FT,4-2-3-1,3-4-2-1,4-2-3-1 vs 3-4-2-1,5,7,-2,0.6,2,47.6,2.4,,4.2,4.8,14.2,10.8,1.342,1.366,4.6,4.0,0.8,2,53.8,1.6,,4.8,3.2,13.2,8.4,2.446,0.948,2.6,4.2,-0.5999999999999996,1.0,-1.104,2.0,-6.199999999999996,-0.2,1.51,1.3,5,0.4,0.4,0.2,1.8279999999999998,1.4060000000000001,0.6,1,1.0,0.0,0.0,0.58,0.75,1.0,9,0.4444444444444444,0.2222222222222222,0.3333333333333333,2.111111111111111,2.578888888888889,medium,weak,medium
1213878,2024-12-15 14:00:00+00:00,61,2024,82,Montpellier,84,Nice,2,2,FT,4-2-3-1,4-1-4-1,4-2-3-1 vs 4-1-4-1,4,9,-5,0.6,3,47.8,3.6,1.0,4.2,4.2,11.6,14.4,1.4,1.618,6.8,4.4,0.2,5,46.2,2.2,,5.0,5.0,15.4,13.4,1.988,1.378,4.2,5.6,-0.7999999999999998,-3.8000000000000007,-0.5880000000000001,2.6,1.5999999999999943,0.3999999999999999,1.97,1.12,10,0.2,0.2,0.6,1.216,1.9229999999999996,-1.1,0,,,,,,,2,0.5,0.5,0.0,6.0,5.205,strong,weak,weak
1213873,2024-12-15 16:00:00+00:00,61,2024,94,Rennes,77,Angers,2,0,FT,3-5-1-1,4-2-3-1,3-5-1-1 vs 4-2-3-1,3,3,0,0.6,3,60.2,1.6,0.5,3.6,2.8,8.2,9.2,1.0459999999999998,1.1920000000000002,5.4,3.0,1.0,1,39.6,0.4,,3.2,6.4,10.6,13.6,1.0299999999999998,1.536,3.6,4.6,0.3999999999999999,-2.4000000000000004,0.016,1.8000000000000005,20.6,-0.4,0.56,0.36,0,,,,,,,11,0.2727272727272727,0.36363636363636365,0.36363636363636365,1.2009090909090911,1.6181818181818182,-0.36363636363636365,0,,,,,,weak,strong,weak
1213874,2024-12-15 16:00:00+00:00,61,2024,111,Le Havre,95,Strasbourg,0,3,FT,3-3-3-1,4-4-2,3-3-3-1 vs 4-4-2,5,3,2,0.6,3,47.4,1.6,,3.0,4.0,9.2,16.2,1.16,1.7419999999999998,4.4,7.2,0.4,4,52.6,1.8,,2.8,5.4,8.6,13.6,0.692,2.446,3.4,2.8,0.2000000000000001,0.5999999999999996,0.4679999999999999,1.0000000000000004,-5.200000000000003,0.1999999999999999,0.86,0.99,0,,,,,,,2,0.0,0.5,0.5,1.2899999999999998,1.52,-0.5,0,,,,,,weak,weak,weak
1213879,2024-12-15 16:00:00+00:00,61,2024,106,Stade Brestois 29,83,Nantes,4,1,FT,4-3-1-2,5-3-2,4-3-1-2 vs 5-3-2,6,1,5,0.6,2,51.0,1.4,,5.4,5.0,13.0,11.6,1.2200000000000002,2.044,5.2,2.4,0.4,3,38.2,1.0,0.0,2.8,5.0,10.6,12.0,1.098,1.628,4.2,5.4,2.6000000000000005,2.4000000000000004,0.1220000000000001,1.0,12.799999999999995,0.1999999999999999,1.99,1.15,1,1.0,0.0,0.0,0.43,2.77,2.0,2,0.5,0.5,0.0,0.9199999999999999,1.56,0.5,0,,,,,,weak,weak,weak
1213881,2024-12-15 19:45:00+00:00,61,2024,85,Paris Saint Germain,80,Lyon,3,1,FT,4-3-3,4-1-4-1,4-3-3 vs 4-1-4-1,2,0,2,0.8,2,73.8,1.5,0.0,9.8,2.2,21.8,9.0,2.556,0.8379999999999999,9.2,4.2,0.8,2,58.4,1.4,,7.0,4.6,15.2,12.8,1.8,1.23,6.0,4.0,2.8000000000000007,6.600000000000001,0.756,3.1999999999999997,15.4,0.0,2.88,1.46,13,0.6923076923076923,0.3076923076923077,0.0,2.793846153846154,0.796153846153846,1.7692307692307692,0,,,,,,,1,1.0,0.0,0.0,1.0,1.85,strong,weak,weak
1213882,2024-12-18 20:00:00+00:00,61,2024,91,Monaco,85,Paris Saint Germain,2,4,FT,4-2-3-1,4-3-3,4-2-3-1 vs 4-3-3,8,3,5,0.8,2,53.6,2.0,,4.8,2.6,13.8,8.0,2.428,1.158,2.6,3.6,0.8,2,73.6,1.75,,9.4,2.4,20.8,7.8,2.556,0.964,8.6,4.0,-4.6000000000000005,-7.0,-0.1280000000000001,-6.0,-19.999999999999996,0.0,2.48,1.77,9,0.5555555555555556,0.2222222222222222,0.2222222222222222,2.1388888888888893,0.9988888888888889,0.8888888888888888,14,0.7142857142857143,0.2857142857142857,0.0,2.8000000000000003,0.8435714285714285,1.7857142857142858,9,0.2222222222222222,0.3333333333333333,0.4444444444444444,3.7777777777777777,3.2744444444444447,medium,strong,medium
1213890,2025-01-03 20:00:00+00:00,61,2024,84,Nice,94,Rennes,3,2,FT,4-2-3-1,3-4-2-1,4-2-3-1 vs 3-4-2-1,7,2,5,0.2,5,48.6,2.2,,5.6,5.4,16.6,14.4,1.908,1.5679999999999998,4.6,6.2,0.6,3,57.0,1.8,0.5,3.6,1.2,8.2,6.6,0.998,0.706,4.2,2.6,2.0,8.400000000000002,0.91,0.3999999999999994,-8.399999999999999,-0.3999999999999999,1.5,1.71,0,,,,,,,6,0.16666666666666666,0.3333333333333333,0.5,1.3266666666666667,1.1316666666666668,0.16666666666666666,10,0.4,0.3,0.3,1.9,2.602,weak,medium,strong
1213885,2025-01-04 16:00:00+00:00,61,2024,1063,Saint Etienne,93,Reims,3,1,FT,4-3-3,4-3-3,4-3-3 vs 4-3-3,7,4,3,0.6,3,38.2,2.2,1.0,2.8,6.6,5.8,15.6,0.592,1.88,3.0,7.0,0.6,2,45.2,2.0,,3.8,4.2,13.2,11.0,1.426,1.45,3.4,3.6,-1.0,-7.399999999999999,-0.834,-0.3999999999999999,-7.0,0.0,2.22,1.11,4,0.25,0.25,0.5,1.2125000000000001,2.1350000000000002,-2.0,9,0.3333333333333333,0.2222222222222222,0.4444444444444444,0.9488888888888888,1.6677777777777778,-0.1111111111111111,4,0.5,0.25,0.25,4.0,3.4625,weak,medium,weak
1213887,2025-01-04 18:00:00+00:00,61,2024,79,Lille,83,Nantes,1,1,FT,4-2-3-1,4-1-4-1,4-2-3-1 vs 4-1-4-1,6,2,4,0.8,2,54.8,2.8,0.5,4.6,3.4,10.2,9.6,1.652,1.136,3.4,4.0,0.6,3,42.6,1.5,0.0,3.6,5.8,12.4,12.8,1.0559999999999998,1.782,4.8,4.4,0.9999999999999996,-2.200000000000001,0.5960000000000001,-1.4,12.199999999999996,0.2,1.19,1.33,10,0.5,0.5,0.0,1.816,1.1880000000000002,0.9,0,,,,,,,3,0.3333333333333333,0.6666666666666666,0.0,5.333333333333333,4.5,strong,weak,weak
1213883,2025-01-04 20:00:00+00:00,61,2024,80,Lyon,82,Montpellier,1,0,FT,4-3-3,3-4-2-1,4-3-3 vs 3-4-2-1,2,8,-6,0.6,3,54.2,1.8,,7.0,5.4,13.8,12.6,1.844,1.472,4.8,4.0,0.8,2,47.8,3.6,1.0,5.6,4.6,12.8,15.6,1.592,1.406,6.6,4.8,1.4000000000000004,1.0,0.2519999999999998,-1.7999999999999998,6.400000000000006,-0.2,1.35,1.17,8,0.625,0.25,0.125,1.81875,1.27,1.125,0,,,,,,,7,0.2857142857142857,0.42857142857142855,0.2857142857142857,2.7142857142857144,2.8814285714285712,medium,weak,medium
1213884,2025-01-05 14:00:00+00:00,61,2024,116,Lens,96,Toulouse,0,1,FT,4-2-3-1,3-4-2-1,4-2-3-1 vs 3-4-2-1,8,2,6,0.6,2,55.4,2.0,,4.8,3.4,15.0,10.4,2.082,1.032,4.8,2.0,1.0,1,38.4,2.0,,3.6,3.2,9.8,10.0,1.42,1.106,3.8,3.8,1.1999999999999995,5.199999999999999,0.6619999999999999,1.0,17.0,-0.4,1.41,2.03,4,0.5,0.5,0.0,1.6725,0.92,1.0,11,0.36363636363636365,0.09090909090909091,0.5454545454545454,1.3827272727272726,0.9381818181818182,-0.36363636363636365,11,0.45454545454545453,0.2727272727272727,0.2727272727272727,2.1818181818181817,2.6572727272727272,weak,strong,strong
1213886,2025-01-05 14:00:00+00:00,61,2024,77,Angers,106,Stade Brestois 29,2,0,FT,4-2-3-1,4-3-3,4-2-3-1 vs 4-3-3,3,5,-2,1.0,1,43.4,0.4,,2.6,6.6,9.2,12.8,1.0100000000000002,1.37,3.0,4.2,0.4,3,48.6,2.0,,5.8,5.8,12.4,12.4,1.414,1.97,4.0,3.0,-3.2,-3.200000000000001,-0.4039999999999999,-1.0,-5.200000000000003,0.6,1.78,0.98,12,0.25,0.3333333333333333,0.4166666666666667,1.1308333333333336,1.53,-0.5,9,0.1111111111111111,0.1111111111111111,0.7777777777777778,1.2811111111111113,2.0911111111111107,-1.2222222222222223,10,0.2,0.3,0.5,4.0,3.372,strong,medium,strong
1213889,2025-01-05 14:00:00+00:00,61,2024,95,Strasbourg,108,Auxerre,3,1,FT,4-4-2,3-4-3,4-4-2 vs 3-4-3,5,6,-1,0.4,3,48.4,1.8,,3.2,5.0,8.6,13.0,0.784,2.088,3.2,3.0,0.8,2,37.8,2.75,,3.4,6.6,8.0,16.2,0.7,1.9839999999999995,2.6,6.6,-0.1999999999999997,0.5999999999999996,0.084,0.6000000000000001,10.6,-0.4,2.42,1.38,3,0.3333333333333333,0.3333333333333333,0.3333333333333333,1.1899999999999997,1.3,0.6666666666666666,0,,,,,,,1,1.0,0.0,0.0,3.0,2.67,weak,weak,weak
1213888,2025-01-05 19:45:00+00:00,61,2024,81,Marseille,111,Le Havre,5,1,FT,3-4-2-1,3-5-2,3-4-2-1 vs 3-5-2,6,4,2,0.6,3,63.4,1.6,1.0,5.2,4.8,13.6,9.2,1.904,1.452,4.4,4.0,0.6,3,49.0,1.2,,2.4,4.8,8.8,15.0,0.8960000000000001,1.738,4.6,5.6,2.8000000000000003,4.799999999999999,1.0079999999999998,-0.1999999999999993,14.4,0.0,3.23,0.45,3,0.6666666666666666,0.3333333333333333,0.0,1.9066666666666663,0.8733333333333334,1.0,0,,,,,,,2,0.5,0.0,0.5,3.5,2.93,weak,weak,weak
1213892,2025-01-10 18:00:00+00:00,61,2024,83,Nantes,91,Monaco,2,2,FT,4-1-4-1,3-4-2-1,4-1-4-1 vs 3-4-2-1,2,3,-1,0.6,3,42.0,2.0,0.0,3.4,5.8,11.8,12.4,1.0379999999999998,1.422,4.6,3.6,0.8,2,50.0,2.0,,4.2,4.6,13.0,10.4,2.146,1.354,2.4,5.2,-0.8000000000000003,-1.1999999999999993,-1.108,2.2,-8.0,-0.2,0.81,3.59,1,0.0,1.0,0.0,1.33,1.19,0.0,2,0.5,0.5,0.0,0.94,1.13,0.5,0,,,,,,weak,weak,weak
1213893,2025-01-10 20:05:00+00:00,61,2024,108,Auxerre,79,Lille,0,0,FT,5-4-1,4-2-3-1,5-4-1 vs 4-2-3-1,6,6,0,0.6,3,40.6,2.75,,3.6,6.4,8.8,14.6,0.592,1.95,2.6,6.4,1.0,1,57.6,2.6,0.5,4.0,2.8,10.2,7.4,1.5539999999999998,0.98,3.4,2.8,-0.3999999999999999,-1.3999999999999986,-0.962,-0.7999999999999998,-17.0,-0.4,0.82,1.47,2,0.0,0.0,1.0,0.6950000000000001,2.185,-1.5,11,0.45454545454545453,0.5454545454545454,0.0,1.7590909090909093,1.200909090909091,0.8181818181818182,3,0.6666666666666666,0.0,0.3333333333333333,2.6666666666666665,3.2566666666666664,weak,strong,weak
1213897,2025-01-11 16:00:00+00:00,61,2024,106,Stade Brestois 29,80,Lyon,2,1,FT,4-3-1-2,4-1-4-1,4-3-1-2 vs 4-1-4-1,5,2,3,0.4,3,47.6,2.0,,5.4,4.6,11.0,11.0,1.4240000000000002,1.832,3.4,2.8,0.6,3,53.4,1.4,,6.0,5.4,12.8,13.8,1.88,1.5699999999999998,4.0,3.8,-0.5999999999999996,-1.8000000000000007,-0.4559999999999999,-0.6000000000000001,-5.799999999999997,-0.1999999999999999,1.07,1.43,2,1.0,0.0,0.0,1.21,1.96,2.5,1,0.0,0.0,1.0,1.46,2.88,-2.0,0,,,,,,weak,weak,weak
1213894,2025-01-11 18:00:00+00:00,61,2024,93,Reims,84,Nice,2,4,FT,4-2-3-1,4-2-3-1,4-2-3-1 vs 4-2-3-1,3,4,-1,0.6,2,45.6,1.4,,2.6,4.4,11.8,11.8,1.118,1.568,3.8,3.2,0.2,5,49.2,2.4,1.0,5.8,5.2,15.0,13.8,1.786,1.5739999999999998,4.0,6.4,-3.2,-3.1999999999999997,-0.6680000000000001,-0.2000000000000001,-3.6000000000000014,0.3999999999999999,0.79,2.47,6,0.3333333333333333,0.5,0.16666666666666666,1.7749999999999997,1.3883333333333334,0.5,1,1.0,0.0,0.0,1.5,1.71,1.0,18,0.3333333333333333,0.3888888888888889,0.2777777777777778,2.7222222222222223,2.8261111111111106,medium,weak,strong
1213899,2025-01-11 20:05:00+00:00,61,2024,94,Rennes,81,Marseille,1,2,FT,3-4-2-1,3-4-2-1,3-4-2-1 vs 3-4-2-1,3,5,-2,0.8,2,54.4,1.8,0.3333333333333333,4.4,2.0,8.8,6.6,1.24,0.714,3.8,2.6,0.8,2,62.6,1.2,1.0,6.0,3.8,12.8,8.0,2.032,1.158,4.2,3.4,-1.5999999999999996,-4.0,-0.792,-0.4000000000000003,-8.200000000000003,0.0,1.63,1.66,7,0.14285714285714285,0.2857142857142857,0.5714285714285714,1.3814285714285715,1.1842857142857144,0.0,4,0.75,0.25,0.0,2.2375,0.7675000000000001,1.75,0,,,,,,medium,weak,weak
1213895,2025-01-12 14:00:00+00:00,61,2024,111,Le Havre,116,Lens,1,2,FT,4-4-1-1,4-2-3-1,4-4-1-1 vs 4-2-3-1,1,6,-5,0.4,4,44.0,1.0,,2.0,5.2,7.6,14.4,0.66,1.854,3.0,5.0,0.8,2,55.0,2.6,1.0,4.4,3.6,14.8,10.2,1.766,1.154,5.0,2.0,-2.4000000000000004,-7.200000000000001,-1.106,-2.0,-11.0,-0.4,1.99,2.79,0,,,,,,,5,0.4,0.4,0.2,1.6199999999999999,1.142,0.6,0,,,,,,weak,medium,weak
1213891,2025-01-12 16:15:00+00:00,61,2024,96,Toulouse,95,Strasbourg,1,2,FT,3-4-2-1,4-4-1-1,3-4-2-1 vs 4-4-1-1,3,4,-1,1.0,1,38.6,2.25,0.0,4.0,3.2,9.6,11.4,1.534,1.2879999999999998,3.4,4.2,0.6,2,52.0,1.0,,3.6,4.8,9.8,12.0,1.11,1.586,3.8,3.2,0.3999999999999999,-0.200000000000001,0.4240000000000001,-0.3999999999999999,-13.4,0.4,1.24,2.35,12,0.4166666666666667,0.08333333333333333,0.5,1.4366666666666665,0.9775,-0.25,0,,,,,,,0,,,,,,strong,weak,weak
1213896,2025-01-12 16:15:00+00:00,61,2024,82,Montpellier,77,Angers,1,3,FT,4-1-4-1,4-2-3-1,4-1-4-1 vs 4-2-3-1,4,3,1,0.6,3,49.6,3.0,1.0,5.2,3.8,13.2,14.2,1.332,1.4900000000000002,7.0,4.0,1.0,1,45.0,0.8,,2.4,5.0,8.6,10.0,1.16,0.866,2.2,3.4,2.8000000000000003,4.6,0.1720000000000001,4.8,4.600000000000001,-0.4,1.3,3.81,1,0.0,0.0,1.0,0.21,1.88,-3.0,13,0.3076923076923077,0.3076923076923077,0.38461538461538464,1.1807692307692308,1.4876923076923076,-0.3076923076923077,0,,,,,,weak,strong,weak
1213898,2025-01-12 19:45:00+00:00,61,2024,85,Paris Saint Germain,1063,Saint Etienne,2,1,FT,4-3-3,4-3-3,4-3-3 vs 4-3-3,1,5,-4,0.8,2,71.6,1.0,,9.4,2.8,19.0,8.8,2.21,1.254,8.8,3.0,0.6,3,41.2,2.2,1.0,2.4,5.4,6.6,14.4,0.9,1.868,3.0,7.4,7.0,12.4,1.31,5.800000000000001,30.39999999999999,0.2,4.07,0.24,15,0.7333333333333333,0.26666666666666666,0.0,2.7313333333333336,0.9526666666666667,1.8,5,0.4,0.2,0.4,1.4140000000000001,1.9300000000000002,-1.2,5,0.6,0.2,0.2,4.0,3.436,strong,medium,medium
1213905,2025-01-17 18:00:00+00:00,61,2024,82,Montpellier,91,Monaco,2,1,FT,5-3-2,4-2-3-1,5-3-2 vs 4-2-3-1,6,4,2,0.4,4,47.8,3.2,1.5,5.2,4.6,12.6,16.2,1.402,1.954,5.4,3.6,0.6,2,53.4,1.6,,4.8,4.6,14.0,10.0,2.324,1.3080000000000005,4.2,4.2,0.4000000000000003,-1.4000000000000004,-0.922,1.2000000000000002,-5.600000000000001,-0.1999999999999999,2.41,1.85,1,0.0,0.0,1.0,0.63,3.82,-6.0,10,0.5,0.2,0.3,2.1730000000000005,1.076,0.6,0,,,,,,weak,strong,weak
1213902,2025-01-17 20:05:00+00:00,61,2024,79,Lille,84,Nice,2,1,FT,4-2-3-1,4-2-3-1,4-2-3-1 vs 4-2-3-1,6,5,1,1.0,1,61.2,2.8,0.3333333333333333,4.6,3.2,11.8,9.2,1.766,1.108,4.8,3.4,0.4,4,47.4,2.4,1.0,6.8,5.2,15.0,14.2,1.856,1.668,3.8,6.2,-2.2,-3.1999999999999997,-0.0899999999999998,1.0,13.800000000000004,0.6,1.12,2.93,12,0.4166666666666667,0.5833333333333334,0.0,1.735,1.1691666666666667,0.75,2,1.0,0.0,0.0,1.985,1.25,1.5,19,0.3157894736842105,0.3684210526315789,0.3157894736842105,2.8947368421052633,2.8489473684210522,strong,weak,strong
1213901,2025-01-18 16:00:00+00:00,61,2024,116,Lens,85,Paris Saint Germain,1,2,FT,5-3-2,3-4-3,5-3-2 vs 3-4-3,4,5,-1,1.0,1,60.0,2.4,1.0,4.4,3.6,16.6,9.8,1.78,1.31,5.4,2.6,1.0,1,68.8,1.0,,9.6,3.0,20.6,8.2,2.7920000000000003,1.024,8.8,2.6,-5.199999999999999,-4.0,-1.0120000000000002,-3.4000000000000004,-8.799999999999997,0.0,0.72,1.23,0,,,,,,,0,,,,,,,1,0.0,0.0,1.0,5.0,3.66,weak,weak,weak
1213908,2025-01-18 18:00:00+00:00,61,2024,94,Rennes,106,Stade Brestois 29,1,2,FT,3-4-2-1,4-2-2-2,3-4-2-1 vs 4-2-2-2,2,4,-2,0.8,2,52.2,1.8,0.3333333333333333,5.0,3.0,9.0,8.2,1.53,0.964,3.6,2.6,0.4,3,44.6,1.8,,5.8,4.4,10.8,11.0,1.4300000000000002,1.5779999999999998,2.6,3.8,-0.7999999999999998,-1.8000000000000007,0.0999999999999998,1.0,7.600000000000001,0.4,1.46,0.99,8,0.125,0.25,0.625,1.4125,1.24375,-0.125,0,,,,,,,0,,,,,,medium,weak,weak
1213903,2025-01-18 20:05:00+00:00,61,2024,80,Lyon,96,Toulouse,0,0,FT,4-3-3,3-4-2-1,4-3-3 vs 3-4-2-1,1,3,-2,0.6,2,54.8,1.8,,5.2,5.4,12.2,13.2,1.826,1.582,5.0,3.8,1.0,1,43.8,2.0,0.0,4.6,2.0,11.2,9.6,1.504,1.5260000000000002,3.0,3.2,0.6000000000000005,1.0,0.3219999999999998,2.0,11.0,-0.4,0.74,1.23,9,0.6666666666666666,0.2222222222222222,0.1111111111111111,1.7666666666666666,1.258888888888889,1.1111111111111112,13,0.38461538461538464,0.07692307692307693,0.5384615384615384,1.4215384615384612,1.083076923076923,-0.3076923076923077,8,0.375,0.375,0.25,2.5,2.8362499999999997,medium,strong,medium
1213904,2025-01-19 14:00:00+00:00,61,2024,1063,Saint Etienne,83,Nantes,1,1,FT,4-3-3,4-1-4-1,4-3-3 vs 4-1-4-1,6,3,3,0.4,3,42.8,2.0,1.0,2.2,6.6,6.0,17.2,0.65,2.492,2.6,6.6,0.6,2,34.0,2.25,0.0,3.4,6.2,10.2,14.0,1.0260000000000002,1.978,3.2,5.4,-1.1999999999999995,-4.199999999999999,-0.3760000000000002,-0.6000000000000001,8.799999999999997,-0.1999999999999999,0.82,1.35,6,0.3333333333333333,0.16666666666666666,0.5,1.2183333333333335,2.2866666666666666,-1.1666666666666667,2,0.0,1.0,0.0,1.07,2.3899999999999997,0.0,2,1.0,0.0,0.0,2.5,3.0949999999999998,medium,weak,weak
1213906,2025-01-19 16:15:00+00:00,61,2024,93,Reims,111,Le Havre,1,1,FT,4-2-3-1,4-4-2,4-2-3-1 vs 4-4-2,4,3,1,0.6,2,48.6,1.8,,2.0,5.0,11.4,12.2,1.074,1.7220000000000002,4.2,3.4,0.2,5,44.2,1.2,,1.8,5.8,7.8,15.8,0.8960000000000001,2.2380000000000004,3.2,4.6,0.1999999999999999,3.6000000000000005,0.1779999999999999,1.0,4.399999999999999,0.3999999999999999,0.78,0.94,7,0.2857142857142857,0.42857142857142855,0.2857142857142857,1.634285714285714,1.542857142857143,0.14285714285714285,0,,,,,,,0,,,,,,medium,weak,weak
1213907,2025-01-19 16:15:00+00:00,61,2024,77,Angers,108,Auxerre,2,0,FT,4-2-3-1,5-4-1,4-2-3-1 vs 5-4-1,2,3,-1,1.0,1,43.0,1.0,0.0,3.0,4.4,10.8,9.6,1.746,1.008,2.4,3.6,0.4,3,36.8,1.75,1.0,3.0,6.4,9.4,15.2,0.638,2.0680000000000005,3.4,8.0,0.0,1.4000000000000004,1.108,-1.0,6.200000000000003,0.6,0.93,0.7,14,0.35714285714285715,0.2857142857142857,0.35714285714285715,1.3685714285714285,1.4742857142857144,-0.14285714285714285,3,0.0,0.3333333333333333,0.6666666666666666,0.7366666666666667,1.9466666666666665,-1.0,1,1.0,0.0,0.0,5.0,3.31,strong,weak,weak
1213900,2025-01-19 19:45:00+00:00,61,2024,81,Marseille,95,Strasbourg,1,1,FT,3-4-2-1,4-1-4-1,3-4-2-1 vs 4-1-4-1,6,3,3,1.0,1,64.4,1.0,1.0,6.6,3.2,13.4,5.8,2.122,0.94,4.8,2.6,0.4,3,52.2,1.8,,3.4,4.8,9.4,12.8,1.516,1.41,2.8,3.0,3.2,4.0,0.6059999999999999,2.0,12.200000000000005,0.6,2.92,0.8,5,0.8,0.2,0.0,2.122,0.9400000000000001,1.6,1,0.0,1.0,0.0,3.23,2.75,0.0,1,1.0,0.0,0.0,4.0,3.59,medium,weak,weak
1213914,2025-01-24 19:45:00+00:00,61,2024,108,Auxerre,1063,Saint Etienne,1,1,FT,5-4-1,4-3-3,5-4-1 vs 4-3-3,5,8,-3,0.4,3,37.4,1.6,1.0,3.8,5.8,10.6,15.2,0.7539999999999999,1.7879999999999998,3.4,7.6,0.6,3,52.2,2.2,,2.6,5.6,8.0,15.2,0.792,2.0900000000000003,3.8,6.8,1.1999999999999995,2.6,-0.0380000000000001,-0.3999999999999999,-14.800000000000004,-0.1999999999999999,0.84,1.17,4,0.0,0.25,0.75,0.7275,1.6925,-1.25,7,0.2857142857142857,0.2857142857142857,0.42857142857142855,1.1614285714285715,2.152857142857143,-1.0,0,,,,,,weak,medium,weak
1213911,2025-01-25 16:00:00+00:00,61,2024,91,Monaco,94,Rennes,3,2,FT,4-2-3-1,3-4-2-1,4-2-3-1 vs 3-4-2-1,3,4,-1,0.6,2,59.4,1.8,,6.2,4.6,17.8,10.6,2.49,1.402,6.8,4.0,0.8,2,51.4,2.2,0.5,5.0,3.6,9.8,9.8,1.15,1.14,3.2,3.2,1.2000000000000002,8.0,1.34,3.6,8.0,-0.2,3.53,1.77,11,0.45454545454545453,0.18181818181818182,0.36363636363636365,2.143636363636364,1.1972727272727273,0.45454545454545453,9,0.1111111111111111,0.2222222222222222,0.6666666666666666,1.417777777777778,1.2155555555555555,-0.2222222222222222,12,0.4166666666666667,0.25,0.3333333333333333,2.0833333333333335,2.7225,strong,medium,strong
1213909,2025-01-25 18:00:00+00:00,61,2024,95,Strasbourg,79,Lille,2,1,FT,4-2-3-1,3-4-2-1,4-2-3-1 vs 3-4-2-1,5,7,-2,0.4,4,45.8,2.0,,3.2,3.8,8.4,14.2,1.472,1.502,2.8,4.0,1.0,1,60.6,2.0,0.0,4.6,2.8,11.4,9.2,1.5459999999999998,1.4,5.8,3.4,-1.3999999999999997,-3.0,-0.0739999999999998,-3.0,-14.800000000000004,-0.6,1.06,1.76,5,0.2,0.4,0.4,1.2659999999999998,1.7100000000000002,-0.6,2,0.5,0.0,0.5,1.14,1.59,0.0,13,0.46153846153846156,0.23076923076923078,0.3076923076923077,2.3076923076923075,2.920769230769231,medium,weak,strong
1213916,2025-01-25 20:05:00+00:00,61,2024,85,Paris Saint Germain,93,Reims,1,1,FT,4-3-3,4-2-3-1,4-3-3 vs 4-2-3-1,1,4,-3,0.8,2,65.4,1.2,,9.0,3.6,17.6,9.2,2.492,1.038,7.2,3.2,0.8,2,49.2,2.0,,2.0,4.2,10.4,11.4,1.06,1.546,4.8,4.4,7.0,7.200000000000001,1.432,2.4000000000000004,16.200000000000003,0.0,1.25,0.97,16,0.75,0.25,0.0,2.815,0.908125,1.75,8,0.25,0.5,0.25,1.5274999999999999,1.4675,0.125,5,0.4,0.0,0.6,4.2,3.4799999999999995,strong,medium,medium
1213913,2025-01-26 14:00:00+00:00,61,2024,111,Le Havre,106,Stade Brestois 29,0,1,FT,4-2-3-1,4-2-3-1,4-2-3-1 vs 4-2-3-1,5,5,0,0.2,5,42.0,1.2,,2.0,5.8,8.2,15.4,1.05,1.964,4.0,5.0,0.4,4,43.4,1.8,,4.8,5.4,10.6,13.0,1.136,1.6659999999999997,2.6,4.0,-2.8,-2.4000000000000004,-0.086,1.4,-1.3999999999999986,-0.2,0.96,2.05,0,,,,,,,4,0.75,0.0,0.25,1.34,1.345,0.75,20,0.35,0.35,0.3,2.9,2.909,weak,weak,strong
1213910,2025-01-26 16:15:00+00:00,61,2024,83,Nantes,80,Lyon,1,1,FT,4-2-3-1,4-3-3,4-2-3-1 vs 4-3-3,3,1,2,0.6,2,35.8,2.0,0.0,3.8,4.6,10.8,11.6,1.166,1.596,4.0,5.0,0.6,2,56.6,1.8,,4.2,4.8,11.2,12.6,1.402,1.396,5.6,4.0,-0.4000000000000003,-0.3999999999999986,-0.236,-1.5999999999999996,-20.800000000000004,0.0,1.26,1.11,10,0.2,0.3,0.5,1.121,1.316,-0.4,10,0.6,0.3,0.1,1.6640000000000001,1.256,1.0,11,0.2727272727272727,0.2727272727272727,0.45454545454545453,3.8181818181818183,3.316363636363636,strong,strong,strong
1213912,2025-01-26 16:15:00+00:00,61,2024,96,Toulouse,82,Montpellier,1,2,FT,3-4-2-1,4-3-1-2,3-4-2-1 vs 4-3-1-2,4,4,0,1.0,1,41.2,1.6,0.0,4.0,2.6,11.4,11.0,1.284,1.65,2.8,4.4,0.2,5,46.0,2.6,2.0,5.0,6.0,12.8,18.8,1.59,1.88,4.8,6.4,-1.0,-1.4000000000000004,-0.306,-2.0,-4.799999999999997,0.8,0.98,0.58,14,0.35714285714285715,0.14285714285714285,0.5,1.4078571428571427,1.0585714285714285,-0.2857142857142857,0,,,,,,,0,,,,,,strong,weak,weak
1213915,2025-01-26 16:15:00+00:00,61,2024,116,Lens,77,Angers,1,0,FT,5-3-2,4-2-3-1,5-3-2 vs 4-2-3-1,4,3,1,0.8,2,57.0,2.4,1.0,4.2,4.4,16.4,8.4,1.56,1.386,6.4,2.2,1.0,1,43.8,1.4,0.0,3.2,5.0,10.6,10.6,1.502,1.114,2.4,3.6,1.0,5.799999999999999,0.058,4.0,13.200000000000005,-0.1999999999999999,1.91,0.16,1,0.0,0.0,1.0,0.72,1.23,-1.0,15,0.4,0.26666666666666666,0.3333333333333333,1.3393333333333333,1.4226666666666667,0.0,1,1.0,0.0,0.0,3.0,4.26,weak,strong,weak
1213917,2025-01-26 19:45:00+00:00,61,2024,84,Nice,81,Marseille,2,0,FT,3-4-2-1,3-4-2-1,3-4-2-1 vs 3-4-2-1,5,5,0,0.6,3,47.0,2.6,1.0,6.0,4.4,14.0,13.2,2.01,1.3199999999999998,4.4,6.6,1.0,1,65.8,1.6,1.0,6.4,3.0,15.2,5.8,2.318,0.8959999999999999,5.6,2.6,-0.4000000000000003,-1.1999999999999993,-0.3079999999999998,-1.1999999999999993,-18.8,-0.4,1.13,0.83,5,0.4,0.6,0.0,1.1,1.0400000000000003,0.4,6,0.6666666666666666,0.3333333333333333,0.0,2.255,0.9166666666666666,1.3333333333333333,1,0.0,0.0,1.0,3.0,3.29,medium,medium,weak
1213920,2025-01-31 19:45:00+00:00,61,2024,82,Montpellier,116,Lens,0,2,FT,4-3-1-2,5-3-2,4-3-1-2 vs 5-3-2,3,7,-4,0.2,5,43.6,2.4,2.0,5.0,6.6,12.6,18.4,1.486,1.8220000000000005,4.6,6.4,0.6,2,59.0,2.2,1.0,4.4,3.6,16.2,7.4,1.688,1.198,6.0,2.4,0.5999999999999996,-3.6,-0.2019999999999999,-1.4000000000000004,-15.4,-0.3999999999999999,0.83,2.08,1,1.0,0.0,0.0,0.58,0.98,1.0,2,0.5,0.0,0.5,1.315,0.695,0.0,1,1.0,0.0,0.0,5.0,3.1399999999999997,weak,weak,weak
1213919,2025-02-01 16:00:00+00:00,61,2024,106,Stade Brestois 29,85,Paris Saint Germain,2,5,FT,4-2-3-1,4-3-3,4-2-3-1 vs 4-3-3,4,3,1,0.4,4,47.0,2.2,,6.0,4.4,12.6,13.2,1.416,1.356,3.6,4.8,0.8,2,66.4,1.4,,8.2,3.8,16.4,9.2,2.24,1.174,5.8,2.8,-2.1999999999999997,-3.799999999999999,-0.8240000000000003,-2.2,-19.40000000000001,-0.4,0.87,3.59,5,0.8,0.0,0.2,1.482,1.268,0.8,17,0.7058823529411765,0.29411764705882354,0.0,2.722941176470588,0.9117647058823529,1.6470588235294117,12,0.25,0.3333333333333333,0.4166666666666667,3.6666666666666665,3.2374999999999994,medium,strong,strong
1213926,2025-02-01 18:00:00+00:00,61,2024,91,Monaco,108,Auxerre,4,2,FT,4-2-3-1,5-4-1,4-2-3-1 vs 5-4-1,3,2,1,0.6,2,58.2,2.0,,7.2,5.0,18.0,12.2,2.55,1.654,7.2,3.8,0.6,3,39.4,1.6,1.0,4.4,4.2,11.6,12.0,0.8639999999999999,1.52,3.4,5.4,2.8,6.4,1.686,3.8,18.800000000000004,0.0,2.62,1.48,12,0.5,0.16666666666666666,0.3333333333333333,2.259166666666667,1.2449999999999999,0.5,5,0.0,0.4,0.6,0.75,1.5879999999999999,-1.0,2,1.0,0.0,0.0,3.5,2.4699999999999998,strong,medium,weak
1213921,2025-02-01 20:05:00+00:00,61,2024,79,Lille,1063,Saint Etienne,4,1,FT,4-2-3-1,4-3-3,4-2-3-1 vs 4-3-3,7,5,2,0.8,2,59.8,2.2,0.0,4.6,3.6,12.4,10.0,1.396,1.482,6.8,4.4,0.8,2,58.6,2.0,,2.8,4.6,9.0,13.2,0.994,1.7559999999999998,4.6,5.6,1.7999999999999998,3.4000000000000004,0.4019999999999998,2.2,1.1999999999999955,0.0,3.41,2.11,13,0.46153846153846156,0.5384615384615384,0.0,1.6876923076923078,1.3046153846153847,0.7692307692307693,8,0.25,0.375,0.375,1.1624999999999999,1.98875,-0.875,13,0.23076923076923078,0.3076923076923077,0.46153846153846156,3.923076923076923,3.3315384615384613,strong,medium,strong
1213924,2025-02-02 14:00:00+00:00,61,2024,96,Toulouse,84,Nice,1,1,FT,3-4-2-1,3-4-2-1,3-4-2-1 vs 3-4-2-1,4,4,0,1.0,1,46.2,1.4,0.0,4.6,2.4,13.2,8.4,1.378,1.12,3.4,4.4,0.6,3,42.6,2.2,1.0,6.0,5.2,13.4,14.4,1.83,1.284,4.6,7.4,-1.4000000000000004,-0.200000000000001,-0.4519999999999995,-1.1999999999999995,3.6000000000000014,0.4,1.47,1.69,15,0.3333333333333333,0.13333333333333333,0.5333333333333333,1.379333333333333,1.0266666666666666,-0.3333333333333333,6,0.5,0.5,0.0,1.105,1.0050000000000001,0.6666666666666666,2,0.5,0.0,0.5,2.5,2.625,strong,medium,weak
1213922,2025-02-02 16:15:00+00:00,61,2024,93,Reims,83,Nantes,1,2,FT,4-2-3-1,4-3-3,4-2-3-1 vs 4-3-3,4,4,0,0.8,2,43.2,2.0,,2.0,5.2,9.6,13.6,1.032,1.636,4.6,5.4,0.6,3,34.0,2.4,,4.4,4.8,9.4,13.6,1.1800000000000002,1.7399999999999998,3.8,5.6,-2.4000000000000004,0.1999999999999993,-0.1480000000000001,0.7999999999999998,9.200000000000005,0.2,1.04,1.92,9,0.2222222222222222,0.5555555555555556,0.2222222222222222,1.4655555555555555,1.4433333333333334,0.1111111111111111,1,0.0,1.0,0.0,0.49,0.85,0.0,14,0.2857142857142857,0.2857142857142857,0.42857142857142855,4.0,3.4878571428571425,medium,weak,strong
1213923,2025-02-02 16:15:00+00:00,61,2024,77,Angers,111,Le Havre,1,1,FT,4-2-3-1,4-1-4-1,4-2-3-1 vs 4-1-4-1,3,4,-1,1.0,1,43.6,1.6,0.0,2.8,3.8,9.0,10.6,1.408,1.09,2.8,3.0,0.2,5,41.0,1.2,,1.8,6.6,8.0,15.4,1.04,1.968,3.6,5.2,0.9999999999999998,1.0,0.3679999999999999,-0.8000000000000003,2.6000000000000014,0.8,1.48,2.07,16,0.375,0.25,0.375,1.265625,1.453125,-0.0625,0,,,,,,,4,0.25,0.75,0.0,4.5,4.005,strong,weak,weak
1213925,2025-02-02 16:15:00+00:00,61,2024,94,Rennes,95,Strasbourg,1,0,FT,3-4-3,3-4-3,3-4-3 vs 3-4-3,2,5,-3,0.8,2,50.2,2.6,0.0,5.4,5.2,11.6,11.0,1.4259999999999995,1.608,2.6,3.0,0.4,4,44.6,2.6,,4.2,4.4,9.2,15.2,1.5239999999999998,1.632,3.4,5.0,1.2000000000000002,2.4000000000000004,-0.098,-0.7999999999999998,5.600000000000001,0.4,0.91,1.19,2,0.5,0.0,0.5,1.02,0.45499999999999996,1.0,1,0.0,0.0,1.0,0.79,3.89,-2.0,0,,,,,,weak,weak,weak
1213918,2025-02-02 19:45:00+00:00,61,2024,81,Marseille,80,Lyon,3,2,FT,3-4-2-1,4-2-3-1,3-4-2-1 vs 4-2-3-1,5,1,4,1.0,1,66.2,1.6,1.0,5.6,3.6,14.6,8.0,1.982,1.09,6.2,3.8,0.6,2,56.4,1.6,,3.0,5.4,11.0,12.0,1.2180000000000002,1.5219999999999998,5.8,4.4,2.6,3.6,0.7639999999999998,0.4000000000000003,9.800000000000004,0.4,3.24,1.75,7,0.5714285714285714,0.2857142857142857,0.14285714285714285,2.051428571428571,0.9471428571428572,0.8571428571428571,3,0.3333333333333333,0.3333333333333333,0.3333333333333333,1.67,1.383333333333333,0.0,9,0.4444444444444444,0.2222222222222222,0.3333333333333333,2.6666666666666665,2.6166666666666667,medium,weak,medium
1213928,2025-02-07 18:00:00+00:00,61,2024,83,Nantes,106,Stade Brestois 29,0,2,FT,4-3-3,4-3-3,4-3-3 vs 4-3-3,4,3,1,0.6,3,33.6,2.4,0.0,4.2,3.6,8.4,13.6,1.334,1.55,3.4,7.4,0.4,4,43.4,1.8,,5.8,4.4,12.8,12.8,1.192,1.844,4.4,5.2,-1.5999999999999996,-4.4,0.1420000000000001,-1.0000000000000004,-9.799999999999995,0.1999999999999999,1.1,2.51,2,0.5,0.5,0.0,1.205,0.9450000000000001,0.5,10,0.1,0.1,0.8,1.2510000000000001,2.0599999999999996,-1.3,6,0.6666666666666666,0.16666666666666666,0.16666666666666666,3.8333333333333335,3.581666666666667,weak,strong,medium
1213932,2025-02-07 20:05:00+00:00,61,2024,85,Paris Saint Germain,91,Monaco,4,1,FT,4-3-3,4-4-2,4-3-3 vs 4-4-2,2,4,-2,0.8,2,66.0,1.0,,8.4,4.6,16.6,10.6,2.382,1.0559999999999998,6.4,3.0,0.8,2,57.0,1.8,,7.8,6.4,17.4,13.0,2.814,1.648,7.4,4.4,0.6000000000000005,-0.7999999999999972,-0.4319999999999999,-1.0,9.0,0.0,3.14,1.0,18,0.7222222222222222,0.2777777777777778,0.0,2.771111111111111,0.9094444444444445,1.7222222222222223,3,0.6666666666666666,0.0,0.3333333333333333,1.7766666666666666,0.49333333333333335,0.6666666666666666,1,1.0,0.0,0.0,3.0,2.1799999999999997,strong,weak,weak
1213935,2025-02-08 16:00:00+00:00,61,2024,84,Nice,116,Lens,2,0,FT,3-4-2-1,5-3-2,3-4-2-1 vs 5-3-2,3,6,-3,0.6,2,42.4,2.2,1.0,5.4,4.4,12.4,13.2,1.944,1.184,4.2,7.0,0.6,2,56.8,2.6,1.0,4.4,3.4,16.8,8.2,1.782,1.248,6.0,2.6,1.0,-4.4,0.1620000000000001,-1.7999999999999998,-14.4,0.0,2.28,1.17,7,0.42857142857142855,0.5714285714285714,0.0,1.1885714285714286,1.0714285714285716,0.5714285714285714,3,0.6666666666666666,0.0,0.3333333333333333,1.57,0.7399999999999999,0.6666666666666666,1,1.0,0.0,0.0,2.0,1.46,medium,weak,weak
1213930,2025-02-08 18:00:00+00:00,61,2024,79,Lille,111,Le Havre,1,2,FT,4-2-3-1,4-1-4-1,4-2-3-1 vs 4-1-4-1,5,6,-1,0.8,2,64.4,1.8,0.0,6.2,3.4,16.2,10.0,1.7899999999999998,1.65,6.6,4.0,0.2,5,38.0,2.0,1.0,2.6,6.2,8.6,17.0,1.282,2.066,3.4,5.6,3.6,7.6,0.5079999999999998,3.2,26.40000000000001,0.6000000000000001,1.52,2.04,14,0.5,0.5,0.0,1.8107142857142857,1.362142857142857,0.9285714285714286,1,0.0,1.0,0.0,2.07,1.48,0.0,5,0.2,0.8,0.0,4.0,3.914,strong,weak,medium
1213931,2025-02-08 20:05:00+00:00,61,2024,1063,Saint Etienne,94,Rennes,0,2,FT,4-3-3,3-4-2-1,4-3-3 vs 3-4-2-1,5,5,0,1.0,1,53.0,1.4,1.0,2.8,6.4,10.2,16.8,1.3119999999999998,2.156,4.2,6.6,0.8,2,50.2,2.6,0.0,5.2,5.8,12.8,11.8,1.496,1.7739999999999998,3.4,3.2,-2.4000000000000004,-2.6000000000000014,-0.1840000000000001,0.8000000000000003,2.799999999999997,0.1999999999999999,0.48,3.75,9,0.2222222222222222,0.3333333333333333,0.4444444444444444,1.2677777777777777,2.1466666666666665,-1.1111111111111112,10,0.1,0.2,0.7,1.453,1.4469999999999998,-0.3,9,0.3333333333333333,0.4444444444444444,0.2222222222222222,2.2222222222222223,2.7399999999999998,medium,strong,medium
1213933,2025-02-09 14:00:00+00:00,61,2024,80,Lyon,93,Reims,4,0,FT,4-2-3-1,4-3-3,4-2-3-1 vs 4-3-3,1,5,-4,0.6,3,57.2,1.2,,3.2,6.4,11.6,13.4,1.2760000000000002,1.594,5.6,4.8,0.8,2,46.6,2.6,1.0,2.4,5.8,10.6,13.0,0.938,1.7600000000000002,6.2,5.2,0.8000000000000003,1.0,0.3380000000000002,-0.6000000000000005,10.6,-0.2,3.3,0.35,4,0.25,0.25,0.5,1.69,1.8475,-0.25,10,0.3,0.2,0.5,0.9649999999999999,1.723,-0.3,15,0.26666666666666666,0.26666666666666666,0.4666666666666667,3.933333333333333,3.4526666666666666,weak,strong,strong
1213927,2025-02-09 16:15:00+00:00,61,2024,108,Auxerre,96,Toulouse,2,2,FT,3-4-2-1,3-4-2-1,3-4-2-1 vs 3-4-2-1,2,3,-1,0.8,2,40.2,1.4,1.0,5.2,4.4,12.0,11.0,1.0439999999999998,1.722,3.6,5.4,1.0,1,49.0,1.2,0.0,4.6,2.6,14.0,10.4,1.39,1.354,4.4,4.2,0.6000000000000005,-2.0,-0.3460000000000003,-0.8000000000000003,-8.799999999999997,-0.1999999999999999,0.9,0.91,9,0.4444444444444444,0.3333333333333333,0.2222222222222222,1.33,1.9711111111111113,0.3333333333333333,16,0.3125,0.1875,0.5,1.385,1.0681250000000002,-0.3125,3,0.3333333333333333,0.3333333333333333,0.3333333333333333,2.3333333333333335,2.8033333333333332,medium,strong,weak
1213929,2025-02-09 16:15:00+00:00,61,2024,95,Strasbourg,82,Montpellier,2,0,FT,3-4-2-1,3-4-1-2,3-4-2-1 vs 3-4-1-2,3,4,-1,0.2,5,46.8,3.0,,3.8,4.8,8.8,15.8,1.5639999999999996,1.642,3.4,5.6,0.4,4,43.2,3.0,2.0,3.8,6.4,11.2,18.6,1.258,2.014,3.6,6.6,0.0,-2.3999999999999986,0.3059999999999996,-0.2000000000000001,3.5999999999999943,-0.2,2.75,1.83,1,0.0,1.0,0.0,0.91,1.41,0.0,1,0.0,0.0,1.0,1.1,1.27,-2.0,1,0.0,1.0,0.0,2.0,1.9300000000000002,weak,weak,weak
1213934,2025-02-09 19:45:00+00:00,61,2024,77,Angers,81,Marseille,0,2,FT,4-2-3-1,3-4-1-2,4-2-3-1 vs 3-4-1-2,4,5,-1,1.0,1,44.4,1.8,0.3333333333333333,3.4,4.0,11.8,11.8,1.632,1.392,3.4,3.0,1.0,1,67.8,2.2,,7.2,3.4,16.8,8.0,2.376,1.152,6.8,2.6,-3.8,-5.0,-0.7439999999999998,-3.4,-23.4,0.0,0.49,2.47,17,0.35294117647058826,0.29411764705882354,0.35294117647058826,1.2782352941176471,1.4894117647058824,-0.058823529411764705,0,,,,,,,3,0.3333333333333333,0.6666666666666666,0.0,2.6666666666666665,2.6233333333333335,strong,weak,weak
1213940,2025-02-14 19:45:00+00:00,61,2024,106,Stade Brestois 29,108,Auxerre,2,2,FT,4-2-3-1,4-2-3-1,4-2-3-1 vs 4-2-3-1,4,4,0,0.4,4,39.2,2.0,,6.2,4.4,12.4,14.4,1.4979999999999998,1.7079999999999995,4.4,7.2,0.8,2,43.0,1.2,1.0,4.4,4.2,11.0,10.2,0.948,1.42,3.6,5.6,1.7999999999999998,1.4000000000000004,0.5499999999999997,0.8000000000000003,-3.799999999999997,-0.4,2.18,1.15,6,0.6666666666666666,0.0,0.3333333333333333,1.38,1.655,0.16666666666666666,2,0.0,0.0,1.0,0.845,2.0999999999999996,-2.0,21,0.3333333333333333,0.3333333333333333,0.3333333333333333,2.8095238095238093,2.9138095238095234,medium,weak,strong
1213937,2025-02-15 16:00:00+00:00,61,2024,81,Marseille,1063,Saint Etienne,5,1,FT,3-4-1-2,4-3-3,3-4-1-2 vs 4-3-3,3,3,0,0.8,2,69.4,2.4,,7.4,3.2,17.4,8.2,2.224,1.16,7.4,2.8,1.0,1,53.0,1.2,1.0,2.6,8.0,9.2,18.8,0.964,2.684,3.4,5.6,4.800000000000001,8.2,1.2600000000000002,4.0,16.400000000000006,-0.1999999999999999,6.43,0.96,1,1.0,0.0,0.0,2.47,0.49,2.0,10,0.2,0.3,0.5,1.1889999999999998,2.307,-1.2,1,1.0,0.0,0.0,2.0,3.83,weak,strong,weak
1213944,2025-02-15 18:00:00+00:00,61,2024,91,Monaco,83,Nantes,7,1,FT,4-2-3-1,5-3-2,4-2-3-1 vs 5-3-2,3,3,0,0.6,3,56.2,1.4,,7.4,5.4,16.2,12.8,2.518,1.922,7.4,2.8,0.4,3,39.6,2.6,0.0,4.2,4.2,10.2,13.0,1.2879999999999998,1.814,5.8,7.8,3.2,6.0,1.23,1.6000000000000003,16.6,0.1999999999999999,4.44,1.18,13,0.5384615384615384,0.15384615384615385,0.3076923076923077,2.2869230769230775,1.263076923076923,0.6153846153846154,3,0.3333333333333333,0.3333333333333333,0.3333333333333333,0.9966666666666666,1.7033333333333334,-0.6666666666666666,0,,,,,,strong,weak,weak
1213936,2025-02-15 20:05:00+00:00,61,2024,96,Toulouse,85,Paris Saint Germain,0,1,FT,5-4-1,4-3-3,5-4-1 vs 4-3-3,1,3,-2,1.0,1,51.4,1.0,,4.4,3.0,13.8,9.4,1.166,1.252,5.2,3.4,0.8,2,66.8,1.2,,7.4,4.2,16.4,9.4,2.656,0.76,4.8,3.0,-3.0,-2.599999999999998,-1.4900000000000002,0.4000000000000003,-15.4,0.1999999999999999,0.88,2.44,0,,,,,,,19,0.7368421052631579,0.2631578947368421,0.0,2.7905263157894735,0.9142105263157895,1.7894736842105263,1,0.0,1.0,0.0,2.0,2.01,weak,strong,weak
1213938,2025-02-16 14:00:00+00:00,61,2024,82,Montpellier,80,Lyon,1,4,FT,4-3-1-2,4-2-3-1,4-3-1-2 vs 4-2-3-1,8,2,6,0.4,4,43.0,3.4,2.0,3.0,7.2,10.2,20.6,1.39,2.294,3.0,7.2,0.4,3,59.2,1.4,0.0,4.6,5.6,12.2,12.0,1.666,1.43,6.2,5.0,-1.5999999999999996,-2.0,-0.2759999999999998,-3.2,-16.200000000000003,0.0,1.4,0.95,2,0.5,0.0,0.5,0.705,1.53,-0.5,5,0.4,0.2,0.4,2.0119999999999996,1.5479999999999998,0.6,0,,,,,,weak,medium,weak
1213939,2025-02-16 16:15:00+00:00,61,2024,116,Lens,95,Strasbourg,0,2,FT,4-2-3-1,3-4-2-1,4-2-3-1 vs 3-4-2-1,6,4,2,0.8,2,51.4,2.4,1.0,4.8,4.2,16.4,9.8,1.734,1.298,5.2,3.8,0.2,5,46.6,3.0,,4.2,3.8,11.0,15.2,1.63,1.732,3.8,5.4,0.5999999999999996,5.399999999999999,0.1039999999999998,1.4000000000000004,4.799999999999997,0.6000000000000001,0.36,2.35,6,0.5,0.3333333333333333,0.16666666666666666,1.8150000000000002,1.2833333333333334,0.6666666666666666,2,0.5,0.5,0.0,1.83,1.62,1.0,14,0.5,0.21428571428571427,0.2857142857142857,2.357142857142857,2.9135714285714287,medium,weak,strong
1213942,2025-02-16 16:15:00+00:00,61,2024,93,Reims,77,Angers,0,1,FT,4-3-3,4-2-3-1,4-3-3 vs 4-2-3-1,5,5,0,0.8,2,43.6,2.8,1.0,2.6,6.8,10.2,13.2,0.786,1.976,5.6,5.2,1.0,1,41.2,1.6,0.3333333333333333,3.0,5.2,11.4,13.0,1.374,1.6900000000000002,3.2,3.6,-0.3999999999999999,-1.200000000000001,-0.5880000000000001,2.3999999999999995,2.3999999999999986,-0.1999999999999999,1.68,1.61,11,0.2727272727272727,0.18181818181818182,0.5454545454545454,0.909090909090909,1.8663636363636364,-0.6363636363636364,18,0.3333333333333333,0.2777777777777778,0.3888888888888889,1.2344444444444445,1.5438888888888889,-0.16666666666666666,6,0.3333333333333333,0.16666666666666666,0.5,3.8333333333333335,3.2699999999999996,strong,strong,medium
1213943,2025-02-16 16:15:00+00:00,61,2024,111,Le Havre,84,Nice,1,3,FT,4-1-4-1,3-4-2-1,4-1-4-1 vs 3-4-2-1,4,4,0,0.4,4,38.6,2.2,1.0,3.6,5.4,10.6,16.8,1.6,1.7239999999999998,5.4,6.4,0.6,2,45.4,1.8,0.0,5.8,4.0,13.8,13.6,2.1,1.076,5.0,7.0,-2.2,-3.200000000000001,-0.5000000000000002,0.4000000000000003,-6.799999999999997,-0.1999999999999999,0.7,1.42,2,0.5,0.5,0.0,2.0549999999999997,1.5,0.5,8,0.5,0.5,0.0,1.325,1.08375,0.75,1,0.0,1.0,0.0,4.0,4.4,weak,medium,weak
1213941,2025-02-16 19:45:00+00:00,61,2024,94,Rennes,79,Lille,0,2,FT,3-4-2-1,4-2-3-1,3-4-2-1 vs 4-2-3-1,4,5,-1,0.8,2,48.8,3.0,,6.0,5.2,15.0,11.8,1.904,1.5699999999999998,3.6,3.0,0.8,2,63.6,2.0,0.0,6.6,4.2,16.4,11.6,1.856,1.7920000000000005,7.8,6.0,-0.5999999999999996,-1.3999999999999986,0.048,-4.199999999999999,-14.800000000000004,0.0,0.46,3.18,11,0.18181818181818182,0.18181818181818182,0.6363636363636364,1.6618181818181819,1.3590909090909091,-0.09090909090909091,15,0.4666666666666667,0.4666666666666667,0.06666666666666667,1.7913333333333334,1.4073333333333333,0.8,10,0.5,0.2,0.3,2.9,2.854,strong,strong,strong
1213945,2025-02-21 19:45:00+00:00,61,2024,94,Rennes,93,Reims,1,0,FT,3-5-2,4-2-3-1,3-5-2 vs 4-2-3-1,6,7,-1,0.8,2,49.0,3.0,1.0,5.2,5.2,14.8,12.8,1.67,1.874,4.0,4.0,0.6,2,45.2,2.4,1.0,2.8,5.4,11.0,12.2,0.964,1.804,4.6,5.4,2.4000000000000004,3.8000000000000007,0.7059999999999998,-0.5999999999999996,3.799999999999997,0.2,2.38,0.18,0,,,,,,,10,0.2,0.5,0.3,1.423,1.491,0.0,1,0.0,0.0,1.0,5.0,3.8,weak,strong,weak
1213947,2025-02-22 16:00:00+00:00,61,2024,79,Lille,91,Monaco,2,1,FT,4-4-2,4-2-3-1,4-4-2 vs 4-2-3-1,5,4,1,0.8,2,62.0,1.4,0.0,7.0,3.6,17.4,9.8,2.198,1.7200000000000002,7.4,5.6,0.8,2,55.4,1.6,0.0,8.2,5.0,17.6,12.0,2.688,1.996,7.0,2.4,-1.1999999999999993,-0.2000000000000028,-0.4900000000000002,0.4000000000000003,6.600000000000001,0.0,1.11,2.34,0,,,,,,,14,0.5714285714285714,0.14285714285714285,0.2857142857142857,2.4407142857142863,1.257142857142857,1.0,2,0.0,0.5,0.5,1.5,2.5149999999999997,weak,strong,weak
1213950,2025-02-22 18:00:00+00:00,61,2024,1063,Saint Etienne,77,Angers,3,3,FT,4-3-3,4-2-3-1,4-3-3 vs 4-2-3-1,3,6,-3,1.0,1,50.6,1.0,1.0,2.4,9.0,9.0,19.4,1.108,3.156,3.4,7.0,1.0,1,40.2,1.4,0.5,2.0,5.4,9.2,14.6,0.9340000000000002,1.766,3.4,3.2,0.3999999999999999,-0.1999999999999993,0.1739999999999999,0.0,10.4,0.0,1.69,2.94,11,0.18181818181818182,0.2727272727272727,0.5454545454545454,1.168181818181818,2.6818181818181817,-1.4545454545454546,19,0.3684210526315789,0.2631578947368421,0.3684210526315789,1.2542105263157894,1.5510526315789472,-0.10526315789473684,7,0.2857142857142857,0.14285714285714285,0.5714285714285714,3.4285714285714284,3.2728571428571422,strong,strong,medium
1213951,2025-02-22 20:05:00+00:00,61,2024,108,Auxerre,81,Marseille,3,0,FT,5-4-1,3-4-2-1,5-4-1 vs 3-4-2-1,3,3,0,0.6,3,44.4,1.6,1.0,5.0,4.4,10.6,11.2,1.014,1.562,3.2,4.8,0.6,2,70.8,2.2,,8.8,2.8,20.4,8.6,3.178,1.026,9.6,3.0,-3.8000000000000007,-9.8,-2.164,-6.4,-26.4,0.0,1.96,0.66,6,0.0,0.3333333333333333,0.6666666666666666,0.8716666666666667,1.7599999999999998,-1.1666666666666667,8,0.625,0.25,0.125,2.2,1.0474999999999999,0.875,1,0.0,0.0,1.0,2.0,2.67,medium,medium,weak
1213949,2025-02-23 14:00:00+00:00,61,2024,83,Nantes,116,Lens,3,1,FT,4-3-3,4-2-3-1,4-3-3 vs 4-2-3-1,5,6,-1,0.4,4,40.4,2.2,0.5,3.8,5.0,9.4,14.4,1.362,1.9840000000000004,5.4,7.4,0.8,2,48.6,2.8,1.0,3.4,4.4,12.8,10.8,1.248,1.37,5.0,3.8,0.3999999999999999,-3.4000000000000004,0.1140000000000001,0.4000000000000003,-8.200000000000003,-0.4,4.41,1.77,3,0.3333333333333333,0.3333333333333333,0.3333333333333333,1.1700000000000002,1.4666666666666668,-0.3333333333333333,7,0.42857142857142855,0.2857142857142857,0.2857142857142857,1.6071428571428572,1.4357142857142857,0.2857142857142857,8,0.25,0.25,0.5,3.75,3.4425,weak,medium,medium
1213946,2025-02-23 16:15:00+00:00,61,2024,111,Le Havre,96,Toulouse,1,4,FT,4-1-4-1,3-4-2-1,4-1-4-1 vs 3-4-2-1,2,2,0,0.6,3,42.4,2.2,0.5,3.6,4.6,11.8,13.6,1.342,1.45,6.0,5.2,0.8,2,45.4,1.2,,4.2,3.8,12.8,11.8,1.094,1.27,5.6,3.4,-0.6000000000000001,-1.0,0.2480000000000002,0.4000000000000003,-3.0,-0.2,0.77,2.38,3,0.3333333333333333,0.3333333333333333,0.3333333333333333,1.6033333333333333,1.4733333333333334,-0.3333333333333333,17,0.29411764705882354,0.23529411764705882,0.47058823529411764,1.3570588235294119,1.0582352941176472,-0.29411764705882354,2,0.0,0.5,0.5,4.0,3.2600000000000002,weak,strong,weak
1213948,2025-02-23 16:15:00+00:00,61,2024,95,Strasbourg,106,Stade Brestois 29,0,0,FT,3-4-2-1,4-2-3-1,3-4-2-1 vs 4-2-3-1,3,4,-1,0.4,4,46.0,2.6,0.0,4.8,2.8,12.0,12.8,1.63,1.556,4.0,6.2,0.6,3,45.4,2.2,,6.2,5.0,13.8,14.6,1.72,1.652,4.8,6.6,-1.4000000000000004,-1.8000000000000007,-0.0899999999999998,-0.7999999999999998,0.6000000000000014,-0.1999999999999999,0.54,0.56,3,0.6666666666666666,0.3333333333333333,0.0,2.0033333333333334,1.2,1.3333333333333333,7,0.5714285714285714,0.14285714285714285,0.2857142857142857,1.4942857142857142,1.582857142857143,0.14285714285714285,11,0.45454545454545453,0.18181818181818182,0.36363636363636365,2.8181818181818183,2.9254545454545453,weak,medium,strong
1213952,2025-02-23 16:15:00+00:00,61,2024,84,Nice,82,Montpellier,2,0,FT,3-4-2-1,5-3-2,3-4-2-1 vs 5-3-2,3,8,-5,0.8,2,46.6,1.8,0.5,4.4,4.2,12.6,14.0,1.89,1.058,4.8,7.0,0.6,3,38.8,2.8,,3.2,6.8,10.8,18.2,1.41,1.722,3.8,7.4,1.2000000000000002,1.799999999999999,0.4799999999999997,1.0,7.800000000000004,0.2,1.77,0.56,9,0.5555555555555556,0.4444444444444444,0.0,1.3355555555555556,1.041111111111111,0.8888888888888888,2,0.5,0.0,0.5,1.52,2.835,-2.5,2,1.0,0.0,0.0,2.0,2.455,medium,weak,weak
1213953,2025-02-23 19:45:00+00:00,61,2024,80,Lyon,85,Paris Saint Germain,2,3,FT,4-3-3,4-3-3,4-3-3 vs 4-3-3,0,2,-2,0.6,2,58.4,1.2,0.0,5.2,5.2,12.0,12.0,1.57,1.496,5.6,5.6,0.8,2,70.4,1.0,,6.8,4.4,15.4,10.6,2.33,0.8880000000000001,3.8,3.4,-1.5999999999999996,-3.4000000000000004,-0.76,1.7999999999999998,-12.000000000000009,-0.2,1.78,2.46,11,0.5454545454545454,0.36363636363636365,0.09090909090909091,1.6136363636363635,1.2563636363636363,0.9090909090909091,20,0.75,0.25,0.0,2.7729999999999997,0.9125,1.75,7,0.5714285714285714,0.14285714285714285,0.2857142857142857,3.5714285714285716,3.585714285714286,strong,strong,medium
1213961,2025-02-28 19:45:00+00:00,61,2024,91,Monaco,93,Reims,3,0,FT,4-2-3-1,5-3-2,4-2-3-1 vs 5-3-2,4,7,-3,0.8,2,53.4,1.6,0.0,6.6,5.4,15.0,11.4,2.786,1.736,5.0,1.8,0.6,2,42.4,2.4,1.3333333333333333,2.2,6.0,9.4,16.0,0.844,2.092,3.8,6.0,4.4,5.6,1.942,1.2000000000000002,11.0,0.2,3.93,0.63,15,0.5333333333333333,0.13333333333333333,0.3333333333333333,2.434,1.2473333333333332,0.8666666666666667,0,,,,,,,1,1.0,0.0,0.0,8.0,5.62,strong,weak,weak
1213958,2025-03-01 16:00:00+00:00,61,2024,1063,Saint Etienne,84,Nice,1,3,FT,4-2-3-1,3-4-2-1,4-2-3-1 vs 3-4-2-1,2,3,-1,1.0,1,48.0,1.2,1.0,3.6,9.0,10.4,20.4,1.282,3.474,2.8,6.2,1.0,1,49.0,1.4,0.5,5.0,3.6,13.6,14.4,1.658,0.946,5.0,6.6,-1.4,-3.1999999999999997,-0.3759999999999999,-2.2,-1.0,0.0,0.89,1.91,1,0.0,0.0,1.0,0.17,3.12,-4.0,10,0.6,0.4,0.0,1.379,0.993,1.0,15,0.4666666666666667,0.2,0.3333333333333333,2.3333333333333335,2.9,weak,strong,strong
1213959,2025-03-01 18:00:00+00:00,61,2024,116,Lens,111,Le Havre,3,4,FT,5-3-2,4-4-2,5-3-2 vs 4-4-2,5,4,1,0.6,2,55.0,3.2,1.0,3.2,4.6,13.6,12.4,1.4580000000000002,2.006,6.0,4.0,0.8,2,44.2,1.8,0.6666666666666666,3.8,5.0,12.6,13.6,1.3080000000000005,1.77,5.8,4.6,-0.5999999999999996,1.0,0.1499999999999999,0.2000000000000001,10.799999999999995,-0.2,1.88,1.44,4,0.5,0.0,0.5,1.47,1.125,0.0,1,0.0,1.0,0.0,0.94,0.78,0.0,0,,,,,,weak,weak,weak
1213954,2025-03-01 20:05:00+00:00,61,2024,85,Paris Saint Germain,79,Lille,4,1,FT,4-3-3,4-2-3-1,4-3-3 vs 4-2-3-1,0,3,-3,1.0,1,70.0,0.8,,7.0,4.8,16.6,11.4,2.576,1.1,4.4,3.2,0.6,3,59.6,2.0,0.0,7.4,3.6,17.0,10.2,2.196,1.602,6.2,5.4,-0.4000000000000003,-0.3999999999999986,0.3799999999999999,-1.7999999999999998,10.4,0.4,3.59,1.07,21,0.7619047619047619,0.23809523809523808,0.0,2.7580952380952377,0.9538095238095239,1.7142857142857142,16,0.5,0.4375,0.0625,1.8781249999999998,1.348125,0.875,9,0.3333333333333333,0.2222222222222222,0.4444444444444444,3.7777777777777777,3.7466666666666666,strong,strong,medium
1213956,2025-03-02 14:00:00+00:00,61,2024,80,Lyon,106,Stade Brestois 29,2,1,FT,4-2-3-1,4-4-1-1,4-2-3-1 vs 4-4-1-1,1,8,-7,0.6,2,53.0,1.2,0.0,6.0,6.0,12.6,12.4,1.778,1.7420000000000002,5.0,5.4,0.8,2,47.6,1.8,,6.0,3.4,14.2,10.8,1.634,1.4680000000000002,5.6,6.0,0.0,-1.5999999999999996,0.1440000000000001,-0.5999999999999996,5.399999999999999,-0.2,1.39,2.0,6,0.5,0.16666666666666666,0.3333333333333333,1.8349999999999997,1.5233333333333332,1.0,0,,,,,,,0,,,,,,medium,weak,weak
1213957,2025-03-02 16:15:00+00:00,61,2024,82,Montpellier,94,Rennes,0,4,FT,5-3-2,3-5-2,5-3-2 vs 3-5-2,8,4,4,0.6,3,40.8,2.8,,2.6,5.8,11.0,16.2,1.0400000000000005,1.7060000000000002,4.0,5.8,0.6,3,47.2,2.8,0.5,4.4,4.6,15.6,11.4,1.854,1.7119999999999995,5.0,3.6,-1.8000000000000005,-4.6,-0.8139999999999996,-1.0,-6.400000000000006,0.0,1.64,2.46,3,0.3333333333333333,0.0,0.6666666666666666,1.2,2.48,-2.3333333333333335,1,1.0,0.0,0.0,2.38,0.18,1.0,0,,,,,,weak,weak,weak
1213960,2025-03-02 16:15:00+00:00,61,2024,108,Auxerre,95,Strasbourg,0,1,FT,3-4-2-1,3-4-2-1,3-4-2-1 vs 3-4-2-1,2,3,-1,0.6,3,38.2,1.6,0.0,5.2,4.0,10.4,10.4,1.2659999999999998,1.5080000000000002,3.2,5.0,0.6,3,51.4,2.6,0.0,4.4,2.6,11.2,11.6,1.5779999999999998,1.084,3.6,6.0,0.7999999999999998,-0.7999999999999989,-0.312,-0.3999999999999999,-13.199999999999996,0.0,2.24,0.95,10,0.4,0.4,0.2,1.2870000000000001,1.8650000000000002,0.3,4,0.5,0.5,0.0,1.6375,1.04,1.0,4,0.25,0.5,0.25,2.75,2.555,strong,weak,weak
1213962,2025-03-02 16:15:00+00:00,61,2024,77,Angers,96,Toulouse,0,4,FT,4-2-3-1,3-4-2-1,4-2-3-1 vs 3-4-2-1,7,5,2,1.0,1,38.2,1.0,1.0,2.0,6.2,9.4,16.4,1.336,1.964,3.2,3.6,0.8,2,47.0,1.6,0.0,4.4,3.8,12.4,11.8,1.324,1.2759999999999998,5.2,2.8,-2.4000000000000004,-3.0,0.0119999999999997,-2.0,-8.799999999999997,0.1999999999999999,0.35,3.54,20,0.35,0.3,0.35,1.3385,1.558,-0.1,18,0.3333333333333333,0.2222222222222222,0.4444444444444444,1.4138888888888888,1.0422222222222224,-0.1111111111111111,16,0.4375,0.1875,0.375,2.4375,2.89375,strong,strong,strong
1213955,2025-03-02 19:45:00+00:00,61,2024,81,Marseille,83,Nantes,2,0,FT,3-4-2-1,5-4-1,3-4-2-1 vs 5-4-1,5,6,-1,0.6,2,72.6,2.2,1.0,8.6,3.2,18.4,9.0,2.726,1.258,8.8,2.8,0.6,3,42.4,2.4,0.3333333333333333,4.6,5.4,11.2,14.8,1.974,2.1740000000000004,4.4,8.2,4.0,7.199999999999999,0.7520000000000002,4.4,30.2,0.0,2.15,0.88,9,0.5555555555555556,0.2222222222222222,0.2222222222222222,2.028888888888889,1.1488888888888888,0.4444444444444444,0,,,,,,,3,1.0,0.0,0.0,3.0,2.4833333333333334,medium,weak,weak
1213966,2025-03-07 19:45:00+00:00,61,2024,96,Toulouse,91,Monaco,1,1,FT,3-4-2-1,4-2-3-1,3-4-2-1 vs 4-2-3-1,5,5,0,0.8,2,44.4,2.0,0.0,5.8,3.2,13.2,11.6,1.836,1.2299999999999998,5.8,3.2,0.8,2,54.2,1.25,0.0,6.4,5.4,15.6,10.4,2.866,1.508,5.6,1.8,-0.6000000000000005,-2.4000000000000004,-1.0300000000000002,0.2000000000000001,-9.800000000000004,0.0,0.57,2.43,19,0.3684210526315789,0.21052631578947367,0.42105263157894735,1.5257894736842104,1.0057894736842108,0.10526315789473684,16,0.5625,0.125,0.3125,2.5275,1.20875,1.0,12,0.4166666666666667,0.25,0.3333333333333333,2.5833333333333335,2.7733333333333334,strong,strong,strong
1213970,2025-03-08 16:00:00+00:00,61,2024,94,Rennes,85,Paris Saint Germain,1,4,FT,3-4-2-1,4-3-3,3-4-2-1 vs 4-3-3,4,1,3,0.4,3,48.6,2.4,0.5,5.2,3.6,15.8,10.6,1.992,1.334,5.6,4.0,1.0,1,66.0,0.4,,7.8,4.6,18.2,11.4,3.044,1.12,4.6,3.6,-2.6,-2.3999999999999986,-1.0519999999999994,1.0,-17.4,-0.6,1.75,3.85,12,0.16666666666666666,0.16666666666666666,0.6666666666666666,1.5616666666666668,1.5108333333333333,-0.25,22,0.7727272727272727,0.22727272727272727,0.0,2.7959090909090905,0.9590909090909091,1.7727272727272727,5,0.0,0.4,0.6,2.4,2.818,strong,strong,medium
1213969,2025-03-08 18:00:00+00:00,61,2024,79,Lille,82,Montpellier,1,0,FT,4-3-3,5-4-1,4-3-3 vs 5-4-1,4,7,-3,0.8,2,56.4,2.0,0.0,6.6,4.4,15.2,13.2,2.058,2.108,5.4,6.0,0.4,3,43.2,2.8,,2.8,6.4,13.0,16.2,1.2520000000000002,2.002,4.8,5.6,3.8,2.1999999999999997,0.8059999999999996,0.6000000000000005,13.199999999999996,0.4,1.54,0.33,1,0.0,1.0,0.0,1.68,2.11,0.0,0,,,,,,,1,0.0,0.0,1.0,2.0,2.17,weak,weak,weak
1213971,2025-03-08 20:05:00+00:00,61,2024,81,Marseille,116,Lens,0,1,FT,3-4-2-1,5-4-1,3-4-2-1 vs 5-4-1,6,9,-3,0.6,2,73.4,2.2,1.0,8.4,2.6,19.0,7.8,2.99,1.208,7.0,2.0,0.6,2,55.8,3.4,1.0,3.8,5.4,14.4,13.6,1.452,2.262,7.0,3.6,4.6000000000000005,4.6,1.5380000000000005,0.0,17.60000000000001,0.0,1.01,0.87,10,0.6,0.2,0.2,2.041,1.122,0.6,0,,,,,,,4,1.0,0.0,0.0,2.75,2.62,strong,weak,weak
1213968,2025-03-09 14:00:00+00:00,61,2024,106,Stade Brestois 29,77,Angers,2,0,FT,4-4-1-1,4-2-3-1,4-4-1-1 vs 4-2-3-1,5,2,3,0.6,3,43.2,1.4,,5.2,4.0,13.8,10.6,1.624,1.5539999999999998,5.4,5.2,1.0,1,40.4,1.4,1.0,2.2,8.0,10.0,17.0,1.374,2.29,3.2,4.6,3.0,3.8000000000000007,0.2500000000000002,2.2,2.8000000000000043,-0.4,3.57,0.37,1,0.0,0.0,1.0,2.0,1.39,-1.0,21,0.3333333333333333,0.2857142857142857,0.38095238095238093,1.2914285714285714,1.6523809523809525,-0.2857142857142857,1,0.0,0.0,1.0,3.0,4.78,weak,strong,weak
1213963,2025-03-09 16:15:00+00:00,61,2024,111,Le Havre,1063,Saint Etienne,1,1,FT,4-2-3-1,4-2-3-1,4-2-3-1 vs 4-2-3-1,5,3,2,0.8,2,41.6,1.8,0.6666666666666666,4.4,4.6,12.0,14.2,1.404,1.736,5.0,5.2,0.8,2,47.8,1.6,1.0,3.6,9.8,11.2,21.4,1.226,3.688,2.6,6.4,0.8000000000000003,0.8000000000000007,0.1779999999999999,2.4,-6.199999999999996,0.0,2.08,1.51,1,0.0,0.0,1.0,0.96,2.05,-1.0,2,0.0,0.0,1.0,0.53,2.515,-3.0,22,0.3181818181818182,0.36363636363636365,0.3181818181818182,2.8636363636363638,2.9327272727272726,weak,weak,strong
1213964,2025-03-09 16:15:00+00:00,61,2024,93,Reims,108,Auxerre,0,2,FT,4-2-3-1,5-4-1,4-2-3-1 vs 5-4-1,6,3,3,0.4,3,46.8,2.5,1.3333333333333333,2.6,6.4,10.0,17.0,0.776,2.628,4.0,5.8,0.4,3,39.8,1.4,0.0,5.2,4.0,11.0,10.0,1.546,1.4640000000000002,3.6,4.8,-2.6,-1.0,-0.77,0.3999999999999999,7.0,0.0,1.55,2.14,11,0.18181818181818182,0.45454545454545453,0.36363636363636365,1.31,1.5718181818181818,-0.09090909090909091,7,0.14285714285714285,0.2857142857142857,0.5714285714285714,1.0271428571428571,1.6028571428571428,-0.5714285714285714,3,1.0,0.0,0.0,4.333333333333333,3.013333333333333,strong,medium,weak
1213965,2025-03-09 16:15:00+00:00,61,2024,83,Nantes,95,Strasbourg,0,1,FT,5-3-2,3-4-2-1,5-3-2 vs 3-4-2-1,5,7,-2,0.6,3,40.0,2.2,0.3333333333333333,4.0,5.6,11.4,16.0,1.898,2.382,4.0,7.2,0.8,2,54.0,2.4,0.5,3.6,2.4,10.2,11.4,1.556,1.1800000000000002,3.0,5.6,0.3999999999999999,1.200000000000001,0.3420000000000001,1.0,-14.0,-0.2,0.82,0.98,4,0.25,0.25,0.5,1.0425,2.3875,-2.0,5,0.6,0.4,0.0,1.5,1.28,1.0,1,1.0,0.0,0.0,1.0,1.58,weak,medium,weak
1213967,2025-03-09 19:45:00+00:00,61,2024,84,Nice,80,Lyon,0,2,FT,3-4-2-1,4-2-3-1,3-4-2-1 vs 4-2-3-1,3,0,3,1.0,1,50.8,1.4,0.5,5.8,3.0,14.0,13.2,1.814,0.958,4.6,4.8,0.8,2,53.6,1.4,0.0,6.0,6.0,11.6,14.0,1.834,1.89,3.8,5.6,-0.2000000000000001,2.4000000000000004,-0.02,0.7999999999999998,-2.8000000000000043,0.1999999999999999,1.44,1.07,11,0.6363636363636364,0.36363636363636365,0.0,1.4272727272727272,0.9836363636363636,1.0909090909090908,7,0.5714285714285714,0.14285714285714285,0.2857142857142857,1.7714285714285711,1.5914285714285712,1.0,13,0.38461538461538464,0.3076923076923077,0.3076923076923077,2.5384615384615383,2.790769230769231,strong,medium,strong
1213973,2025-03-14 19:45:00+00:00,61,2024,84,Nice,108,Auxerre,1,1,FT,3-4-3,5-4-1,3-4-3 vs 5-4-1,4,4,0,1.0,1,48.8,1.2,0.5,6.0,3.2,15.0,11.8,1.764,0.8779999999999999,6.0,3.8,0.4,3,39.8,1.2,0.0,5.6,3.6,11.2,11.2,1.6780000000000002,1.25,5.2,5.0,0.4000000000000003,3.8000000000000007,0.0859999999999998,0.7999999999999998,9.0,0.6,2.17,0.75,5,0.4,0.2,0.4,2.368,1.21,1.6,8,0.25,0.25,0.5,1.16625,1.59625,-0.25,0,,,,,,medium,medium,weak
1213979,2025-03-15 16:00:00+00:00,61,2024,83,Nantes,79,Lille,1,0,FT,4-3-3,4-2-3-1,4-3-3 vs 4-2-3-1,6,5,1,0.4,3,38.6,1.8,0.5,3.2,5.4,11.4,15.2,1.6780000000000002,2.37,4.0,7.2,0.6,3,58.4,2.2,0.0,5.6,4.6,13.0,13.4,1.6840000000000004,1.752,5.4,6.0,-2.3999999999999995,-1.5999999999999996,-0.0060000000000002,-1.4000000000000004,-19.8,-0.1999999999999999,1.21,1.58,4,0.5,0.25,0.25,1.98,1.5425,0.25,17,0.47058823529411764,0.4117647058823529,0.11764705882352941,1.8305882352941174,1.48,0.6470588235294118,10,0.4,0.2,0.4,3.9,3.8379999999999996,weak,strong,strong
1213980,2025-03-15 18:00:00+00:00,61,2024,77,Angers,91,Monaco,0,2,FT,4-2-3-1,4-2-3-1,4-2-3-1 vs 4-2-3-1,7,5,2,1.0,1,38.6,1.2,,1.8,8.4,8.0,18.2,1.152,2.59,3.6,5.4,0.8,2,52.8,1.5,0.0,5.8,4.6,16.0,9.6,2.8280000000000003,1.326,5.6,1.6,-4.0,-8.0,-1.6760000000000004,-2.0,-14.199999999999996,0.1999999999999999,0.49,2.05,22,0.3181818181818182,0.2727272727272727,0.4090909090909091,1.2495454545454547,1.7395454545454547,-0.36363636363636365,17,0.5294117647058824,0.17647058823529413,0.29411764705882354,2.5217647058823527,1.1711764705882353,0.9411764705882353,23,0.30434782608695654,0.391304347826087,0.30434782608695654,2.8260869565217392,2.9613043478260868,strong,strong,strong
1213977,2025-03-15 20:05:00+00:00,61,2024,116,Lens,94,Rennes,1,0,FT,3-4-3,3-5-2,3-4-3 vs 3-5-2,5,5,0,0.4,3,50.6,3.0,1.0,3.2,6.2,11.2,13.8,1.21,2.298,6.0,4.2,0.6,2,46.0,2.2,0.5,5.2,4.8,15.8,13.0,2.16,1.866,5.0,4.0,-2.0,-4.600000000000001,-0.9500000000000002,1.0,4.600000000000001,-0.1999999999999999,0.75,0.59,1,0.0,0.0,1.0,0.83,2.88,-1.0,2,1.0,0.0,0.0,2.42,0.9099999999999999,2.5,0,,,,,,weak,weak,weak
1213976,2025-03-16 14:00:00+00:00,61,2024,80,Lyon,111,Le Havre,4,2,FT,4-2-3-1,4-2-3-1,4-2-3-1 vs 4-2-3-1,0,6,-6,0.8,2,59.0,1.6,0.0,6.2,4.6,11.2,13.6,1.698,1.53,3.8,6.2,0.6,3,42.8,1.4,0.5,4.8,4.6,12.0,13.2,1.406,1.7420000000000002,5.6,5.6,1.4000000000000004,-0.8000000000000007,0.2919999999999998,-1.7999999999999998,16.200000000000003,0.2,3.84,1.72,8,0.625,0.125,0.25,1.6837499999999999,1.5724999999999998,1.125,2,0.0,0.5,0.5,1.52,1.7799999999999998,-0.5,24,0.2916666666666667,0.375,0.3333333333333333,2.7916666666666665,2.94375,medium,weak,strong
1213974,2025-03-16 16:15:00+00:00,61,2024,82,Montpellier,1063,Saint Etienne,0,2,FT,4-2-3-1,4-3-3,4-2-3-1 vs 4-3-3,7,3,4,0.4,4,37.8,2.6,,3.0,7.0,12.2,16.0,1.152,1.894,4.2,6.0,0.6,2,51.8,2.0,,3.8,8.6,11.8,18.2,1.106,3.422,3.6,6.0,-0.7999999999999998,0.3999999999999986,0.046,0.6000000000000001,-14.0,-0.1999999999999999,0.92,1.21,11,0.18181818181818182,0.2727272727272727,0.5454545454545454,1.2845454545454547,1.8499999999999999,-1.0,12,0.16666666666666666,0.3333333333333333,0.5,1.2116666666666664,2.703333333333333,-1.3333333333333333,16,0.3125,0.25,0.4375,3.9375,3.465,strong,strong,strong
1213975,2025-03-16 16:15:00+00:00,61,2024,106,Stade Brestois 29,93,Reims,0,0,FT,4-3-3,4-5-1,4-3-3 vs 4-5-1,7,6,1,0.4,3,46.4,1.4,,5.2,2.8,14.8,9.2,2.164,0.91,5.8,5.0,0.4,3,47.4,1.75,1.5,3.0,7.0,10.8,17.4,0.8779999999999999,2.672,3.4,7.6,2.2,4.0,1.2860000000000005,2.4,-1.0,0.0,0.36,1.16,11,0.18181818181818182,0.09090909090909091,0.7272727272727273,1.3654545454545455,1.9727272727272727,-1.0,0,,,,,,,0,,,,,,strong,weak,weak
1213978,2025-03-16 16:15:00+00:00,61,2024,95,Strasbourg,96,Toulouse,2,1,FT,3-4-2-1,3-4-2-1,3-4-2-1 vs 3-4-2-1,6,4,2,1.0,1,55.2,2.0,0.5,3.2,2.2,10.6,11.0,1.514,1.162,4.4,5.0,0.8,2,43.8,1.8,0.0,5.6,3.2,11.8,11.6,1.656,1.3779999999999997,5.0,3.8,-2.3999999999999995,-1.200000000000001,-0.1419999999999999,-0.5999999999999996,11.400000000000006,0.1999999999999999,1.69,1.76,6,0.6666666666666666,0.3333333333333333,0.0,1.4133333333333333,1.2033333333333334,1.0,20,0.35,0.25,0.4,1.478,1.0770000000000002,0.1,5,0.2,0.4,0.4,2.4,2.682,medium,strong,medium
1213972,2025-03-16 19:45:00+00:00,61,2024,85,Paris Saint Germain,81,Marseille,3,1,FT,4-3-3,3-4-2-1,4-3-3 vs 3-4-2-1,1,6,-5,1.0,1,66.4,1.0,,8.2,3.8,19.2,11.2,3.096,1.296,3.6,3.4,0.6,2,75.8,2.0,1.0,7.4,2.2,18.0,6.4,2.544,1.032,7.2,1.6,0.7999999999999989,1.1999999999999993,0.5519999999999996,-3.6,-9.399999999999991,0.4,2.73,0.98,23,0.782608695652174,0.21739130434782608,0.0,2.841739130434782,0.9934782608695653,1.826086956521739,11,0.5454545454545454,0.18181818181818182,0.2727272727272727,1.9472727272727275,1.0990909090909091,0.45454545454545453,10,0.3,0.4,0.3,2.2,2.889,strong,strong,strong
1213984,2025-03-28 19:45:00+00:00,61,2024,95,Strasbourg,80,Lyon,4,2,FT,4-2-3-1,4-2-3-1,4-2-3-1 vs 4-2-3-1,5,2,3,1.0,1,54.8,1.8,0.5,2.6,3.2,8.4,11.0,1.302,1.148,4.0,5.2,0.8,2,58.8,1.6,,5.8,5.2,11.4,14.6,1.8060000000000005,1.804,3.4,5.2,-3.2,-3.0,-0.5040000000000002,0.6000000000000001,-4.0,0.1999999999999999,1.09,1.99,6,0.3333333333333333,0.3333333333333333,0.3333333333333333,1.2316666666666665,1.7183333333333335,-0.3333333333333333,9,0.6666666666666666,0.1111111111111111,0.2222222222222222,1.9233333333333331,1.5888888888888888,1.2222222222222223,25,0.32,0.36,0.32,2.92,3.0484000000000004,medium,medium,strong
1213987,2025-03-29 16:00:00+00:00,61,2024,93,Reims,81,Marseille,3,1,FT,5-4-1,3-4-2-1,5-4-1 vs 3-4-2-1,6,6,0,0.4,4,46.6,2.0,1.0,3.0,5.2,11.4,16.6,1.04,2.084,3.0,7.2,0.8,2,68.2,1.6,1.0,5.8,3.2,16.6,8.6,2.246,1.48,6.8,2.4,-2.8,-5.200000000000001,-1.206,-3.8,-21.6,-0.4,0.98,1.09,0,,,,,,,12,0.5,0.16666666666666666,0.3333333333333333,1.866666666666667,1.235,0.25,2,0.5,0.0,0.5,2.5,2.645,weak,strong,weak
1213986,2025-03-29 18:00:00+00:00,61,2024,1063,Saint Etienne,85,Paris Saint Germain,1,6,FT,4-3-3,4-3-3,4-3-3 vs 4-3-3,2,4,-2,0.6,2,53.0,2.4,1.0,4.4,7.4,12.2,16.6,1.252,2.856,4.4,6.0,1.0,1,65.6,1.0,,7.8,3.6,19.2,11.6,3.014,1.2920000000000005,4.4,4.2,-3.3999999999999995,-7.0,-1.7620000000000002,0.0,-12.599999999999994,-0.4,0.97,3.27,13,0.23076923076923078,0.3076923076923077,0.46153846153846156,1.2115384615384612,2.566153846153846,-1.0769230769230769,24,0.7916666666666666,0.20833333333333334,0.0,2.8370833333333336,0.9929166666666666,1.8333333333333333,8,0.5,0.125,0.375,3.75,3.6675,strong,strong,medium
1213989,2025-03-29 20:05:00+00:00,61,2024,91,Monaco,84,Nice,2,1,FT,4-4-2,3-4-3,4-4-2 vs 3-4-3,3,2,1,1.0,1,57.0,2.0,0.0,6.2,3.6,17.4,7.6,3.0380000000000003,0.7959999999999999,7.2,1.4,0.8,2,46.8,1.2,1.0,5.6,3.4,15.8,11.4,1.7419999999999998,0.7939999999999999,6.0,3.8,0.6000000000000005,1.599999999999998,1.2960000000000005,1.2000000000000002,10.200000000000005,0.1999999999999999,2.45,0.51,4,0.5,0.0,0.5,1.5825,1.155,-0.25,6,0.3333333333333333,0.3333333333333333,0.3333333333333333,2.335,1.1333333333333333,1.3333333333333333,2,1.0,0.0,0.0,3.5,3.235,weak,medium,weak
1213985,2025-03-30 13:00:00+00:00,61,2024,96,Toulouse,106,Stade Brestois 29,2,4,FT,3-4-2-1,4-3-3,3-4-2-1 vs 4-3-3,4,8,-4,0.8,2,43.2,2.0,0.0,6.4,3.2,12.6,12.0,1.826,1.536,4.6,4.0,0.4,3,52.6,1.2,1.0,4.0,2.8,15.0,8.6,1.734,0.922,5.8,3.4,2.4000000000000004,-2.4000000000000004,0.092,-1.2000000000000002,-9.4,0.4,2.06,1.36,21,0.3333333333333333,0.23809523809523808,0.42857142857142855,1.4914285714285715,1.1061904761904764,0.047619047619047616,12,0.16666666666666666,0.16666666666666666,0.6666666666666666,1.2816666666666667,1.905,-0.9166666666666666,6,0.0,0.3333333333333333,0.6666666666666666,2.8333333333333335,3.2816666666666663,strong,strong,medium
1213981,2025-03-30 15:15:00+00:00,61,2024,77,Angers,94,Rennes,0,3,FT,4-3-3,3-4-2-1,4-3-3 vs 3-4-2-1,5,4,1,1.0,1,42.8,1.2,,2.2,7.4,8.2,17.8,1.152,2.506,3.4,5.8,0.6,2,47.6,1.4,0.5,4.4,5.0,14.0,13.0,1.528,1.92,5.0,4.6,-2.2,-5.800000000000001,-0.3760000000000001,-1.6,-4.800000000000004,0.4,0.81,1.54,0,,,,,,,13,0.15384615384615385,0.15384615384615385,0.6923076923076923,1.5761538461538462,1.6907692307692308,-0.46153846153846156,11,0.36363636363636365,0.36363636363636365,0.2727272727272727,2.3636363636363638,2.963636363636363,weak,strong,strong
1213982,2025-03-30 15:15:00+00:00,61,2024,108,Auxerre,82,Montpellier,1,0,FT,3-4-2-1,4-2-3-1,3-4-2-1 vs 4-2-3-1,3,8,-5,0.6,3,38.8,1.6,0.0,5.8,4.2,11.4,13.8,1.648,1.502,5.2,5.4,0.4,4,37.8,2.0,0.0,3.2,7.0,12.6,13.8,0.97,1.586,4.6,6.0,2.6,-1.1999999999999993,0.6780000000000002,0.6000000000000005,1.0,0.1999999999999999,2.1,0.53,11,0.36363636363636365,0.36363636363636365,0.2727272727272727,1.3736363636363638,1.781818181818182,0.18181818181818182,12,0.16666666666666666,0.25,0.5833333333333334,1.2541666666666667,1.7966666666666666,-1.0833333333333333,14,0.35714285714285715,0.2857142857142857,0.35714285714285715,2.5,2.7707142857142855,strong,strong,strong
1213983,2025-03-30 15:15:00+00:00,61,2024,111,Le Havre,83,Nantes,3,2,FT,4-2-3-1,4-3-3,4-2-3-1 vs 4-3-3,4,7,-3,0.4,3,42.8,1.8,0.5,4.6,5.0,12.0,13.6,1.342,2.206,3.8,4.8,0.4,3,33.2,1.6,0.6666666666666666,3.4,5.0,10.4,15.8,1.7,2.184,2.2,7.4,1.1999999999999995,1.5999999999999996,-0.3579999999999999,1.5999999999999996,9.599999999999994,0.0,4.33,0.9,3,0.0,0.3333333333333333,0.6666666666666666,1.5866666666666667,2.4666666666666663,-1.0,5,0.6,0.2,0.2,1.8259999999999998,1.55,0.4,17,0.29411764705882354,0.23529411764705882,0.47058823529411764,3.823529411764706,3.3864705882352943,weak,medium,strong
1213988,2025-03-30 18:45:00+00:00,61,2024,79,Lille,116,Lens,1,0,FT,4-3-3,3-4-3,4-3-3 vs 3-4-3,5,5,0,0.6,3,58.6,2.4,0.0,5.4,4.0,12.8,12.6,1.6960000000000002,1.586,4.8,4.6,0.4,4,51.8,2.4,1.0,3.4,5.6,10.6,13.0,1.126,1.96,6.4,3.6,2.0000000000000004,2.200000000000001,0.5700000000000003,-1.6000000000000003,6.800000000000004,0.1999999999999999,1.86,0.41,2,0.5,0.5,0.0,1.6099999999999999,1.22,0.5,2,0.5,0.0,0.5,0.79,1.7349999999999999,0.0,1,1.0,0.0,0.0,1.0,3.71,weak,weak,weak
1213991,2025-04-04 18:45:00+00:00,61,2024,84,Nice,83,Nantes,1,2,FT,3-4-2-1,3-4-3,3-4-2-1 vs 3-4-3,3,6,-3,0.6,2,45.2,1.6,1.0,5.8,3.8,15.8,12.0,1.5599999999999998,1.144,6.4,4.0,0.6,3,35.8,1.8,0.5,3.4,3.8,10.6,14.6,1.644,2.162,2.8,6.2,2.4,5.200000000000001,-0.0840000000000003,3.6000000000000005,9.400000000000006,0.0,1.9,0.57,12,0.5833333333333334,0.3333333333333333,0.08333333333333333,1.4283333333333335,0.9908333333333333,0.8333333333333334,1,0.0,0.0,1.0,1.42,2.99,-1.0,1,1.0,0.0,0.0,5.0,4.41,strong,weak,weak
1213996,2025-04-05 15:00:00+00:00,61,2024,85,Paris Saint Germain,77,Angers,1,0,FT,4-3-3,5-3-2,4-3-3 vs 5-3-2,1,5,-4,1.0,1,60.8,1.0,,8.6,3.2,19.6,11.0,3.18,1.31,5.2,3.8,0.8,2,43.8,1.2,,2.4,7.8,8.0,17.4,0.9920000000000002,2.478,3.8,6.6,6.199999999999999,11.6,2.188,1.4000000000000004,17.0,0.1999999999999999,1.92,0.18,25,0.8,0.2,0.0,2.8544,0.9919999999999999,1.96,3,0.0,0.0,1.0,0.7966666666666665,1.45,-2.0,2,0.5,0.5,0.0,4.0,3.915,strong,weak,weak
1213992,2025-04-05 17:00:00+00:00,61,2024,106,Stade Brestois 29,91,Monaco,2,1,FT,4-3-3,4-4-2,4-3-3 vs 4-4-2,6,3,3,0.4,3,49.2,1.8,1.0,3.8,2.4,13.4,9.8,1.57,1.104,5.2,4.6,0.8,2,55.4,2.25,0.0,5.2,4.0,16.4,8.2,2.64,0.6619999999999999,6.8,2.0,-1.4000000000000004,-2.9999999999999982,-1.0699999999999996,-1.5999999999999996,-6.199999999999996,-0.4,0.91,1.66,13,0.23076923076923078,0.15384615384615385,0.6153846153846154,1.287692307692308,1.9169230769230767,-0.6923076923076923,5,0.6,0.0,0.4,1.7560000000000002,1.026,0.0,2,1.0,0.0,0.0,4.0,3.16,strong,medium,weak
1213994,2025-04-05 19:05:00+00:00,61,2024,80,Lyon,79,Lille,2,1,FT,4-2-3-1,4-2-3-1,4-2-3-1 vs 4-2-3-1,2,4,-2,0.8,2,58.2,1.8,,6.8,5.8,12.8,15.2,2.014,1.7420000000000002,3.6,5.0,0.4,3,55.0,2.4,0.0,5.0,4.4,11.4,12.8,1.4320000000000002,1.576,4.4,4.2,1.7999999999999998,1.4000000000000004,0.5820000000000001,-0.8000000000000003,3.200000000000003,0.4,1.82,0.91,10,0.6,0.1,0.3,1.9299999999999997,1.539,0.9,18,0.4444444444444444,0.3888888888888889,0.16666666666666666,1.8166666666666664,1.465,0.5555555555555556,26,0.34615384615384615,0.34615384615384615,0.3076923076923077,3.0384615384615383,3.049615384615385,strong,strong,strong
1213995,2025-04-06 13:00:00+00:00,61,2024,116,Lens,1063,Saint Etienne,1,0,FT,3-4-1-2,4-3-3,3-4-1-2 vs 4-3-3,7,2,5,0.4,4,51.6,2.2,1.0,3.8,5.6,10.2,12.6,1.136,1.862,5.4,4.2,0.6,2,56.6,2.6,1.0,4.4,6.6,13.0,15.4,1.254,2.224,4.4,4.4,-0.6000000000000005,-2.8000000000000007,-0.1180000000000001,1.0,-5.0,-0.1999999999999999,2.18,1.42,7,0.2857142857142857,0.5714285714285714,0.14285714285714285,1.4471428571428573,1.0242857142857145,0.14285714285714285,14,0.21428571428571427,0.2857142857142857,0.5,1.194285714285714,2.6164285714285715,-1.3571428571428572,2,1.0,0.0,0.0,4.0,5.609999999999999,medium,strong,weak
1213993,2025-04-06 15:15:00+00:00,61,2024,82,Montpellier,111,Le Havre,0,2,FT,4-2-3-1,4-2-3-1,4-2-3-1 vs 4-2-3-1,6,3,3,0.4,3,39.8,1.6,0.0,2.6,7.0,12.8,16.2,0.796,1.816,4.4,7.2,0.6,3,43.4,1.6,1.0,4.8,4.8,12.4,13.2,2.068,2.102,3.2,5.2,-2.2,0.4000000000000003,-1.272,1.2000000000000002,-3.6000000000000014,-0.1999999999999999,1.02,1.37,13,0.15384615384615385,0.23076923076923078,0.6153846153846154,1.1984615384615385,1.82,-1.0769230769230769,4,0.25,0.25,0.5,2.2725,2.0749999999999997,-0.5,27,0.37037037037037035,0.3333333333333333,0.2962962962962963,3.037037037037037,3.0377777777777784,strong,weak,strong
1213997,2025-04-06 15:15:00+00:00,61,2024,93,Reims,95,Strasbourg,0,1,FT,5-4-1,3-4-3,5-4-1 vs 3-4-3,4,2,2,0.4,4,38.0,2.0,1.0,3.2,6.2,9.6,18.6,0.9,1.98,2.8,8.8,0.8,2,54.0,1.8,1.0,3.0,5.4,8.6,12.8,1.05,1.474,4.6,4.8,0.2000000000000001,1.0,-0.15,-1.7999999999999998,-16.0,-0.4,1.45,2.55,1,1.0,0.0,0.0,0.98,1.09,2.0,2,0.0,0.0,1.0,0.99,2.4,-1.5,0,,,,,,weak,weak,weak
1213998,2025-04-06 15:15:00+00:00,61,2024,94,Rennes,108,Auxerre,0,1,FT,3-4-2-1,5-4-1,3-4-2-1 vs 5-4-1,5,6,-1,0.6,2,51.8,1.0,0.0,5.6,4.4,16.0,11.2,1.7439999999999998,1.4460000000000002,5.2,4.2,0.6,2,42.2,1.8,0.0,5.8,3.2,13.4,12.6,1.838,1.1720000000000002,6.4,5.4,-0.2000000000000001,2.6,-0.094,-1.2000000000000002,9.599999999999994,0.0,1.21,0.78,14,0.21428571428571427,0.14285714285714285,0.6428571428571429,1.5735714285714286,1.627857142857143,-0.21428571428571427,9,0.2222222222222222,0.3333333333333333,0.4444444444444444,1.12,1.66,-0.2222222222222222,5,0.8,0.0,0.2,2.4,2.472,strong,medium,medium
1213990,2025-04-06 18:45:00+00:00,61,2024,81,Marseille,96,Toulouse,3,2,FT,3-4-2-1,3-4-2-1,3-4-2-1 vs 3-4-2-1,5,3,2,1.0,1,70.0,1.75,1.0,4.6,3.8,15.0,8.6,1.1780000000000002,1.484,6.4,1.8,1.0,1,49.2,1.6,0.0,6.4,3.0,13.2,10.0,2.0620000000000003,1.32,5.6,4.2,-1.8000000000000007,1.8000000000000007,-0.8840000000000001,0.8000000000000007,20.8,0.0,1.01,1.23,13,0.46153846153846156,0.15384615384615385,0.38461538461538464,1.806923076923077,1.2153846153846155,0.07692307692307693,22,0.3181818181818182,0.22727272727272727,0.45454545454545453,1.5172727272727273,1.117727272727273,-0.045454545454545456,6,0.3333333333333333,0.3333333333333333,0.3333333333333333,2.5,2.81,strong,strong,medium
1214006,2025-04-11 18:45:00+00:00,61,2024,116,Lens,93,Reims,0,2,FT,3-4-3,5-4-1,3-4-3 vs 5-4-1,6,5,1,0.4,4,50.8,2.0,,4.0,4.6,11.4,10.8,1.218,1.264,4.4,4.4,0.4,4,39.4,2.0,0.5,4.6,6.0,11.8,16.0,1.154,2.014,3.2,8.4,-0.5999999999999996,-0.4000000000000003,0.0639999999999998,1.2000000000000002,11.4,0.0,3.2,1.34,3,0.3333333333333333,0.0,0.6666666666666666,0.6633333333333333,1.7766666666666666,-0.3333333333333333,2,0.5,0.0,0.5,1.2149999999999999,1.8199999999999998,0.5,1,0.0,1.0,0.0,2.0,2.92,weak,weak,weak
1214007,2025-04-12 15:00:00+00:00,61,2024,91,Monaco,81,Marseille,3,0,FT,4-4-2,3-4-2-1,4-4-2 vs 3-4-2-1,3,4,-1,0.6,2,55.8,2.25,0.0,5.2,3.6,15.8,9.0,2.504,0.6220000000000001,7.4,2.2,1.0,1,67.6,1.5,,5.0,3.4,15.2,8.4,1.248,1.3380000000000003,6.4,1.6,0.2000000000000001,0.6000000000000014,1.256,1.0,-11.799999999999995,-0.4,2.67,1.06,6,0.5,0.0,0.5,1.7400000000000002,1.0066666666666666,-0.16666666666666666,14,0.5,0.14285714285714285,0.35714285714285715,1.7500000000000002,1.2164285714285714,0.14285714285714285,0,,,,,,medium,strong,weak
1213999,2025-04-12 17:00:00+00:00,61,2024,96,Toulouse,79,Lille,1,2,FT,3-4-2-1,4-2-3-1,3-4-2-1 vs 4-2-3-1,3,4,-1,1.0,1,46.6,1.8,,6.0,3.2,12.6,9.6,1.832,1.368,5.2,4.2,0.6,2,55.2,2.0,0.0,4.6,4.6,11.6,12.2,1.392,1.472,4.8,3.2,1.4000000000000004,1.0,0.4399999999999999,0.4000000000000003,-8.600000000000001,0.4,0.91,0.4,23,0.30434782608695654,0.21739130434782608,0.4782608695652174,1.5047826086956522,1.1130434782608698,-0.08695652173913043,19,0.42105263157894735,0.3684210526315789,0.21052631578947367,1.7689473684210522,1.483684210526316,0.47368421052631576,15,0.4,0.26666666666666666,0.3333333333333333,2.4,2.7613333333333334,strong,strong,strong
1214003,2025-04-12 19:05:00+00:00,61,2024,95,Strasbourg,84,Nice,2,2,FT,3-4-2-1,3-4-2-1,3-4-2-1 vs 3-4-2-1,4,3,1,0.6,3,53.0,1.6,1.0,3.6,6.4,10.6,13.2,1.452,1.652,5.8,4.0,0.6,2,49.0,1.6,1.0,6.4,4.4,16.8,11.0,1.586,1.146,7.0,3.4,-2.8000000000000003,-6.200000000000001,-0.1339999999999999,-1.2000000000000002,4.0,0.0,0.71,1.75,7,0.7142857142857143,0.2857142857142857,0.0,1.4528571428571428,1.282857142857143,1.0,13,0.5384615384615384,0.3076923076923077,0.15384615384615385,1.4646153846153847,0.9584615384615385,0.6923076923076923,7,0.42857142857142855,0.2857142857142857,0.2857142857142857,2.857142857142857,2.7285714285714286,medium,strong,medium
1214004,2025-04-13 13:00:00+00:00,61,2024,1063,Saint Etienne,106,Stade Brestois 29,3,3,FT,4-3-3,4-2-3-1,4-3-3 vs 4-2-3-1,2,6,-4,0.6,2,52.0,2.4,1.0,3.4,6.8,10.8,16.8,1.2,2.072,4.2,5.0,0.6,2,48.8,2.2,1.0,4.2,2.8,13.6,11.2,1.64,1.328,4.0,6.2,-0.8000000000000003,-2.799999999999999,-0.4400000000000001,0.2000000000000001,3.200000000000003,0.0,0.7,1.53,15,0.2,0.26666666666666666,0.5333333333333333,1.209333333333333,2.5873333333333335,-1.3333333333333333,8,0.5,0.25,0.25,1.3775,1.4525000000000001,0.125,11,0.45454545454545453,0.18181818181818182,0.36363636363636365,3.6363636363636362,3.7427272727272722,strong,medium,strong
1214000,2025-04-13 15:15:00+00:00,61,2024,111,Le Havre,94,Rennes,1,5,FT,4-2-3-1,3-5-2,4-2-3-1 vs 3-5-2,4,3,1,0.8,2,41.8,1.8,0.0,5.0,5.0,12.8,13.8,2.188,1.83,2.6,5.6,0.6,2,52.6,1.0,,5.6,5.0,14.4,12.8,1.51,1.5660000000000005,5.0,4.8,-0.5999999999999996,-1.5999999999999996,0.6780000000000002,-2.4,-10.800000000000004,0.2,0.62,2.79,5,0.4,0.2,0.4,2.092,1.8639999999999997,0.0,3,0.6666666666666666,0.0,0.3333333333333333,1.8099999999999998,0.8566666666666666,1.3333333333333333,0,,,,,,medium,weak,weak
1214005,2025-04-13 15:15:00+00:00,61,2024,77,Angers,82,Montpellier,2,0,FT,5-3-2,5-4-1,5-3-2 vs 5-4-1,5,8,-3,0.6,3,40.0,1.8,,1.6,7.4,6.2,17.6,0.44,2.524,3.4,6.8,0.6,3,42.0,1.6,0.5,3.6,6.6,13.0,15.6,0.8879999999999999,1.736,4.4,6.0,-2.0,-6.8,-0.4479999999999998,-1.0000000000000004,-2.0,0.0,1.35,0.38,4,0.0,0.0,1.0,0.6425,1.5675,-1.75,1,0.0,0.0,1.0,0.33,1.54,-1.0,0,,,,,,weak,weak,weak
1214001,2025-04-13 18:45:00+00:00,61,2024,108,Auxerre,80,Lyon,1,3,FT,5-4-1,4-2-3-1,5-4-1 vs 4-2-3-1,6,2,4,0.6,2,45.4,2.0,0.0,5.4,3.8,13.8,14.6,1.602,1.282,7.0,6.0,1.0,1,62.4,2.2,,6.2,5.0,12.0,14.2,2.022,1.432,2.8,4.8,-0.7999999999999998,1.8000000000000007,-0.4199999999999999,4.2,-17.0,-0.4,0.74,3.09,10,0.3,0.3,0.4,1.0859999999999999,1.6149999999999998,-0.1,11,0.6363636363636364,0.09090909090909091,0.2727272727272727,1.9199999999999997,1.4818181818181815,0.9090909090909091,4,0.5,0.25,0.25,2.0,3.0149999999999997,strong,strong,weak
1214016,2025-04-18 18:45:00+00:00,61,2024,94,Rennes,83,Nantes,2,1,FT,3-5-2,3-4-3,3-5-2 vs 3-4-3,2,4,-2,0.6,2,50.4,1.5,,5.0,4.4,13.4,11.8,1.576,1.362,4.6,4.4,0.4,4,33.6,1.6,1.0,2.6,4.8,8.8,16.0,0.876,2.188,2.8,6.2,2.4,4.6,0.7000000000000001,1.7999999999999998,16.799999999999997,0.1999999999999999,2.77,0.68,4,0.75,0.0,0.25,2.0549999999999997,0.7975,2.0,2,0.5,0.0,0.5,0.9949999999999999,2.4450000000000003,0.0,0,,,,,,weak,weak,weak
1214012,2025-04-19 15:00:00+00:00,61,2024,85,Paris Saint Germain,111,Le Havre,2,1,FT,3-4-3,4-3-3,3-4-3 vs 4-3-3,2,5,-3,1.0,1,64.0,0.8,,8.2,1.8,20.6,9.0,3.072,0.99,5.4,3.0,1.0,1,46.8,1.8,0.0,4.6,4.8,13.4,11.8,2.024,2.012,3.0,4.4,3.6,7.200000000000001,1.048,2.4000000000000004,17.200000000000003,0.0,3.14,0.45,1,1.0,0.0,0.0,1.23,0.72,1.0,1,0.0,0.0,1.0,0.21,2.87,-3.0,3,0.6666666666666666,0.3333333333333333,0.0,4.333333333333333,3.603333333333334,weak,weak,weak
1214015,2025-04-19 17:00:00+00:00,61,2024,91,Monaco,95,Strasbourg,0,0,FT,4-2-3-1,3-5-2,4-2-3-1 vs 3-5-2,3,2,1,0.6,2,52.8,2.2,0.0,5.4,3.4,14.2,8.8,2.252,0.708,6.8,2.6,0.6,3,51.4,1.2,1.0,3.8,6.6,11.6,15.0,1.404,1.554,5.6,4.8,1.6000000000000003,2.6,0.8479999999999999,1.2000000000000002,1.3999999999999986,0.0,0.93,0.39,18,0.5555555555555556,0.16666666666666666,0.2777777777777778,2.4955555555555553,1.1333333333333333,1.0,0,,,,,,,1,0.0,0.0,1.0,6.0,3.41,strong,weak,weak
1214013,2025-04-19 19:05:00+00:00,61,2024,81,Marseille,82,Montpellier,5,1,FT,3-4-2-1,5-4-1,3-4-2-1 vs 5-4-1,3,8,-5,1.0,1,64.4,1.5,,4.8,5.0,12.6,9.8,1.03,1.6960000000000002,6.6,2.0,0.6,2,45.6,1.6,0.5,3.0,5.6,10.8,14.6,0.6359999999999999,1.514,3.4,6.2,1.7999999999999998,1.799999999999999,0.3940000000000001,3.2,18.800000000000004,0.4,3.73,0.24,15,0.4666666666666667,0.13333333333333333,0.4,1.7040000000000002,1.3133333333333335,-0.06666666666666667,2,0.0,0.0,1.0,0.355,1.445,-1.5,6,0.6666666666666666,0.0,0.3333333333333333,2.1666666666666665,2.3916666666666666,strong,weak,medium
1214011,2025-04-20 13:00:00+00:00,61,2024,79,Lille,108,Auxerre,3,1,FT,4-4-2,5-4-1,4-4-2 vs 5-4-1,4,7,-3,0.6,2,58.2,2.0,0.0,4.8,3.4,11.6,8.8,1.2580000000000002,0.936,4.6,2.2,0.8,2,44.6,2.5,0.0,5.0,4.6,13.8,16.0,1.302,1.7100000000000002,6.6,6.6,-0.2000000000000001,-2.200000000000001,-0.0439999999999998,-2.0,13.6,-0.2,2.04,0.25,1,1.0,0.0,0.0,1.11,2.34,1.0,11,0.2727272727272727,0.2727272727272727,0.45454545454545453,1.0545454545454545,1.749090909090909,-0.2727272727272727,0,,,,,,weak,strong,weak
1214009,2025-04-20 15:15:00+00:00,61,2024,84,Nice,77,Angers,2,1,FT,3-4-2-1,5-3-2,3-4-2-1 vs 5-3-2,2,6,-4,0.6,2,52.0,1.8,1.0,5.8,4.6,18.2,10.8,1.5539999999999998,1.11,8.0,3.2,0.4,3,38.2,1.2,,2.2,5.2,7.2,14.8,0.64,1.892,3.8,5.2,3.6,11.0,0.9139999999999998,4.2,13.799999999999995,0.1999999999999999,2.86,0.34,14,0.5,0.35714285714285715,0.14285714285714285,1.4849999999999999,0.9407142857142858,0.6428571428571429,5,0.2,0.0,0.8,0.784,1.3299999999999998,-1.0,3,1.0,0.0,0.0,2.0,2.4133333333333336,strong,medium,weak
1214010,2025-04-20 15:15:00+00:00,61,2024,106,Stade Brestois 29,116,Lens,1,3,FT,4-3-3,3-4-2-1,4-3-3 vs 3-4-2-1,5,7,-2,0.6,3,50.0,2.8,1.0,4.4,2.8,13.2,11.0,1.546,1.19,4.8,7.2,0.6,3,51.0,1.8,,5.4,4.2,14.8,11.2,1.4820000000000002,1.244,4.4,4.4,-1.0,-1.6000000000000014,0.0639999999999998,0.3999999999999994,-1.0,0.0,0.73,2.52,14,0.2857142857142857,0.14285714285714285,0.5714285714285714,1.260714285714286,1.8985714285714284,-0.5714285714285714,3,0.6666666666666666,0.0,0.3333333333333333,2.31,1.1366666666666667,0.3333333333333333,12,0.3333333333333333,0.3333333333333333,0.3333333333333333,2.4166666666666665,2.9124999999999996,strong,weak,strong
1214014,2025-04-20 15:15:00+00:00,61,2024,93,Reims,96,Toulouse,1,0,FT,5-4-1,3-4-2-1,5-4-1 vs 3-4-2-1,5,2,3,0.6,3,36.6,1.5,0.5,4.0,7.0,12.0,18.8,1.2959999999999998,1.868,3.2,8.8,1.0,1,44.4,1.4,,4.4,3.6,10.6,9.8,1.3060000000000005,1.378,4.2,3.8,-0.4000000000000003,1.4000000000000004,-0.0100000000000004,-1.0,-7.799999999999997,-0.4,0.74,1.29,3,0.6666666666666666,0.0,0.3333333333333333,1.2566666666666666,2.28,1.0,24,0.2916666666666667,0.20833333333333334,0.5,1.4800000000000002,1.0833333333333333,-0.125,3,0.6666666666666666,0.0,0.3333333333333333,3.0,2.4533333333333336,weak,strong,weak
1214008,2025-04-20 18:45:00+00:00,61,2024,1063,Saint Etienne,80,Lyon,2,1,FT,4-3-3,4-2-2-2,4-3-3 vs 4-2-2-2,4,4,0,0.8,2,51.6,2.4,1.0,3.6,6.2,10.2,16.2,1.162,1.996,5.0,6.0,1.0,1,61.0,2.0,,6.8,4.6,12.6,14.0,2.362,1.1800000000000002,3.6,4.4,-3.2,-2.4000000000000004,-1.2000000000000002,1.4,-9.4,-0.1999999999999999,1.6,0.76,16,0.1875,0.3125,0.5,1.1775,2.52125,-1.25,0,,,,,,,0,,,,,,strong,weak,weak
1214002,2025-04-22 18:45:00+00:00,61,2024,83,Nantes,85,Paris Saint Germain,1,1,FT,5-3-2,4-3-3,5-3-2 vs 4-3-3,5,1,4,0.4,3,35.4,2.2,1.0,2.4,4.8,8.0,15.6,0.836,2.3120000000000003,2.8,7.6,0.8,2,66.4,1.0,,8.2,1.6,19.0,9.6,2.982,0.866,5.0,3.0,-5.799999999999999,-11.0,-2.1460000000000004,-2.2,-31.000000000000007,-0.4,0.49,1.6,5,0.2,0.2,0.6,0.998,2.1060000000000003,-1.8,26,0.8076923076923077,0.19230769230769232,0.0,2.8184615384615386,0.9607692307692306,1.9230769230769231,1,1.0,0.0,0.0,3.0,3.37,medium,strong,weak
1214023,2025-04-25 18:45:00+00:00,61,2024,85,Paris Saint Germain,84,Nice,1,3,FT,4-3-3,3-5-2,4-3-3 vs 3-5-2,0,2,-2,0.8,2,67.8,0.25,,7.4,1.4,17.2,8.6,2.532,0.6140000000000001,5.4,3.2,0.6,2,55.2,1.8,1.0,6.6,4.2,19.0,10.4,1.838,0.964,7.0,3.2,0.8000000000000007,-1.8000000000000007,0.6940000000000002,-1.5999999999999996,12.599999999999994,0.2,3.16,0.96,27,0.7777777777777778,0.2222222222222222,0.0,2.773333333333333,0.9433333333333331,1.8518518518518519,1,0.0,1.0,0.0,1.28,0.98,0.0,0,,,,,,strong,weak,weak
1214018,2025-04-26 15:00:00+00:00,61,2024,95,Strasbourg,1063,Saint Etienne,3,1,FT,3-4-2-1,4-3-3,3-4-2-1 vs 4-3-3,1,3,-2,0.4,4,49.8,1.6,1.0,4.0,7.0,10.8,15.2,1.286,1.576,4.2,4.8,1.0,1,49.2,2.4,1.0,4.2,5.2,11.4,16.4,1.1800000000000002,1.7320000000000004,5.4,6.2,-0.2000000000000001,-0.5999999999999996,0.1059999999999998,-1.2000000000000002,0.5999999999999943,-0.6,2.83,2.06,8,0.625,0.375,0.0,1.36,1.34125,0.875,17,0.23529411764705882,0.29411764705882354,0.47058823529411764,1.2023529411764706,2.4176470588235297,-1.1176470588235294,7,0.0,0.2857142857142857,0.7142857142857143,3.2857142857142856,3.301428571428571,medium,strong,medium
1214017,2025-04-26 17:00:00+00:00,61,2024,111,Le Havre,91,Monaco,1,1,FT,4-2-3-1,4-4-2,4-2-3-1 vs 4-4-2,6,1,5,0.8,2,43.4,1.75,0.0,3.4,6.4,12.6,13.0,1.6979999999999995,2.338,2.6,4.6,0.6,2,52.2,2.2,0.0,5.6,3.2,14.0,8.2,1.952,0.672,6.4,2.4,-2.2,-1.4000000000000004,-0.2540000000000002,-3.8,-8.800000000000004,0.2,0.51,3.2,6,0.3333333333333333,0.16666666666666666,0.5,1.8466666666666667,2.018333333333333,-0.6666666666666666,7,0.5714285714285714,0.0,0.42857142857142855,1.872857142857143,1.0142857142857142,0.2857142857142857,1,0.0,1.0,0.0,2.0,1.72,medium,medium,weak
1214025,2025-04-26 19:05:00+00:00,61,2024,80,Lyon,94,Rennes,4,1,FT,4-2-3-1,3-5-2,4-2-3-1 vs 3-5-2,1,3,-2,0.8,2,60.2,2.4,,6.2,5.0,13.8,14.0,2.3,1.2120000000000002,4.4,4.2,0.6,2,57.2,1.75,0.0,5.4,2.8,14.6,8.8,1.78,0.728,6.0,4.4,0.7999999999999998,-0.7999999999999989,0.5199999999999998,-1.5999999999999996,3.0,0.2,1.88,0.82,12,0.6666666666666666,0.08333333333333333,0.25,2.0174999999999996,1.4199999999999997,1.0,5,0.8,0.0,0.2,2.1979999999999995,0.774,1.8,2,0.0,0.5,0.5,3.0,2.365,strong,medium,weak
1214022,2025-04-27 13:00:00+00:00,61,2024,77,Angers,79,Lille,0,2,FT,4-2-3-1,4-4-2,4-2-3-1 vs 4-4-2,8,4,4,0.6,3,37.6,1.2,,2.6,5.4,7.0,15.4,0.634,1.75,3.0,4.8,0.6,3,54.2,1.8,0.0,5.0,3.2,11.0,8.0,1.358,0.92,4.8,2.8,-2.4,-4.0,-0.7240000000000001,-1.7999999999999998,-16.6,0.0,0.72,1.43,23,0.30434782608695654,0.2608695652173913,0.43478260869565216,1.2165217391304348,1.7530434782608695,-0.43478260869565216,2,1.0,0.0,0.0,1.5750000000000002,1.295,1.5,2,0.0,1.0,0.0,2.0,2.715,strong,weak,weak
1214019,2025-04-27 15:15:00+00:00,61,2024,83,Nantes,96,Toulouse,0,0,FT,5-3-2,3-4-2-1,5-3-2 vs 3-4-2-1,6,6,0,0.4,3,32.6,2.4,1.0,2.4,5.6,7.4,15.8,0.7699999999999999,2.436,3.0,6.6,1.0,1,44.0,1.2,1.0,5.0,3.4,12.6,8.8,1.4500000000000002,1.04,5.4,2.8,-2.6,-5.199999999999999,-0.6800000000000003,-2.4000000000000004,-11.4,-0.6,1.05,0.35,6,0.16666666666666666,0.3333333333333333,0.5,0.9133333333333334,2.021666666666667,-1.5,25,0.28,0.2,0.52,1.4724000000000002,1.0695999999999999,-0.16,2,0.5,0.0,0.5,1.0,1.69,medium,strong,weak
1214020,2025-04-27 15:15:00+00:00,61,2024,82,Montpellier,93,Reims,0,0,FT,5-4-1,5-4-1,5-4-1 vs 5-4-1,9,3,6,0.6,2,47.4,1.4,0.5,2.6,5.6,10.0,14.6,0.618,1.952,3.6,6.2,0.8,2,35.6,1.5,0.3333333333333333,3.6,6.4,10.2,19.8,1.134,1.698,2.0,8.2,-1.0,-0.1999999999999993,-0.5159999999999999,1.6,11.799999999999995,-0.2,0.59,0.6,3,0.0,0.0,1.0,0.31666666666666665,2.2066666666666666,-2.3333333333333335,4,0.75,0.0,0.25,1.1275,2.0324999999999998,1.0,0,,,,,,weak,weak,weak
1214021,2025-04-27 15:15:00+00:00,61,2024,116,Lens,108,Auxerre,0,4,FT,3-4-2-1,5-4-1,3-4-2-1 vs 5-4-1,7,6,1,0.6,3,57.4,2.0,0.0,6.8,4.0,17.6,10.4,1.812,1.188,5.6,4.4,0.8,2,44.6,2.75,0.0,3.6,5.6,12.4,15.6,0.924,1.808,5.0,7.0,3.2,5.200000000000001,0.888,0.5999999999999996,12.799999999999995,-0.2,1.44,2.65,4,0.75,0.0,0.25,2.3625,1.0350000000000001,0.75,12,0.25,0.25,0.5,0.9874999999999999,1.7733333333333332,-0.4166666666666667,7,0.7142857142857143,0.0,0.2857142857142857,2.7142857142857144,2.617142857142857,weak,strong,medium
1214024,2025-04-27 18:45:00+00:00,61,2024,81,Marseille,106,Stade Brestois 29,4,1,FT,4-2-3-1,4-2-3-1,4-2-3-1 vs 4-2-3-1,3,7,-4,1.0,1,62.8,1.25,,5.2,4.8,13.2,10.4,1.5740000000000005,1.5699999999999998,6.6,2.4,0.8,2,48.8,3.25,1.0,4.0,4.4,11.6,13.0,0.978,1.62,5.0,7.2,1.2000000000000002,1.5999999999999996,0.5960000000000002,1.5999999999999996,14.0,0.1999999999999999,0.91,1.81,11,0.5454545454545454,0.18181818181818182,0.2727272727272727,1.511818181818182,1.6327272727272728,0.8181818181818182,9,0.4444444444444444,0.3333333333333333,0.2222222222222222,1.3944444444444444,1.3688888888888888,0.1111111111111111,28,0.35714285714285715,0.32142857142857145,0.32142857142857145,3.0,3.0146428571428574,strong,medium,strong
1214028,2025-05-02 18:45:00+00:00,61,2024,84,Nice,93,Reims,1,0,FT,3-5-2,5-4-1,3-5-2 vs 5-4-1,3,4,-1,0.6,3,49.8,1.8,1.0,6.0,6.0,16.4,14.8,1.596,1.4460000000000002,5.6,6.0,1.0,1,39.2,1.5,0.5,3.8,6.8,9.4,20.0,1.0219999999999998,1.7439999999999998,2.2,8.4,2.2,6.999999999999998,0.5740000000000001,3.3999999999999995,10.599999999999994,-0.4,1.51,1.28,2,0.5,0.5,0.0,1.12,2.0700000000000003,1.0,5,0.6,0.2,0.2,1.0219999999999998,1.7439999999999998,0.8,0,,,,,,weak,medium,weak
1214033,2025-05-03 15:00:00+00:00,61,2024,95,Strasbourg,85,Paris Saint Germain,2,1,FT,3-4-2-1,3-4-3,3-4-2-1 vs 3-4-3,1,2,-1,0.4,4,48.6,1.8,1.0,4.8,6.8,12.2,16.4,1.5139999999999998,1.636,4.4,5.8,0.8,2,71.0,0.75,,9.0,1.6,20.4,7.8,2.618,0.61,7.8,2.2,-4.2,-8.2,-1.104,-3.3999999999999995,-22.4,-0.4,0.73,1.73,9,0.6666666666666666,0.3333333333333333,0.0,1.5233333333333334,1.4211111111111112,1.0,2,1.0,0.0,0.0,2.185,0.585,1.0,2,0.5,0.0,0.5,4.0,3.44,medium,weak,weak
1214032,2025-05-03 17:00:00+00:00,61,2024,96,Toulouse,94,Rennes,2,1,FT,3-4-2-1,3-4-3,3-4-2-1 vs 3-4-3,6,4,2,1.0,1,43.6,1.4,1.0,4.2,3.4,11.6,8.8,1.168,0.912,5.8,2.6,0.6,2,55.4,2.0,0.0,5.2,3.6,14.2,9.8,1.826,0.954,5.6,4.8,-1.0,-2.6,-0.6580000000000001,0.2000000000000001,-11.799999999999995,0.4,0.81,1.48,26,0.2692307692307692,0.23076923076923078,0.5,1.4292307692307693,1.0688461538461538,-0.15384615384615385,3,0.6666666666666666,0.0,0.3333333333333333,0.9833333333333334,0.6999999999999998,1.0,3,0.6666666666666666,0.0,0.3333333333333333,3.6666666666666665,3.1133333333333333,strong,weak,weak
1214030,2025-05-03 19:05:00+00:00,61,2024,1063,Saint Etienne,91,Monaco,1,3,FT,4-3-3,4-4-2,4-3-3 vs 4-4-2,4,2,2,1.0,1,47.2,1.8,,4.2,6.0,12.6,17.4,1.35,2.114,5.8,6.4,0.8,2,53.0,1.8,0.0,6.0,3.4,14.8,8.8,2.182,0.6759999999999999,5.8,3.0,-1.7999999999999998,-2.200000000000001,-0.8319999999999999,0.0,-5.799999999999997,0.1999999999999999,0.6,1.98,18,0.2222222222222222,0.2777777777777778,0.5,1.25,2.4405555555555556,-1.1666666666666667,8,0.5,0.125,0.375,2.0387500000000003,0.95125,0.25,3,1.0,0.0,0.0,3.6666666666666665,2.9633333333333334,strong,medium,weak
1214031,2025-05-04 13:00:00+00:00,61,2024,83,Nantes,77,Angers,0,1,FT,4-3-3,4-4-1-1,4-3-3 vs 4-4-1-1,5,4,1,0.4,3,38.0,2.4,0.5,2.4,5.4,7.6,14.4,0.7379999999999999,2.19,3.0,6.6,0.6,3,36.4,1.2,0.0,2.8,5.4,7.0,14.0,0.6799999999999999,1.626,4.4,3.4,-0.3999999999999999,0.5999999999999996,0.0579999999999999,-1.4000000000000004,1.6000000000000014,-0.1999999999999999,0.52,1.12,6,0.5,0.16666666666666666,0.3333333333333333,1.6716666666666666,2.013333333333333,0.16666666666666666,0,,,,,,,0,,,,,,medium,weak,weak
1214026,2025-05-04 15:15:00+00:00,61,2024,80,Lyon,116,Lens,1,2,FT,4-2-3-1,5-4-1,4-2-3-1 vs 5-4-1,3,6,-3,0.8,2,57.6,2.5,,6.4,4.8,13.4,13.2,1.908,1.032,5.0,4.4,0.4,3,61.6,2.75,0.5,7.0,4.6,19.0,10.4,1.95,1.6,6.2,3.8,-0.5999999999999996,-5.6,-0.042,-1.2000000000000002,-4.0,0.4,1.04,0.73,13,0.6923076923076923,0.07692307692307693,0.23076923076923078,2.006923076923077,1.3738461538461535,1.1538461538461537,1,1.0,0.0,0.0,0.87,1.01,1.0,4,0.75,0.0,0.25,3.75,3.1825,strong,weak,weak
1214029,2025-05-04 15:15:00+00:00,61,2024,106,Stade Brestois 29,82,Montpellier,1,0,FT,4-3-3,5-4-1,4-3-3 vs 5-4-1,5,9,-4,0.6,2,43.6,4.0,1.0,4.8,5.4,11.2,12.8,1.268,1.5699999999999998,4.8,7.2,0.6,2,50.0,1.8,1.0,2.4,5.0,9.8,14.0,0.5519999999999999,1.83,3.8,6.0,2.4,1.3999999999999986,0.7160000000000001,1.0,-6.399999999999999,0.0,1.1,0.56,15,0.26666666666666666,0.13333333333333333,0.6,1.2253333333333336,1.94,-0.6666666666666666,4,0.0,0.25,0.75,0.385,1.805,-1.75,2,0.5,0.0,0.5,1.5,2.02,strong,weak,weak
1214034,2025-05-04 15:15:00+00:00,61,2024,108,Auxerre,111,Le Havre,1,2,FT,5-4-1,4-1-4-1,5-4-1 vs 4-1-4-1,5,5,0,0.8,2,41.6,3.0,0.0,4.4,5.4,12.8,14.8,1.3039999999999998,1.662,4.6,7.2,0.8,2,44.6,1.25,0.0,3.0,6.4,11.6,13.8,1.456,2.21,3.0,5.0,1.4000000000000004,1.200000000000001,-0.1520000000000001,1.5999999999999996,-3.0,0.0,0.24,1.54,13,0.3076923076923077,0.23076923076923078,0.46153846153846156,1.1153846153846154,1.7476923076923077,-0.07692307692307693,4,0.25,0.25,0.5,1.395,1.7,-1.0,0,,,,,,strong,weak,weak
1214027,2025-05-04 18:45:00+00:00,61,2024,79,Lille,81,Marseille,1,1,FT,4-4-2,4-2-3-1,4-4-2 vs 4-2-3-1,5,2,3,0.4,3,53.2,2.2,1.0,5.2,3.2,10.2,7.2,1.3279999999999998,0.8220000000000001,4.2,3.6,0.8,2,65.6,1.5,,6.2,4.6,13.2,9.0,1.56,1.386,6.4,2.0,-1.0,-3.0,-0.2320000000000002,-2.2,-12.399999999999991,-0.4,0.46,1.32,3,1.0,0.0,0.0,1.5266666666666666,1.1033333333333333,1.6666666666666667,12,0.5833333333333334,0.16666666666666666,0.25,1.461666666666667,1.6475,1.0,3,0.3333333333333333,0.3333333333333333,0.3333333333333333,2.0,2.8266666666666667,weak,strong,weak
1214035,2025-05-10 19:00:00+00:00,61,2024,93,Reims,1063,Saint Etienne,0,2,FT,5-4-1,4-3-3,5-4-1 vs 4-3-3,3,2,1,1.0,1,44.2,1.6,0.5,3.4,5.6,11.2,17.6,1.082,1.828,2.8,7.0,1.0,1,49.8,1.75,,4.0,5.2,12.6,15.4,1.276,1.856,6.4,6.2,-0.6000000000000001,-1.4000000000000004,-0.1939999999999999,-3.6000000000000005,-5.599999999999994,0.0,1.91,0.66,6,0.5,0.16666666666666666,0.3333333333333333,1.065,1.7049999999999998,0.5,19,0.21052631578947367,0.2631578947368421,0.5263157894736842,1.2157894736842105,2.416315789473684,-1.2105263157894737,2,0.0,0.5,0.5,1.5,2.665,medium,strong,weak
1214036,2025-05-10 19:00:00+00:00,61,2024,108,Auxerre,83,Nantes,1,1,FT,5-4-1,5-3-2,5-4-1 vs 5-3-2,3,3,0,1.0,1,40.4,2.75,0.0,3.4,6.2,9.4,14.6,0.932,1.864,2.6,7.8,0.4,3,40.0,2.4,0.5,2.6,4.8,7.8,14.0,0.662,1.5479999999999998,3.0,7.2,0.7999999999999998,1.6000000000000003,0.27,-0.3999999999999999,0.3999999999999986,0.6,0.43,0.67,14,0.2857142857142857,0.21428571428571427,0.5,1.052857142857143,1.7328571428571427,-0.14285714285714285,7,0.14285714285714285,0.42857142857142855,0.42857142857142855,0.9328571428571429,1.782857142857143,-1.2857142857142858,0,,,,,,strong,medium,weak
1214037,2025-05-10 19:00:00+00:00,61,2024,77,Angers,95,Strasbourg,2,1,FT,4-5-1,3-4-2-1,4-5-1 vs 3-4-2-1,6,2,4,0.6,3,36.4,1.6,0.0,2.4,4.8,8.0,12.8,0.742,1.422,4.4,3.2,0.6,3,47.8,1.6,1.0,3.8,5.4,11.2,17.2,1.4420000000000002,1.584,4.4,5.2,-1.4,-3.1999999999999997,-0.7000000000000002,0.0,-11.4,0.0,0.75,0.99,0,,,,,,,10,0.7,0.3,0.0,1.4440000000000002,1.4520000000000002,1.0,0,,,,,,weak,strong,weak
1214038,2025-05-10 19:00:00+00:00,61,2024,111,Le Havre,81,Marseille,1,3,FT,4-3-3,4-2-3-1,4-3-3 vs 4-2-3-1,4,4,0,0.6,3,44.8,1.25,0.0,3.0,6.2,10.6,13.2,0.898,2.0780000000000003,4.2,4.2,0.6,2,61.6,1.6,,5.8,3.8,11.8,8.6,1.6060000000000003,1.2819999999999998,5.0,2.4,-2.8,-1.200000000000001,-0.7080000000000003,-0.7999999999999998,-16.800000000000004,0.0,0.96,2.57,2,0.0,0.0,1.0,0.33,3.005,-2.0,13,0.5384615384615384,0.23076923076923078,0.23076923076923078,1.450769230769231,1.5561538461538462,0.9230769230769231,12,0.4166666666666667,0.25,0.3333333333333333,3.8333333333333335,3.616666666666666,weak,strong,strong
1214039,2025-05-10 19:00:00+00:00,61,2024,94,Rennes,84,Nice,2,0,FT,4-3-3,3-5-2,4-3-3 vs 3-5-2,2,5,-3,0.6,3,56.2,2.6666666666666665,0.0,5.2,3.4,14.4,9.8,1.814,0.954,5.6,4.8,0.6,2,52.2,1.4,,5.6,5.4,16.2,14.6,1.796,1.2120000000000002,5.8,5.2,-0.3999999999999994,-1.799999999999999,0.018,-0.2000000000000001,4.0,0.0,1.18,1.05,0,,,,,,,3,0.6666666666666666,0.3333333333333333,0.0,1.25,1.8066666666666669,1.0,1,0.0,0.0,1.0,4.0,4.12,weak,weak,weak
1214040,2025-05-10 19:00:00+00:00,61,2024,82,Montpellier,85,Paris Saint Germain,1,4,FT,5-3-2,3-3-1-3,5-3-2 vs 3-3-1-3,10,9,1,0.8,2,47.8,2.0,1.0,2.4,4.8,8.6,13.0,0.558,1.63,3.8,4.8,0.6,2,73.2,1.25,,7.8,1.6,20.0,7.4,2.31,0.562,7.0,2.8,-5.4,-11.4,-1.752,-3.2,-25.40000000000001,0.2,0.61,1.5,4,0.25,0.0,0.75,1.31,2.4749999999999996,-2.75,0,,,,,,,0,,,,,,weak,weak,weak
1214041,2025-05-10 19:00:00+00:00,61,2024,96,Toulouse,116,Lens,1,1,FT,3-4-2-1,5-4-1,3-4-2-1 vs 5-4-1,4,7,-3,1.0,1,40.6,1.8,1.0,4.0,3.6,10.0,9.8,0.918,0.936,5.0,3.0,0.4,4,56.8,2.75,0.5,7.2,4.4,19.6,11.8,2.014,1.436,6.2,4.2,-3.2,-9.6,-1.0960000000000003,-1.2000000000000002,-16.199999999999996,0.6,1.01,0.79,27,0.2962962962962963,0.2222222222222222,0.48148148148148145,1.4062962962962966,1.084074074074074,-0.1111111111111111,2,1.0,0.0,0.0,0.8,1.025,1.0,8,0.625,0.0,0.375,2.875,2.80125,strong,weak,medium
1214042,2025-05-10 19:00:00+00:00,61,2024,106,Stade Brestois 29,79,Lille,2,0,FT,4-3-3,4-4-2,4-3-3 vs 4-4-2,8,5,3,0.6,2,47.0,3.0,1.0,4.8,4.8,12.4,10.6,1.216,1.27,5.0,6.4,0.6,2,52.2,2.4,1.0,4.4,4.0,9.0,8.8,1.048,1.004,3.4,4.2,0.3999999999999994,3.4000000000000004,0.1679999999999999,1.6,-5.200000000000003,0.0,1.2,2.06,16,0.3125,0.125,0.5625,1.2175,1.85375,-0.5625,4,0.75,0.25,0.0,1.26,1.1575,1.25,4,0.75,0.0,0.25,3.75,2.8675,strong,weak,weak
1214043,2025-05-10 19:00:00+00:00,61,2024,91,Monaco,80,Lyon,2,0,FT,4-4-2,4-3-1-2,4-4-2 vs 4-3-1-2,2,2,0,0.8,2,49.6,1.75,,6.0,2.8,13.8,9.2,2.088,0.6940000000000001,5.4,3.4,0.8,2,59.4,2.5,,5.0,4.0,13.8,12.0,1.718,0.9600000000000002,5.6,3.6,1.0,0.0,0.3700000000000001,-0.1999999999999993,-9.799999999999995,0.0,1.16,0.39,9,0.5555555555555556,0.1111111111111111,0.3333333333333333,2.0322222222222224,0.9122222222222223,0.4444444444444444,0,,,,,,,0,,,,,,medium,weak,weak
1214044,2025-05-17 19:00:00+00:00,61,2024,81,Marseille,94,Rennes,4,2,FT,4-3-3,4-1-4-1,4-3-3 vs 4-1-4-1,4,3,1,0.6,2,59.0,1.6,,6.0,4.0,14.4,9.0,1.918,1.2280000000000002,5.8,2.6,0.6,3,53.8,2.25,0.0,5.0,4.0,12.8,10.4,1.8080000000000005,1.008,4.2,4.8,1.0,1.5999999999999996,0.1099999999999996,1.5999999999999996,5.200000000000003,0.0,3.99,1.15,0,,,,,,,1,0.0,0.0,1.0,0.8,2.79,-4.0,3,0.6666666666666666,0.3333333333333333,0.0,2.3333333333333335,2.7866666666666666,weak,weak,weak
1214045,2025-05-17 19:00:00+00:00,61,2024,80,Lyon,77,Angers,2,0,FT,4-2-3-1,4-5-1,4-2-3-1 vs 4-5-1,2,8,-6,0.6,3,58.0,2.75,,5.0,4.2,13.6,12.2,1.432,1.01,6.4,3.6,0.4,4,38.2,1.4,0.0,2.8,4.2,8.2,11.8,0.8560000000000001,1.236,4.6,3.4,2.2,5.4,0.5759999999999998,1.8000000000000007,19.8,0.1999999999999999,3.95,0.5,14,0.6428571428571429,0.07142857142857142,0.2857142857142857,1.9378571428571425,1.3278571428571426,1.0,1,1.0,0.0,0.0,0.75,0.99,1.0,0,,,,,,strong,weak,weak
1214046,2025-05-17 19:00:00+00:00,61,2024,84,Nice,106,Stade Brestois 29,6,0,FT,3-4-2-1,4-3-1-2,3-4-2-1 vs 4-3-1-2,4,5,-1,0.6,2,46.8,1.4,,5.0,5.4,14.8,15.0,1.626,1.334,4.6,5.0,0.6,2,46.6,2.5,1.0,4.8,4.6,12.2,12.2,1.274,1.35,5.2,6.0,0.2000000000000001,2.6000000000000014,0.3519999999999998,-0.6000000000000005,0.1999999999999957,0.0,4.86,1.0,15,0.5333333333333333,0.3333333333333333,0.13333333333333333,1.5766666666666667,0.9006666666666667,0.6666666666666666,3,1.0,0.0,0.0,1.1633333333333333,1.7833333333333332,2.0,1,0.0,0.0,1.0,3.0,1.56,strong,weak,weak
1214047,2025-05-17 19:00:00+00:00,61,2024,1063,Saint Etienne,96,Toulouse,2,3,FT,4-3-3,3-4-3,4-3-3 vs 3-4-3,2,4,-2,1.0,1,52.4,1.25,,4.2,4.8,12.8,15.2,1.124,1.802,6.8,5.8,1.0,1,42.0,1.6,1.0,4.6,3.2,10.2,10.4,0.874,0.8920000000000001,5.2,2.2,-0.3999999999999994,2.6000000000000014,0.2499999999999999,1.5999999999999996,10.4,0.0,1.33,3.21,20,0.25,0.25,0.5,1.1880000000000002,2.3909999999999996,-1.05,3,0.6666666666666666,0.3333333333333333,0.0,1.49,0.59,1.3333333333333333,2,1.0,0.0,0.0,1.0,2.99,strong,weak,weak
1214048,2025-05-17 19:00:00+00:00,61,2024,79,Lille,93,Reims,2,1,FT,4-2-3-1,5-4-1,4-2-3-1 vs 5-4-1,4,5,-1,0.8,2,55.6,2.2,1.0,4.0,4.0,10.6,9.2,1.278,0.8800000000000001,4.2,4.6,1.0,1,44.2,1.4,0.0,2.6,5.6,12.2,16.8,1.174,1.45,2.8,6.6,1.4,-1.5999999999999996,0.104,1.4000000000000004,11.4,-0.1999999999999999,2.06,0.11,20,0.45,0.35,0.2,1.7004999999999995,1.455,0.5,7,0.42857142857142855,0.14285714285714285,0.42857142857142855,1.1857142857142855,1.5557142857142856,0.14285714285714285,5,0.6,0.0,0.4,3.6,2.9,strong,medium,medium
1214049,2025-05-17 19:00:00+00:00,61,2024,95,Strasbourg,111,Le Havre,2,3,FT,3-4-2-1,3-4-3,3-4-2-1 vs 3-4-3,2,4,-2,0.8,2,51.8,1.6,,3.6,4.4,11.6,15.4,1.13,1.4440000000000002,4.2,4.8,0.4,3,44.8,1.5,,3.0,6.0,10.0,14.8,0.8160000000000001,2.388,4.2,5.0,0.6000000000000001,1.5999999999999996,0.314,0.0,7.0,0.4,1.46,2.46,11,0.6363636363636364,0.2727272727272727,0.09090909090909091,1.4027272727272728,1.3881818181818184,0.8181818181818182,0,,,,,,,4,0.75,0.0,0.25,3.5,2.9074999999999998,strong,weak,weak
1214050,2025-05-17 19:00:00+00:00,61,2024,83,Nantes,82,Montpellier,3,0,FT,3-5-2,5-3-2,3-5-2 vs 5-3-2,4,10,-6,0.6,3,42.8,2.4,0.5,2.2,3.6,7.6,11.6,0.6819999999999999,1.254,3.2,6.4,0.8,2,43.2,2.0,,2.0,5.6,7.6,12.4,0.476,1.656,3.8,5.2,0.2000000000000001,0.0,0.2059999999999999,-0.5999999999999996,-0.4000000000000057,-0.2,2.43,0.84,0,,,,,,,5,0.2,0.0,0.8,1.1700000000000002,2.28,-2.8,0,,,,,,weak,medium,weak
1214051,2025-05-17 19:00:00+00:00,61,2024,116,Lens,91,Monaco,4,0,FT,3-1-4-2,4-2-3-1,3-1-4-2 vs 4-2-3-1,6,3,3,0.4,3,56.6,3.25,0.5,6.6,5.0,18.0,12.0,1.736,1.354,5.2,4.0,0.8,2,48.0,1.75,,6.4,2.8,14.0,8.4,1.988,0.5900000000000001,4.2,4.0,0.1999999999999993,4.0,-0.2520000000000002,1.0,8.600000000000001,-0.4,1.78,0.45,0,,,,,,,19,0.5263157894736842,0.21052631578947367,0.2631578947368421,2.413157894736842,1.0942105263157895,0.9473684210526315,0,,,,,,weak,strong,weak
1214052,2025-05-17 19:00:00+00:00,61,2024,85,Paris Saint Germain,108,Auxerre,3,1,FT,4-3-3,5-4-1,4-3-3 vs 5-4-1,1,4,-3,0.4,3,70.8,1.5,,8.2,2.4,18.0,8.4,2.226,0.6479999999999999,6.8,3.6,1.0,1,45.4,2.8,0.0,3.4,5.6,9.0,12.4,0.8619999999999999,1.7559999999999998,3.0,6.8,4.799999999999999,9.0,1.364,3.8,25.4,-0.6,3.11,0.63,28,0.75,0.21428571428571427,0.03571428571428571,2.787142857142857,0.9439285714285713,1.7142857142857142,15,0.26666666666666666,0.26666666666666666,0.4666666666666667,1.0113333333333334,1.662,-0.13333333333333333,3,0.6666666666666666,0.0,0.3333333333333333,1.3333333333333333,1.9000000000000001,strong,strong,weak
1375858,2025-05-21 18:00:00+00:00,61,2024,112,Metz,93,Reims,1,1,FT,4-4-2,4-4-2,4-4-2 vs 4-4-2,2,4,-2,,0,,,,,,,,,,,,1.0,1,42.6,1.6,0.0,2.6,3.8,11.2,13.6,0.9280000000000002,1.222,3.0,6.8,,,,,,,,,0,,,,,,,0,,,,,,,1,1.0,0.0,0.0,3.0,2.44,weak,weak,weak
1375859,2025-05-29 18:30:00+00:00,61,2024,93,Reims,112,Metz,1,3,AET,4-4-2,4-1-4-1,4-4-2 vs 4-1-4-1,5,2,3,0.8,2,40.0,2.0,,2.4,3.2,11.6,12.4,0.975,1.205,4.2,6.2,1.0,1,61.0,1.0,,3.0,1.0,12.0,10.0,,,6.0,6.0,-0.6000000000000001,-0.4000000000000003,,-1.7999999999999998,-21.0,-0.1999999999999999,,,1,0.0,1.0,0.0,,,0.0,0,,,,,,,1,1.0,0.0,0.0,1.0,2.41,weak,weak,weak
