fixture_id,date,league_id,season,home_team_id,home_team_name,away_team_id,away_team_name,goals_home,goals_away,status_short,home_formation,away_formation,formation_matchup,home_injuries_count,away_injuries_count,injuries_diff,home_formation_stability_5,home_recent_formations_count,home_api_possession_5,home_api_yellow_cards_5,home_api_red_cards_5,home_api_shots_on_goal_for_5,home_api_shots_on_goal_against_5,home_api_total_shots_for_5,home_api_total_shots_against_5,home_api_expected_goals_for_5,home_api_expected_goals_against_5,home_api_corners_for_5,home_api_corners_against_5,away_formation_stability_5,away_recent_formations_count,away_api_possession_5,away_api_yellow_cards_5,away_api_red_cards_5,away_api_shots_on_goal_for_5,away_api_shots_on_goal_against_5,away_api_total_shots_for_5,away_api_total_shots_against_5,away_api_expected_goals_for_5,away_api_expected_goals_against_5,away_api_corners_for_5,away_api_corners_against_5,api_shots_on_goal_diff_5,api_total_shots_diff_5,api_expected_goals_diff_5,api_corners_diff_5,api_possession_diff_5,formation_stability_diff_5
1387706,2025-08-15 18:45:00+00:00,61,2025,94,Rennes,81,Marseille,1,0,FT,5-3-2,3-2-4-1,5-3-2 vs 3-2-4-1,2,2,0,,0,,,,,,,,,,,,,0,,,,,,,,,,,,,,,,,
1387701,2025-08-16 15:00:00+00:00,61,2025,116,Lens,80,Lyon,0,1,FT,3-4-2-1,4-2-3-1,3-4-2-1 vs 4-2-3-1,3,4,-1,,0,,,,,,,,,,,,,0,,,,,,,,,,,,,,,,,
1387703,2025-08-16 17:00:00+00:00,61,2025,91,Monaco,111,Le Havre,3,1,FT,4-2-3-1,4-1-4-1,4-2-3-1 vs 4-1-4-1,3,3,0,,0,,,,,,,,,,,,,0,,,,,,,,,,,,,,,,,
1387705,2025-08-16 19:05:00+00:00,61,2025,84,Nice,96,Toulouse,0,1,FT,3-4-2-1,3-4-3,3-4-2-1 vs 3-4-3,8,6,2,,0,,,,,,,,,,,,,0,,,,,,,,,,,,,,,,,
1387700,2025-08-17 13:00:00+00:00,61,2025,106,Stade Brestois 29,79,Lille,3,3,FT,4-3-3,4-2-3-1,4-3-3 vs 4-2-3-1,3,4,-1,,0,,,,,,,,,,,,,0,,,,,,,,,,,,,,,,,
1387698,2025-08-17 15:15:00+00:00,61,2025,77,Angers,114,Paris FC,1,0,FT,3-4-2-1,4-4-2,3-4-2-1 vs 4-4-2,0,1,-1,,0,,,,,,,,,,,,,0,,,,,,,,,,,,,,,,,
1387699,2025-08-17 15:15:00+00:00,61,2025,108,Auxerre,97,Lorient,1,0,FT,5-4-1,3-4-3,5-4-1 vs 3-4-3,2,4,-2,,0,,,,,,,,,,,,,0,,,,,,,,,,,,,,,,,
1387702,2025-08-17 15:15:00+00:00,61,2025,112,Metz,95,Strasbourg,0,1,FT,5-3-2,5-3-2,5-3-2 vs 5-3-2,3,7,-4,,0,,,,,,,,,,,,,0,,,,,,,,,,,,,,,,,
1387704,2025-08-17 18:45:00+00:00,61,2025,83,Nantes,85,Paris Saint Germain,0,1,FT,4-1-4-1,4-3-3,4-1-4-1 vs 4-3-3,0,2,-2,,0,,,,,,,,,,,,,0,,,,,,,,,,,,,,,,,
1387713,2025-08-22 18:45:00+00:00,61,2025,85,Paris Saint Germain,77,Angers,1,0,FT,4-3-3,3-5-2,4-3-3 vs 3-5-2,2,1,1,1.0,1,71.0,1.0,,4.0,0.0,18.0,5.0,1.43,0.14,7.0,2.0,1.0,1,32.0,2.0,1.0,2.0,7.0,8.0,17.0,0.97,0.92,3.0,7.0,2.0,10.0,0.45999999999999996,4.0,39.0,0.0
1387711,2025-08-23 15:00:00+00:00,61,2025,81,Marseille,114,Paris FC,5,2,FT,4-2-3-1,4-3-3,4-2-3-1 vs 4-3-3,4,0,4,1.0,1,72.0,3.0,0.0,2.0,5.0,24.0,12.0,1.71,1.47,12.0,1.0,1.0,1,68.0,1.0,0.0,7.0,2.0,17.0,8.0,0.92,0.97,7.0,3.0,-5.0,7.0,0.7899999999999999,5.0,4.0,0.0
1387712,2025-08-23 17:00:00+00:00,61,2025,84,Nice,108,Auxerre,3,1,FT,3-4-2-1,3-4-3,3-4-2-1 vs 3-4-3,8,1,7,1.0,1,57.0,2.0,,2.0,2.0,13.0,10.0,0.79,0.61,9.0,4.0,1.0,1,44.0,3.0,,3.0,3.0,7.0,14.0,1.44,1.37,4.0,4.0,-1.0,6.0,-0.6499999999999999,5.0,13.0,0.0
1387710,2025-08-23 19:05:00+00:00,61,2025,80,Lyon,112,Metz,3,0,FT,4-2-3-1,4-2-3-1,4-2-3-1 vs 4-2-3-1,4,2,2,1.0,1,45.0,3.0,,3.0,5.0,11.0,18.0,1.41,1.38,8.0,12.0,1.0,1,38.0,2.0,,0.0,4.0,2.0,9.0,0.3,0.62,3.0,3.0,3.0,9.0,1.1099999999999999,5.0,7.0,0.0
1387709,2025-08-24 13:00:00+00:00,61,2025,97,Lorient,94,Rennes,4,0,FT,3-4-3,3-5-2,3-4-3 vs 3-5-2,3,3,0,1.0,1,56.0,2.0,,3.0,3.0,14.0,7.0,1.37,1.44,4.0,4.0,1.0,1,28.0,2.0,1.0,5.0,2.0,12.0,24.0,1.47,1.71,1.0,12.0,-2.0,2.0,-0.09999999999999987,3.0,28.0,0.0
1387707,2025-08-24 15:15:00+00:00,61,2025,111,Le Havre,116,Lens,1,2,FT,4-1-4-1,3-4-2-1,4-1-4-1 vs 3-4-2-1,2,0,2,1.0,1,26.0,1.0,,4.0,3.0,9.0,13.0,0.6,1.76,4.0,5.0,1.0,1,55.0,2.0,,5.0,3.0,18.0,11.0,1.38,1.41,12.0,8.0,-1.0,-9.0,-0.7799999999999999,-8.0,-29.0,0.0
1387714,2025-08-24 15:15:00+00:00,61,2025,95,Strasbourg,83,Nantes,1,0,FT,3-4-2-1,4-1-4-1,3-4-2-1 vs 4-1-4-1,7,1,6,1.0,1,62.0,2.0,,4.0,0.0,9.0,2.0,0.62,0.3,3.0,3.0,1.0,1,29.0,1.0,,0.0,4.0,5.0,18.0,0.14,1.43,2.0,7.0,4.0,4.0,0.48,1.0,33.0,0.0
1387715,2025-08-24 15:15:00+00:00,61,2025,96,Toulouse,106,Stade Brestois 29,2,0,FT,3-4-3,4-3-3,3-4-3 vs 4-3-3,3,2,1,1.0,1,43.0,3.0,,2.0,2.0,10.0,13.0,0.61,0.79,4.0,9.0,1.0,1,46.0,2.0,,5.0,6.0,18.0,10.0,2.01,1.62,2.0,2.0,-3.0,-8.0,-1.4,2.0,-3.0,0.0
1387708,2025-08-24 18:45:00+00:00,61,2025,79,Lille,91,Monaco,1,0,FT,4-2-3-1,4-3-3,4-2-3-1 vs 4-3-3,8,6,2,1.0,1,54.0,1.0,,6.0,5.0,10.0,18.0,1.62,2.01,2.0,2.0,1.0,1,74.0,0.0,,3.0,4.0,13.0,9.0,1.76,0.6,5.0,4.0,3.0,-3.0,-0.1399999999999999,-3.0,-20.0,0.0
1387718,2025-08-29 18:45:00+00:00,61,2025,116,Lens,106,Stade Brestois 29,3,1,FT,3-4-2-1,4-3-3,3-4-2-1 vs 4-3-3,1,2,-1,1.0,1,49.0,1.5,,4.0,4.5,12.0,14.5,1.225,1.65,6.0,7.5,1.0,1,49.5,1.5,,3.5,4.5,17.0,8.0,1.4899999999999998,1.4500000000000002,5.5,2.5,0.5,-5.0,-0.2649999999999997,0.5,-0.5,0.0
1387719,2025-08-30 15:00:00+00:00,61,2025,97,Lorient,79,Lille,1,7,FT,3-4-2-1,4-2-3-1,3-4-2-1 vs 4-2-3-1,6,9,-3,1.0,1,53.5,4.0,0.0,5.0,2.0,18.0,5.5,2.205,0.76,3.5,3.0,1.0,1,52.0,1.0,,3.5,3.0,14.0,12.0,2.27,1.63,5.0,2.5,1.5,4.0,-0.06499999999999995,-1.5,1.5,0.0
1387722,2025-08-30 17:00:00+00:00,61,2025,83,Nantes,108,Auxerre,1,0,FT,4-3-3,4-4-1-1,4-3-3 vs 4-4-1-1,2,4,-2,1.0,1,40.0,1.5,,1.0,4.0,7.0,16.5,0.29000000000000004,1.605,4.0,7.0,0.5,2,44.5,2.5,1.0,5.5,4.5,9.5,15.0,1.475,1.655,4.0,4.5,-4.5,-2.5,-1.185,0.0,-4.5,0.5
1387724,2025-08-30 19:05:00+00:00,61,2025,96,Toulouse,85,Paris Saint Germain,3,6,FT,5-4-1,4-3-3,5-4-1 vs 4-3-3,4,4,0,1.0,1,45.0,1.5,,2.5,2.0,8.0,14.5,0.9450000000000001,0.88,3.5,9.0,1.0,1,77.5,1.0,,4.0,0.0,19.5,4.0,1.6400000000000001,0.19,9.5,1.0,-1.5,-11.5,-0.6950000000000001,-6.0,-32.5,0.0
1387716,2025-08-31 13:00:00+00:00,61,2025,77,Angers,94,Rennes,1,1,FT,4-2-3-1,3-5-2,4-2-3-1 vs 3-5-2,1,4,-3,0.5,2,24.0,2.0,1.0,1.0,5.5,5.5,19.0,0.605,1.385,1.5,9.5,0.5,2,38.5,1.0,1.5,3.0,4.5,8.0,23.0,0.775,2.375,1.5,7.5,-2.0,-2.5,-0.17000000000000004,0.0,-14.5,0.0
1387717,2025-08-31 15:15:00+00:00,61,2025,111,Le Havre,84,Nice,3,1,FT,4-1-4-1,3-4-2-1,4-1-4-1 vs 3-4-2-1,2,8,-6,1.0,1,41.5,2.0,,5.0,3.0,13.5,9.5,1.2449999999999999,1.415,5.5,2.5,1.0,1,56.0,2.0,0.0,4.0,5.0,14.5,11.0,1.365,1.06,7.0,4.0,1.0,-1.0,-0.1200000000000001,-1.5,-14.5,0.0
1387721,2025-08-31 15:15:00+00:00,61,2025,91,Monaco,95,Strasbourg,3,2,FT,4-2-3-1,3-4-2-1,4-2-3-1 vs 3-4-2-1,4,6,-2,0.5,2,62.0,1.0,,2.0,2.5,9.5,13.5,1.505,1.76,4.0,6.0,0.5,2,55.5,2.0,,4.0,1.0,12.0,5.5,1.2,0.37,5.0,4.5,-2.0,-2.5,0.30499999999999994,-1.0,6.5,0.0
1387723,2025-08-31 15:15:00+00:00,61,2025,114,Paris FC,112,Metz,3,2,FT,4-3-3,4-2-3-1,4-3-3 vs 4-2-3-1,1,5,-4,0.5,2,53.5,0.5,0.0,5.5,4.5,12.5,9.5,1.0050000000000001,1.9,4.5,4.0,0.5,2,42.5,2.0,,1.0,6.0,6.5,11.0,0.43000000000000005,1.695,3.0,3.5,4.5,6.0,0.5750000000000001,1.5,11.0,0.0
1387720,2025-08-31 18:45:00+00:00,61,2025,80,Lyon,81,Marseille,1,0,FT,4-2-3-1,4-2-3-1,4-2-3-1 vs 4-2-3-1,6,6,0,1.0,1,49.0,1.5,,5.5,3.5,12.0,14.5,2.09,0.97,6.0,7.5,0.5,2,66.5,2.0,0.0,4.5,4.5,17.5,10.0,2.27,1.28,8.5,1.5,1.0,-5.5,-0.18000000000000016,-2.5,-17.5,0.5
1387728,2025-09-12 18:45:00+00:00,61,2025,81,Marseille,97,Lorient,4,0,FT,4-2-3-1,3-4-2-1,4-2-3-1 vs 3-4-2-1,2,6,-4,0.6666666666666666,2,58.333333333333336,2.0,0.5,3.6666666666666665,5.0,13.333333333333334,12.666666666666666,1.7700000000000002,1.8666666666666665,7.0,4.0,0.6666666666666666,2,49.333333333333336,3.6666666666666665,0.0,4.0,5.0,14.0,10.333333333333334,1.97,1.67,3.3333333333333335,4.666666666666667,-0.3333333333333335,-0.6666666666666661,-0.19999999999999973,3.6666666666666665,9.0,0.0
1387730,2025-09-13 15:00:00+00:00,61,2025,84,Nice,83,Nantes,1,0,FT,3-4-2-1,4-1-4-1,3-4-2-1 vs 4-1-4-1,3,0,3,1.0,1,57.0,2.6666666666666665,0.0,3.6666666666666665,6.0,12.0,11.333333333333334,1.1199999999999999,1.5599999999999998,6.333333333333333,2.6666666666666665,0.6666666666666666,2,41.0,1.3333333333333333,,1.6666666666666667,4.0,6.0,15.666666666666666,0.35333333333333333,1.2966666666666666,3.6666666666666665,7.666666666666667,1.9999999999999998,6.0,0.7666666666666666,2.6666666666666665,16.0,0.33333333333333337
1387725,2025-09-13 19:05:00+00:00,61,2025,108,Auxerre,91,Monaco,1,2,FT,5-4-1,4-4-2,5-4-1 vs 4-4-2,0,4,-4,0.3333333333333333,3,48.666666666666664,2.6666666666666665,1.0,5.0,4.0,11.0,11.333333333333334,1.2100000000000002,1.2633333333333334,5.666666666666667,4.0,0.6666666666666666,2,55.666666666666664,1.3333333333333333,0.0,2.6666666666666665,3.0,10.333333333333334,13.0,1.6499999999999997,1.7133333333333336,4.666666666666667,5.666666666666667,2.3333333333333335,0.6666666666666661,-0.4399999999999995,1.0,-7.0,-0.3333333333333333
1387727,2025-09-14 13:00:00+00:00,61,2025,79,Lille,96,Toulouse,2,1,FT,4-2-3-1,3-4-3,4-2-3-1 vs 3-4-3,5,0,5,1.0,1,54.333333333333336,1.6666666666666667,,6.0,2.6666666666666665,16.0,10.0,2.676666666666667,1.5866666666666667,6.0,2.6666666666666665,0.6666666666666666,2,38.0,1.3333333333333333,,3.6666666666666665,4.0,10.0,14.0,1.37,1.46,4.0,8.333333333333334,2.3333333333333335,6.0,1.306666666666667,2.0,16.333333333333336,0.33333333333333337
1387726,2025-09-14 15:15:00+00:00,61,2025,106,Stade Brestois 29,114,Paris FC,1,2,FT,4-3-3,4-1-4-1,4-3-3 vs 4-1-4-1,2,0,2,1.0,1,43.666666666666664,2.0,1.0,3.0,6.333333333333333,14.333333333333334,15.333333333333334,1.3533333333333333,2.296666666666667,4.0,6.666666666666667,0.6666666666666666,2,52.666666666666664,0.6666666666666666,0.0,6.666666666666667,3.6666666666666665,16.333333333333332,11.0,1.7400000000000002,1.88,7.666666666666667,4.666666666666667,-3.666666666666667,-1.9999999999999982,-0.38666666666666694,-3.666666666666667,-9.0,0.33333333333333337
1387729,2025-09-14 15:15:00+00:00,61,2025,112,Metz,77,Angers,1,1,FT,4-2-3-1,4-2-3-1,4-2-3-1 vs 4-2-3-1,4,0,4,0.6666666666666666,2,44.666666666666664,1.6666666666666667,1.0,1.3333333333333333,7.0,9.0,15.333333333333334,0.9,2.1999999999999997,4.0,7.0,0.3333333333333333,3,28.333333333333332,2.0,1.0,3.0,6.0,7.0,17.666666666666668,0.8133333333333334,1.4100000000000001,1.3333333333333333,8.666666666666666,-1.6666666666666667,2.0,0.08666666666666667,2.666666666666667,16.333333333333332,0.3333333333333333
1387731,2025-09-14 15:15:00+00:00,61,2025,85,Paris Saint Germain,116,Lens,2,0,FT,4-3-3,3-4-2-1,4-3-3 vs 3-4-2-1,3,0,3,1.0,1,77.0,0.5,,5.333333333333333,2.0,17.333333333333332,7.333333333333333,1.9666666666666668,0.8666666666666667,8.666666666666666,2.3333333333333335,1.0,1,55.333333333333336,1.3333333333333333,0.0,6.0,3.6666666666666665,18.0,12.666666666666666,2.146666666666667,1.46,9.0,5.333333333333333,-0.666666666666667,-0.6666666666666679,-0.18000000000000016,-0.3333333333333339,21.666666666666664,0.0
1387733,2025-09-14 15:15:00+00:00,61,2025,95,Strasbourg,111,Le Havre,1,0,FT,3-1-4-2,4-1-4-1,3-1-4-2 vs 4-1-4-1,6,0,6,0.6666666666666666,2,56.0,1.6666666666666667,1.0,4.0,2.0,12.0,7.666666666666667,1.3399999999999999,0.8933333333333332,5.0,5.0,1.0,1,41.333333333333336,1.6666666666666667,,6.0,3.0,13.0,8.666666666666666,1.6833333333333333,1.1533333333333333,3.6666666666666665,3.3333333333333335,-2.0,-1.0,-0.3433333333333335,1.3333333333333335,14.666666666666664,-0.33333333333333337
1387732,2025-09-14 18:45:00+00:00,61,2025,94,Rennes,80,Lyon,3,1,FT,3-5-2,4-2-3-1,3-5-2 vs 4-2-3-1,0,4,-4,0.6666666666666666,2,46.666666666666664,1.3333333333333333,1.5,4.333333333333333,5.333333333333333,10.333333333333334,18.666666666666668,1.0033333333333332,1.9933333333333334,3.3333333333333335,5.333333333333333,1.0,1,52.0,1.6666666666666667,0.0,5.666666666666667,3.0,14.0,11.333333333333334,2.4066666666666667,0.9033333333333333,7.0,6.333333333333333,-1.333333333333334,-3.666666666666666,-1.4033333333333335,-3.6666666666666665,-5.333333333333336,-0.33333333333333337
1387738,2025-09-19 18:45:00+00:00,61,2025,80,Lyon,77,Angers,1,0,FT,4-2-3-1,4-3-3,4-2-3-1 vs 4-3-3,5,1,4,1.0,1,52.0,1.75,0.5,5.5,3.5,12.5,14.25,2.2325,1.225,6.25,6.0,0.5,3,32.5,1.6666666666666667,1.0,3.25,5.75,7.75,15.5,1.1775,1.485,1.75,7.5,2.25,4.75,1.055,4.5,19.5,0.5
1387741,2025-09-20 15:00:00+00:00,61,2025,83,Nantes,94,Rennes,2,2,FT,4-1-4-1,3-5-2,4-1-4-1 vs 3-5-2,3,2,1,0.75,2,41.0,1.0,,2.0,5.0,8.0,16.5,0.4525,1.4100000000000001,3.75,7.5,0.75,2,47.0,1.5,1.0,4.5,5.25,13.5,16.0,1.2999999999999998,1.9225,3.75,5.0,-2.5,-5.5,-0.8474999999999998,0.0,-6.0,0.0
1387735,2025-09-20 17:00:00+00:00,61,2025,106,Stade Brestois 29,84,Nice,4,1,FT,4-2-3-1,3-4-2-1,4-2-3-1 vs 3-4-2-1,3,6,-3,1.0,1,44.25,1.5,0.5,4.25,5.75,16.5,13.25,1.6574999999999998,2.1100000000000003,4.5,5.25,1.0,1,57.5,2.5,0.0,4.75,5.25,13.75,12.0,1.2774999999999999,1.3575,6.5,3.0,-0.5,2.75,0.3799999999999999,-2.0,-13.25,0.0
1387737,2025-09-20 19:05:00+00:00,61,2025,116,Lens,79,Lille,3,0,FT,3-4-2-1,4-2-3-1,3-4-2-1 vs 4-2-3-1,2,4,-2,1.0,1,49.5,1.5,0.0,5.25,4.25,16.25,13.0,1.9000000000000001,1.3625,7.5,5.0,1.0,1,58.25,1.75,0.0,5.75,3.0,17.0,9.75,2.5600000000000005,1.3925,6.25,3.5,-0.5,-0.75,-0.6600000000000004,1.25,-8.75,0.0
1387742,2025-09-21 13:00:00+00:00,61,2025,114,Paris FC,95,Strasbourg,2,3,FT,4-1-4-1,4-4-2,4-1-4-1 vs 4-4-2,3,7,-4,0.5,3,53.0,1.25,0.3333333333333333,6.0,4.75,14.0,14.0,1.6925000000000001,2.0524999999999998,6.0,5.0,0.5,3,54.25,1.75,1.0,4.75,1.75,11.25,8.25,1.345,0.8324999999999999,4.75,4.5,1.25,2.75,0.34750000000000014,1.25,-1.25,0.0
1387734,2025-09-21 15:15:00+00:00,61,2025,108,Auxerre,96,Toulouse,1,0,FT,5-4-1,3-4-3,5-4-1 vs 3-4-3,4,4,0,0.5,3,44.75,2.75,1.0,4.25,3.75,10.5,11.75,1.0750000000000002,1.3025,5.5,5.0,0.75,2,36.0,2.0,1.0,3.75,4.25,9.75,15.5,1.23,1.6475,4.5,8.0,0.5,0.75,-0.1549999999999998,1.0,8.75,-0.25
1387736,2025-09-21 15:15:00+00:00,61,2025,111,Le Havre,97,Lorient,1,1,FT,4-2-3-1,3-4-2-1,4-2-3-1 vs 3-4-2-1,1,6,-5,1.0,1,43.75,1.75,0.0,4.75,4.0,12.25,8.75,1.425,1.205,3.5,3.5,0.5,2,44.0,3.25,0.5,3.25,5.75,11.5,11.5,1.5125,1.8175,2.5,6.0,1.5,0.75,-0.08749999999999991,1.0,-0.25,0.5
1387740,2025-09-21 15:15:00+00:00,61,2025,91,Monaco,112,Metz,5,2,FT,4-4-2,3-4-2-1,4-4-2 vs 3-4-2-1,5,4,1,0.5,3,58.5,2.5,0.0,2.75,2.75,11.0,12.0,1.5924999999999998,1.4525000000000001,5.5,5.5,0.75,2,47.25,1.25,1.0,2.25,6.25,9.0,14.0,1.1025,2.2175,4.0,6.0,0.5,2.0,0.48999999999999977,1.5,11.25,-0.25
1387739,2025-09-22 18:00:00+00:00,61,2025,81,Marseille,85,Paris Saint Germain,1,0,FT,3-4-2-1,3-5-2,3-4-2-1 vs 3-5-2,2,4,-2,0.75,2,61.75,2.25,0.3333333333333333,4.75,4.0,13.75,10.5,1.8925,1.4349999999999998,7.75,3.0,1.0,1,74.75,0.6666666666666666,,5.5,2.25,16.5,8.25,1.7425000000000002,0.94,7.5,2.5,-0.75,-2.75,0.1499999999999999,0.25,-13.0,-0.25
1387750,2025-09-26 18:45:00+00:00,61,2025,95,Strasbourg,81,Marseille,1,2,FT,4-2-3-1,4-2-3-1,4-2-3-1 vs 4-2-3-1,5,3,2,0.4,4,51.2,2.4,1.0,4.6,2.6,10.6,10.2,1.552,0.986,4.2,4.4,0.6,3,55.8,2.4,0.3333333333333333,4.0,4.2,12.8,10.8,1.7420000000000002,1.2819999999999998,7.2,3.0,0.5999999999999996,-2.200000000000001,-0.19000000000000017,-3.0,-4.599999999999994,-0.19999999999999996
1387745,2025-09-27 15:00:00+00:00,61,2025,97,Lorient,91,Monaco,3,1,FT,3-4-2-1,3-5-2,3-4-2-1 vs 3-5-2,6,7,-1,0.6,2,43.2,3.8,0.5,3.4,5.0,10.8,11.8,1.452,1.948,2.4,6.0,0.4,3,55.4,2.2,0.0,3.4,2.8,12.0,11.2,1.9739999999999998,1.594,5.2,5.4,0.0,-1.1999999999999993,-0.5219999999999998,-2.8000000000000003,-12.199999999999996,0.19999999999999996
1387751,2025-09-27 17:00:00+00:00,61,2025,96,Toulouse,83,Nantes,2,2,FT,3-4-2-1,4-3-3,3-4-2-1 vs 4-3-3,4,1,3,0.8,2,40.8,2.8,0.5,3.6,3.6,10.4,13.6,1.45,1.468,4.4,7.0,0.8,2,41.4,1.2,,2.4,4.8,9.6,14.8,0.784,1.4020000000000001,3.8,6.8,1.2000000000000002,0.8000000000000007,0.6659999999999999,0.6000000000000005,-0.6000000000000014,0.0
1387748,2025-09-27 19:05:00+00:00,61,2025,85,Paris Saint Germain,108,Auxerre,2,0,FT,4-3-3,5-4-1,4-3-3 vs 5-4-1,5,4,1,0.8,2,73.4,0.75,,5.4,2.0,15.6,8.4,1.528,0.9799999999999999,6.6,3.0,0.6,3,43.8,2.4,1.0,3.6,3.6,9.6,12.0,1.0100000000000002,1.508,5.0,4.8,1.8000000000000003,6.0,0.5179999999999998,1.5999999999999996,29.60000000000001,0.20000000000000007
1387747,2025-09-28 13:00:00+00:00,61,2025,84,Nice,114,Paris FC,1,1,FT,3-4-1-2,4-3-3,3-4-1-2 vs 4-3-3,4,4,0,1.0,1,58.4,2.6,0.0,4.6,5.2,15.2,11.8,1.488,1.4919999999999998,6.6,2.8,0.4,3,54.6,1.2,0.3333333333333333,6.0,4.6,14.8,12.8,1.6740000000000002,2.118,5.6,4.4,-1.4000000000000004,0.3999999999999986,-0.18600000000000017,1.0,3.799999999999997,0.6
1387743,2025-09-28 15:15:00+00:00,61,2025,77,Angers,106,Stade Brestois 29,0,2,FT,4-4-2,4-2-3-1,4-4-2 vs 4-2-3-1,1,3,-2,0.4,4,32.6,1.75,1.0,3.0,5.6,8.2,15.6,1.178,1.55,2.2,7.4,0.8,2,43.0,1.4,0.5,4.4,5.4,15.4,14.8,1.7319999999999998,2.1540000000000004,4.0,5.6,-1.4000000000000004,-7.200000000000001,-0.5539999999999998,-1.7999999999999998,-10.399999999999999,-0.4
1387744,2025-09-28 15:15:00+00:00,61,2025,79,Lille,80,Lyon,0,1,FT,4-2-3-1,4-3-3,4-2-3-1 vs 4-3-3,4,4,0,1.0,1,59.0,2.0,0.0,5.2,3.6,17.0,10.8,2.4280000000000004,1.8219999999999998,7.0,3.6,1.0,1,55.0,1.8,0.5,5.4,3.2,13.2,13.4,2.148,1.216,6.4,5.6,-0.20000000000000018,3.8000000000000007,0.28000000000000025,0.5999999999999996,4.0,0.0
1387746,2025-09-28 15:15:00+00:00,61,2025,112,Metz,111,Le Havre,0,0,FT,3-4-2-1,4-3-3,3-4-2-1 vs 4-3-3,4,1,3,0.6,3,49.2,1.0,1.0,2.4,6.2,8.8,14.4,1.314,2.4739999999999998,4.2,5.6,0.8,2,47.0,2.0,0.0,4.2,4.0,12.4,8.6,1.634,1.206,4.0,3.2,-1.8000000000000003,-3.5999999999999996,-0.31999999999999984,0.20000000000000018,2.200000000000003,-0.20000000000000007
1387749,2025-09-28 18:45:00+00:00,61,2025,94,Rennes,116,Lens,0,0,FT,3-5-2,3-4-2-1,3-5-2 vs 3-4-2-1,2,3,-1,0.8,2,49.0,1.6,1.0,4.4,5.0,12.4,16.0,1.3139999999999998,1.9600000000000002,3.8,4.8,1.0,1,47.2,1.4,0.0,5.4,4.0,16.0,13.8,2.228,1.47,6.8,6.0,-1.0,-3.5999999999999996,-0.9140000000000004,-3.0,1.7999999999999972,-0.19999999999999996
1387759,2025-10-03 18:45:00+00:00,61,2025,114,Paris FC,97,Lorient,2,0,FT,4-3-3,3-4-2-1,4-3-3 vs 3-4-2-1,5,5,0,0.6,2,52.2,1.2,0.5,5.2,5.2,14.0,13.4,1.8579999999999999,2.1160000000000005,5.2,4.8,0.8,2,41.4,3.8,0.3333333333333333,4.4,4.8,11.8,11.4,1.5739999999999998,1.844,2.0,6.0,0.7999999999999998,2.1999999999999993,0.28400000000000003,3.2,10.800000000000004,-0.20000000000000007
1387757,2025-10-04 15:00:00+00:00,61,2025,112,Metz,81,Marseille,0,3,FT,3-4-2-1,4-2-3-1,3-4-2-1 vs 4-2-3-1,4,3,1,0.6,2,52.2,1.0,1.0,2.4,5.8,9.8,14.6,1.348,2.404,4.4,6.2,0.8,2,53.4,2.6,0.5,5.4,3.4,11.2,10.2,1.8039999999999998,1.26,5.6,3.8,-3.0000000000000004,-1.3999999999999986,-0.45599999999999974,-1.1999999999999993,-1.1999999999999957,-0.20000000000000007
1387753,2025-10-04 17:00:00+00:00,61,2025,106,Stade Brestois 29,83,Nantes,0,0,FT,4-2-3-1,4-1-4-1,4-2-3-1 vs 4-1-4-1,5,2,3,0.6,2,42.4,1.2,0.5,4.0,4.6,13.2,15.0,1.642,1.9260000000000002,4.4,7.4,0.6,2,46.4,1.6,,2.8,5.4,11.0,15.2,1.048,1.536,4.2,5.6,1.2000000000000002,2.1999999999999993,0.5939999999999999,0.20000000000000018,-4.0,0.0
1387752,2025-10-04 19:05:00+00:00,61,2025,108,Auxerre,116,Lens,1,2,FT,5-4-1,3-4-2-1,5-4-1 vs 3-4-2-1,5,4,1,0.6,3,41.8,2.2,1.0,3.6,4.6,10.6,12.2,0.8640000000000001,1.5879999999999999,5.2,5.0,1.0,1,42.8,1.6,0.5,4.8,3.8,15.0,14.4,2.16,1.4259999999999997,5.2,6.0,-1.1999999999999997,-4.4,-1.296,0.0,-1.0,-0.4
1387756,2025-10-05 13:00:00+00:00,61,2025,80,Lyon,96,Toulouse,1,2,FT,4-2-3-1,3-4-3,4-2-3-1 vs 3-4-3,4,3,1,0.8,2,55.2,2.0,0.5,5.2,2.8,12.0,12.6,1.97,1.234,5.6,3.8,0.6,3,41.4,2.6,0.5,4.6,3.6,12.4,13.4,1.748,1.6019999999999999,3.8,6.0,0.6000000000000005,-0.40000000000000036,0.22199999999999998,1.7999999999999998,13.800000000000004,0.20000000000000007
1387754,2025-10-05 15:15:00+00:00,61,2025,111,Le Havre,94,Rennes,2,2,FT,4-3-3,3-5-2,4-3-3 vs 3-5-2,4,3,1,0.6,3,51.2,2.2,0.0,3.8,3.4,12.6,7.4,1.568,0.9480000000000001,4.4,3.0,1.0,1,56.8,1.8,0.6666666666666666,3.8,5.0,12.8,13.8,1.2579999999999998,1.8259999999999998,5.2,3.2,0.0,-0.20000000000000107,0.3100000000000003,-0.7999999999999998,-5.599999999999994,-0.4
1387758,2025-10-05 15:15:00+00:00,61,2025,91,Monaco,84,Nice,2,2,FT,4-2-3-1,3-4-3,4-2-3-1 vs 3-4-3,10,5,5,0.4,4,51.2,2.8,0.3333333333333333,3.2,3.6,10.4,13.2,1.8059999999999998,1.8699999999999999,5.0,5.0,0.8,2,55.8,2.4,0.0,5.2,5.4,14.8,12.4,1.522,1.738,5.8,3.0,-2.0,-4.4,0.2839999999999998,-0.7999999999999998,-4.599999999999994,-0.4
1387760,2025-10-05 15:15:00+00:00,61,2025,95,Strasbourg,77,Angers,5,0,FT,3-4-2-1,4-3-3,3-4-2-1 vs 4-3-3,4,1,3,0.4,4,46.8,2.4,1.0,4.0,4.4,10.6,13.0,1.7,1.33,4.6,4.6,0.4,4,37.6,1.5,,3.0,4.8,8.8,13.6,1.08,1.6780000000000002,3.8,6.8,1.0,1.799999999999999,0.6199999999999999,0.7999999999999998,9.199999999999996,0.0
1387755,2025-10-05 18:45:00+00:00,61,2025,79,Lille,85,Paris Saint Germain,1,1,FT,4-3-3,4-3-3,4-3-3 vs 4-3-3,2,7,-5,1.0,1,59.0,2.6,0.0,4.6,3.0,17.8,8.2,2.3980000000000006,1.5239999999999998,7.2,4.0,0.8,2,72.4,0.75,,6.2,2.6,15.0,9.8,1.596,1.0939999999999999,6.2,3.6,-1.6000000000000005,2.8000000000000007,0.8020000000000005,1.0,-13.400000000000006,0.19999999999999996
1387767,2025-10-17 18:45:00+00:00,61,2025,85,Paris Saint Germain,95,Strasbourg,3,3,FT,4-3-3,3-4-2-1,4-3-3 vs 3-4-2-1,4,4,0,0.8,2,68.0,0.8,,6.4,3.2,14.2,11.0,1.5260000000000002,1.176,4.8,4.2,0.4,4,50.2,2.4,1.0,5.6,4.2,11.2,12.2,2.29,1.3059999999999998,3.6,4.4,0.8000000000000007,3.0,-0.7639999999999998,1.1999999999999997,17.799999999999997,0.4
1387766,2025-10-18 15:00:00+00:00,61,2025,84,Nice,80,Lyon,3,2,FT,3-4-3,4-2-3-1,3-4-3 vs 4-2-3-1,5,3,2,0.6,3,51.6,2.6,1.0,4.4,5.0,13.4,14.0,1.364,2.032,6.2,3.4,0.8,2,58.4,2.2,0.5,4.2,3.0,12.0,13.2,1.65,1.3579999999999999,6.4,4.2,0.20000000000000018,1.4000000000000004,-0.2859999999999998,-0.20000000000000018,-6.799999999999997,-0.20000000000000007
1387761,2025-10-18 17:00:00+00:00,61,2025,77,Angers,91,Monaco,1,1,FT,4-2-3-1,3-4-2-1,4-2-3-1 vs 3-4-2-1,4,7,-3,0.4,3,41.2,1.6,,3.2,6.4,9.2,13.0,1.096,2.2540000000000004,4.8,4.8,0.4,3,54.4,2.6,0.25,4.2,3.8,13.2,11.4,2.152,1.516,5.6,4.8,-1.0,-4.0,-1.056,-0.7999999999999998,-13.199999999999996,0.0
1387764,2025-10-18 19:05:00+00:00,61,2025,81,Marseille,111,Le Havre,6,2,FT,4-2-3-1,4-4-2,4-2-3-1 vs 4-4-2,4,2,2,0.8,2,53.6,3.0,0.5,5.8,2.8,13.2,9.4,1.7799999999999998,1.074,5.4,4.2,0.4,3,48.4,1.8,0.0,3.0,3.4,11.0,8.0,1.5319999999999998,0.9560000000000001,3.6,3.8,2.8,2.1999999999999993,0.248,1.8000000000000003,5.200000000000003,0.4
1387762,2025-10-19 13:00:00+00:00,61,2025,116,Lens,114,Paris FC,2,1,FT,3-4-2-1,4-3-3,3-4-2-1 vs 4-3-3,5,4,1,1.0,1,42.8,2.8,0.6666666666666666,5.0,3.0,15.2,14.4,2.028,1.3900000000000001,5.6,5.0,0.6,2,56.2,1.2,0.5,4.8,4.4,14.4,12.8,1.8439999999999999,1.7440000000000002,5.0,4.8,0.20000000000000018,0.7999999999999989,0.18400000000000016,0.5999999999999996,-13.400000000000006,0.4
1387763,2025-10-19 15:15:00+00:00,61,2025,97,Lorient,106,Stade Brestois 29,3,3,FT,3-4-2-1,4-2-3-1,3-4-2-1 vs 4-2-3-1,5,3,2,1.0,1,39.4,3.2,0.5,3.6,5.0,9.0,12.6,1.16,2.032,2.4,5.8,0.6,2,42.0,1.4,0.5,4.6,4.0,13.4,15.0,1.75,1.7,5.0,7.4,-0.9999999999999996,-4.4,-0.5900000000000001,-2.6,-2.6000000000000014,0.4
1387768,2025-10-19 15:15:00+00:00,61,2025,94,Rennes,108,Auxerre,2,2,FT,3-5-2,5-4-1,3-5-2 vs 5-4-1,2,3,-1,1.0,1,58.4,2.2,0.0,4.2,4.0,13.8,11.4,1.464,1.56,5.6,3.2,0.8,2,44.2,2.4,0.6666666666666666,2.4,4.2,11.8,10.4,0.9039999999999999,1.282,4.8,4.4,1.8000000000000003,2.0,0.56,0.7999999999999998,14.199999999999996,0.19999999999999996
1387769,2025-10-19 15:15:00+00:00,61,2025,96,Toulouse,112,Metz,4,0,FT,3-4-3,3-4-2-1,3-4-3 vs 3-4-2-1,3,3,0,0.6,3,38.2,3.2,0.5,4.6,3.8,14.0,12.8,1.7280000000000002,1.6420000000000001,4.2,5.8,0.6,2,50.4,0.75,1.0,2.2,6.0,8.4,16.2,1.268,2.3920000000000003,4.6,6.2,2.3999999999999995,5.6,0.4600000000000002,-0.39999999999999947,-12.199999999999996,0.0
1387765,2025-10-19 18:45:00+00:00,61,2025,83,Nantes,79,Lille,0,2,FT,4-3-3,4-2-3-1,4-3-3 vs 4-2-3-1,3,4,-1,0.6,2,46.0,1.4,,2.4,5.6,10.4,15.6,0.99,1.482,3.6,6.6,0.8,2,56.6,2.6,0.0,5.0,3.8,16.0,10.4,1.9440000000000002,1.5739999999999998,6.2,4.4,-2.6,-5.6,-0.9540000000000002,-2.6,-10.600000000000001,-0.20000000000000007
1387777,2025-10-24 18:45:00+00:00,61,2025,114,Paris FC,83,Nantes,1,2,FT,4-2-3-1,4-3-3,4-2-3-1 vs 4-3-3,4,3,1,0.6,2,57.4,1.4,1.0,3.6,4.6,11.4,12.2,1.3059999999999998,1.7019999999999995,2.8,5.8,0.6,2,44.8,1.4,,2.4,5.8,11.2,17.4,0.9840000000000002,1.866,4.0,6.6,1.2000000000000002,0.20000000000000107,0.3219999999999996,-1.2000000000000002,12.600000000000001,0.0
1387772,2025-10-25 15:00:00+00:00,61,2025,106,Stade Brestois 29,85,Paris Saint Germain,0,3,FT,4-2-3-1,4-3-3,4-2-3-1 vs 4-3-3,2,2,0,0.8,2,45.6,1.2,0.0,5.0,3.4,13.2,11.4,1.8519999999999999,1.142,5.2,5.4,0.8,2,67.0,1.2,,6.6,3.4,15.8,10.6,1.536,1.162,4.2,3.4,-1.5999999999999996,-2.6000000000000014,0.31599999999999984,1.0,-21.4,0.0
1387776,2025-10-25 17:00:00+00:00,61,2025,91,Monaco,96,Toulouse,1,0,FT,3-4-2-1,3-4-2-1,3-4-2-1 vs 3-4-2-1,7,4,3,0.4,4,57.4,2.6,0.3333333333333333,4.2,3.6,13.0,12.2,2.1399999999999997,1.546,5.0,5.8,0.8,2,40.6,3.4,0.3333333333333333,4.8,2.6,14.4,10.6,1.7920000000000003,1.134,4.2,4.6,-0.5999999999999996,-1.4000000000000004,0.3479999999999994,0.7999999999999998,16.799999999999997,-0.4
1387773,2025-10-25 19:05:00+00:00,61,2025,116,Lens,81,Marseille,2,1,FT,3-4-2-1,3-4-2-1,3-4-2-1 vs 3-4-2-1,3,4,-1,1.0,1,37.8,3.0,1.0,3.6,3.2,11.4,14.4,1.556,1.278,4.8,5.4,0.8,2,60.0,3.0,0.0,7.6,2.2,15.8,7.4,2.464,0.562,5.0,2.6,-3.9999999999999996,-4.4,-0.9079999999999999,-0.20000000000000018,-22.200000000000003,0.19999999999999996
1387774,2025-10-26 14:00:00+00:00,61,2025,79,Lille,112,Metz,6,1,FT,4-2-3-1,4-3-3,4-2-3-1 vs 4-3-3,5,6,-1,0.8,2,57.4,2.8,0.0,3.8,4.0,16.6,10.8,1.766,1.3639999999999999,6.4,4.8,0.8,2,53.4,0.75,1.0,2.2,5.6,6.0,14.6,0.916,2.258,3.6,4.4,1.5999999999999996,10.600000000000001,0.85,2.8000000000000003,4.0,0.0
1387770,2025-10-26 16:15:00+00:00,61,2025,77,Angers,97,Lorient,2,0,FT,4-2-3-1,3-4-2-1,4-2-3-1 vs 3-4-2-1,3,6,-3,0.4,3,42.2,1.6,,2.4,5.8,10.4,12.2,1.204,2.338,6.6,4.0,1.0,1,41.2,3.2,0.5,4.6,3.6,10.2,10.2,1.1,1.652,2.8,4.6,-2.1999999999999997,0.20000000000000107,0.10399999999999987,3.8,1.0,-0.6
1387771,2025-10-26 16:15:00+00:00,61,2025,108,Auxerre,111,Le Havre,0,1,FT,3-4-2-1,4-1-3-2,3-4-2-1 vs 4-1-3-2,2,1,1,1.0,1,42.4,2.4,0.6666666666666666,2.4,5.0,10.4,13.4,1.0699999999999998,1.5919999999999999,3.4,5.0,0.4,4,45.4,2.0,0.5,2.0,5.0,10.2,10.2,1.116,1.668,3.8,3.2,0.3999999999999999,0.20000000000000107,-0.04600000000000026,-0.3999999999999999,-3.0,0.6
1387778,2025-10-26 16:15:00+00:00,61,2025,94,Rennes,84,Nice,1,2,FT,4-4-2,3-4-1-2,4-4-2 vs 3-4-1-2,0,5,-5,1.0,1,56.2,2.0,0.0,4.2,3.4,14.6,10.8,1.578,1.616,5.4,3.4,0.4,3,46.0,2.0,1.0,4.6,4.8,13.0,17.4,1.3579999999999999,2.198,5.4,6.6,-0.39999999999999947,1.5999999999999996,0.2200000000000002,0.0,10.200000000000003,0.6
1387775,2025-10-26 19:45:00+00:00,61,2025,80,Lyon,95,Strasbourg,2,1,FT,4-3-3,3-5-2,4-3-3 vs 3-5-2,3,6,-3,0.8,2,60.6,2.2,1.0,4.4,3.4,14.2,13.2,1.72,1.3239999999999998,7.8,3.6,0.4,4,44.6,2.4,1.0,6.2,5.2,11.2,14.0,2.3960000000000004,1.452,2.8,4.0,-1.7999999999999998,3.0,-0.6760000000000004,5.0,16.0,0.4
1387779,2025-10-29 18:00:00+00:00,61,2025,111,Le Havre,106,Stade Brestois 29,1,0,FT,3-1-4-2,4-3-3,3-1-4-2 vs 4-3-3,1,2,-1,0.4,4,45.0,2.2,1.0,2.6,4.2,10.0,11.2,1.174,1.5180000000000002,4.2,5.0,1.0,1,41.4,1.4,,3.8,4.2,10.2,13.6,1.6619999999999997,1.246,4.4,6.6,-1.1999999999999997,-0.1999999999999993,-0.48799999999999977,-0.20000000000000018,3.6000000000000014,-0.6
1387780,2025-10-29 18:00:00+00:00,61,2025,97,Lorient,85,Paris Saint Germain,1,1,FT,5-4-1,4-3-3,5-4-1 vs 4-3-3,6,3,3,1.0,1,48.2,2.8,0.0,5.2,2.8,14.0,8.6,1.4700000000000002,1.386,4.0,2.8,0.8,2,68.4,1.2,,7.0,3.2,16.6,10.0,1.736,1.254,4.8,3.2,-1.7999999999999998,-2.6000000000000014,-0.2659999999999998,-0.7999999999999998,-20.200000000000003,0.19999999999999996
1387782,2025-10-29 18:00:00+00:00,61,2025,112,Metz,116,Lens,2,0,FT,4-1-4-1,3-4-2-1,4-1-4-1 vs 3-4-2-1,7,3,4,0.8,2,50.0,1.25,1.0,2.0,7.2,6.2,17.2,0.8320000000000001,2.388,4.4,5.2,1.0,1,37.6,3.2,1.0,4.0,2.6,10.8,15.0,1.684,1.1960000000000002,5.0,6.2,-2.0,-4.6000000000000005,-0.8519999999999999,-0.5999999999999996,12.399999999999999,-0.19999999999999996
1387784,2025-10-29 18:00:00+00:00,61,2025,84,Nice,79,Lille,2,0,FT,3-4-1-2,4-2-3-1,3-4-1-2 vs 4-2-3-1,7,4,3,0.4,3,42.6,2.0,1.0,3.6,5.6,10.8,18.4,1.154,2.396,4.6,7.2,0.8,2,55.8,3.0,,5.2,4.0,17.2,11.0,1.9080000000000001,1.4600000000000002,6.4,5.2,-1.6,-6.399999999999999,-0.7540000000000002,-1.8000000000000007,-13.199999999999996,-0.4
1387781,2025-10-29 20:05:00+00:00,61,2025,81,Marseille,77,Angers,2,2,FT,4-2-3-1,4-2-3-1,4-2-3-1 vs 4-2-3-1,6,3,3,0.6,2,59.4,3.0,0.0,6.6,3.0,16.2,8.2,2.144,0.8940000000000001,4.6,3.4,0.4,3,40.6,1.6,,2.4,5.6,9.8,15.0,0.9359999999999999,2.394,6.2,4.4,4.199999999999999,6.399999999999999,1.2080000000000002,-1.6000000000000005,18.799999999999997,0.19999999999999996
1387783,2025-10-29 20:05:00+00:00,61,2025,83,Nantes,91,Monaco,3,5,FT,4-3-3,3-1-4-2,4-3-3 vs 3-1-4-2,4,7,-3,0.6,2,43.0,1.8,,2.4,4.8,10.6,16.4,1.014,1.754,3.6,6.8,0.4,4,54.8,2.0,0.5,4.6,3.6,13.2,12.4,2.4720000000000004,1.548,3.8,5.8,-2.1999999999999997,-2.5999999999999996,-1.4580000000000004,-0.19999999999999973,-11.799999999999997,0.19999999999999996
1387785,2025-10-29 20:05:00+00:00,61,2025,114,Paris FC,80,Lyon,3,3,FT,4-3-3,4-2-3-1,4-3-3 vs 4-2-3-1,4,3,1,0.6,3,60.2,1.4,,3.4,3.6,12.8,9.8,1.234,1.3679999999999999,4.2,5.0,0.6,2,59.8,1.8,0.0,4.0,2.8,14.2,10.0,1.7120000000000002,0.984,7.8,3.0,-0.6000000000000001,-1.3999999999999986,-0.4780000000000002,-3.5999999999999996,0.4000000000000057,0.0
1387786,2025-10-29 20:05:00+00:00,61,2025,95,Strasbourg,108,Auxerre,3,0,FT,3-4-2-1,3-4-2-1,3-4-2-1 vs 3-4-2-1,5,4,1,0.4,4,45.2,2.8,1.0,5.2,5.6,10.8,13.6,2.2220000000000004,1.656,2.4,4.2,0.8,2,46.0,2.2,0.5,2.6,5.2,11.4,12.6,1.058,1.4959999999999998,5.0,4.4,2.6,-0.5999999999999996,1.1640000000000004,-2.6,-0.7999999999999972,-0.4
1387787,2025-10-29 20:05:00+00:00,61,2025,96,Toulouse,94,Rennes,2,2,FT,3-4-2-1,3-5-2,3-4-2-1 vs 3-5-2,3,3,0,0.6,2,43.8,3.4,0.0,4.4,2.6,14.6,9.4,1.7659999999999996,1.308,4.0,3.6,0.8,2,58.2,2.6,0.0,4.6,3.0,13.8,10.8,1.488,1.42,5.8,3.2,-0.1999999999999993,0.7999999999999989,0.2779999999999996,-1.7999999999999998,-14.400000000000006,-0.20000000000000007
1387794,2025-11-01 16:00:00+00:00,61,2025,85,Paris Saint Germain,84,Nice,1,0,FT,4-3-3,5-4-1,4-3-3 vs 5-4-1,1,7,-6,1.0,1,70.4,1.4,,7.6,3.4,17.2,9.2,1.9,1.072,5.8,2.2,0.6,2,36.6,2.0,1.0,3.6,5.4,8.2,20.4,1.042,2.188,3.6,9.4,3.9999999999999996,9.0,0.8579999999999999,2.1999999999999997,33.800000000000004,0.4
1387792,2025-11-01 18:00:00+00:00,61,2025,91,Monaco,114,Paris FC,0,1,FT,3-4-2-1,4-3-3,3-4-2-1 vs 4-3-3,7,4,3,0.4,4,56.6,3.2,0.5,5.2,4.0,13.8,14.4,2.6339999999999995,1.44,3.6,5.0,0.8,2,58.4,2.4,1.0,2.8,3.6,11.4,9.6,1.038,1.142,4.2,5.0,2.4000000000000004,2.4000000000000004,1.5959999999999994,-0.6000000000000001,-1.7999999999999972,-0.4
1387788,2025-11-01 20:05:00+00:00,61,2025,108,Auxerre,81,Marseille,0,1,FT,5-4-1,3-5-2,5-4-1 vs 3-5-2,3,7,-4,0.6,2,45.2,2.2,0.0,2.6,6.4,11.4,13.6,0.994,1.842,5.0,4.4,0.8,2,64.8,2.75,0.0,7.6,3.2,16.6,8.2,2.1820000000000004,0.968,3.8,3.8,-5.0,-5.200000000000001,-1.1880000000000004,1.2000000000000002,-19.599999999999994,-0.20000000000000007
1387795,2025-11-02 14:00:00+00:00,61,2025,94,Rennes,95,Strasbourg,4,1,FT,3-5-2,3-4-2-1,3-5-2 vs 3-4-2-1,1,4,-3,0.8,2,55.8,2.8,0.0,4.8,3.0,14.4,10.6,1.53,1.308,6.6,3.4,0.6,3,50.2,2.0,1.0,6.2,4.6,12.8,11.2,2.558,1.422,2.8,4.0,-1.4000000000000004,1.5999999999999996,-1.0279999999999998,3.8,5.599999999999994,0.20000000000000007
1387790,2025-11-02 16:15:00+00:00,61,2025,116,Lens,97,Lorient,3,0,FT,3-4-2-1,3-4-2-1,3-4-2-1 vs 3-4-2-1,1,6,-5,1.0,1,40.8,3.4,0.6666666666666666,3.2,3.4,9.8,14.8,1.24,1.5,5.2,4.6,0.8,2,44.6,1.6,0.0,4.8,4.0,13.4,9.0,1.2740000000000002,1.19,3.6,3.2,-1.5999999999999996,-3.5999999999999996,-0.03400000000000025,1.6,-3.8000000000000043,0.19999999999999996
1387791,2025-11-02 16:15:00+00:00,61,2025,79,Lille,77,Angers,1,0,FT,4-2-3-1,4-2-3-1,4-2-3-1 vs 4-2-3-1,5,4,1,0.8,2,57.0,3.0,,5.4,3.6,18.0,9.6,1.7260000000000002,1.106,7.0,4.8,0.6,3,42.2,1.4,,3.2,5.8,10.2,14.0,0.9080000000000001,2.2980000000000005,6.4,3.2,2.2,7.800000000000001,0.8180000000000001,0.5999999999999996,14.799999999999997,0.20000000000000007
1387793,2025-11-02 16:15:00+00:00,61,2025,83,Nantes,112,Metz,0,2,FT,4-1-4-1,4-2-3-1,4-1-4-1 vs 4-2-3-1,4,8,-4,0.8,2,44.0,2.0,,2.6,5.8,11.0,18.6,0.916,2.342,3.0,6.6,0.6,3,47.8,2.0,1.0,2.8,6.4,7.8,16.0,1.084,1.952,3.8,5.4,-0.19999999999999973,3.2,-0.16800000000000004,-0.7999999999999998,-3.799999999999997,0.20000000000000007
1387796,2025-11-02 16:15:00+00:00,61,2025,96,Toulouse,111,Le Havre,0,0,FT,3-4-2-1,4-1-3-2,3-4-2-1 vs 4-1-3-2,3,1,2,0.6,2,42.8,2.6,0.0,4.6,3.4,15.0,10.4,1.61,1.474,4.2,4.6,0.4,4,42.2,1.8,1.0,2.8,3.8,10.0,11.2,0.882,1.3860000000000001,4.0,4.8,1.7999999999999998,5.0,0.7280000000000001,0.20000000000000018,0.5999999999999943,0.19999999999999996
1387789,2025-11-02 19:45:00+00:00,61,2025,106,Stade Brestois 29,80,Lyon,0,0,FT,4-2-3-1,4-2-3-1,4-2-3-1 vs 4-2-3-1,1,4,-3,0.8,2,44.6,1.8,,3.2,4.0,9.6,12.0,1.366,0.982,4.2,6.2,0.6,2,56.0,1.8,0.5,3.8,3.0,12.4,10.2,1.6,0.8720000000000001,6.8,3.0,-0.5999999999999996,-2.8000000000000007,-0.23399999999999999,-2.5999999999999996,-11.399999999999999,0.20000000000000007
1387804,2025-11-07 19:45:00+00:00,61,2025,114,Paris FC,94,Rennes,0,1,FT,5-4-1,3-5-2,5-4-1 vs 3-5-2,3,2,1,0.8,2,56.2,2.6,1.0,2.4,2.8,10.6,9.4,0.8400000000000001,1.072,3.6,4.6,0.8,2,50.6,2.4,,5.6,3.0,14.2,12.0,1.762,1.42,6.2,3.6,-3.1999999999999997,-3.5999999999999996,-0.9219999999999999,-2.6,5.600000000000001,0.0
1387801,2025-11-08 16:00:00+00:00,61,2025,81,Marseille,106,Stade Brestois 29,3,0,FT,4-2-3-1,4-2-3-1,4-2-3-1 vs 4-2-3-1,6,1,5,0.6,3,63.0,2.75,0.5,6.2,3.8,14.6,8.2,1.8820000000000001,0.93,3.6,3.4,0.8,2,46.0,1.8,0.0,3.2,4.0,10.8,10.6,1.352,0.9259999999999999,5.8,4.4,3.0,3.799999999999999,0.53,-2.1999999999999997,17.0,-0.20000000000000007
1387798,2025-11-08 18:00:00+00:00,61,2025,111,Le Havre,83,Nantes,1,1,FT,4-1-3-2,4-3-3,4-1-3-2 vs 4-3-3,1,4,-3,0.4,4,43.6,1.8,1.0,3.0,4.2,9.8,13.4,1.0879999999999999,1.5160000000000002,3.2,6.0,0.6,2,43.6,1.6,,3.0,5.8,11.8,17.4,0.786,2.19,3.8,7.4,0.0,-2.0,0.3019999999999998,-0.5999999999999996,0.0,-0.19999999999999996
1387803,2025-11-08 20:05:00+00:00,61,2025,91,Monaco,116,Lens,1,4,FT,3-1-4-2,3-4-2-1,3-1-4-2 vs 3-4-2-1,6,0,6,0.6,3,57.0,3.2,0.0,5.0,2.6,14.8,12.4,2.572,1.214,3.4,5.0,1.0,1,45.8,3.2,0.5,4.0,3.6,9.0,14.4,1.45,1.6260000000000001,5.8,4.2,1.0,5.800000000000001,1.122,-2.4,11.200000000000003,-0.4
1387799,2025-11-09 14:00:00+00:00,61,2025,97,Lorient,96,Toulouse,1,1,FT,3-4-2-1,3-4-2-1,3-4-2-1 vs 3-4-2-1,5,3,2,0.8,2,43.6,1.6,,3.8,4.8,12.0,9.8,1.2420000000000002,1.424,4.4,3.8,0.6,2,42.8,2.4,0.0,3.6,3.6,14.6,9.8,1.414,1.442,6.0,4.2,0.19999999999999973,-2.5999999999999996,-0.1719999999999997,-1.5999999999999996,0.8000000000000043,0.20000000000000007
1387797,2025-11-09 16:15:00+00:00,61,2025,77,Angers,108,Auxerre,2,0,FT,4-2-3-1,4-3-3,4-2-3-1 vs 4-3-3,1,5,-4,0.8,2,40.0,1.2,,3.0,6.0,9.2,15.6,0.8860000000000001,2.3939999999999997,4.6,4.2,0.6,2,48.2,2.4,0.5,2.8,5.2,10.8,11.8,1.0859999999999999,1.5919999999999999,4.6,4.0,0.20000000000000018,-1.6000000000000014,-0.19999999999999973,0.0,-8.200000000000003,0.20000000000000007
1387802,2025-11-09 16:15:00+00:00,61,2025,112,Metz,84,Nice,2,1,FT,4-2-3-1,3-4-1-2,4-2-3-1 vs 3-4-1-2,5,4,1,0.4,4,46.8,2.25,1.0,4.2,6.8,9.2,17.2,1.258,2.06,4.0,5.8,0.4,3,32.4,2.0,1.0,3.0,6.4,7.0,23.4,0.9460000000000001,2.278,2.8,10.6,1.2000000000000002,2.1999999999999993,0.31199999999999994,1.2000000000000002,14.399999999999999,0.0
1387805,2025-11-09 16:15:00+00:00,61,2025,95,Strasbourg,79,Lille,2,0,FT,3-4-1-2,4-2-3-1,3-4-1-2 vs 4-2-3-1,5,5,0,0.8,2,54.0,1.8,1.0,6.4,4.0,15.0,10.6,2.606,1.488,2.8,4.4,0.8,2,57.0,2.4,,5.6,3.4,18.2,9.8,1.8399999999999999,1.076,8.2,4.4,0.8000000000000007,-3.1999999999999993,0.766,-5.3999999999999995,-3.0,0.0
1387800,2025-11-09 19:45:00+00:00,61,2025,80,Lyon,85,Paris Saint Germain,2,3,FT,4-2-3-1,4-3-3,4-2-3-1 vs 4-3-3,7,4,3,0.8,2,56.8,1.0,0.6666666666666666,3.8,3.0,12.2,10.0,1.536,0.876,6.4,4.8,1.0,1,72.6,1.8,,7.6,3.2,19.8,7.8,2.004,1.0260000000000002,7.0,1.4,-3.8,-7.600000000000001,-0.46799999999999997,-0.5999999999999996,-15.799999999999997,-0.19999999999999996
1387811,2025-11-21 19:45:00+00:00,61,2025,84,Nice,81,Marseille,1,5,FT,3-4-3,4-2-3-1,3-4-3 vs 4-2-3-1,5,5,0,0.6,3,35.8,2.2,,3.4,5.6,7.4,21.2,0.906,1.998,2.0,10.6,0.6,3,63.4,2.2,0.5,5.8,4.0,14.2,8.2,2.032,1.046,4.0,3.0,-2.4,-6.799999999999999,-1.126,-2.0,-27.6,0.0
1387808,2025-11-22 16:00:00+00:00,61,2025,116,Lens,95,Strasbourg,1,0,FT,3-4-2-1,3-4-2-1,3-4-2-1 vs 3-4-2-1,2,3,-1,1.0,1,47.2,2.2,0.0,5.6,4.4,11.6,14.0,2.0,1.85,6.2,4.8,0.6,3,49.2,2.2,0.5,4.4,4.6,12.4,10.8,1.8739999999999999,1.48,2.6,4.2,1.1999999999999993,-0.8000000000000007,0.1260000000000001,3.6,-2.0,0.4
1387813,2025-11-22 18:00:00+00:00,61,2025,94,Rennes,91,Monaco,4,1,FT,3-5-2,3-4-2-1,3-5-2 vs 3-4-2-1,2,3,-1,0.8,2,48.8,2.4,,5.6,3.4,14.4,14.0,1.69,1.4740000000000002,7.2,4.6,0.6,2,53.8,3.2,1.0,5.0,4.6,14.0,14.6,2.542,1.616,3.2,4.4,0.5999999999999996,0.40000000000000036,-0.8519999999999999,4.0,-5.0,0.20000000000000007
1387812,2025-11-22 20:05:00+00:00,61,2025,85,Paris Saint Germain,111,Le Havre,3,0,FT,4-3-3,4-1-3-2,4-3-3 vs 4-1-3-2,4,1,3,1.0,1,74.6,2.0,0.0,7.4,3.0,18.2,7.8,1.988,1.034,7.0,1.8,0.6,3,48.0,2.2,1.0,3.4,4.0,11.2,12.6,0.9339999999999999,1.336,4.2,5.8,4.0,7.0,1.054,2.8,26.599999999999994,0.4
1387806,2025-11-23 14:00:00+00:00,61,2025,108,Auxerre,80,Lyon,0,0,FT,4-3-3,4-2-3-1,4-3-3 vs 4-2-3-1,6,8,-2,0.4,3,47.0,2.2,1.0,3.4,5.4,9.6,12.2,0.884,1.642,4.8,4.2,0.8,2,48.6,2.0,0.75,3.6,3.2,11.4,9.0,1.4400000000000002,0.924,5.8,4.8,-0.20000000000000018,-1.8000000000000007,-0.5560000000000002,-1.0,-1.6000000000000014,-0.4
1387807,2025-11-23 16:15:00+00:00,61,2025,106,Stade Brestois 29,112,Metz,3,2,FT,4-2-3-1,4-2-3-1,4-2-3-1 vs 4-2-3-1,2,5,-3,0.8,2,43.0,1.6,0.0,2.6,5.4,8.2,13.2,1.198,1.5879999999999999,3.8,5.0,0.4,4,49.0,2.2,1.0,4.4,5.8,10.2,15.2,1.542,1.7079999999999997,4.4,5.6,-1.8000000000000003,-2.0,-0.3440000000000001,-0.6000000000000005,-6.0,0.4
1387810,2025-11-23 16:15:00+00:00,61,2025,83,Nantes,97,Lorient,1,1,FT,4-3-3,3-4-2-1,4-3-3 vs 3-4-2-1,3,7,-4,0.8,2,40.8,2.0,,3.4,5.6,11.6,17.4,0.798,2.0759999999999996,3.8,6.6,0.8,2,45.4,1.0,,3.6,4.8,12.4,9.0,1.32,1.484,4.6,4.4,-0.20000000000000018,-0.8000000000000007,-0.522,-0.7999999999999998,-4.600000000000001,0.0
1387814,2025-11-23 16:15:00+00:00,61,2025,96,Toulouse,77,Angers,0,1,FT,3-4-2-1,4-2-3-1,3-4-2-1 vs 4-2-3-1,4,1,3,0.8,2,46.6,2.6,0.0,3.4,3.4,13.0,9.2,1.4420000000000002,1.48,5.8,3.8,1.0,1,43.0,1.2,,3.8,4.6,10.0,14.4,0.9540000000000001,1.588,4.2,4.4,-0.3999999999999999,3.0,0.4880000000000001,1.5999999999999996,3.6000000000000014,-0.19999999999999996
1387809,2025-11-23 19:45:00+00:00,61,2025,79,Lille,114,Paris FC,4,2,FT,4-4-2,4-3-3,4-4-2 vs 4-3-3,5,5,0,1.0,1,61.0,2.8,1.0,5.8,2.8,17.6,7.4,1.766,0.99,8.4,3.6,0.6,3,54.8,3.4,1.0,2.8,2.8,12.6,9.8,1.032,1.028,5.0,5.4,3.0,5.000000000000002,0.734,3.4000000000000004,6.200000000000003,0.4
1387820,2025-11-28 19:45:00+00:00,61,2025,112,Metz,94,Rennes,0,1,FT,3-4-2-1,3-5-2,3-4-2-1 vs 3-5-2,4,2,2,0.6,3,45.0,2.6,1.0,4.6,5.8,11.2,16.0,1.736,1.8220000000000003,4.6,5.8,0.8,2,48.4,2.2,0.0,6.0,3.2,14.0,15.2,2.022,1.4380000000000002,6.8,5.4,-1.4000000000000004,-2.8000000000000007,-0.2859999999999998,-2.2,-3.3999999999999986,-0.20000000000000007
1387821,2025-11-29 16:00:00+00:00,61,2025,91,Monaco,85,Paris Saint Germain,1,0,FT,4-2-3-1,4-3-3,4-2-3-1 vs 4-3-3,3,4,-1,0.6,2,52.2,3.0,1.0,4.8,5.8,14.4,14.8,2.432,2.0,3.8,3.2,1.0,1,73.4,2.0,0.0,7.8,2.4,20.2,7.8,2.146,0.842,7.4,2.4,-3.0,-5.799999999999999,0.28600000000000003,-3.6000000000000005,-21.200000000000003,-0.4
1387822,2025-11-29 18:00:00+00:00,61,2025,114,Paris FC,108,Auxerre,1,1,FT,4-4-1-1,4-3-3,4-4-1-1 vs 4-3-3,5,5,0,0.6,3,53.0,3.4,1.0,2.8,4.2,12.0,11.0,1.232,1.508,5.2,5.0,0.4,3,43.4,1.8,1.0,3.6,5.4,10.6,11.6,0.9960000000000001,1.55,5.8,5.2,-0.8000000000000003,1.4000000000000004,0.23599999999999988,-0.5999999999999996,9.600000000000001,0.19999999999999996
1387819,2025-11-29 20:05:00+00:00,61,2025,81,Marseille,96,Toulouse,2,2,FT,4-2-3-1,3-4-2-1,4-2-3-1 vs 3-4-2-1,5,5,0,0.6,3,58.0,2.2,1.0,5.8,4.8,13.2,9.6,1.766,1.188,4.8,4.4,1.0,1,50.2,2.4,,3.2,3.4,14.8,10.0,1.33,1.55,7.0,3.8,2.5999999999999996,-1.6000000000000014,0.43599999999999994,-2.2,7.799999999999997,-0.4
1387823,2025-11-30 14:00:00+00:00,61,2025,95,Strasbourg,106,Stade Brestois 29,1,2,FT,3-4-2-1,4-2-3-1,3-4-2-1 vs 4-2-3-1,5,3,2,0.6,3,52.4,2.6,0.6666666666666666,3.2,3.8,11.4,9.2,1.536,1.33,2.6,4.0,0.8,2,44.2,1.6,0.0,3.2,4.6,10.6,12.2,1.502,1.558,4.6,4.4,0.0,0.8000000000000007,0.03400000000000003,-1.9999999999999996,8.199999999999996,-0.20000000000000007
1387815,2025-11-30 16:15:00+00:00,61,2025,77,Angers,116,Lens,1,2,FT,4-2-3-1,3-4-2-1,4-2-3-1 vs 3-4-2-1,3,2,1,1.0,1,43.8,1.4,,3.6,5.0,8.0,17.2,0.6860000000000002,1.608,2.4,6.0,1.0,1,49.6,2.2,0.3333333333333333,6.0,4.0,12.0,13.6,2.0580000000000003,1.8380000000000003,4.6,4.4,-2.4,-4.0,-1.372,-2.1999999999999997,-5.800000000000004,0.0
1387816,2025-11-30 16:15:00+00:00,61,2025,111,Le Havre,79,Lille,0,1,FT,4-1-4-1,4-2-3-1,4-1-4-1 vs 4-2-3-1,3,5,-2,0.8,2,49.8,2.0,,3.6,4.0,12.0,15.2,1.0759999999999998,1.19,4.8,6.6,0.8,2,58.8,2.2,1.0,6.8,2.8,16.4,7.0,2.0520000000000005,1.204,8.4,3.4,-3.1999999999999997,-4.399999999999999,-0.9760000000000006,-3.6000000000000005,-9.0,0.0
1387817,2025-11-30 16:15:00+00:00,61,2025,97,Lorient,84,Nice,3,1,FT,3-4-2-1,3-5-2,3-4-2-1 vs 3-5-2,5,3,2,0.8,2,44.2,0.6,,2.4,4.2,11.4,9.2,1.1440000000000001,1.334,3.8,4.2,0.6,3,40.2,2.4,,4.0,6.4,9.4,18.0,1.0239999999999998,1.892,3.4,8.6,-1.6,2.0,0.12000000000000033,0.3999999999999999,4.0,0.20000000000000007
1387818,2025-11-30 19:45:00+00:00,61,2025,80,Lyon,83,Nantes,3,0,FT,3-4-2-1,4-3-3,3-4-2-1 vs 4-3-3,5,2,3,0.8,2,48.8,2.2,0.75,3.6,3.4,8.8,10.4,1.076,1.218,4.8,6.0,0.8,2,44.6,2.0,,3.0,4.8,11.8,14.2,0.876,1.6199999999999999,3.0,5.0,0.6000000000000001,-3.0,0.20000000000000007,1.7999999999999998,4.199999999999996,0.0
1387825,2025-12-05 18:00:00+00:00,61,2025,106,Stade Brestois 29,91,Monaco,1,0,FT,4-2-3-1,4-2-3-1,4-2-3-1 vs 4-2-3-1,3,7,-4,0.8,2,47.8,2.0,0.0,3.6,4.2,10.4,11.4,1.3880000000000001,1.3039999999999998,4.2,4.0,0.4,3,50.0,3.0,1.0,4.8,6.2,13.6,16.2,1.92,2.13,4.2,3.0,-1.1999999999999997,-3.1999999999999993,-0.5319999999999998,0.0,-2.200000000000003,0.4
1387827,2025-12-05 20:00:00+00:00,61,2025,79,Lille,81,Marseille,1,0,FT,4-2-3-1,3-4-2-1,4-2-3-1 vs 3-4-2-1,5,4,1,0.8,2,57.8,2.2,1.0,4.8,3.4,13.4,7.8,1.7920000000000003,1.182,7.4,3.0,0.8,2,59.6,2.0,1.0,6.2,4.6,13.8,9.2,1.9940000000000002,0.9680000000000002,5.0,3.8,-1.4000000000000004,-0.40000000000000036,-0.20199999999999996,2.4000000000000004,-1.8000000000000043,0.0
1387829,2025-12-06 16:00:00+00:00,61,2025,83,Nantes,116,Lens,1,2,FT,4-3-3,3-4-2-1,4-3-3 vs 3-4-2-1,3,5,-2,0.8,2,43.8,2.0,1.0,2.8,5.8,10.8,15.4,0.868,1.8519999999999999,2.6,4.8,1.0,1,54.4,1.8,0.3333333333333333,6.2,4.4,13.8,11.6,2.1079999999999997,1.9380000000000002,5.4,3.2,-3.4000000000000004,-3.0,-1.2399999999999998,-2.8000000000000003,-10.600000000000001,-0.19999999999999996
1387832,2025-12-06 18:00:00+00:00,61,2025,96,Toulouse,95,Strasbourg,1,0,FT,3-4-2-1,3-4-2-1,3-4-2-1 vs 3-4-2-1,4,6,-2,1.0,1,45.6,1.8,,3.6,3.4,14.0,11.2,1.334,1.294,6.2,5.2,0.8,2,53.4,1.8,0.5,4.0,4.0,12.8,9.0,1.598,1.206,3.2,3.2,-0.3999999999999999,1.1999999999999993,-0.264,3.0,-7.799999999999997,0.19999999999999996
1387831,2025-12-06 20:05:00+00:00,61,2025,85,Paris Saint Germain,94,Rennes,5,0,FT,4-3-3,3-5-2,4-3-3 vs 3-5-2,6,2,4,1.0,1,69.8,2.0,0.0,7.0,3.0,20.0,8.2,1.998,0.622,6.8,2.8,1.0,1,46.4,1.5,0.0,5.0,3.6,12.0,16.8,1.8299999999999996,1.496,6.0,6.0,2.0,8.0,0.16800000000000037,0.7999999999999998,23.4,0.0
1387830,2025-12-07 14:00:00+00:00,61,2025,84,Nice,77,Angers,0,1,FT,3-5-2,4-2-3-1,3-5-2 vs 4-2-3-1,7,1,6,0.4,4,43.2,2.4,,3.8,6.4,9.6,17.8,1.0420000000000003,2.0200000000000005,4.2,7.8,1.0,1,45.4,1.4,,3.8,5.4,8.0,16.0,0.732,1.6200000000000003,2.6,6.4,0.0,1.5999999999999996,0.3100000000000003,1.6,-2.1999999999999957,-0.6
1387824,2025-12-07 16:15:00+00:00,61,2025,108,Auxerre,112,Metz,3,1,FT,4-3-3,4-2-3-1,4-3-3 vs 4-2-3-1,5,3,2,0.6,3,42.2,1.6,1.0,3.6,5.0,10.0,12.0,1.0959999999999999,1.7220000000000002,3.8,5.0,0.6,3,47.8,2.75,1.0,4.8,3.8,12.4,13.2,1.682,1.394,4.2,5.0,-1.1999999999999997,-2.4000000000000004,-0.5860000000000001,-0.40000000000000036,-5.599999999999994,0.0
1387826,2025-12-07 16:15:00+00:00,61,2025,111,Le Havre,114,Paris FC,0,0,FT,4-3-3,4-5-1,4-3-3 vs 4-5-1,3,4,-1,0.6,3,48.6,1.6,0.0,4.2,3.8,13.0,14.0,1.1239999999999999,1.392,5.0,4.4,0.6,3,50.4,3.2,1.0,2.6,4.2,11.4,11.0,1.354,1.5500000000000003,4.4,5.2,1.6,1.5999999999999996,-0.2300000000000002,0.5999999999999996,-1.7999999999999972,0.0
1387828,2025-12-07 19:45:00+00:00,61,2025,97,Lorient,80,Lyon,1,0,FT,3-4-2-1,3-4-2-1,3-4-2-1 vs 3-4-2-1,5,5,0,0.8,2,40.2,0.8,,3.0,3.8,10.4,9.6,1.222,1.312,3.2,5.4,0.8,2,53.6,2.4,0.75,4.6,3.4,11.2,10.2,1.2120000000000002,1.292,5.4,5.6,-1.5999999999999996,-0.7999999999999989,0.009999999999999787,-2.2,-13.399999999999999,0.0
1387833,2025-12-12 19:45:00+00:00,61,2025,77,Angers,83,Nantes,4,1,FT,4-2-3-1,4-4-2,4-2-3-1 vs 4-4-2,1,2,-1,1.0,1,47.2,1.4,0.0,3.4,4.8,7.2,16.4,0.6900000000000001,1.616,1.8,7.0,0.8,2,41.0,1.8,1.0,2.6,5.2,9.2,15.6,0.7819999999999999,1.45,2.6,6.6,0.7999999999999998,-1.9999999999999991,-0.09199999999999986,-0.8,6.200000000000003,0.19999999999999996
1387840,2025-12-13 16:00:00+00:00,61,2025,94,Rennes,106,Stade Brestois 29,3,1,FT,3-5-2,4-2-3-1,3-5-2 vs 4-2-3-1,2,2,0,1.0,1,44.2,1.5,0.5,4.4,4.6,11.0,17.8,1.562,1.6320000000000001,5.6,6.6,1.0,1,45.0,1.8,0.5,4.0,4.0,11.2,10.8,1.584,1.222,4.4,3.6,0.40000000000000036,-0.1999999999999993,-0.02200000000000002,1.1999999999999993,-0.7999999999999972,0.0
1387838,2025-12-13 18:00:00+00:00,61,2025,112,Metz,85,Paris Saint Germain,2,3,FT,4-2-3-1,4-3-3,4-2-3-1 vs 4-3-3,3,3,0,0.8,2,50.8,2.25,,4.0,4.8,10.2,14.0,1.108,1.518,4.4,5.0,1.0,1,67.4,1.6,0.0,7.2,3.0,21.0,8.4,2.146,0.624,6.8,4.0,-3.2,-10.8,-1.0379999999999998,-2.3999999999999995,-16.60000000000001,-0.19999999999999996
1387839,2025-12-13 20:05:00+00:00,61,2025,114,Paris FC,96,Toulouse,0,3,FT,4-5-1,3-4-2-1,4-5-1 vs 3-4-2-1,4,3,1,0.4,4,51.2,2.4,,2.4,3.8,11.8,12.2,1.4759999999999998,1.6680000000000004,4.0,6.2,1.0,1,40.2,2.0,,3.4,2.4,12.2,9.6,1.124,0.9880000000000001,5.4,4.0,-1.0,-0.3999999999999986,0.35199999999999965,-1.4000000000000004,11.0,-0.6
1387836,2025-12-14 14:00:00+00:00,61,2025,80,Lyon,111,Le Havre,1,0,FT,4-3-3,4-3-3,4-3-3 vs 4-3-3,5,4,1,0.6,2,56.0,2.8,0.75,4.6,4.0,11.2,10.8,1.048,1.682,6.4,5.0,0.6,3,48.2,1.4,0.0,4.0,3.8,13.0,15.0,1.29,1.528,5.4,4.6,0.5999999999999996,-1.8000000000000007,-0.242,1.0,7.799999999999997,0.0
1387834,2025-12-14 16:15:00+00:00,61,2025,108,Auxerre,79,Lille,3,4,FT,4-3-3,4-2-3-1,4-3-3 vs 4-2-3-1,3,7,-4,0.8,2,42.8,1.8,1.0,4.8,3.8,11.6,9.4,1.3980000000000001,1.02,4.2,4.8,0.8,2,52.6,1.8,1.0,4.4,3.0,10.2,7.4,1.6640000000000001,0.9339999999999999,5.2,3.6,0.39999999999999947,1.4000000000000004,-0.266,-1.0,-9.800000000000004,0.0
1387835,2025-12-14 16:15:00+00:00,61,2025,116,Lens,84,Nice,2,0,FT,3-4-2-1,4-3-3,3-4-2-1 vs 4-3-3,2,7,-5,1.0,1,56.8,1.4,0.5,7.0,3.8,15.8,10.4,2.304,1.4920000000000002,6.8,3.0,0.4,4,46.8,2.0,1.0,3.6,6.4,10.6,15.2,0.95,1.988,4.6,5.4,3.4,5.200000000000001,1.3539999999999999,2.2,10.0,0.6
1387841,2025-12-14 16:15:00+00:00,61,2025,95,Strasbourg,97,Lorient,0,0,FT,3-4-2-1,3-4-2-1,3-4-2-1 vs 3-4-2-1,4,4,0,0.8,2,55.0,2.2,0.5,2.2,4.4,9.8,9.0,0.7959999999999999,1.22,2.8,2.8,1.0,1,43.8,1.2,0.0,3.8,3.0,12.2,8.0,1.69,1.1,3.4,5.2,-1.5999999999999996,-2.3999999999999986,-0.894,-0.6000000000000001,11.200000000000003,-0.19999999999999996
1387837,2025-12-14 19:45:00+00:00,61,2025,81,Marseille,91,Monaco,1,0,FT,4-2-3-1,4-2-3-1,4-2-3-1 vs 4-2-3-1,3,3,0,0.6,3,59.4,1.8,1.0,5.4,3.8,12.8,7.8,1.834,0.8299999999999998,5.8,3.2,0.4,3,51.6,2.4,0.75,3.4,6.0,11.8,15.0,1.1779999999999997,2.1119999999999997,4.2,3.2,2.0000000000000004,1.0,0.6560000000000004,1.5999999999999996,7.799999999999997,0.19999999999999996
1387850,2026-01-02 19:45:00+00:00,61,2025,96,Toulouse,116,Lens,0,3,FT,3-4-2-1,3-4-2-1,3-4-2-1 vs 3-4-2-1,4,5,-1,1.0,1,38.0,2.0,,3.8,2.2,10.0,9.6,1.408,0.82,4.2,5.0,1.0,1,54.4,1.0,0.5,6.8,4.0,17.0,9.6,2.216,1.28,5.8,2.8,-3.0,-7.0,-0.8080000000000003,-1.5999999999999996,-16.4,0.0
1387847,2026-01-03 16:00:00+00:00,61,2025,91,Monaco,80,Lyon,1,3,FT,4-3-1-2,4-3-1-2,4-3-1-2 vs 4-3-1-2,8,4,4,0.6,3,49.0,2.0,0.75,4.6,7.4,13.4,16.8,1.4979999999999998,2.3,5.0,3.4,0.4,3,57.4,3.2,0.6666666666666666,5.0,4.2,14.0,10.2,1.52,1.6460000000000001,7.0,3.4,-0.40000000000000036,-0.5999999999999996,-0.02200000000000024,-2.0,-8.399999999999999,0.19999999999999996
1387848,2026-01-03 18:00:00+00:00,61,2025,84,Nice,95,Strasbourg,1,1,FT,4-1-4-1,4-2-3-1,4-1-4-1 vs 4-2-3-1,11,4,7,0.4,4,53.0,2.2,1.0,4.0,5.8,11.2,12.6,1.0059999999999998,1.8599999999999999,5.4,3.6,0.8,2,55.8,2.2,0.5,2.2,3.6,8.2,8.2,0.614,0.8560000000000001,4.0,2.2,1.7999999999999998,3.0,0.3919999999999998,1.4000000000000004,-2.799999999999997,-0.4
1387844,2026-01-03 20:05:00+00:00,61,2025,79,Lille,94,Rennes,0,2,FT,4-2-3-1,3-5-2,4-2-3-1 vs 3-5-2,8,3,5,0.8,2,52.8,2.0,1.3333333333333333,4.6,4.4,8.8,9.8,1.36,1.454,4.0,5.2,1.0,1,48.2,1.75,0.5,4.2,5.6,10.2,16.6,1.5379999999999998,1.4760000000000002,5.4,7.0,0.39999999999999947,-1.3999999999999986,-0.17799999999999971,-1.4000000000000004,4.599999999999994,-0.19999999999999996
1387846,2026-01-04 14:00:00+00:00,61,2025,81,Marseille,83,Nantes,0,2,FT,3-4-2-1,5-4-1,3-4-2-1 vs 5-4-1,2,6,-4,0.8,2,60.8,1.4,,6.6,4.4,15.2,9.6,2.088,1.0379999999999998,5.8,4.0,0.8,2,39.8,2.0,1.0,2.6,5.6,7.4,16.8,0.6900000000000001,1.6600000000000001,1.6,6.8,3.9999999999999996,7.799999999999999,1.3980000000000001,4.199999999999999,21.0,0.0
1387842,2026-01-04 16:15:00+00:00,61,2025,106,Stade Brestois 29,108,Auxerre,2,0,FT,4-4-2,4-3-3,4-4-2 vs 4-3-3,4,7,-3,1.0,1,42.8,2.2,1.0,4.8,4.6,11.4,11.8,1.45,1.6279999999999997,3.4,4.2,1.0,1,42.0,2.2,2.0,5.6,4.4,13.4,9.8,1.7580000000000002,1.02,5.6,4.8,-0.7999999999999998,-2.0,-0.3080000000000003,-2.1999999999999997,0.7999999999999972,0.0
1387843,2026-01-04 16:15:00+00:00,61,2025,111,Le Havre,77,Angers,2,1,FT,4-3-1-2,4-2-3-1,4-3-1-2 vs 4-2-3-1,10,5,5,0.4,3,46.0,1.8,0.0,4.2,4.2,13.2,15.0,1.2919999999999998,1.816,5.8,3.6,1.0,1,48.8,1.6,0.0,5.0,4.8,10.0,14.8,1.094,1.2779999999999998,2.6,5.8,-0.7999999999999998,3.1999999999999993,0.19799999999999973,3.1999999999999997,-2.799999999999997,-0.6
1387845,2026-01-04 16:15:00+00:00,61,2025,97,Lorient,112,Metz,1,1,FT,3-4-3,4-2-3-1,3-4-3 vs 4-2-3-1,8,6,2,1.0,1,42.8,0.8,0.0,3.6,2.2,11.6,8.6,1.4320000000000002,0.82,2.8,6.0,0.8,2,49.4,2.0,,3.6,5.8,9.2,13.6,0.9640000000000001,1.7259999999999998,4.2,4.2,0.0,2.4000000000000004,0.4680000000000001,-1.4000000000000004,-6.600000000000001,0.19999999999999996
1387849,2026-01-04 19:45:00+00:00,61,2025,85,Paris Saint Germain,114,Paris FC,2,1,FT,4-3-3,5-4-1,4-3-3 vs 5-4-1,6,9,-3,1.0,1,63.8,1.2,0.0,7.4,3.6,18.2,9.2,2.058,0.6519999999999999,5.4,4.6,0.4,4,55.2,2.6,,2.6,4.4,11.8,11.6,1.398,2.054,5.0,6.4,4.800000000000001,6.399999999999999,0.6599999999999999,0.40000000000000036,8.599999999999994,0.6
1387854,2026-01-16 18:00:00+00:00,61,2025,91,Monaco,97,Lorient,1,3,FT,4-2-2-2,3-4-2-1,4-2-2-2 vs 3-4-2-1,12,8,4,0.6,3,48.0,2.2,0.75,3.8,6.8,11.4,15.4,1.0699999999999998,1.948,5.4,3.0,0.8,2,41.4,1.0,0.0,4.2,2.2,12.8,9.0,1.448,0.638,2.4,6.0,-0.40000000000000036,-1.4000000000000004,-0.3780000000000001,3.0000000000000004,6.600000000000001,-0.20000000000000007
1387856,2026-01-16 20:00:00+00:00,61,2025,85,Paris Saint Germain,79,Lille,3,0,FT,4-3-3,4-3-3,4-3-3 vs 4-3-3,6,4,2,1.0,1,63.4,1.0,0.0,7.8,3.8,20.4,8.6,2.1159999999999997,0.716,5.8,3.8,0.8,2,49.0,1.6,1.3333333333333333,4.4,4.8,10.2,12.4,1.4739999999999998,1.5540000000000003,4.0,6.4,3.3999999999999995,10.2,0.6419999999999999,1.7999999999999998,14.399999999999999,0.19999999999999996
1387852,2026-01-17 16:00:00+00:00,61,2025,116,Lens,108,Auxerre,1,0,FT,3-4-2-1,5-3-2,3-4-2-1 vs 5-3-2,6,4,2,1.0,1,58.0,1.2,0.5,5.8,3.2,16.2,8.0,1.908,0.8459999999999999,6.6,2.2,1.0,1,41.8,2.2,2.0,4.8,4.2,13.0,10.2,1.766,1.2639999999999998,6.2,5.6,1.0,3.1999999999999993,0.1419999999999999,0.39999999999999947,16.200000000000003,0.0
1387859,2026-01-17 18:00:00+00:00,61,2025,96,Toulouse,84,Nice,5,1,FT,3-4-3,4-3-3,3-4-3 vs 4-3-3,4,7,-3,1.0,1,34.4,1.6,1.0,3.8,3.2,10.4,10.8,1.276,0.8719999999999999,3.8,5.4,0.4,4,51.8,1.6,1.0,4.4,6.4,12.8,12.4,1.366,1.814,5.8,3.8,-0.6000000000000005,-2.4000000000000004,-0.09000000000000008,-2.0,-17.4,0.6
1387851,2026-01-17 20:05:00+00:00,61,2025,77,Angers,81,Marseille,2,5,FT,4-2-3-1,3-4-2-1,4-2-3-1 vs 3-4-2-1,2,2,0,1.0,1,49.0,1.4,0.0,4.6,5.0,10.0,14.6,1.072,1.3419999999999999,3.2,6.4,0.6,2,59.2,1.8,2.0,6.0,5.8,13.6,11.8,1.546,1.6159999999999997,5.8,4.2,-1.4000000000000004,-3.5999999999999996,-0.474,-2.5999999999999996,-10.200000000000003,0.4
1387858,2026-01-18 14:00:00+00:00,61,2025,95,Strasbourg,112,Metz,2,1,FT,4-2-3-1,4-2-3-1,4-2-3-1 vs 4-2-3-1,6,6,0,0.8,2,58.4,1.8,1.0,2.8,4.0,8.8,10.8,0.67,1.35,5.2,2.4,0.8,2,51.0,2.0,,3.6,6.0,9.0,14.6,0.7300000000000001,1.8239999999999998,3.8,4.4,-0.8000000000000003,-0.1999999999999993,-0.06000000000000005,1.4000000000000004,7.399999999999999,0.0
1387855,2026-01-18 16:15:00+00:00,61,2025,83,Nantes,114,Paris FC,1,2,FT,3-4-3,5-4-1,3-4-3 vs 5-4-1,3,7,-4,0.6,3,41.6,2.0,0.5,4.0,5.6,9.4,15.6,1.3739999999999999,1.6219999999999999,1.6,6.4,0.4,4,50.8,1.8,,2.4,5.0,9.0,13.6,1.2040000000000002,2.246,3.6,6.0,1.6,0.40000000000000036,0.1699999999999997,-2.0,-9.199999999999996,0.19999999999999996
1387857,2026-01-18 16:15:00+00:00,61,2025,94,Rennes,111,Le Havre,1,1,FT,3-1-4-2,3-4-1-2,3-1-4-2 vs 3-4-1-2,2,6,-4,1.0,1,50.8,1.5,0.3333333333333333,4.4,5.4,11.8,15.2,1.702,1.25,5.0,6.2,0.4,4,43.0,1.4,0.0,4.6,4.4,12.0,15.8,1.3079999999999998,1.8840000000000003,5.4,4.2,-0.1999999999999993,-0.1999999999999993,0.39400000000000013,-0.40000000000000036,7.799999999999997,0.6
1387853,2026-01-18 19:45:00+00:00,61,2025,80,Lyon,106,Stade Brestois 29,2,1,FT,4-3-3,4-2-3-1,4-3-3 vs 4-2-3-1,6,2,4,0.4,4,62.8,2.6,0.3333333333333333,6.4,3.8,14.8,9.6,1.6620000000000001,1.5,6.4,3.8,0.8,2,45.6,2.6,1.0,5.2,3.4,12.8,10.0,1.6780000000000002,1.084,4.4,4.2,1.2000000000000002,2.0,-0.016000000000000014,2.0,17.199999999999996,-0.4
1387860,2026-01-23 19:00:00+00:00,61,2025,108,Auxerre,85,Paris Saint Germain,0,1,FT,5-4-1,4-3-3,5-4-1 vs 4-3-3,2,7,-5,0.8,2,46.2,3.0,2.0,3.8,4.2,11.6,10.8,1.462,1.482,5.8,3.6,1.0,1,62.6,0.6,0.0,7.0,3.8,16.8,7.6,1.704,0.7059999999999998,5.4,3.4,-3.2,-5.200000000000001,-0.242,0.39999999999999947,-16.4,-0.19999999999999996
1387868,2026-01-24 16:00:00+00:00,61,2025,94,Rennes,97,Lorient,0,2,FT,3-5-2,3-4-2-1,3-5-2 vs 3-4-2-1,0,7,-7,0.8,2,51.6,1.75,0.5,4.0,5.6,12.2,14.0,1.434,1.134,6.2,6.2,0.8,2,40.2,0.8,0.0,4.8,3.4,14.2,10.0,1.6600000000000001,0.72,2.8,6.6,-0.7999999999999998,-2.0,-0.2260000000000002,3.4000000000000004,11.399999999999999,0.0
1387862,2026-01-24 18:00:00+00:00,61,2025,111,Le Havre,91,Monaco,0,0,FT,4-3-1-2,4-2-2-2,4-3-1-2 vs 4-2-2-2,7,8,-1,0.4,4,45.2,2.0,0.0,4.6,3.6,11.0,13.4,1.22,1.6620000000000001,5.8,5.0,0.6,3,50.4,2.2,0.6666666666666666,4.6,5.8,11.6,14.8,1.0539999999999998,1.4860000000000002,5.0,2.8,0.0,-0.5999999999999996,0.16600000000000015,0.7999999999999998,-5.199999999999996,-0.19999999999999996
1387864,2026-01-24 20:05:00+00:00,61,2025,81,Marseille,116,Lens,3,1,FT,3-4-2-1,3-4-2-1,3-4-2-1 vs 3-4-2-1,5,6,-1,0.6,2,63.0,1.6,2.0,6.0,5.0,15.6,10.2,1.542,1.566,5.0,3.8,1.0,1,56.6,1.2,0.0,6.2,3.0,17.4,7.6,2.056,0.8639999999999999,6.2,3.0,-0.20000000000000018,-1.799999999999999,-0.514,-1.2000000000000002,6.399999999999999,-0.4
1387866,2026-01-25 14:00:00+00:00,61,2025,83,Nantes,84,Nice,1,4,FT,4-3-3,4-2-3-1,4-3-3 vs 4-2-3-1,6,8,-2,0.4,4,40.0,2.0,0.5,4.0,6.0,8.6,16.2,1.2759999999999998,1.7200000000000002,1.6,6.6,0.4,3,52.6,1.6,1.0,4.2,6.2,12.8,14.2,1.526,1.6099999999999999,5.6,3.8,-0.20000000000000018,-4.200000000000001,-0.2500000000000002,-3.9999999999999996,-12.600000000000001,0.0
1387861,2026-01-25 16:15:00+00:00,61,2025,106,Stade Brestois 29,96,Toulouse,0,2,FT,4-2-2-2,3-4-2-1,4-2-2-2 vs 3-4-2-1,2,6,-4,0.8,2,40.2,2.2,1.0,4.2,4.0,9.8,12.4,1.1919999999999997,1.27,3.2,4.8,0.8,2,32.2,1.6,1.0,4.6,4.0,9.8,12.6,1.248,1.184,2.8,6.6,-0.39999999999999947,0.0,-0.05600000000000027,0.40000000000000036,8.0,0.0
1387865,2026-01-25 16:15:00+00:00,61,2025,112,Metz,80,Lyon,2,5,FT,4-3-3,3-4-1-2,4-3-3 vs 3-4-1-2,2,5,-3,0.8,2,52.8,2.0,,3.4,5.8,9.4,13.4,0.736,1.42,3.6,4.0,0.4,3,63.0,2.4,0.25,6.2,3.2,15.4,8.2,1.7440000000000002,1.222,5.2,2.4,-2.8000000000000003,-6.0,-1.0080000000000002,-1.6,-10.200000000000003,0.4
1387867,2026-01-25 16:15:00+00:00,61,2025,114,Paris FC,77,Angers,0,0,FT,5-4-1,4-2-3-1,5-4-1 vs 4-2-3-1,7,2,5,0.4,3,51.6,2.0,,2.4,3.2,9.8,11.2,1.062,1.51,3.2,4.4,1.0,1,46.6,1.0,0.0,4.8,6.0,10.2,14.2,1.174,1.514,4.2,4.6,-2.4,-0.3999999999999986,-0.11199999999999988,-1.0,5.0,-0.6
1387863,2026-01-25 19:45:00+00:00,61,2025,79,Lille,95,Strasbourg,1,4,FT,5-4-1,4-2-3-1,5-4-1 vs 4-2-3-1,7,3,4,0.8,2,46.4,1.6,1.3333333333333333,3.2,5.6,8.2,13.8,0.8960000000000001,1.53,2.6,6.4,0.6,2,58.8,1.6,,3.8,3.4,10.2,10.0,0.796,1.182,5.8,2.0,-0.5999999999999996,-2.0,0.10000000000000009,-3.1999999999999997,-12.399999999999999,0.20000000000000007
1387870,2026-01-30 19:45:00+00:00,61,2025,116,Lens,111,Le Havre,1,0,FT,3-4-2-1,3-4-1-2,3-4-2-1 vs 3-4-1-2,6,6,0,1.0,1,54.8,1.6,0.0,5.4,3.0,15.4,8.2,1.848,0.8320000000000001,5.0,3.0,0.4,3,46.0,1.8,,3.4,3.6,9.6,13.8,1.034,1.438,5.6,5.8,2.0000000000000004,5.800000000000001,0.8140000000000001,-0.5999999999999996,8.799999999999997,0.6
1387875,2026-01-31 16:00:00+00:00,61,2025,114,Paris FC,81,Marseille,2,2,FT,5-4-1,3-4-2-1,5-4-1 vs 3-4-2-1,6,2,4,0.6,2,53.2,1.8,,2.2,2.8,9.2,10.4,0.8620000000000001,1.416,2.8,4.0,0.8,2,58.4,1.4,2.0,6.0,4.6,13.6,10.4,1.3820000000000001,1.6279999999999997,3.6,4.0,-3.8,-4.4,-0.52,-0.8000000000000003,-5.199999999999996,-0.20000000000000007
1387871,2026-01-31 18:00:00+00:00,61,2025,97,Lorient,83,Nantes,2,1,FT,3-4-2-1,3-4-2-1,3-4-2-1 vs 3-4-2-1,6,4,2,0.8,2,37.8,0.6,0.0,4.2,4.0,11.8,12.6,1.4419999999999997,0.908,2.8,7.0,0.4,4,45.6,2.2,0.0,4.6,5.2,11.4,13.6,1.422,1.474,2.4,5.6,-0.39999999999999947,0.40000000000000036,0.019999999999999796,0.3999999999999999,-7.800000000000004,0.4
1387873,2026-01-31 20:05:00+00:00,61,2025,91,Monaco,94,Rennes,4,0,FT,3-4-2-1,3-5-2,3-4-2-1 vs 3-5-2,8,3,5,0.4,3,52.4,2.2,0.5,4.0,5.2,11.6,12.8,1.05,1.27,5.4,3.0,0.8,2,55.8,1.8,0.5,4.6,5.4,14.8,12.0,1.6300000000000001,1.1880000000000002,7.4,5.6,-0.5999999999999996,-3.200000000000001,-0.5800000000000001,-2.0,-3.3999999999999986,-0.4
1387872,2026-02-01 14:00:00+00:00,61,2025,80,Lyon,79,Lille,1,0,FT,4-3-3,4-2-3-1,4-3-3 vs 4-2-3-1,6,7,-1,0.4,4,58.0,2.2,0.3333333333333333,6.6,4.0,14.0,10.0,1.7920000000000003,1.31,4.6,3.6,0.6,3,44.4,1.4,1.5,4.0,5.4,10.6,14.0,0.95,1.932,3.8,5.4,2.5999999999999996,3.4000000000000004,0.8420000000000003,0.7999999999999998,13.600000000000001,-0.19999999999999996
1387869,2026-02-01 16:15:00+00:00,61,2025,77,Angers,112,Metz,1,0,FT,4-2-3-1,4-3-3,4-2-3-1 vs 4-3-3,2,3,-1,1.0,1,45.0,1.0,0.0,4.0,5.0,10.2,12.4,1.07,1.2639999999999998,4.0,3.4,0.8,2,53.0,1.8,,3.6,7.4,9.2,14.2,0.792,1.782,3.6,4.2,0.3999999999999999,1.0,0.278,0.3999999999999999,-8.0,0.19999999999999996
1387874,2026-02-01 16:15:00+00:00,61,2025,84,Nice,106,Stade Brestois 29,2,2,FT,4-2-3-1,4-2-3-1,4-2-3-1 vs 4-2-3-1,5,2,3,0.4,4,50.0,1.8,1.0,4.6,5.8,12.4,14.6,1.586,1.452,4.6,4.0,0.6,3,42.6,2.0,1.0,4.4,3.8,11.0,11.2,1.182,1.1840000000000002,3.8,4.2,0.1999999999999993,1.4000000000000004,0.40400000000000014,0.7999999999999998,7.399999999999999,-0.19999999999999996
1387877,2026-02-01 16:15:00+00:00,61,2025,96,Toulouse,108,Auxerre,0,0,FT,3-4-2-1,4-3-3,3-4-2-1 vs 4-3-3,4,4,0,0.8,2,36.6,2.0,1.0,4.8,4.0,10.2,11.2,1.182,1.024,3.0,5.4,0.6,3,43.4,2.8,2.0,3.2,5.4,11.0,11.8,1.306,1.566,5.6,4.2,1.5999999999999996,-0.8000000000000007,-0.12400000000000011,-2.5999999999999996,-6.799999999999997,0.20000000000000007
1387876,2026-02-01 19:45:00+00:00,61,2025,95,Strasbourg,85,Paris Saint Germain,1,2,FT,4-2-3-1,4-3-3,4-2-3-1 vs 4-3-3,4,3,1,0.6,2,58.0,2.0,,3.8,3.8,10.4,12.6,1.2739999999999998,1.35,5.0,3.6,1.0,1,65.0,0.6,0.0,7.8,2.8,16.6,7.2,1.8820000000000001,0.6679999999999999,6.0,3.0,-4.0,-6.200000000000001,-0.6080000000000003,-1.0,-7.0,-0.4
1387883,2026-02-06 19:45:00+00:00,61,2025,112,Metz,79,Lille,0,0,FT,4-2-3-1,4-2-3-1,4-2-3-1 vs 4-2-3-1,3,6,-3,0.6,2,47.4,2.0,1.0,3.0,7.4,9.2,14.8,0.772,1.6939999999999997,3.6,4.0,0.6,3,47.6,2.0,1.5,4.4,5.4,11.8,13.4,0.986,1.9339999999999997,4.8,4.8,-1.4000000000000004,-2.6000000000000014,-0.21399999999999997,-1.1999999999999997,-0.20000000000000284,0.0
1387882,2026-02-07 16:00:00+00:00,61,2025,116,Lens,94,Rennes,3,1,FT,3-4-2-1,3-5-2,3-4-2-1 vs 3-5-2,4,5,-1,1.0,1,52.4,1.8,0.0,4.8,2.6,14.4,7.8,1.8039999999999998,0.704,3.4,3.4,0.8,2,59.8,1.6,0.0,5.0,4.8,15.2,10.8,1.6580000000000001,1.184,6.6,5.0,-0.20000000000000018,-0.7999999999999989,0.14599999999999969,-3.1999999999999997,-7.399999999999999,0.19999999999999996
1387880,2026-02-07 18:00:00+00:00,61,2025,106,Stade Brestois 29,97,Lorient,2,0,FT,4-2-3-1,3-4-2-1,4-2-3-1 vs 3-4-2-1,3,4,-1,0.6,3,42.6,2.2,1.0,4.0,4.8,11.0,12.2,1.212,1.3039999999999998,4.4,4.8,0.8,2,41.2,1.0,,3.8,3.6,10.0,13.2,1.032,1.1059999999999999,2.8,6.4,0.20000000000000018,1.0,0.17999999999999994,1.6000000000000005,1.3999999999999986,-0.20000000000000007
1387884,2026-02-07 20:05:00+00:00,61,2025,83,Nantes,80,Lyon,0,1,FT,3-4-2-1,4-3-3,3-4-2-1 vs 4-3-3,2,8,-6,0.2,5,47.4,2.8,0.0,4.2,4.8,11.4,10.6,1.468,1.1179999999999999,3.0,3.4,0.6,3,54.4,1.6,0.0,6.2,3.6,13.2,9.4,1.814,0.9020000000000001,3.6,4.8,-2.0,-1.799999999999999,-0.3460000000000001,-0.6000000000000001,-7.0,-0.39999999999999997
1387885,2026-02-08 14:00:00+00:00,61,2025,84,Nice,91,Monaco,0,0,FT,4-2-3-1,3-4-2-1,4-2-3-1 vs 3-4-2-1,7,9,-2,0.4,3,52.0,2.6,,5.4,5.4,12.8,15.4,1.564,1.6219999999999999,5.0,4.8,0.4,4,49.6,1.6,1.0,4.8,5.2,12.4,12.0,1.372,1.04,5.8,3.0,0.6000000000000005,0.40000000000000036,0.19199999999999995,-0.7999999999999998,2.3999999999999986,0.0
1387878,2026-02-08 16:15:00+00:00,61,2025,77,Angers,96,Toulouse,1,0,FT,4-2-3-1,3-4-2-1,4-2-3-1 vs 3-4-2-1,1,4,-3,1.0,1,48.4,1.2,0.0,4.6,4.4,12.0,10.8,1.2040000000000002,1.092,4.6,3.2,0.8,2,41.0,1.6,1.0,5.0,4.4,11.4,12.2,1.222,1.1960000000000002,3.8,5.8,-0.40000000000000036,0.5999999999999996,-0.017999999999999794,0.7999999999999998,7.399999999999999,0.19999999999999996
1387879,2026-02-08 16:15:00+00:00,61,2025,108,Auxerre,114,Paris FC,0,0,FT,4-3-3,5-4-1,4-3-3 vs 5-4-1,2,8,-6,0.6,3,45.6,2.8,2.0,2.2,5.6,9.8,13.2,1.1,1.5960000000000003,5.4,4.6,0.8,2,52.4,1.6,,2.6,3.2,8.4,11.4,0.922,1.5739999999999998,3.2,3.4,-0.3999999999999999,1.4000000000000004,0.17800000000000005,2.2,-6.799999999999997,-0.20000000000000007
1387881,2026-02-08 16:15:00+00:00,61,2025,111,Le Havre,95,Strasbourg,2,1,FT,4-3-3,4-2-3-1,4-3-3 vs 4-2-3-1,3,2,1,0.4,3,46.4,2.2,,3.4,3.8,8.6,14.2,0.776,1.608,4.8,6.2,0.8,2,50.0,1.6,0.0,4.6,4.0,11.6,14.0,1.7260000000000002,1.518,5.6,4.6,-1.1999999999999997,-3.0,-0.9500000000000002,-0.7999999999999998,-3.6000000000000014,-0.4
1387886,2026-02-08 19:45:00+00:00,61,2025,85,Paris Saint Germain,81,Marseille,5,0,FT,4-3-3,5-4-1,4-3-3 vs 5-4-1,3,0,3,1.0,1,65.4,0.6,1.0,6.8,3.2,15.2,7.8,1.704,1.082,5.6,2.8,0.8,2,56.4,2.0,2.0,6.4,5.0,16.0,11.2,1.802,1.8639999999999997,3.4,4.4,0.39999999999999947,-0.8000000000000007,-0.09800000000000009,2.1999999999999997,9.000000000000007,0.19999999999999996
1387895,2026-02-13 18:00:00+00:00,61,2025,94,Rennes,85,Paris Saint Germain,3,1,FT,4-2-3-1,4-3-3,4-2-3-1 vs 4-3-3,5,2,3,0.8,2,57.4,1.6,0.0,4.2,4.0,16.2,9.8,1.512,1.252,6.4,4.4,1.0,1,65.2,0.8,1.0,6.4,2.8,16.8,7.8,2.2119999999999997,1.09,5.8,2.4,-2.2,-0.6000000000000014,-0.6999999999999997,0.6000000000000005,-7.800000000000004,-0.19999999999999996
1387893,2026-02-13 20:05:00+00:00,61,2025,91,Monaco,83,Nantes,3,1,FT,4-2-3-1,3-4-2-1,4-2-3-1 vs 3-4-2-1,8,1,7,0.4,3,52.4,1.8,1.0,3.8,4.4,10.8,11.0,1.054,0.7959999999999999,5.6,4.0,0.4,4,49.0,3.2,0.0,3.8,3.6,12.6,8.6,1.55,0.922,3.4,3.0,0.0,-1.799999999999999,-0.496,2.1999999999999997,3.3999999999999986,0.0
1387891,2026-02-14 16:00:00+00:00,61,2025,81,Marseille,95,Strasbourg,2,2,FT,4-2-3-1,4-2-3-1,4-2-3-1 vs 4-2-3-1,1,3,-2,0.8,2,53.2,2.0,2.0,5.4,5.0,14.2,12.0,1.576,2.3,3.2,4.0,1.0,1,47.2,1.6,0.5,4.8,5.0,11.2,15.2,1.6720000000000002,1.5939999999999999,4.0,5.8,0.6000000000000005,3.0,-0.09600000000000009,-0.7999999999999998,6.0,-0.19999999999999996
1387888,2026-02-14 18:00:00+00:00,61,2025,79,Lille,106,Stade Brestois 29,1,1,FT,4-2-3-1,4-2-3-1,4-2-3-1 vs 4-2-3-1,9,4,5,0.6,3,48.2,1.8,1.0,3.8,4.2,13.4,11.0,1.2120000000000002,1.466,5.4,3.0,0.6,3,43.2,2.0,1.0,3.6,4.2,10.6,13.0,1.3940000000000001,1.006,4.4,5.2,0.19999999999999973,2.8000000000000007,-0.18199999999999994,1.0,5.0,0.0
1387894,2026-02-14 20:05:00+00:00,61,2025,114,Paris FC,116,Lens,0,5,FT,3-4-2-1,3-4-2-1,3-4-2-1 vs 3-4-2-1,8,5,3,1.0,1,49.6,1.8,,3.0,2.8,8.0,12.4,0.984,1.254,2.6,4.0,1.0,1,53.4,2.6,0.5,4.4,2.0,13.2,9.0,1.706,0.852,3.8,3.2,-1.4000000000000004,-5.199999999999999,-0.722,-1.1999999999999997,-3.799999999999997,0.0
1387887,2026-02-15 14:00:00+00:00,61,2025,111,Le Havre,96,Toulouse,2,1,FT,3-1-4-2,3-4-2-1,3-1-4-2 vs 3-4-2-1,4,5,-1,0.4,3,48.0,1.8,0.0,4.0,3.6,9.6,12.6,0.6960000000000001,1.1800000000000002,5.8,5.8,0.8,2,43.8,1.8,1.0,5.2,4.8,12.4,12.8,0.8160000000000001,1.31,4.0,5.0,-1.2000000000000002,-2.8000000000000007,-0.12,1.7999999999999998,4.200000000000003,-0.4
1387889,2026-02-15 16:15:00+00:00,61,2025,97,Lorient,77,Angers,2,0,FT,3-4-2-1,4-2-3-1,3-4-2-1 vs 4-2-3-1,4,1,3,0.8,2,45.4,1.0,,3.8,4.2,10.8,13.2,1.0739999999999998,1.314,3.6,5.6,1.0,1,47.8,1.6,0.0,3.6,4.6,10.4,11.8,0.932,1.124,4.0,3.6,0.19999999999999973,0.40000000000000036,0.1419999999999998,-0.3999999999999999,-2.3999999999999986,-0.19999999999999996
1387892,2026-02-15 16:15:00+00:00,61,2025,112,Metz,108,Auxerre,1,3,FT,4-2-3-1,4-3-3,4-2-3-1 vs 4-3-3,7,5,2,0.6,2,47.6,1.8,1.0,2.4,6.0,8.6,15.2,0.774,1.654,3.0,4.4,0.6,3,46.4,2.0,,1.0,5.4,8.6,13.0,0.6940000000000001,1.6460000000000001,4.8,4.8,1.4,0.0,0.07999999999999996,-1.7999999999999998,1.2000000000000028,0.0
1387890,2026-02-15 19:45:00+00:00,61,2025,80,Lyon,84,Nice,2,0,FT,3-4-2-1,4-2-3-1,3-4-2-1 vs 4-2-3-1,7,5,2,0.6,3,52.2,1.8,0.3333333333333333,6.0,3.2,11.6,10.0,1.584,0.792,3.4,5.0,0.6,3,50.0,2.6,,5.4,4.8,13.8,14.4,1.5260000000000002,1.416,5.6,5.6,0.5999999999999996,-2.200000000000001,0.05799999999999983,-2.1999999999999997,2.200000000000003,0.0
1387898,2026-02-20 19:45:00+00:00,61,2025,106,Stade Brestois 29,81,Marseille,2,0,FT,4-2-3-1,4-1-4-1,4-2-3-1 vs 4-1-4-1,1,1,0,0.8,2,39.4,1.6,1.0,3.6,5.0,10.6,15.0,1.158,1.188,3.2,6.6,0.6,3,50.8,2.4,,5.8,4.0,14.0,11.4,1.69,1.9579999999999997,3.0,4.4,-2.1999999999999997,-3.4000000000000004,-0.532,0.20000000000000018,-11.399999999999999,0.20000000000000007
1387899,2026-02-21 16:00:00+00:00,61,2025,116,Lens,91,Monaco,2,3,FT,3-4-2-1,3-1-4-2,3-4-2-1 vs 3-1-4-2,5,11,-6,1.0,1,48.2,2.2,1.0,4.2,2.8,13.4,9.6,2.134,0.842,3.2,3.4,0.4,3,52.8,2.4,1.0,4.6,3.0,12.0,11.0,1.272,0.744,6.0,4.2,-0.39999999999999947,1.4000000000000004,0.8619999999999999,-2.8,-4.599999999999994,0.6
1387904,2026-02-21 18:00:00+00:00,61,2025,96,Toulouse,114,Paris FC,1,1,FT,3-4-2-1,5-4-1,3-4-2-1 vs 5-4-1,7,9,-2,0.8,2,50.8,2.2,0.0,6.6,3.8,15.8,10.6,1.156,1.2180000000000002,5.6,3.6,0.8,2,55.2,2.2,,3.6,2.8,9.0,11.8,0.9040000000000001,1.6640000000000001,3.0,3.6,2.9999999999999996,6.800000000000001,0.2519999999999998,2.5999999999999996,-4.400000000000006,0.0
1387902,2026-02-21 20:05:00+00:00,61,2025,85,Paris Saint Germain,112,Metz,3,0,FT,4-3-3,4-1-4-1,4-3-3 vs 4-1-4-1,4,5,-1,1.0,1,64.6,0.75,1.0,6.6,3.0,17.2,9.2,2.586,1.1600000000000001,6.0,3.2,0.6,2,48.6,1.8,1.0,2.8,5.6,9.6,14.8,0.8539999999999999,1.526,3.0,4.2,3.8,7.6,1.732,3.0,15.999999999999993,0.4
1387897,2026-02-22 14:00:00+00:00,61,2025,108,Auxerre,94,Rennes,0,3,FT,4-3-3,4-2-3-1,4-3-3 vs 4-2-3-1,6,3,3,0.6,3,44.0,2.0,,1.4,5.4,9.4,13.4,0.7060000000000001,1.4320000000000004,4.2,4.2,0.6,3,51.8,1.75,0.0,4.2,4.8,15.2,11.6,1.4700000000000002,1.798,6.0,5.2,-2.8000000000000003,-5.799999999999999,-0.7640000000000001,-1.7999999999999998,-7.799999999999997,0.0
1387896,2026-02-22 16:15:00+00:00,61,2025,77,Angers,79,Lille,0,1,FT,4-2-3-1,4-2-3-1,4-2-3-1 vs 4-2-3-1,1,7,-6,1.0,1,46.0,1.75,0.0,3.6,3.8,10.6,11.2,0.906,1.1099999999999999,3.2,3.0,0.6,3,54.2,1.6,,4.2,4.2,14.8,9.6,1.3719999999999999,1.292,7.2,1.8,-0.6000000000000001,-4.200000000000001,-0.46599999999999986,-4.0,-8.200000000000003,0.4
1387900,2026-02-22 16:15:00+00:00,61,2025,83,Nantes,111,Le Havre,2,0,FT,3-5-2,4-3-3,3-5-2 vs 4-3-3,2,5,-3,0.6,3,50.8,3.0,0.0,2.4,4.0,12.2,8.8,1.052,1.1280000000000001,3.4,3.6,0.4,4,44.6,2.0,0.5,3.2,4.8,8.4,15.8,0.724,1.5419999999999998,4.8,6.6,-0.8000000000000003,3.799999999999999,0.32800000000000007,-1.4,6.199999999999996,0.19999999999999996
1387901,2026-02-22 16:15:00+00:00,61,2025,84,Nice,97,Lorient,3,3,FT,4-2-3-1,3-4-2-1,4-2-3-1 vs 3-4-2-1,5,5,0,0.8,2,49.6,2.6,,4.8,4.2,12.0,14.6,1.2680000000000002,1.45,5.6,5.8,1.0,1,48.6,1.0,,3.2,4.4,9.2,13.6,0.976,1.316,3.4,5.2,1.5999999999999996,2.8000000000000007,0.29200000000000026,2.1999999999999997,1.0,-0.19999999999999996
1387903,2026-02-22 19:45:00+00:00,61,2025,95,Strasbourg,80,Lyon,3,1,FT,4-2-3-1,4-3-3,4-2-3-1 vs 4-3-3,2,5,-3,1.0,1,47.4,1.6,0.5,4.6,5.0,12.0,13.4,1.786,1.308,3.6,5.8,0.6,3,52.6,1.8,0.5,4.6,3.4,10.8,10.8,1.608,0.946,4.6,4.6,0.0,1.1999999999999993,0.17799999999999994,-0.9999999999999996,-5.200000000000003,0.4
1387913,2026-02-27 19:45:00+00:00,61,2025,95,Strasbourg,116,Lens,1,1,FT,4-2-3-1,3-4-2-1,4-2-3-1 vs 3-4-2-1,2,5,-3,1.0,1,48.0,1.4,0.5,4.8,5.0,11.8,12.4,1.998,1.16,3.6,6.0,1.0,1,49.0,2.2,1.0,4.2,3.8,13.2,10.6,1.9600000000000002,1.0719999999999998,4.4,2.8,0.5999999999999996,-1.3999999999999986,0.03799999999999981,-0.8000000000000003,-1.0,0.0
1387912,2026-02-28 16:00:00+00:00,61,2025,94,Rennes,96,Toulouse,1,0,FT,4-3-3,3-4-2-1,4-3-3 vs 3-4-2-1,3,8,-5,0.6,2,52.4,2.5,0.0,4.2,4.4,13.8,12.4,1.226,1.784,5.0,4.8,1.0,1,53.2,2.4,0.0,6.6,3.0,16.0,8.6,1.3739999999999999,0.9960000000000001,6.8,2.8,-2.3999999999999995,-2.1999999999999993,-0.1479999999999999,-1.7999999999999998,-0.8000000000000043,-0.4
1387910,2026-02-28 18:00:00+00:00,61,2025,91,Monaco,77,Angers,2,0,FT,3-4-2-1,3-5-2,3-4-2-1 vs 3-5-2,9,0,9,0.4,4,50.0,2.6,1.0,4.2,3.6,11.2,11.8,1.362,0.826,5.6,5.0,1.0,1,48.2,2.25,0.0,3.4,2.6,10.2,9.4,0.796,1.008,2.2,4.0,0.8000000000000003,1.0,0.5660000000000001,3.3999999999999995,1.7999999999999972,-0.6
1387905,2026-02-28 20:05:00+00:00,61,2025,111,Le Havre,85,Paris Saint Germain,0,1,FT,3-4-2-1,4-3-3,3-4-2-1 vs 4-3-3,3,5,-2,0.4,4,49.6,1.8,0.5,2.6,3.8,8.2,13.8,0.7140000000000001,1.3239999999999998,4.8,5.6,1.0,1,65.8,0.75,1.0,6.6,2.2,18.0,8.4,2.7880000000000003,0.95,6.0,3.0,-3.9999999999999996,-9.8,-2.0740000000000003,-1.2000000000000002,-16.199999999999996,-0.6
1387911,2026-03-01 14:00:00+00:00,61,2025,114,Paris FC,84,Nice,1,0,FT,4-2-3-1,4-2-3-1,4-2-3-1 vs 4-2-3-1,8,7,1,0.8,2,53.8,2.6,,3.4,4.6,8.0,15.4,0.9179999999999999,2.18,3.2,5.8,1.0,1,46.0,2.6,,4.4,3.2,10.6,13.6,1.518,1.5260000000000002,4.8,6.0,-1.0000000000000004,-2.5999999999999996,-0.6000000000000001,-1.5999999999999996,7.799999999999997,-0.19999999999999996
1387906,2026-03-01 16:15:00+00:00,61,2025,79,Lille,83,Nantes,1,0,FT,4-2-3-1,5-3-2,4-2-3-1 vs 5-3-2,7,2,5,0.8,2,57.4,1.6,,4.4,3.2,16.2,8.0,1.61,1.09,8.2,1.2,0.6,3,47.0,3.6,0.0,2.6,3.6,13.0,8.0,1.2339999999999998,1.106,4.2,4.4,1.8000000000000003,3.1999999999999993,0.37600000000000033,3.999999999999999,10.399999999999999,0.20000000000000007
1387907,2026-03-01 16:15:00+00:00,61,2025,97,Lorient,108,Auxerre,2,2,FT,3-4-2-1,4-4-2,3-4-2-1 vs 4-4-2,6,7,-1,1.0,1,53.2,1.75,,3.4,3.8,9.8,12.4,1.1440000000000001,1.714,4.2,5.0,0.8,2,42.2,1.2,,1.8,5.4,10.6,12.0,0.732,1.126,4.0,5.0,1.5999999999999999,-0.7999999999999989,0.41200000000000014,0.20000000000000018,11.0,0.19999999999999996
1387909,2026-03-01 16:15:00+00:00,61,2025,112,Metz,106,Stade Brestois 29,0,1,FT,4-1-4-1,4-2-3-1,4-1-4-1 vs 4-2-3-1,4,1,3,0.4,3,44.6,1.6,1.0,2.4,5.8,8.4,15.4,0.6559999999999999,1.7899999999999998,3.0,4.2,0.8,2,40.0,1.8,,4.0,4.6,12.0,14.6,1.274,1.13,3.8,6.0,-1.6,-3.5999999999999996,-0.6180000000000001,-0.7999999999999998,4.600000000000001,-0.4
1387908,2026-03-01 19:45:00+00:00,61,2025,81,Marseille,80,Lyon,3,2,FT,4-2-3-1,4-3-1-2,4-2-3-1 vs 4-3-1-2,1,6,-5,0.4,4,51.2,3.0,,4.4,4.2,12.8,12.4,1.4600000000000002,2.022,3.0,3.8,0.6,3,48.4,1.8,1.0,3.8,4.4,7.8,12.4,1.28,1.2399999999999998,4.0,5.4,0.6000000000000005,5.000000000000001,0.18000000000000016,-1.0,2.8000000000000043,-0.19999999999999996
1387921,2026-03-06 19:45:00+00:00,61,2025,85,Paris Saint Germain,91,Monaco,1,3,FT,4-3-3,3-4-1-2,4-3-3 vs 3-4-1-2,3,7,-4,1.0,1,65.6,0.5,1.0,6.8,2.6,19.2,8.8,3.1079999999999997,1.02,5.2,3.2,0.6,3,53.8,2.0,1.0,4.6,3.8,11.2,11.6,1.566,0.924,5.4,4.4,2.2,8.0,1.5419999999999996,-0.20000000000000018,11.799999999999997,0.4
1387919,2026-03-07 16:00:00+00:00,61,2025,83,Nantes,77,Angers,0,1,FT,5-3-2,3-5-2,5-3-2 vs 3-5-2,1,1,0,0.6,3,41.2,3.2,0.0,1.8,3.4,9.6,8.4,0.954,1.008,3.6,4.8,0.8,2,46.4,2.75,0.0,3.6,3.2,10.0,9.8,0.8160000000000001,1.152,2.4,4.6,-1.8,-0.40000000000000036,0.1379999999999999,1.2000000000000002,-5.199999999999996,-0.20000000000000007
1387914,2026-03-07 18:00:00+00:00,61,2025,108,Auxerre,95,Strasbourg,0,0,FT,4-4-2,4-2-3-1,4-4-2 vs 4-2-3-1,7,4,3,0.8,2,46.0,1.8,,2.4,4.8,11.0,11.8,0.9480000000000001,0.906,5.0,4.2,1.0,1,48.4,1.4,0.5,4.6,4.8,10.4,13.4,1.528,1.1480000000000001,3.8,6.0,-2.1999999999999997,0.5999999999999996,-0.58,1.2000000000000002,-2.3999999999999986,-0.19999999999999996
1387922,2026-03-07 20:05:00+00:00,61,2025,96,Toulouse,81,Marseille,0,1,FT,3-4-2-1,3-4-1-2,3-4-2-1 vs 3-4-1-2,6,2,4,1.0,1,51.2,2.4,0.0,6.0,2.4,16.2,8.0,1.41,0.9739999999999999,6.6,3.4,0.4,4,50.8,3.4,,4.8,5.0,14.4,13.4,1.7260000000000002,2.114,4.2,3.6,1.2000000000000002,1.799999999999999,-0.3160000000000003,2.3999999999999995,0.4000000000000057,0.6
1387916,2026-03-08 14:00:00+00:00,61,2025,116,Lens,112,Metz,3,0,FT,3-4-2-1,5-3-2,3-4-2-1 vs 5-3-2,8,5,3,1.0,1,48.8,2.0,1.0,4.8,3.8,16.8,10.2,2.1239999999999997,1.0399999999999998,5.6,2.8,0.4,3,47.2,1.8,0.5,2.4,4.0,10.2,14.0,0.7,1.4460000000000002,4.2,4.2,2.4,6.600000000000001,1.4239999999999997,1.3999999999999995,1.5999999999999943,0.6
1387915,2026-03-08 16:15:00+00:00,61,2025,106,Stade Brestois 29,111,Le Havre,2,0,FT,4-2-3-1,4-3-3,4-2-3-1 vs 4-3-3,2,4,-2,1.0,1,35.8,1.6,1.0,3.2,4.8,10.6,17.8,1.248,1.3599999999999999,4.0,8.0,0.4,4,46.6,2.4,0.5,2.8,5.2,8.8,16.2,0.8,1.988,4.4,5.0,0.40000000000000036,1.799999999999999,0.44799999999999995,-0.40000000000000036,-10.800000000000004,0.6
1387917,2026-03-08 16:15:00+00:00,61,2025,79,Lille,97,Lorient,1,1,FT,4-3-1-2,5-4-1,4-3-1-2 vs 5-4-1,5,6,-1,1.0,1,62.6,1.8,,3.8,2.2,14.0,5.6,1.358,0.48999999999999994,7.4,1.2,1.0,1,57.0,2.0,,3.6,3.4,11.6,10.0,1.1099999999999999,1.6440000000000001,4.2,4.6,0.19999999999999973,2.4000000000000004,0.24800000000000022,3.2,5.600000000000001,0.0
1387920,2026-03-08 16:15:00+00:00,61,2025,84,Nice,94,Rennes,0,4,FT,4-2-3-1,4-3-3,4-2-3-1 vs 4-3-3,6,2,4,1.0,1,49.2,2.4,0.0,4.2,3.4,11.4,12.8,1.5420000000000003,1.454,5.6,6.8,0.4,3,51.6,2.25,0.0,3.6,4.0,11.4,13.0,1.052,1.636,4.4,4.4,0.6000000000000001,0.0,0.4900000000000002,1.1999999999999993,-2.3999999999999986,0.6
1387918,2026-03-08 19:45:00+00:00,61,2025,80,Lyon,114,Paris FC,1,1,FT,4-1-4-1,4-3-3,4-1-4-1 vs 4-3-3,7,9,-2,0.6,3,48.6,2.2,1.0,3.0,4.6,7.6,13.0,1.0559999999999998,1.4460000000000002,3.4,5.8,0.6,3,49.2,3.6,1.0,4.4,5.0,9.6,16.2,1.004,2.3,4.4,6.8,-1.4000000000000004,-2.0,0.051999999999999824,-1.0000000000000004,-0.6000000000000014,0.0
1387926,2026-03-13 19:45:00+00:00,61,2025,81,Marseille,108,Auxerre,1,0,FT,4-2-3-1,5-4-1,4-2-3-1 vs 5-4-1,3,4,-1,0.4,4,51.4,3.2,,4.6,4.6,12.8,14.0,1.426,1.9899999999999998,3.8,3.6,0.6,2,41.6,1.6,,2.8,5.0,11.4,12.0,0.916,0.982,5.2,4.0,1.7999999999999998,1.4000000000000004,0.5099999999999999,-1.4000000000000004,9.799999999999997,-0.19999999999999996
1387925,2026-03-14 16:00:00+00:00,61,2025,97,Lorient,116,Lens,2,1,FT,3-4-2-1,3-4-2-1,3-4-2-1 vs 3-4-2-1,4,8,-4,0.8,2,54.0,1.25,,3.8,3.4,12.4,10.4,1.096,1.5000000000000002,4.2,4.8,1.0,1,48.4,1.8,1.0,5.6,3.4,18.6,9.6,2.258,1.01,6.0,3.0,-1.7999999999999998,-6.200000000000001,-1.162,-1.7999999999999998,5.600000000000001,-0.19999999999999996
1387923,2026-03-14 18:00:00+00:00,61,2025,77,Angers,84,Nice,0,2,FT,3-5-2,3-5-1-1,3-5-2 vs 3-5-1-1,2,9,-7,0.6,2,43.2,2.5,,3.0,3.8,8.8,11.4,0.656,1.23,2.4,4.6,1.0,1,45.2,1.8,0.0,3.2,4.4,11.2,12.8,1.654,1.444,5.8,6.0,-0.20000000000000018,-2.3999999999999986,-0.9979999999999999,-3.4,-2.0,-0.4
1387928,2026-03-14 20:05:00+00:00,61,2025,91,Monaco,106,Stade Brestois 29,2,0,FT,3-4-2-1,4-2-3-1,3-4-2-1 vs 4-2-3-1,7,3,4,0.4,4,50.2,2.4,1.0,4.6,4.2,10.6,14.0,1.384,1.1720000000000002,5.0,5.4,1.0,1,36.0,1.6,1.0,3.2,3.4,10.4,17.6,1.134,1.302,3.2,7.4,1.3999999999999995,0.1999999999999993,0.25,1.7999999999999998,14.200000000000003,-0.6
1387931,2026-03-15 14:00:00+00:00,61,2025,95,Strasbourg,114,Paris FC,0,0,FT,4-2-3-1,5-4-1,4-2-3-1 vs 5-4-1,10,12,-2,1.0,1,56.4,1.6,1.0,4.8,4.8,11.2,12.8,1.282,1.03,3.6,5.8,0.4,4,46.4,3.4,1.0,4.4,5.0,10.6,15.4,1.052,2.1439999999999997,4.0,7.6,0.39999999999999947,0.5999999999999996,0.22999999999999998,-0.3999999999999999,10.0,0.6
1387924,2026-03-15 16:15:00+00:00,61,2025,111,Le Havre,80,Lyon,0,0,FT,4-1-3-2,4-2-3-1,4-1-3-2 vs 4-2-3-1,4,8,-4,0.6,3,49.2,2.2,0.5,2.4,5.0,10.0,15.4,0.8719999999999999,1.7939999999999998,4.4,4.4,0.4,4,52.6,2.4,1.0,3.4,4.6,9.8,13.6,1.318,1.6939999999999997,4.6,4.8,-1.0,0.1999999999999993,-0.4460000000000002,-0.1999999999999993,-3.3999999999999986,0.19999999999999996
1387927,2026-03-15 16:15:00+00:00,61,2025,112,Metz,96,Toulouse,3,4,FT,4-2-3-1,3-4-3,4-2-3-1 vs 3-4-3,10,12,-2,0.4,3,50.2,2.0,0.0,2.4,4.0,10.2,15.4,0.69,1.6960000000000002,4.4,4.6,1.0,1,51.0,2.6,0.0,5.6,2.6,16.2,8.4,1.4520000000000002,1.018,6.4,3.0,-3.1999999999999997,-6.0,-0.7620000000000002,-2.0,-0.7999999999999972,-0.6
1387930,2026-03-15 19:45:00+00:00,61,2025,94,Rennes,79,Lille,1,2,FT,4-3-3,4-2-3-1,4-3-3 vs 4-2-3-1,1,7,-6,0.4,3,52.8,2.0,0.0,4.2,3.2,12.2,13.0,1.302,1.5459999999999998,4.2,4.8,0.8,2,62.6,1.6,,3.4,2.8,14.2,6.8,1.392,0.4720000000000001,7.0,1.0,0.8000000000000003,-2.0,-0.08999999999999986,-2.8,-9.800000000000004,-0.4
1387933,2026-03-20 19:45:00+00:00,61,2025,116,Lens,77,Angers,5,1,FT,3-4-2-1,4-2-3-1,3-4-2-1 vs 4-2-3-1,7,5,2,1.0,1,51.4,1.6,,6.2,3.8,20.8,8.0,2.268,1.0,7.2,2.4,0.6,2,42.4,2.0,,2.4,4.4,8.4,11.4,0.632,1.472,3.2,4.8,3.8000000000000003,12.4,1.6359999999999997,4.0,9.0,0.4
1387940,2026-03-21 16:00:00+00:00,61,2025,96,Toulouse,97,Lorient,1,0,FT,3-4-3,3-4-2-1,3-4-3 vs 3-4-2-1,6,6,0,0.8,2,51.2,2.8,0.0,5.8,3.4,17.6,9.4,1.6640000000000001,1.1320000000000001,6.2,3.2,0.8,2,49.2,1.75,,4.0,3.6,11.0,12.0,1.238,1.3960000000000001,3.0,5.4,1.7999999999999998,6.600000000000001,0.42600000000000016,3.2,2.0,0.0
1387932,2026-03-21 18:00:00+00:00,61,2025,108,Auxerre,106,Stade Brestois 29,3,0,FT,4-4-1-1,4-2-3-1,4-4-1-1 vs 4-2-3-1,4,2,2,0.4,3,40.2,1.8,,3.0,4.8,10.6,13.8,0.7899999999999999,0.9920000000000002,4.2,5.0,1.0,1,36.4,1.4,1.0,2.4,3.8,10.6,17.0,1.084,1.6119999999999997,3.4,6.6,0.6000000000000001,0.0,-0.29400000000000015,0.8000000000000003,3.8000000000000043,-0.6
1387937,2026-03-21 20:05:00+00:00,61,2025,84,Nice,85,Paris Saint Germain,0,4,FT,3-5-1-1,4-3-3,3-5-1-1 vs 4-3-3,5,5,0,0.8,2,47.0,2.0,0.0,4.0,4.2,11.0,12.8,1.884,1.5020000000000002,5.4,6.2,1.0,1,66.4,0.75,,7.2,3.0,20.6,9.2,3.164,0.818,5.4,2.8,-3.2,-9.600000000000001,-1.2800000000000002,0.0,-19.400000000000006,-0.19999999999999996
1387934,2026-03-22 14:00:00+00:00,61,2025,80,Lyon,91,Monaco,1,2,FT,4-2-3-1,3-4-1-2,4-2-3-1 vs 3-4-1-2,12,10,2,0.2,5,56.4,2.4,0.0,3.6,5.0,10.4,13.4,1.254,1.686,4.2,4.2,0.4,4,50.2,2.4,1.0,5.0,3.6,10.6,14.0,1.718,1.3539999999999999,4.4,5.4,-1.4,-0.1999999999999993,-0.46399999999999997,-0.20000000000000018,6.199999999999996,-0.2
1387935,2026-03-22 16:15:00+00:00,61,2025,81,Marseille,79,Lille,1,2,FT,4-2-3-1,4-2-3-1,4-2-3-1 vs 4-2-3-1,2,8,-6,0.6,3,54.6,3.6,,4.6,3.8,14.2,11.2,1.458,1.174,5.2,3.0,0.8,2,59.2,2.4,,3.6,3.2,12.6,8.0,1.3860000000000001,0.5439999999999999,6.2,1.8,0.9999999999999996,1.5999999999999996,0.07199999999999984,-1.0,-4.600000000000001,-0.20000000000000007
1387938,2026-03-22 16:15:00+00:00,61,2025,114,Paris FC,111,Le Havre,3,2,FT,4-3-3,4-1-3-2,4-3-3 vs 4-1-3-2,8,4,4,0.4,4,44.0,2.6,1.0,4.0,5.2,11.4,15.4,1.0,2.184,4.0,8.6,0.4,4,46.0,2.0,1.0,1.8,5.2,9.4,16.0,0.834,1.9279999999999997,3.0,4.2,2.2,2.0,0.16600000000000004,1.0,-2.0,0.0
1387939,2026-03-22 16:15:00+00:00,61,2025,94,Rennes,112,Metz,0,0,FT,4-3-3,4-2-3-1,4-3-3 vs 4-2-3-1,3,5,-2,0.6,2,54.8,2.0,,4.8,3.2,11.8,12.8,1.2,1.638,4.4,4.4,0.4,3,51.8,1.8,0.0,3.6,4.8,12.4,16.0,0.884,1.6800000000000002,5.0,4.2,1.1999999999999997,-0.5999999999999996,0.31599999999999995,-0.5999999999999996,3.0,0.19999999999999996
1387936,2026-03-22 19:45:00+00:00,61,2025,83,Nantes,95,Strasbourg,2,3,FT,4-1-4-1,4-2-3-1,4-1-4-1 vs 4-2-3-1,5,5,0,0.4,3,42.4,2.4,0.0,2.0,3.4,10.2,9.6,0.8380000000000001,1.044,3.4,5.4,1.0,1,58.8,1.6,,4.8,3.8,11.6,12.0,1.426,0.95,5.4,4.8,-2.8,-1.4000000000000004,-0.5879999999999999,-2.0000000000000004,-16.4,-0.6
1387948,2026-04-03 18:45:00+00:00,61,2025,85,Paris Saint Germain,96,Toulouse,3,1,FT,4-3-3,3-4-2-1,4-3-3 vs 3-4-2-1,4,5,-1,1.0,1,69.6,0.5,0.0,7.8,2.6,19.6,8.6,3.1119999999999997,0.7340000000000002,5.4,2.8,0.6,2,46.2,2.4,,4.8,3.4,15.0,9.8,1.5220000000000002,0.9800000000000001,4.4,3.8,3.0,4.600000000000001,1.5899999999999994,1.0,23.39999999999999,0.4
1387949,2026-04-04 15:00:00+00:00,61,2025,95,Strasbourg,84,Nice,3,1,FT,4-2-3-1,4-4-2,4-2-3-1 vs 4-4-2,3,5,-2,1.0,1,60.2,1.8,,5.8,4.4,11.8,12.6,1.508,1.0139999999999998,5.6,4.4,0.6,2,43.6,2.0,0.5,3.6,5.8,10.2,14.4,1.64,2.024,4.8,5.6,2.1999999999999997,1.6000000000000014,-0.1319999999999999,0.7999999999999998,16.6,0.4
1387942,2026-04-04 17:00:00+00:00,61,2025,106,Stade Brestois 29,94,Rennes,3,4,FT,4-2-3-1,4-4-2,4-2-3-1 vs 4-4-2,2,4,-2,1.0,1,41.4,2.0,0.5,2.0,4.2,10.2,15.2,1.1320000000000001,1.538,3.8,5.2,0.8,2,61.8,1.8,,5.6,2.2,14.2,9.8,1.226,0.9880000000000001,5.0,3.2,-3.5999999999999996,-4.0,-0.09399999999999986,-1.2000000000000002,-20.4,0.19999999999999996
1387944,2026-04-04 19:05:00+00:00,61,2025,79,Lille,116,Lens,3,0,FT,4-2-3-1,3-4-2-1,4-2-3-1 vs 3-4-2-1,3,6,-3,0.8,2,54.4,3.0,,3.4,3.0,10.8,8.6,1.25,0.538,4.4,2.8,1.0,1,54.4,1.75,,6.8,3.6,22.6,9.0,2.194,1.194,7.6,2.4,-3.4,-11.8,-0.944,-3.1999999999999993,0.0,-0.19999999999999996
1387941,2026-04-05 13:00:00+00:00,61,2025,77,Angers,80,Lyon,0,0,FT,5-3-2,4-2-3-1,5-3-2 vs 4-2-3-1,10,10,0,0.6,2,42.8,2.0,,2.8,5.8,9.6,15.0,0.8640000000000001,1.9600000000000002,3.4,5.6,0.4,4,56.4,1.8,0.5,4.0,5.8,11.6,15.6,1.252,2.05,3.0,4.4,-1.2000000000000002,-2.0,-0.3879999999999999,0.3999999999999999,-13.600000000000001,0.19999999999999996
1387943,2026-04-05 15:15:00+00:00,61,2025,111,Le Havre,108,Auxerre,1,1,FT,3-4-3,4-2-3-1,3-4-3 vs 4-2-3-1,2,4,-2,0.4,3,51.2,1.8,0.5,2.6,4.2,12.4,14.0,1.012,1.8679999999999999,3.8,4.0,0.4,4,41.4,1.4,1.0,3.8,4.4,10.0,13.0,0.8859999999999999,1.018,4.8,4.8,-1.1999999999999997,2.4000000000000004,0.1260000000000001,-1.0,9.800000000000004,0.0
1387945,2026-04-05 15:15:00+00:00,61,2025,97,Lorient,114,Paris FC,1,1,FT,3-4-2-1,4-2-3-1,3-4-2-1 vs 4-2-3-1,3,8,-5,0.8,2,49.0,2.0,,4.0,3.8,10.8,12.4,1.1280000000000001,1.6420000000000001,3.2,5.2,0.4,3,40.6,2.2,1.0,3.6,5.2,12.2,16.0,1.2899999999999998,1.8419999999999999,5.2,8.6,0.3999999999999999,-1.3999999999999986,-0.1619999999999997,-2.0,8.399999999999999,0.4
1387946,2026-04-05 15:15:00+00:00,61,2025,112,Metz,83,Nantes,0,0,FT,4-2-3-1,4-1-4-1,4-2-3-1 vs 4-1-4-1,6,2,4,0.4,3,45.8,2.0,0.0,3.2,5.8,11.2,18.2,0.788,1.818,4.6,5.2,0.4,4,39.0,2.2,0.0,3.4,4.6,10.2,10.2,1.0139999999999998,1.228,3.0,5.8,-0.19999999999999973,1.0,-0.22599999999999976,1.5999999999999996,6.799999999999997,0.0
1387947,2026-04-05 18:45:00+00:00,61,2025,91,Monaco,81,Marseille,2,1,FT,3-4-2-1,3-4-1-2,3-4-2-1 vs 3-4-1-2,6,3,3,0.4,3,49.4,2.0,0.0,5.2,4.0,12.4,14.4,2.018,1.4280000000000002,3.8,5.2,0.6,3,56.8,3.0,,4.0,3.8,15.0,11.0,1.3279999999999998,0.984,5.4,2.8,1.2000000000000002,-2.5999999999999996,0.69,-1.6000000000000005,-7.399999999999999,-0.19999999999999996
1387956,2026-04-10 17:00:00+00:00,61,2025,114,Paris FC,91,Monaco,4,1,FT,4-1-4-1,3-4-3,4-1-4-1 vs 3-4-3,5,7,-2,0.4,3,41.8,1.6,1.0,4.2,3.8,12.6,13.4,1.304,1.4979999999999998,5.8,7.2,0.6,2,49.4,2.0,0.0,4.8,4.4,11.8,14.6,1.9940000000000002,1.516,3.4,5.4,-0.5999999999999996,0.7999999999999989,-0.6900000000000002,2.4,-7.600000000000001,-0.19999999999999996
1387954,2026-04-10 19:05:00+00:00,61,2025,81,Marseille,112,Metz,3,1,FT,3-4-2-1,4-2-3-1,3-4-2-1 vs 4-2-3-1,3,3,0,0.6,2,53.6,2.6,,5.0,3.6,15.4,10.0,1.436,1.048,6.6,2.2,0.6,3,52.4,2.0,0.0,4.2,4.8,14.4,16.0,1.226,1.4280000000000002,5.6,5.0,0.7999999999999998,1.0,0.20999999999999996,1.0,1.2000000000000028,0.0
1387950,2026-04-11 17:00:00+00:00,61,2025,108,Auxerre,83,Nantes,0,0,FT,4-2-3-1,4-1-4-1,4-2-3-1 vs 4-1-4-1,2,1,1,0.4,4,42.2,1.6,1.0,3.8,3.6,10.2,12.6,1.1099999999999999,0.922,5.0,4.8,0.4,3,35.2,2.0,1.0,3.4,4.4,8.8,11.6,0.8779999999999999,1.328,3.0,5.2,0.3999999999999999,1.3999999999999986,0.23199999999999998,2.0,7.0,0.0
1387957,2026-04-11 19:05:00+00:00,61,2025,94,Rennes,77,Angers,2,1,FT,4-4-2,5-3-2,4-4-2 vs 5-3-2,3,4,-1,0.8,2,62.4,1.6,,5.6,2.6,14.8,9.6,1.59,1.1119999999999999,5.4,3.0,0.6,3,40.2,2.0,,2.6,5.2,10.0,14.4,0.844,1.6400000000000001,3.8,5.6,2.9999999999999996,4.800000000000001,0.7460000000000001,1.6000000000000005,22.199999999999996,0.20000000000000007
1387955,2026-04-12 15:15:00+00:00,61,2025,84,Nice,111,Le Havre,1,1,FT,3-5-2,3-4-1-2,3-5-2 vs 3-4-1-2,4,2,2,0.4,3,44.0,2.0,0.5,3.4,6.0,10.2,14.2,1.056,2.152,6.2,5.0,0.4,4,47.6,1.6,0.5,3.0,4.2,13.2,14.6,1.002,1.9760000000000002,3.6,4.0,0.3999999999999999,-3.0,0.05400000000000005,2.6,-3.6000000000000014,0.0
1387958,2026-04-12 15:15:00+00:00,61,2025,96,Toulouse,79,Lille,0,4,FT,3-4-2-1,4-2-3-1,3-4-2-1 vs 4-2-3-1,4,3,1,0.6,2,40.8,2.2,,3.0,4.4,11.4,12.2,0.968,1.1940000000000002,2.4,4.2,0.8,2,54.6,3.4,,3.8,2.8,10.6,8.6,1.52,0.578,3.6,3.2,-0.7999999999999998,0.8000000000000007,-0.552,-1.2000000000000002,-13.800000000000004,-0.20000000000000007
1387953,2026-04-12 18:45:00+00:00,61,2025,80,Lyon,97,Lorient,2,0,FT,4-1-4-1,3-4-2-1,4-1-4-1 vs 3-4-2-1,6,5,1,0.6,3,60.0,1.4,0.5,4.0,4.6,13.0,14.4,1.33,1.6779999999999997,4.0,4.2,0.8,2,46.6,1.6,,3.6,4.0,9.4,12.2,0.9259999999999999,1.184,2.8,5.8,0.3999999999999999,3.5999999999999996,0.40400000000000014,1.2000000000000002,13.399999999999999,-0.20000000000000007
1387960,2026-04-17 18:45:00+00:00,61,2025,116,Lens,96,Toulouse,3,2,FT,3-4-2-1,3-4-2-1,3-4-2-1 vs 3-4-2-1,4,5,-1,1.0,1,52.8,1.75,,5.6,4.0,20.0,9.6,1.954,1.5899999999999999,6.8,2.6,0.6,2,41.2,2.0,1.0,2.8,5.8,11.4,13.2,1.05,1.476,3.0,3.4,2.8,8.6,0.9039999999999999,3.8,11.599999999999994,0.4
1387962,2026-04-18 15:00:00+00:00,61,2025,97,Lorient,81,Marseille,2,0,FT,3-4-3,3-4-2-1,3-4-3 vs 3-4-2-1,10,8,2,0.8,2,46.0,1.6,,3.8,4.4,8.8,12.4,1.076,1.134,3.4,5.2,0.4,3,54.0,2.2,,5.4,2.8,15.4,8.8,1.6799999999999997,0.85,6.4,2.8,-1.6000000000000005,-6.6,-0.6039999999999996,-3.0000000000000004,-8.0,0.4
1387959,2026-04-18 17:00:00+00:00,61,2025,77,Angers,111,Le Havre,1,1,FT,5-3-2,3-4-1-2,5-3-2 vs 3-4-1-2,4,2,2,0.4,3,42.6,1.75,,3.0,5.8,10.0,15.4,0.9199999999999999,1.5799999999999998,4.0,6.8,0.4,4,52.0,1.2,0.5,3.8,3.4,13.4,13.2,1.218,1.634,3.4,4.4,-0.7999999999999998,-3.4000000000000004,-0.29800000000000004,0.6000000000000001,-9.399999999999999,0.0
1387961,2026-04-18 19:05:00+00:00,61,2025,79,Lille,84,Nice,0,0,FT,4-2-3-1,5-4-1,4-2-3-1 vs 5-4-1,5,8,-3,0.8,2,52.6,2.8,0.0,5.0,2.8,11.8,9.8,1.8539999999999999,0.732,3.2,3.8,0.4,4,41.2,1.8,1.0,3.8,6.0,11.0,13.2,1.23,2.258,6.0,3.8,1.2000000000000002,0.8000000000000007,0.6239999999999999,-2.8,11.399999999999999,0.4
1387964,2026-04-19 13:00:00+00:00,61,2025,91,Monaco,108,Auxerre,2,2,FT,3-4-2-1,4-2-3-1,3-4-2-1 vs 4-2-3-1,8,4,4,0.4,3,48.2,2.0,0.0,5.0,5.2,13.6,15.8,2.152,1.89,4.6,5.2,0.4,4,43.0,1.0,1.0,3.2,3.4,9.2,12.2,0.96,1.044,4.2,4.6,1.7999999999999998,4.4,1.1920000000000002,0.39999999999999947,5.200000000000003,0.0
1387963,2026-04-19 15:15:00+00:00,61,2025,112,Metz,114,Paris FC,1,3,FT,4-2-3-1,4-2-3-1,4-2-3-1 vs 4-2-3-1,7,8,-1,0.8,2,48.4,2.0,0.0,3.4,6.4,10.8,18.4,1.018,1.964,4.0,5.6,0.4,4,40.6,0.6,1.0,4.2,4.2,11.8,15.0,1.58,1.7120000000000002,4.4,8.2,-0.8000000000000003,-1.0,-0.562,-0.40000000000000036,7.799999999999997,0.4
1387965,2026-04-19 15:15:00+00:00,61,2025,83,Nantes,106,Stade Brestois 29,1,1,FT,4-1-4-1,4-2-3-1,4-1-4-1 vs 4-2-3-1,4,4,0,0.6,2,38.6,2.0,1.0,3.8,4.2,9.6,11.4,0.9719999999999999,1.3199999999999998,2.4,4.6,1.0,1,43.0,2.4,0.5,2.0,4.8,9.8,14.8,1.1400000000000001,1.7900000000000003,3.8,6.2,1.7999999999999998,-0.20000000000000107,-0.16800000000000026,-1.4,-4.399999999999999,-0.4
1387967,2026-04-19 15:15:00+00:00,61,2025,95,Strasbourg,94,Rennes,0,3,FT,4-2-3-1,4-4-2,4-2-3-1 vs 4-4-2,4,4,0,1.0,1,62.0,1.6,,5.6,4.6,12.4,13.4,1.65,1.01,5.6,6.0,0.6,2,61.4,1.4,,6.6,3.0,15.8,9.0,1.6560000000000001,1.226,6.4,3.4,-1.0,-3.4000000000000004,-0.006000000000000227,-0.8000000000000007,0.6000000000000014,0.4
1387966,2026-04-19 18:45:00+00:00,61,2025,85,Paris Saint Germain,80,Lyon,1,2,FT,4-3-3,4-3-1-2,4-3-3 vs 4-3-1-2,2,6,-4,1.0,1,70.6,0.4,0.0,7.8,2.0,18.6,7.0,2.786,0.4940000000000001,4.8,2.2,0.6,2,61.0,1.8,0.5,3.8,4.4,12.8,13.2,1.268,1.5859999999999999,4.6,3.8,4.0,5.800000000000001,1.518,0.20000000000000018,9.599999999999994,0.4
1387929,2026-04-22 17:00:00+00:00,61,2025,85,Paris Saint Germain,83,Nantes,3,0,FT,4-3-3,5-3-2,4-3-3 vs 5-3-2,3,6,-3,1.0,1,72.6,1.4,0.0,7.6,3.0,19.8,7.6,2.928,0.6,6.6,3.0,0.8,2,42.0,2.2,1.0,4.4,4.0,12.4,10.4,1.1179999999999999,1.278,4.4,3.8,3.1999999999999993,7.4,1.81,2.1999999999999993,30.599999999999994,0.19999999999999996
1387969,2026-04-24 18:45:00+00:00,61,2025,106,Stade Brestois 29,116,Lens,3,3,FT,4-1-4-1,3-4-2-1,4-1-4-1 vs 3-4-2-1,3,3,0,1.0,1,47.4,2.6,0.0,2.2,4.4,9.4,13.4,1.05,1.6700000000000004,3.0,6.0,1.0,1,59.4,1.5,0.0,7.2,3.4,23.2,9.0,2.34,1.504,8.0,2.4,-5.0,-13.799999999999999,-1.2899999999999998,-5.0,-12.0,0.0
1387972,2026-04-25 13:00:00+00:00,61,2025,80,Lyon,108,Auxerre,3,2,FT,4-2-3-1,4-2-3-1,4-2-3-1 vs 4-2-3-1,8,6,2,0.6,3,53.2,1.6,0.5,4.0,4.8,11.2,15.0,1.022,1.8560000000000003,4.0,6.0,0.6,3,43.6,1.4,1.0,3.8,3.6,9.6,12.6,0.9400000000000001,1.276,3.8,6.0,0.20000000000000018,1.5999999999999996,0.08199999999999996,0.20000000000000018,9.600000000000001,0.0
1387968,2026-04-25 17:00:00+00:00,61,2025,77,Angers,85,Paris Saint Germain,0,3,FT,5-3-2,4-3-3,5-3-2 vs 4-3-3,12,6,6,0.6,3,41.2,1.75,0.0,3.2,6.8,10.0,16.0,0.9940000000000001,1.702,4.0,6.8,1.0,1,73.0,1.8,0.0,7.0,3.4,18.2,7.8,2.598,0.642,7.4,3.6,-3.8,-8.2,-1.6039999999999996,-3.4000000000000004,-31.799999999999997,-0.4
1387976,2026-04-25 19:05:00+00:00,61,2025,96,Toulouse,91,Monaco,2,2,FT,3-4-2-1,3-4-2-1,3-4-2-1 vs 3-4-2-1,8,14,-6,0.6,2,35.8,1.8,1.0,2.8,7.8,10.0,19.4,0.95,2.002,2.4,5.8,0.6,3,56.4,1.8,0.0,5.0,5.4,14.4,14.2,2.3400000000000003,1.6960000000000002,6.2,4.4,-2.2,-4.4,-1.3900000000000003,-3.8000000000000003,-20.6,0.0
1387971,2026-04-26 13:00:00+00:00,61,2025,97,Lorient,95,Strasbourg,2,3,FT,3-4-2-1,4-4-1-1,3-4-2-1 vs 4-4-1-1,8,10,-2,0.8,2,46.2,1.4,,3.6,4.4,9.2,13.2,1.252,1.3239999999999998,3.4,5.6,1.0,1,62.0,1.2,,4.8,5.4,12.6,13.6,1.682,1.494,5.6,6.2,-1.1999999999999997,-3.4000000000000004,-0.42999999999999994,-2.1999999999999997,-15.799999999999997,-0.19999999999999996
1387970,2026-04-26 15:15:00+00:00,61,2025,111,Le Havre,112,Metz,4,4,FT,4-2-3-1,3-5-2,4-2-3-1 vs 3-5-2,6,14,-8,0.4,3,51.4,1.6,0.6666666666666666,5.4,4.0,13.8,13.2,1.326,1.6260000000000001,3.4,5.0,1.0,1,49.0,1.8,0.0,4.6,6.4,12.4,16.6,1.14,1.762,4.4,5.4,0.8000000000000007,1.4000000000000004,0.18600000000000017,-1.0000000000000004,2.3999999999999986,-0.6
1387974,2026-04-26 15:15:00+00:00,61,2025,114,Paris FC,79,Lille,0,1,FT,4-2-3-1,4-2-3-1,4-2-3-1 vs 4-2-3-1,8,10,-2,0.4,4,42.8,1.0,1.0,4.8,4.6,12.0,14.8,1.5740000000000003,1.5439999999999998,5.0,7.8,1.0,1,53.4,2.8,0.0,5.0,2.0,11.2,9.0,1.8219999999999998,0.6799999999999999,3.2,4.2,-0.20000000000000018,0.8000000000000007,-0.24799999999999955,1.7999999999999998,-10.600000000000001,-0.6
1387975,2026-04-26 15:15:00+00:00,61,2025,94,Rennes,83,Nantes,2,1,FT,4-4-2,4-2-3-1,4-4-2 vs 4-2-3-1,8,10,-2,0.6,2,58.4,1.4,,7.0,2.8,18.6,8.0,2.1799999999999997,1.074,8.0,2.4,0.8,2,38.2,2.2,1.0,4.6,4.4,12.0,11.0,1.128,1.5719999999999998,5.0,4.4,2.4000000000000004,6.600000000000001,1.0519999999999998,3.0,20.199999999999996,-0.20000000000000007
1387973,2026-04-26 18:45:00+00:00,61,2025,81,Marseille,84,Nice,1,1,FT,3-5-1-1,5-4-1,3-5-1-1 vs 5-4-1,7,4,3,0.4,3,55.2,2.2,,5.2,3.2,16.6,8.6,1.784,0.9339999999999999,7.4,2.2,0.4,4,40.8,1.6,1.0,3.6,5.0,9.2,12.6,0.916,2.04,5.2,4.6,1.6,7.400000000000002,0.868,2.2,14.400000000000006,0.0
1387981,2026-05-02 13:00:00+00:00,61,2025,83,Nantes,81,Marseille,3,0,FT,4-2-3-1,4-2-3-1,4-2-3-1 vs 4-2-3-1,4,8,-4,0.6,3,38.2,2.0,1.0,4.4,3.6,14.2,11.2,1.234,1.3659999999999999,6.0,4.4,0.4,4,57.2,2.2,,5.8,3.0,18.2,8.0,2.084,1.164,7.0,2.0,-1.3999999999999995,-4.0,-0.8500000000000001,-1.0,-19.0,0.19999999999999996
1387984,2026-05-02 15:00:00+00:00,61,2025,85,Paris Saint Germain,97,Lorient,2,2,FT,4-3-3,3-4-2-1,4-3-3 vs 3-4-2-1,6,3,3,1.0,1,72.8,2.0,0.5,7.8,2.4,17.6,6.8,2.8299999999999996,0.522,6.8,4.0,0.8,2,47.2,1.2,,4.2,4.2,10.8,11.4,1.418,1.35,5.0,5.0,3.5999999999999996,6.800000000000001,1.4119999999999997,1.7999999999999998,25.599999999999994,0.19999999999999996
1387980,2026-05-02 17:00:00+00:00,61,2025,112,Metz,91,Monaco,1,2,FT,4-2-3-1,3-4-2-1,4-2-3-1 vs 3-4-2-1,5,5,0,0.8,2,49.6,2.0,0.0,4.0,6.2,11.4,15.6,1.136,1.846,4.4,5.8,0.6,3,55.0,1.8,0.0,5.2,6.2,14.0,15.2,2.0300000000000002,1.75,6.0,3.6,-1.2000000000000002,-2.5999999999999996,-0.8940000000000003,-1.5999999999999996,-5.399999999999999,0.20000000000000007
1387982,2026-05-02 19:05:00+00:00,61,2025,84,Nice,116,Lens,1,1,FT,5-4-1,3-4-2-1,5-4-1 vs 3-4-2-1,4,3,1,0.4,4,36.6,1.2,1.0,2.4,6.0,7.8,15.4,0.8640000000000001,2.322,4.2,4.6,1.0,1,61.8,2.25,0.0,7.2,4.0,23.4,9.2,2.3419999999999996,1.4740000000000002,8.0,1.6,-4.800000000000001,-15.599999999999998,-1.4779999999999995,-3.8,-25.199999999999996,-0.6
1387978,2026-05-03 13:00:00+00:00,61,2025,79,Lille,111,Le Havre,1,1,FT,4-2-3-1,4-2-3-1,4-2-3-1 vs 4-2-3-1,6,4,2,1.0,1,55.8,2.4,0.0,5.2,1.6,11.6,8.0,1.8399999999999999,0.694,3.4,4.6,0.4,4,53.8,2.0,0.5,5.6,4.2,14.2,13.0,1.58,1.7240000000000002,4.2,5.4,-0.39999999999999947,-2.5999999999999996,0.2599999999999998,-0.8000000000000003,2.0,0.6
1387977,2026-05-03 15:15:00+00:00,61,2025,108,Auxerre,77,Angers,3,1,FT,4-3-3,4-2-3-1,4-3-3 vs 4-2-3-1,5,3,2,0.8,2,44.2,1.4,1.0,3.6,4.2,9.8,11.8,0.982,1.536,4.0,5.4,0.8,2,37.6,1.5,0.0,3.2,7.2,9.2,17.0,0.9520000000000002,1.9140000000000001,3.6,6.4,0.3999999999999999,0.6000000000000014,0.029999999999999805,0.3999999999999999,6.600000000000001,0.0
1387983,2026-05-03 15:15:00+00:00,61,2025,114,Paris FC,106,Stade Brestois 29,4,0,FT,4-2-3-1,4-1-4-1,4-2-3-1 vs 4-1-4-1,4,2,2,0.6,3,44.4,2.2,1.0,4.8,4.8,11.2,14.4,1.684,1.658,5.6,6.0,0.8,2,46.4,2.6,0.0,2.4,5.8,8.4,15.6,0.8779999999999999,2.04,2.8,6.6,2.4,2.799999999999999,0.806,2.8,-2.0,-0.20000000000000007
1387985,2026-05-03 15:15:00+00:00,61,2025,95,Strasbourg,96,Toulouse,1,2,FT,4-4-1-1,3-4-2-1,4-4-1-1 vs 3-4-2-1,4,3,1,0.8,2,59.8,1.2,,4.8,5.8,12.2,14.4,1.734,1.8,6.2,7.0,0.8,2,36.0,1.8,1.0,2.6,7.2,9.8,17.6,0.986,1.83,2.4,5.4,2.1999999999999997,2.3999999999999986,0.748,3.8000000000000003,23.799999999999997,0.0
1387979,2026-05-03 18:45:00+00:00,61,2025,80,Lyon,94,Rennes,4,2,FT,4-2-3-1,4-4-2,4-2-3-1 vs 4-4-2,4,4,0,0.6,3,51.2,1.2,1.0,4.4,4.4,11.0,14.4,1.2280000000000002,1.8159999999999996,4.8,6.2,0.8,2,59.2,1.6,,7.2,3.8,19.0,11.2,2.242,1.184,8.2,3.6,-2.8,-8.0,-1.0139999999999998,-3.3999999999999995,-8.0,-0.20000000000000007
1387989,2026-05-08 18:45:00+00:00,61,2025,116,Lens,83,Nantes,1,0,FT,3-4-2-1,3-1-4-2,3-4-2-1 vs 3-1-4-2,7,5,2,1.0,1,59.4,2.25,0.5,6.8,3.8,22.6,9.8,2.4059999999999997,1.3980000000000001,7.6,2.8,0.4,3,39.8,2.0,1.0,5.2,4.2,16.4,10.6,1.8259999999999998,1.182,6.8,4.8,1.5999999999999996,6.200000000000003,0.5799999999999998,0.7999999999999998,19.6,0.6
1387986,2026-05-10 19:00:00+00:00,61,2025,77,Angers,95,Strasbourg,1,1,FT,3-5-1-1,4-2-3-1,3-5-1-1 vs 4-2-3-1,4,8,-4,0.8,2,37.8,2.0,0.3333333333333333,2.8,7.4,7.8,15.6,1.076,1.642,4.2,5.8,0.6,2,58.4,1.2,,5.0,6.6,11.6,15.4,1.5879999999999999,1.97,5.4,6.8,-2.2,-3.8,-0.5119999999999998,-1.2000000000000002,-20.6,0.20000000000000007
1387987,2026-05-10 19:00:00+00:00,61,2025,108,Auxerre,84,Nice,2,1,FT,4-3-3,5-4-1,4-3-3 vs 5-4-1,4,3,1,0.8,2,46.6,1.8,0.0,4.2,4.4,11.4,11.8,1.1320000000000001,1.7880000000000003,3.6,6.0,0.6,3,40.6,1.4,0.0,2.6,4.8,8.4,15.2,1.03,1.802,5.2,5.2,1.6,3.0,0.10200000000000009,-1.6,6.0,0.20000000000000007
1387988,2026-05-10 19:00:00+00:00,61,2025,111,Le Havre,81,Marseille,0,1,FT,4-2-3-1,4-2-3-1,4-2-3-1 vs 4-2-3-1,2,8,-6,0.4,3,48.6,2.4,1.0,4.8,5.4,10.6,14.4,1.198,1.6220000000000003,4.2,6.4,0.4,4,57.8,2.6,,6.8,3.4,18.6,9.2,2.222,1.654,7.4,2.6,-2.0,-8.000000000000002,-1.024,-3.2,-9.199999999999996,0.0
1387990,2026-05-10 19:00:00+00:00,61,2025,112,Metz,97,Lorient,0,4,FT,4-2-3-1,3-4-2-1,4-2-3-1 vs 3-4-2-1,1,3,-2,0.8,2,50.0,1.4,0.0,3.8,5.2,12.6,13.6,1.3139999999999998,1.798,5.0,6.0,0.8,2,42.0,0.8,,4.4,4.6,10.4,13.8,1.5299999999999998,1.504,4.6,7.2,-0.6000000000000005,2.1999999999999993,-0.21599999999999997,0.40000000000000036,8.0,0.0
1387991,2026-05-10 19:00:00+00:00,61,2025,91,Monaco,79,Lille,0,1,FT,3-4-2-1,4-2-3-1,3-4-2-1 vs 4-2-3-1,6,6,0,0.8,2,59.6,1.6,,4.4,5.6,12.8,14.8,1.624,1.6920000000000002,6.6,4.2,1.0,1,60.2,2.2,0.0,6.4,1.4,13.8,5.6,1.9560000000000002,0.588,5.4,4.4,-2.0,-1.0,-0.3320000000000001,1.1999999999999993,-0.6000000000000014,-0.19999999999999996
1387992,2026-05-10 19:00:00+00:00,61,2025,85,Paris Saint Germain,106,Stade Brestois 29,1,0,FT,4-3-3,3-4-3,4-3-3 vs 3-4-3,6,3,3,1.0,1,71.6,2.0,1.0,7.0,2.8,19.0,6.6,2.488,0.666,8.2,4.0,0.6,2,47.4,2.6,0.0,2.4,6.6,7.8,17.0,0.74,1.954,1.8,7.4,4.6,11.2,1.748,6.3999999999999995,24.199999999999996,0.4
1387993,2026-05-10 19:00:00+00:00,61,2025,94,Rennes,114,Paris FC,2,1,FT,4-3-3,4-2-3-1,4-3-3 vs 4-2-3-1,2,3,-1,1.0,1,55.6,2.0,,6.6,5.2,15.6,13.0,2.112,1.752,7.6,4.6,0.8,2,46.4,2.6,1.0,5.6,3.8,11.6,12.4,1.6439999999999997,1.4060000000000001,5.2,5.6,1.0,4.0,0.4680000000000004,2.3999999999999995,9.200000000000003,0.19999999999999996
1387994,2026-05-10 19:00:00+00:00,61,2025,96,Toulouse,80,Lyon,2,1,FT,3-4-2-1,4-2-3-1,3-4-2-1 vs 4-2-3-1,3,5,-2,1.0,1,36.8,2.0,1.0,3.0,7.6,10.6,18.0,0.9279999999999999,1.832,2.8,6.2,0.6,3,49.8,1.2,,5.4,4.0,11.2,11.8,1.56,1.328,5.8,6.0,-2.4000000000000004,-0.5999999999999996,-0.6320000000000001,-3.0,-13.0,0.4
1387951,2026-05-13 17:00:00+00:00,61,2025,106,Stade Brestois 29,95,Strasbourg,1,2,FT,4-2-3-1,4-2-3-1,4-2-3-1 vs 4-2-3-1,6,8,-2,0.4,3,42.8,2.25,0.0,2.4,6.4,6.6,19.4,0.586,1.996,1.6,8.8,0.6,2,59.4,1.0,,4.4,5.6,12.0,15.0,1.5260000000000002,1.7599999999999998,4.6,6.2,-2.0000000000000004,-5.4,-0.9400000000000003,-2.9999999999999996,-16.6,-0.19999999999999996
1387952,2026-05-13 19:00:00+00:00,61,2025,116,Lens,85,Paris Saint Germain,0,2,FT,3-4-2-1,4-3-3,3-4-2-1 vs 4-3-3,6,14,-8,1.0,1,60.8,2.2,0.5,6.0,3.4,20.2,9.6,1.892,1.332,7.8,2.8,1.0,1,70.6,2.5,1.0,6.8,3.0,20.2,6.2,2.396,0.6679999999999999,9.8,4.0,-0.7999999999999998,0.0,-0.504,-2.000000000000001,-9.799999999999997,0.0
1387995,2026-05-17 19:00:00+00:00,61,2025,106,Stade Brestois 29,77,Angers,1,1,FT,4-2-3-1,3-5-2,4-2-3-1 vs 3-5-2,6,10,-4,0.4,3,44.4,1.5,0.0,2.8,6.0,8.8,18.4,0.938,1.81,2.0,8.2,0.6,3,37.8,1.8,0.3333333333333333,3.4,8.2,8.6,16.4,1.1360000000000001,1.8999999999999997,3.6,4.8,-0.6000000000000001,0.20000000000000107,-0.19800000000000018,-1.6,6.600000000000001,-0.19999999999999996
1387996,2026-05-17 19:00:00+00:00,61,2025,79,Lille,108,Auxerre,0,2,FT,4-2-3-1,4-2-3-1,4-2-3-1 vs 4-2-3-1,6,12,-6,1.0,1,58.0,2.2,0.0,5.4,1.8,12.6,6.0,1.2979999999999998,0.544,5.2,4.8,0.6,2,47.6,1.6,0.0,4.6,5.0,11.4,11.8,0.9400000000000001,1.924,4.6,5.2,0.8000000000000007,1.1999999999999993,0.35799999999999976,0.6000000000000005,10.399999999999999,0.4
1387997,2026-05-17 19:00:00+00:00,61,2025,97,Lorient,111,Le Havre,0,2,FT,3-4-2-1,4-2-3-1,3-4-2-1 vs 4-2-3-1,2,10,-8,0.8,2,41.4,1.0,,5.2,4.0,11.2,14.0,1.6880000000000002,1.448,4.4,7.4,0.6,2,48.0,2.8,1.0,4.6,5.6,10.6,13.6,1.2959999999999998,1.504,3.8,5.4,0.6000000000000005,0.5999999999999996,0.39200000000000035,0.6000000000000005,-6.600000000000001,0.20000000000000007
1387998,2026-05-17 19:00:00+00:00,61,2025,80,Lyon,116,Lens,0,4,FT,4-3-1-2,3-4-2-1,4-3-1-2 vs 3-4-2-1,4,6,-2,0.6,3,48.4,1.6,0.0,5.6,5.0,12.6,13.2,1.722,1.496,6.0,6.8,1.0,1,59.6,1.8,0.5,7.8,2.6,24.2,9.0,2.348,0.8400000000000001,8.4,2.8,-2.2,-11.6,-0.6259999999999999,-2.4000000000000004,-11.200000000000003,-0.4
1387999,2026-05-17 19:00:00+00:00,61,2025,81,Marseille,94,Rennes,3,1,FT,4-2-3-1,4-1-4-1,4-2-3-1 vs 4-1-4-1,8,6,2,0.4,3,57.4,2.6,,5.6,3.2,16.4,9.8,2.018,1.5659999999999998,5.8,3.2,0.8,2,53.8,1.4,,6.2,4.6,15.4,13.2,1.876,1.732,7.8,4.4,-0.6000000000000005,0.9999999999999982,0.1419999999999999,-2.0,3.6000000000000014,-0.4
1388000,2026-05-17 19:00:00+00:00,61,2025,83,Nantes,96,Toulouse,0,0,AWD,4-3-1-2,3-4-2-1,4-3-1-2 vs 3-4-2-1,12,6,6,0.4,4,37.8,1.4,1.0,5.0,5.2,16.8,12.4,1.73,1.214,7.0,5.8,1.0,1,39.0,3.0,1.0,4.0,6.8,12.4,18.2,1.122,1.75,3.8,6.8,1.0,4.4,0.6079999999999999,3.2,-1.2000000000000028,-0.6
1388001,2026-05-17 19:00:00+00:00,61,2025,84,Nice,112,Metz,0,0,FT,3-4-2-1,4-3-3,3-4-2-1 vs 4-3-3,8,12,-4,0.8,2,42.0,1.0,0.0,3.2,4.4,8.8,14.4,1.232,1.398,3.4,6.4,0.8,2,47.6,1.4,,3.2,6.2,10.4,15.2,0.992,2.1060000000000003,5.2,6.2,0.0,-1.5999999999999996,0.24,-1.8000000000000003,-5.600000000000001,0.0
1388002,2026-05-17 19:00:00+00:00,61,2025,114,Paris FC,85,Paris Saint Germain,2,1,FT,4-4-2,4-3-3,4-4-2 vs 4-3-3,10,10,0,0.8,2,46.0,2.6,1.0,4.8,4.2,12.4,13.2,1.6940000000000002,1.518,4.4,6.2,1.0,1,67.6,1.5,1.0,6.2,4.0,17.6,10.0,2.016,1.1179999999999999,7.8,4.2,-1.4000000000000004,-5.200000000000001,-0.32199999999999984,-3.3999999999999995,-21.599999999999994,-0.19999999999999996
1388003,2026-05-17 19:00:00+00:00,61,2025,95,Strasbourg,91,Monaco,5,4,FT,4-2-3-1,3-4-2-1,4-2-3-1 vs 3-4-2-1,6,18,-12,0.6,2,58.0,1.2,,4.2,6.2,10.8,17.6,1.3579999999999999,2.3080000000000003,4.6,5.2,0.8,2,61.0,1.4,,4.4,4.2,12.8,12.4,1.3820000000000001,1.3239999999999998,7.6,3.0,-0.20000000000000018,-2.0,-0.024000000000000243,-3.0,-3.0,-0.20000000000000007
1545408,2026-05-26 18:45:00+00:00,61,2025,1063,Saint Etienne,84,Nice,0,0,FT,4-2-3-1,4-2-3-1,4-2-3-1 vs 4-2-3-1,16,12,4,,0,,,,,,,,,,,,0.8,2,42.6,1.2,0.0,3.0,4.0,10.2,15.4,1.138,1.2159999999999997,4.4,6.8,,,,,,
1545409,2026-05-29 18:45:00+00:00,61,2025,84,Nice,1063,Saint Etienne,4,1,FT,3-4-2-1,4-3-3,3-4-2-1 vs 4-3-3,12,14,-2,0.6,3,46.0,1.0,0.0,2.8,3.6,10.0,15.0,1.375,1.3849999999999998,5.0,7.0,1.0,1,45.0,1.0,,0.0,0.0,7.0,4.0,,,6.0,6.0,2.8,3.0,,-1.0,1.0,-0.4
